{"type":"FeatureCollection","features":[{"type":"Feature","id":"130503","properties":{"name":"桥西区","cp":[114.473687,37.018009],"childNum":1},"geometry":{"type":"Polygon","coordinates":["@@@CFABKAAE@A@@BA@COAC@@G@AACUH@E[@G@@@CD@@@@GBGH@@BDAAEA@@EFMFK@A@@B@BGA@B@@@@@@@@@@EKA@@@ACAAAAC@EAA@A@G@AAACEG@GCI@@A@@@@CA@DGADL@HE@AAACECG@S@ACCEECCAAAI]CBAA@AG@@@CQACEBA@C@@@@BAB@LABA@A@AAAC@G@AABGBQDG@C@BD@BF@@AB@D@@DDHJHBFABBJCBEDE@A@ARBBL@DDDDBBDBB@BLHXBHDDHD@EHBHF@D@@A@@RAB@DA@A@@DD@EBCF@DDB@HADEHE@I@EDAFDDDDB@F@NDJBHL@FG@EBGFCD@HCLQDKBKBEDAJ@LF@@BBHDBB@DBB@LDJ@HBBB@@NCBADC@A@GHKD@AFHBR@LDJ@BB@BF@PA@ABAH@@D@BA@ABBD@BBBLAFCBA@A@A@GI@ACDIFEBABKH@@AJ@"],"encodeOffsets":[[117247,37988]]}},{"type":"Feature","id":"130523","properties":{"name":"内丘县","cp":[114.511523,37.287663],"childNum":1},"geometry":{"type":"Polygon","coordinates":["@@IOGGAA@@KCSAOASASCSAKB@@@@@@@@@@KBWDUL]JMDUDOBYFYLIHIFINIJQROPOLMJ[JOHOFMBiEM@QAMDMDMJKNGJUPINGNCPCLILgIKGMCKFGLERALEHCJEJUE]IIE[EQAQCSEKAG@@@@@Q@MDUHQDMFMFMLGFMFMFQHOHI@S@OBOA[L@DDPBNFJDPJVJJJJJHRJR@PFJNHHL@\\DJBPDBDFDF@B@FAHABABA@@BA@@B@@@BA@@@BD@@@DBBAPDB@BE@C@CBCRGZMNETKRIJCPKHMFIDKLKJGLGPKZAPDLDJDTALGJGHENFBNDNBP@JBNBBDDDDHF@HFFH@FCFAB@BBA@ADBBL@RM@CBEBEHCDED@DAHCJBLIJCJCNARD@@TBL@TIDCDB@ACAFIBMPAFBFAACBGBADA@AA@D@@@B@BABA@BF@HCBBBD@BB@NBFA@NBDBDC@ADDBB@@BD@@JFBBBBNDHP@FAHADBB@@@@ADABACAACHED@ADL@B@@CB@HAB@HAFEBC@AACAIB@@DF@@@AE@AB@DA@IDCDAJBZDH@B@@AD@AH@B@CC@@D@@@D@B@@@C@AA@@@@@@@@F@A@C@B@B@B@@AA@AA@@@DFBBDBBBHJHAD@DJDDFBBB@BBBDBFAF@@DBB@ABA@DbCH@@DF@HCHCR@HBBBFBH@HDDBVDL@DA@I@CD@FBDBRAFADA@CAIEG@EK@@KAAA@@HC@A@@G@@@@CFA@AEA@C@AAMI@EG@@BAEACE@CEAKFOJYNKPCPCRCNC@@JAPEBADAJ@DADE@GCCE@GCEE@AB@@CC@A@CQ@CCAKA@BGB@AKEIEOOEMIMGKEKEOKWEIIQ"],"encodeOffsets":[[117324,38084]]}},{"type":"Feature","id":"130521","properties":{"name":"邢台县","cp":[114.161132,37.18073],"childNum":1},"geometry":{"type":"Polygon","coordinates":["@@\\KPBPAT@J@PGRGNENEHENKNENERCVGNCR@@@@@H@LBTFRDRB\\FJF^JVFFIDIFGBKFQHKLENDLHhJJKDKDOHMJMVOHILMNINCNCRBN@jFNAPEPG\\INIPKPORQJIJMJEJGZKZEPAVCNC^IVKXCLA@@@@@@@@@@LATBTDTBPBTBLD@@BBHHJPJIRIRKPINALDHAFADADC@AE@AKCBEC@A@C@C@AP@@ABELEBG@IDGN@DGAGAEE@AG@AACO@@QAC@AACBKBAJC@CAAA@EGCCDCBG@CBOBAB@BGK@CA@EDECK@GBABAD@@EACK@AAACB@B@BE@GIBEA@@@CG@AACA@CA@@C@GEECACAA@@CBMBE@CC@@BIBkA@CK@CA@EQ@@HCBED@@CDG@U@A@@E@C@ACEKA@EI@AJABI@@A@AO@BHANBDBBBB@D@@DDD@@DEBBD@HDBJBP@D@GBCDAD@D@BD@@FEB@DBDF@@FAB@DB@FCB@DFBBB@NAFFBL@HHADA@BBFE@@FFABLABABC@A@A@A@ED@JBPAFI@SEA@ABBP@H@@AE@A@@@@IBECAAE@CA@AEAAF@J@@@BAD@H@@@@@@@B@@@@@@AAA@@AG@@AC@CKI@@BG@ALABEFCJBDJ@@H@B@BABEDKBAA@AACBAB@@A@CG@AB@BOBE@@AAAI@KCQ@GABEC@GL@H@BCDABMD@@AAGAI@KCA@CAA@CAAG@AE@@KBIFCLALARCDK@GDCHEFAH@@EGKIAMCE@A@CCCCBEFCJ@F@FGBC@GCA@CDEFAC@@CB@B@@CBA@QB@@@@CGEGA@FGCCCAGGWAKA@CAAACCCCK@AABQB@F@FCDAAIBAAEIGCG@CC@A@@BE@@AACMFGBCAGAIBABCD@@Y@W@U@MAOB[DSFUBaFW@MCSAc@GHCJHNFLHNHPDPBNETQHMCGIGIKGYCMDMBKDQAKCA@AACAEK@CIMCAEACGFACABABE@C@CDABADE@@KEGBCCADADEDA@K@AEE@EBCB@DK@@F@BA@CAACECEB@HFH@BBBEDWLODKGME[AMDQFSHKPINSLGDQB[DQFKDQJS@S@OA[@UAOAWE@@QGCACACCQGAAUKCCIEAACCIEQAMEQEOGSOGLMHKFGJEJHRNPHHHJ@N@LCJW@OFMLGNBJFNFNJJHPAREhETLNLDNDN@VFRNPDX@JP@P@NLTJLLTJJNDLFRPNL@R@LBNHNHHHRFPBR@LAPDLLNNHJHLFLFTHFBLBPNFNAN"],"encodeOffsets":[[116697,38260]]}},{"type":"Feature","id":"130522","properties":{"name":"临城县","cp":[114.506873,37.444009],"childNum":1},"geometry":{"type":"Polygon","coordinates":["@@QS@@@@FAF@DEECAI@ADC@EDE@AKA@A@A@@@@BE@@@A@@BKBAFIAEE@@B@@AGCE@A@GA@A@AEN@BAN@RDF@@AEMCEAABM@OBC@C@E@EBADBBAAEA@@EAQBGDAHC@AEKCCIAA@@I@ECAIB@CAAG@@BABO@CBSBAAECCAEBCBIFEBECAGGC@GB@F_AED@FCDE@GEAAAGAQ@GDGDE@@CG@aD@CAB@BAA@CE@EBCAAA@AAAEACCCIC@GBGIAACAAACE@@B@@BBB@@@A@A@A@D@B@E@@@@@@B@@B@D@@@A@C@@@CD@@D@ABGC@@BA@G@YCIACBCD@JCBA@@BBF@@E@@CA@BJBD@BADEFGBA@GBA@@DA@K@BCC@GFBDDBABCB@B@@A@CAGBEBO@CGAMAAEA@IC@@AA@CABCD@ACAC@MEBMAA@@AACAAGDE@@AABABA@@@C@B@@BCBABAHBDEBEAOBANEJDB@BCACDSJK@SA@@QCMBIDIDKJIAGDCBC@CFGDAFAF@DQNK@AABCB@AAA@EBEDG@EE@GGECCCCAAAM@IAOCMAMMEGFIHKHSBICKCOCYBOLKHIHKLCLEJGNOLIDQJSLMFYNQHAD@D@DAFA@OCABCA@@C@@A@@AB@@A@@@AB@@ABABAL@BDFFLHDDPLLFJDDLVLJBBDAHADBBABABAFIDCD@FEB@BCB@@BDHAFDBHRJAB@HJFBB@F@LDDH@@GD@D@BHAFCDD@F@@C@GD@FDDFAB@@ADBBDBD@DG@ODCF@D@BJGJAN@DDJCFBLAFAFCDCFED@HBDA@BDAHGLOB@B@FBJADCVADCBBD@D@HA@AFAH@BC@CF@DEJ@B@@D@@HCBABCD@BBNB@A@AHCBBCLBDDBBAB@DDBBFBF@FD@BA@@BBABAHG@AHEBB@DBBHBDAFCP@JDJDBJD@NHJ@@H@BH@B@BALEFADABBDHBHCF@JJBNBB@@DDDPLJFD@JFDBBBDBT@LBLBVHTHfXBBVHXDL@fGVGRIVE`KVERAT@RBRB"],"encodeOffsets":[[117364,38457]]}},{"type":"Feature","id":"130502","properties":{"name":"桥东区","cp":[114.527131,37.064125],"childNum":1},"geometry":{"type":"Polygon","coordinates":["@@@H@BBB@FBDBBDB@B@@LB@F@@@@@@@@A@B@AHA@@@@BELEN@FB@BFCB@AG@AH@H@@C@@D@@@HF\\G@DVBBH@@@BDDPB@@AB@F@BBALEB@DDLD@@BH@@BB@BB@@@@@@@A@@@@@@@GBC@A@@@IBEFB@BDBF@BBFDJA@@@@@BBF@@@GAOBAB@TFJ@BEAO@IFCB@B@B@D@BABAAKEB@EF@AE@ACBGB@GAKEEMBA@AACEA@EDA@@CBA@EE@AC@CFA@EC@@A@CBCDCHAC@O@IACA@GACFA@CC@CC@@@CAAAAACBMAG@AE@@@@AG@AHC@M@AB"],"encodeOffsets":[[117240,37887]]}},{"type":"Feature","id":"130526","properties":{"name":"任县","cp":[114.784469,37.129952],"childNum":1},"geometry":{"type":"Polygon","coordinates":["@@TQVUTENCFG@E@CAAG@AGDGJAFAHGHCFEG@ACJ@BKAC@CC@AC@SBCB@@AC@AKBAFBDADCDA@@B@ACRABBBFFCHAB@LIQAWCCIWSG@@@DAB@B@@AD@HD@CF@FADE@CFCBEAEAADC@AB@DAFEDAAAE@ECBEFI@KAEE@@EE@AGA@A@@EDAFCAEGAG@CDC@@DACG@BDOBABCBSA@@AAMBACGBAA@AG@@HC@Q@OB@HBBMBBDC@ACECQB@ACCICIBE@EBAAI@@B@DI@GMCIGICECK@@ADCBMBACE@CAA@I@CD@BCBE@E@I@@FC@GDC@KAAL@BEFEDGAICAECCOAO@A@BDC@@FCDEB@DAFF@DB@HGAGHKD@BI@ACK@CC@EWACAACEEA@C@@CC@IB@DIDABALBD@BBD@RP@BD@BBHF@BFBHCHM@CH@JAHKFAF@BO@@B@D@D@BFDDABLF@@BCDCBEBGBKCMBOJQLQJIJJRFJLXXATFVBN@DA@AHA@EDAJ@HBBBBDB@DAHCDAA@K@@KAAB@PAACRJB@BAFGDATH@HNJ@@@@@LVBN@@@BDN@FFF@@B@AXDZDTLPPLPHPDNHNHNLJPDNAPETGPKNENKJK"],"encodeOffsets":[[117600,38153]]}},{"type":"Feature","id":"130527","properties":{"name":"南和县","cp":[114.691377,37.003812],"childNum":1},"geometry":{"type":"Polygon","coordinates":["@@AGL@ACCCCCG@AA@AE@A@@AFG@AGA@EAA@CH@BFJ@JMFG@AG@ACE@AECEKBAM@AEBAACI@IC@AIFK@ICIC@A@@I@CI@CQGB@C@AD@@IDCLEB@@CB@@DB@FC@@DCHAAA@@AA@CD@@@@ECACC@COBC@ABE@CB@FI@EAAA@CEASDCA@A@CAAA@C@@CI@CA@ADM@AOGKIMMCKAAC@IBAIE@@@@@AC@@AIAAGAM@CAAAKHGJILC@AAGBCAIC@@@FE@E@@DCBKBC@AHGBED@FABC@C@AC@EK@GBCA@IE@@EACE@ECAEDCCEMAA@@CCACAC@WBKBA@@BGBCBSFEBAB@FAB@BEAA@@AA@MAGDALG@EB@BVNFF@JEHEHI@CB@PEA@MA@QAGA@CGACBGFBLABALHDD@DDBLJ@@DJ@D@L@@LA@IAE@@LIFEB@AACE@@AA@@CE@ECKBC@@CD@@CGCC@AD@DBDFB@D@FDF@BJ@@BD@@DAFAN@DB@DBDBFF@H@DB@@DDBBBH@@D@@FBJA@HAFA@A@BDBBL@BD@FC@ABAB@HDLCF@FDBL@AHA@ABAP@DAHCDDDFHB@BBJAD@@DD@B@FFBDDBXB@FDDL@BDJ@@ALCHGHB@GCAE@BE@CFADC@ED@ACB@P@PBDDBFJDHBFCFE@ABKLBD@HCD@@EJ@F@F@DA@ADCJ@B@DBF@BDNADABC@@DLDFHJDJHNJ@@C@AJ@BBFAF@JAJDDD@BRAFDBDD@ACNAAA@GPAR@D@@GH@@BBBHABDNABB@@TBDABAPAACH@BD@CD@"],"encodeOffsets":[[117659,37977]]}},{"type":"Feature","id":"130525","properties":{"name":"隆尧县","cp":[114.776348,37.350925],"childNum":1},"geometry":{"type":"Polygon","coordinates":["@@E@@CL@AQ@EAC@CAESGGGCCECCCEGGBAGEBCBA@GQ@G@GCGACAEEAC@C@AEBCJCCC@E@AHAACD@ACACC@@FCBACAAADBBCBACKDEAEDAB@DDFKFA@@@CGB@@CAKJAEGHC@A@C@@BAD@GG@@@@AEQQSQMMC@ABK@@C@AE@BEIB@BABC@@@CCAEA@AB@GAAA@SB@BOFEBGC@MEAE@CABAT@AEH@@ED@BID@C@QAU@SBWFILMLMFOLSHOFMBOCKIGMGMCMGOKOOOSKYCWC@B@AE@EEM@AC@@M@UA@K@@@@MI@GSGCBEHABA@QIBDOBA@BB@LL@B@CBGDCBA@ACAAGAI@CB@FGB@BCBM@UASEWBFPFLHLJNFNPPJFLF@BHA@ALBDB@DDRB@D@@DA@@BFFHDF@DD@HCFCBI@CBABOFIB@@MDQDODODMLIZEPBLDFF@BDBF@AH@@FNJBBD@B@BFB@DE@@@@@HB@D@@GB@BB@LL@@FFHBJ@DCBEBQBCAEAC@@D@JCBK@UCCAGCG@@HCFEDC@BFE`A@@HHDBHFDFAJEDAFADBFDBBTADAP@BA@AH@BB@DJADB@FFA@CBAD@DA@E@AJAXA@AJBJFHFhb\\JRBPCHALC@ADCDAPBNEH@N@D@BBBHD@BB@@@@B@HDBB@LVC@DBN@FKBEH@B@fNFPNFHLXCVEZAJGNDLHZLGNQRIPKLMNEPQLOJMNKNMHIJIJEDAL@BEB@DAFBFABAB@N@@DPJJCACFCEG@AID@@@C@CDA@EI@@DC@A@AAAAYAE@@AA@GAEA@HB@@DEDMBKF@@@BFBB@CHOCAEIBEBQLE@ACF@LEAC@ANA@AAARCNCNCBGDEHGVJDGVB@DXBJEJCL@BAFCLAH@BBNBLBHCDDB@LEDA@CJCFABADBBB@@@CH@BCAIF@B@JCFEDC@CD@@AHMT@D@@ABAF@@A"],"encodeOffsets":[[117779,38305]]}},{"type":"Feature","id":"130528","properties":{"name":"宁晋县","cp":[114.921027,37.618956],"childNum":1},"geometry":{"type":"Polygon","coordinates":["@@HBB@BC@CE@ACBAF@@GD@@EDADGFC@AC@BI@CUI@CBA@E@C@ABABKD@@FBBBAFAAADAH@BAD@BEDA@EDCH@BB@@TI@@BDHBB@@AJA@@@IDADANBDEFCH@DD@@@@@ELCD@BED@@GH@@EB@HAJ@@GDABGDS@@F@BCBABGDABABKB@D@@A@OBG@CECIAA@@EBIDKBA@E@MAAA@GAE@E@MDUDSEOGOIKMEQAQ@CACGAGAACG@BEA@G@ECBAD@BAD@DABA@A@ABCFBDAFICGBEBCBABA@BDHDA@@@EGOGMEKHIOISAOCMCGCOD@A@ACAA@CQ@AG@KGKCI@CBABcDCOAKB@B@B@BAGIDA@BDAACLADCDCIMIUEOEQCSEQ@MPGRGRGPEESEOEGKAQ@Q@UBUD@@ABBDEDGBAAC@AAC@AB@@E@@@CBSAOF@BQDI@@K@AB@DA@EE@@BE@AB@BC@S@GN@BC@@DCDEFIDA@E@BJADG@@D@@AACAABEBID@DCBKFA@CCGDKAMAAAG@KBEDABK@IDIFWA@CUACHUIGHCFAHMDMDQDBB@BMB@BBDKFE@BDF@RKFAJABFPDDGA@EA@A@@LENAFC@CA@@GFBHBB@@BF@ZBBBBBB@D@@CJ@@FCB@D@D@@JC@BFHEDBDIDOI@CM@A@ABEBEACBA@AFK@CBIFIJGJMNMLINKPORMFKNOLQJMRKH@N@VGVGTIXCPALGR@@R@JDHB@DA@@BH@LADABAD@B@BBBHDA@@HFCRFPFB@BBFABBFFDF@BBDD@HFBBBHABBFJFCAD@FD@PCDFEHBFBA@@BBFJBD@FBBPBDAF@DF@DBBD@JABB@HDAB@BBDDHJ@FHABBD@HCHCDB@B@B@BDB@@FLBB@JJ@LBB@BAFAZBBB@F@@DA@E@CHA@GN@LC@AB@@B@@P@DBLHFHFDDA@@DJDHF@BFF@@BB@@IBADAVAFD@DDDF@B@DB@D@B@@@NE@CD@BH@FCBGH@JEL@D@DCAEAAHELELFLDFB@D@@HBNBDBBBALA@AFFBET@B@JD@@FFB@X@DBDLFHCHF@DJ@DAABBBH@@D@@@@@J@HD@@@@@L@ADJ@ADBBN@H@FCBA@CBEBAF@D@@A@CBCF@B@@DPB@@@@B@@@AFFA@FB@"],"encodeOffsets":[[117911,38715]]}},{"type":"Feature","id":"130524","properties":{"name":"柏乡县","cp":[114.693382,37.483596],"childNum":1},"geometry":{"type":"Polygon","coordinates":["@@@JB@JBDDFL@BGDCBAHBR@FB@BFABCAAB@F@F@DAD@PANBBDFFN@BE@QCM@ABM@BFB@B@@H@BDFBH@@@AF@BFEJABAL@@@B@@AF@@@@@B@BLB@BCF@FCD@BBJFDCFE@EB@@@@RTXBPB^A\\F^JPHJJNRHPFP@@@@BF@@@@FTDLJNJJRFPAfEXCHQBKDOJWHSHU@U@MGYCKHMBIFYDUKWEGOMME@e@AFGLA@EAM@CUD@KAAGCA@@@@@AAC@AGAAC@M@G@MFOACBCD@BKDGBODQA[IgaGEIEIA@BWBIB@B@FCBC@AB@DEB"],"encodeOffsets":[[117373,38316]]}},{"type":"Feature","id":"130532","properties":{"name":"平乡县","cp":[115.029218,37.069404],"childNum":1},"geometry":{"type":"Polygon","coordinates":["@@CK@GFEBAD@@C@Y@KLGBU@EAA@AIBA@AIF@AACGCSBGHY@C@IBS@A@@BKH@D@@GA@@A@A@@@@@@A@@E@@AC@AH@@E@@@@B@@@@@@CD@DE@KABAEBGD@BC@CAIMYA@E@EACAACE@@@C@@AC@@@@BA@GDADBBC@SGEAQA_C]HMB_@[IKEIDAB@BIACA@A@CA@@B@@@@AB@BCA@GGBCAK@E@E@@BABCBE@A@@EIAA@C@ACA@CBACA@MBBFODQDC@@C@@MB@BBDBFB@@DA@EBGBGDG@I@MHC@@F@@C@@DBB@@BBGBCD@@EDA@@CA@@DA@KFCD@JC@@B@DHADRJ@@D@JB@D@DJ@JELBJD@@JDJBBFA@BBNLADFBFF@BDH@@BEHINI@AEG@@DBB@FHB@BEH@BB@F@@BBBH@DDDDBDK@BHDCH@HBBFEDCB@FB@B@BHF@@FF@BF@LEJAFFDF@BBCBEFCBA@@BCDBBBFAFED@DCFEBE@@DGCC@@BA@A@CB@@H@XTDJXDRBR@XEP@TChIVGLIHGRKRETANAXAXATAVAJADJDDBABDB@JAF@BA@ABA"],"encodeOffsets":[[117869,38020]]}},{"type":"Feature","id":"130529","properties":{"name":"巨鹿县","cp":[115.038782,37.21768],"childNum":1},"geometry":{"type":"Polygon","coordinates":["@@PCFEFIFM@C@IB@ZADDBB@BDNDNR@FACOF@@CAG@A@IBSBWCUICSCKEBKJKpKLGDSCSGK@GJOFGLAPTBKBMBMCIGGOEOAUAOAM@WBKCMSCIAMDKJGHIBA@@BB@DBBFBD@DEB@DADADE@AF@AGCGECC@AAG@E@@@EBC@A@A@UKQEQGMEIGCO@AHIFAD@FC@EAEO@AACCAICOGKB@PC@@CMG@@E@ABCCAAGMAA@AB@BABE@IBA@ACABCCCIIBUBSBWBWBMBSBQFQLGHKJUHgJSDO@WFQ@KJA@GBEDAEAAQBBDA@@@CBCDCBEAABBLD@@BA@AD@TBDD@@DBDALI@BDH@EFGDGHEBIBCHBHH@BB@D@FEHMDSFUVSRXETAV@RBD@C@AJC@@FG@BFS@ABDBF@FB@NHDFAPE@ATAB@BB@HBAB@BFDD@@D@BA@AJAAFF@@B@DL@BAD@NNTRRRBF@@@@HHC@AB@@@D@BGDFHIBBL@DA@DH@@B@LECE@CBAFCFBLCBDDAAABCBBBDDA@ED@BDBDC@BDGB@B@FDDIDADBFD@D@FBBFBDDH@H@HHRB@DAFABHHAFHDDFDDDHHTHBF@DBD@FBRK@@DF@F@@FCBA@@B@LJ@RC@APETBDA@@F@@@BAD@BBD@BBHAFCACBA@@VCVAR@R@LBFHFPFTLCbK"],"encodeOffsets":[[117908,38317]]}},{"type":"Feature","id":"130531","properties":{"name":"广宗县","cp":[115.172797,37.075548],"childNum":1},"geometry":{"type":"Polygon","coordinates":["@@HILGLKHGFKCSEUAI@@@KBMHOBAJ@DE@C@@JCR@@A@CBAB@AE@@A@C@AE@@C@@A@CABK@EA@AEBAD@@ACKOICOCKAY@KMAQCIEQCOCS@KNMHQ@IDEFGFCJELCHAFBFDFNJNDDHBJIFICKKWEG@E@@BU@QAOCUAC@@@@CICKEKGMIKUGUCOMFKLGLKFM@K@AMABA@EE@@GH@HCDK@OAACAOCC@E@EB@@@B@BA@E@@CC@@DA@@@@EQ@KBEAA@AE@EBABGA@@CDABF@FD@B@ACJ@H@@CD@@DV@@CH@JBDDBBNIF@FA@E@@D@@@B@AECKAAGBCCAC@I@AD@D@@GEBCEW@A@@ACAMAOAAA@GA@G@CBAB@DEBE@@IF@HABADAP@FB@ACGEQCQ@IBMOHQAWMKEGECCAEKAM@EBCBCJ@HDDDBJ@B@DXJHBB@BG@AV@BEB@F@JIBCAEC@@C@G@OAMDIDKFMJMLIPAJHFRDNDADGVCBCBAFGJC@@EA@C@@D@D@@F@BDDBFBF@B@NZBJ@DADC@AHBFBA@LCFC@@D@@@@A@@@@@@FG@@BBD@@@FB@@@@@@@@B@BB@@HC@G@AL@@@BAT@J@DGZAHDTDHBBE@BJB@JA@BBB@FAVKH@L@Z@DC@ABEF@HDLB@NBBHDBAD@B@FH@DN@@ODA@HLDPBJDDBBP@BF@FEDC@EBGJ@BDPJHNFRHRFVLB@B@D@FA@@F@H@BBD@FDDHBHE@@BCFCBCBA@CFC@EAAA@CAA@@ABGJIHCLBNDJNTLDXAN@PBVBPBPFHHDJANANALV@V@VA"],"encodeOffsets":[[118024,38193]]}},{"type":"Feature","id":"130530","properties":{"name":"新河县","cp":[115.247537,37.526216],"childNum":2},"geometry":{"type":"MultiPolygon","coordinates":[["@@CAMBCAMBCEEC@ACAG@QBA@@EG@@E@@@@BA@CJ@@EFGL@DAAKCC@EFGD@BBDA@C@GG@@DC@C@BCAASDCB@BCBC@AB@DBDEDE@@@@D@LJBBFAD@BCFI@@LC@ADC@@FE@CA@C@E@@BGAGEEA@@D@@E@@AIDSF@@@@CBC@@@A@KBUAS@ODeMMEOEOCUAaCU@aLKDOFQHQHOH@NFRDTFRFPJVJNCDCDKBBDCB@ACBHJABA@A@A@BLDPdCBADAJ@LDLHH@@BDRB@DB@B@BPCHDNDPDTBPJPATDLDNFPPTNXHXA^AH@@A@@RALCNENGPIVQJKNGLGFEDAJOHEHDBHAHEJBRBN@NJ@FOJMJEXELAVCFEBSB@J@ACFA@GB@HB@EF@@EBABB@@D@B@BA@GCBA@@GHBDD@DBFBB@EJAB@AE@A^E@CC@IBAGCAMBE@@FGBAEJE@@I@CBEEC@CDABBFBBBBD@@LKAE@GBGFA@C@IBCE@AB@AG@@A@@@AIJ@@EN@FB@DB@F@BCACAAKACGD@FAB@ACD@B@@BBDB@H@@@@@@C@@G@CC@CIAAA@CBCP@HABT@BD@DEBEAGJADCCCACKAMCKEQAC@@@@@C@gA]BOAKCIIEGBE"],["@@@ECICCE@@JCBG@G@@BAD@FBBDA@FB@@BBBBAAA@@@@D@@FB@DA@CB@BDB@F@@C@ED@@A@A"]],"encodeOffsets":[[[118114,38347]],[[118060,38300]]]}},{"type":"Feature","id":"130533","properties":{"name":"威县","cp":[115.372749,36.983272],"childNum":1},"geometry":{"type":"Polygon","coordinates":["@@AN@JDRFRDH@BEAO@CBABGBE@@JF@FA@CBADAH@B@@HBBPBNBDB@BB@X@DFFA@HC@C@@B@JBDDDHABBDLBFA@@@C@@@@FEBE@MJAACCIAG@@DU@@CC@@DG@I@BDA@C@@EAECB@DB@AHAB@FBFB@FBLAR@@F@@B@@CD@@DF@B@@A@A@@FAF@D@PDDBBB@PCLGDG@@HF@@FABNB@B@LENKLKHELPNVDVHJLHNFLDLDJ@@@@BDDVBP@RAV@@@FFHLXDLEJIJGACCIMEMECEAGBKDIFEDEHCF@JGRMN@LDTDPFRDJBRLNZ@LBPDJDLPBD@@BCFA@BFBL@BA@D@BD@@@BFD@B@@@BFA@AB@D@BQ@ID@@@DCFI@ABGPAN@L@@BJFVDTELGHKLKHGJ^AbE^CZAbAZCNAVCVAfBV@P@RGNKRYHQJOLMLSNMLKHIDG@MCIOUCGJOLOFAAE@@@@CBAAAIGEG@AEB@BABOD@@ABE@AFABBBB@DF@RABC@CDEFCPCDDBDF@BBF@JFFHBNAN@NHHNBP@PEPKLKPOHMFGFOFKFMDMLUWAKGMEMKMKEI@@AAAMAKEMEMEIGMGOKOEC@EC@A@CO@AB@HA@@@CD@@CAIAKDMBBBEBCD@J@FEJ@BFBHFA@@H@BFD@@@BBD@DA@AAIDWBELENGJGFUYB]C[A_CSEIGIIKGOGSBSDIDOGQKMCYCYEQGWGOCMEOKIQIMQIK@OFWDYB[COEQEQ@UF_@]DaC"],"encodeOffsets":[[117983,37751]]}},{"type":"Feature","id":"130535","properties":{"name":"临西县","cp":[115.498684,36.8642],"childNum":1},"geometry":{"type":"Polygon","coordinates":["@@@@@@A@@A@@B@@A@@BA@@@@BA@@@@@@@AAA@@B@DB@@D@B@@C@C@CA@@A@@C@A@@A@@@@@@@E@@@A@AA@@@G@CKA@@@C@A@ABBB@@ABA@IEID@@BFA@@@AA@@A@@@@ACECEAC@A@@A@GACACAA@CCAAIECCCACA@AAAAA@AA@@CAA@AAAAAAACC@@AA@@CC@AA@@A@@BA@CBA@@AA@A@A@@AAACAAAA@A@A@AAA@AAA@AA@EEA@@AAA@A@@@A@A@A@@@CBA@@@@BA@A@@BA@E@A@A@AAAAAAAAA@A@A@E@@@AACACAAA@@@@@B@@AB@@@@@@@@A@AB@@@AC@@A@C@A@@B@@@@A@@@@@A@@@@@@B@@@@B@AB@B@@@@@@CAC@AAAAA@@@A@A@@BC@ABABA@ABAA@@A@AAA@CAAAA@A@AAC@C@AAA@@@@AA@A@@@AACAAAA@AA@@@@A@@A@A@@@AAA@@@@AA@@A@@@@@A@@@A@@BA@A@ABA@@@@@@@CAAACAAAAAA@IC@AA@A@A@CAA@EAICAAA@@@A@CA@@A@CACAA@@@A@C@A@CAA@CAA@AAA@@AAAA@@AAA@@@A@@AA@@A@A@C@A@A@@@A@A@ADEFABKH@AA@@ABC@G@A@@K@E@ABAB@D@BAD@@AB@@CBI@A@CAA@@A@A@A@GAC@C@@AAAAA@@@A@AB@@CBAB@@A@@@A@@@AA@@AA@A@@@ADC@A@@@A@A@AA@@@@AA@ABC@ABCBC@AB@@A@A@A@A@A@@@A@@BCBAB@@A@@@@@C@C@@@A@AAA@CAAAA@CA@AACAA@AA@A@C@C@A@C@AAA@A@AA@@AA@@@A@CBC@AAA@@@AACAEAAAC@@QLKDODSF]DQBQ@QAMAMFIHMJI@BDIBA@E@@DEFBDADG@ELABC@A@ACAECEKBECACEBCJCRCJGLKPKXGR@PHRFJJPPVXCPEL@RJJNJRPLNFPDXHRHZFZDNDRLPHJCTCTAPHLHJJJHTF`D\\B^DZAVITEPEPE\\ARFLDP@^ENDTJTLJFPFLAT@XERIRIPEHA@@@@FA"],"encodeOffsets":[[118541,37813]]}},{"type":"Feature","id":"130581","properties":{"name":"南宫市","cp":[115.398102,37.359668],"childNum":2},"geometry":{"type":"MultiPolygon","coordinates":[["@@CSOMKIDIPIPCRCN@NGBMA@@@@@KOREL@Z@N@NBNCFS@MZEVBVM@@BAFKNMLKNIRKLE^@EEEIDKHOFGGOGACAECKESGWCKGHMFSMKOCE@GAOAKAGASESGASDOCOSOUKMCIAU@WH_DQCKVCNENELEPEHGNOPKLOLOFO@MAGG@MBMAMEGIEE@AAE@ACCCODEDCF@DADQBE@@CAAAAEB@BAF@BC@APABA@BFH@HFBJBBDA@@@@BFEBKPIPDHPVDJ@NCHGJKLMNKTKNIPGRQZMLQHO@U@eAUBUDMBYDaBYB]DaF]BUBU@U@OSKBEHIP@HHLDTCTKHoLILALLFTDJDDVAXAT@J@BBH@DE@DPEBQ@CMCM@AAACCYBA@@J@DENEJEFODV@bDVBPDPFNFfNPCT@VBLAB@@@D@DA@@@@TEJC@BF@@@@CB@FFBHAH@@@F@DDBF@@ED@BCD@@KJ@DE@ABCAEIA@KOQA@ACA@@DCBA@@EC@@@@@BBABAA@AA@@ECBAA@EBC@AH@H@DA@IF@DDDJ@FRND@DA@ADATCBBADD@D@@CH@@H@DCBAAC@EH@FDDBLCBK@EH@FI@@DAB@@@@@FH@@FB@RAH@DB@BFDDFNADBNADBXQZGRENCLCJGX[JQPQPIRC`CPARALAVENERIJCLKPQHKDK@SHKLELCNENARCP@L@NHLJRPNB"],["@@QM@B@BC@@F@DE@PR@C@@F@FCAC@CBA"]],"encodeOffsets":[[[118381,38230]],[[118069,38307]]]}},{"type":"Feature","id":"130534","properties":{"name":"清河县","cp":[115.668999,37.059991],"childNum":1},"geometry":{"type":"Polygon","coordinates":["@@DMF[@QH[HOZS`KNEDAHAJEPGLMJKHSHOFKJUCAEACCCACCCCA@ECGCCA@AA@@AAAAA@A@C@ACEACAA@AA@AAA@A@@@CA@BA@C@A@A@A@@@@@AA@@@ABABG@A@A@@@AAA@@A@A@A@A@@A@A@ABABA@@A@@A@A@AA@AACAC@CAAAA@AAAA@@A@A@E@ABA@@@A@@A@@AAAAAAAAAA@AAAAAA@ECAACC@AA@@ABE@AB@@AFAHADA@@BABCA@C@CA@@@@@C@A@@@A@A@AB@@@@A@A@@@@@@@AB@B@B@@@@@@@BB@@BBBDBB@@@@DA@@BABA@ABC@A@@@ACECIEGAEAAACCCAAAAEACAAA@@A@@AAEA@AC@@A@@@A@@BA@@@@BABA@@@@@ABAAC@A@AA@@@@@AAA@@@A@A@@BA@A@@B@BA@AB@@@@AB@@AA@@@@AA@AAA@@AEB@@@@GBOFQJQJWFS@KBOEIESKSIMC]FO@KCQE[BOFOFSFUJEVIHMHKFAFCXBJ@BCBC@AA@@C@AEG@@@EBAGAEI@EFI@C@ADAFAACNBLBJ@DC@@D@@GBA@@BDPB@D@@FFDLPHPHNFJFNFNBLBNBB@@FJNLNLNFLHXBRD`CXGV@JBNDVLTPDPCPBTTHTFHBLBPBHBF@PDNLETGNLHXDTHLFFDDBHB"],"encodeOffsets":[[118540,38077]]}},{"type":"Feature","id":"130582","properties":{"name":"沙河市","cp":[114.464902,36.901903],"childNum":1},"geometry":{"type":"Polygon","coordinates":["@@BAN@D@BGH@@B@@F@@BP@@B@BJ@BABIJ@@FLBDF@B@D@FB@V@H@DC@@FCDA@GR@@FDBL@@DlBJA@A@AI@@ACE@E@CEAAC@CBCD@HD@DC@@DD@LAFDF@@DB@@BF@BD@BFAJE@KF@JBB@@KK@C@I@@CI@AKCCC@GCBKBAAKHEDAHB@DHBRBB@@NFB@ODAJ@FGFG@IEEUM@AFAH@BKHCNBB@@BB@FB@ABA@EBAFATEDA@GCEA@C@A@CII@CA@CI@@EEA@AQ@E@@HOA@EEEI@@BA@U@CCEGC@CACB@DU@@DE@CBE@@IA@E@SB@EOBCC@E@@K@@CBC@AD@DGAIA@E@@@FAAG@CB@D@@A@OCIBE@ACEMGQEiMSC]FQDGBA@GDCJK@EBCB@D@FO@E@EC@EIAG@GBE@AAACC@O@EBA@AFA@EA@HEBAA@EAAA@UDKFQD[DO@KBWCKEA@CDEBE@@AABCA@FEBK@EBCBCHABC@CEEMAG@AE@IAG@C@KJOLQFWASMIEICUC]B]@S@OAYC]A[@QBQDABCA@AECG@EAG@@BABKFAB@@CBIAG@AD@@DBHF@F@FBDDB@BB@EDMNMJSJM@U@M@WDKJGHKFKJKHCJIJEFATCPCHALILMNIJ]TOJGRKFYHMD_JMHADGJIHMDIBO@IBQASAG@JFDDBBJFDDVLBBRHDDDBDBRH@@XFPBVB\\@PBT@T@RILCRE\\CRAHCTKJMLOTGRENC\\BNFLHPCXKFCAA@AEG@GFAFDBDDBB@@A@EL@@CDAFAF@BFL@B@FCBCBCDDHALF@@CFABCB@D@DAFABDBEBDHFBDBJN@DFLDBBBB@LDRBLCNANCZDLHHJHJNDRGFSAMCOGOGMEKGMDIHGd@TBNDX@bEVATE\\CPANBV@X@Z@@@DCBAJAHBDBHANED@H@RCHABA@B@HBDBBB@B@BA@KBA@A@@D@B@FABDDR@@H@@BBBDAJ^BBDBFDDFBDT@H@FDBDBBF@@GCKHB@CDB@@@@@BJ@HDH@DFBB@B"],"encodeOffsets":[[117240,37887]]}}],"UTF8Encoding":true}