﻿{
  "type": "FeatureCollection",
  "features": [
    {
      "type": "Feature",
      "properties": {
        "name": "肥乡县"
      },
      "geometry": {
        "type": "MultiPolygon",
        "coordinates": [
          [
            [
              [
                114.902686796875,
                36.6469203925782
              ],
              [
                114.972345,
                36.6366262031251
              ],
              [
                114.9962121875,
                36.6401540351563
              ],
              [
                115.02298953125,
                36.6194863105469
              ],
              [
                115.027345,
                36.6138430000001
              ],
              [
                115.001920195313,
                36.5791408515625
              ],
              [
                115.003526640625,
                36.5591664863281
              ],
              [
                114.99197390625,
                36.5492153144532
              ],
              [
                114.98271609375,
                36.5384706855469
              ],
              [
                114.9666028125,
                36.5245864082032
              ],
              [
                114.95271609375,
                36.5084706855469
              ],
              [
                114.93197390625,
                36.4992153144531
              ],
              [
                114.911104765625,
                36.48757346875
              ],
              [
                114.847345,
                36.493843
              ],
              [
                114.83978640625,
                36.5036367011719
              ],
              [
                114.787345,
                36.4958876777344
              ],
              [
                114.741256132813,
                36.5026992011719
              ],
              [
                114.645025664063,
                36.4868910957031
              ],
              [
                114.627345,
                36.493843
              ],
              [
                114.613980742188,
                36.5011696601563
              ],
              [
                114.637584257813,
                36.5323805976563
              ],
              [
                114.619625273438,
                36.5700307441406
              ],
              [
                114.637345,
                36.5738430000001
              ],
              [
                114.652896757813,
                36.5782900214844
              ],
              [
                114.663702421875,
                36.5917836738281
              ],
              [
                114.692799101563,
                36.5881642890625
              ],
              [
                114.701793242188,
                36.5993959785157
              ],
              [
                114.713023710938,
                36.6083901191407
              ],
              [
                114.711666289063,
                36.6192958808594
              ],
              [
                114.725440703125,
                36.6303237128906
              ],
              [
                114.74763796875,
                36.6275624824219
              ],
              [
                114.801793242188,
                36.6593959785157
              ],
              [
                114.832896757813,
                36.6682900214844
              ],
              [
                114.837345,
                36.673843
              ],
              [
                114.8886340625,
                36.6651308417969
              ],
              [
                114.902686796875,
                36.6469203925782
              ]
            ]
          ]
        ]
      }
    },
    {
      "type": "Feature",
      "properties": {
        "name": "峰峰矿区"
      },
      "geometry": {
        "type": "MultiPolygon",
        "coordinates": [
          [
            [
              [
                114.093170195313,
                36.5696681953125
              ],
              [
                114.107345,
                36.5498903632813
              ],
              [
                114.122034941406,
                36.5703884101563
              ],
              [
                114.170423613281,
                36.5396681953125
              ],
              [
                114.213170195313,
                36.5480178046875
              ],
              [
                114.237345,
                36.5633657050782
              ],
              [
                114.26216921875,
                36.5476064277344
              ],
              [
                114.277345,
                36.553843
              ],
              [
                114.282686796875,
                36.5086159492188
              ],
              [
                114.262625761719,
                36.4906923652344
              ],
              [
                114.272532988281,
                36.4779604316407
              ],
              [
                114.301995878906,
                36.4797158027344
              ],
              [
                114.3026575,
                36.4685903144532
              ],
              [
                114.292064238281,
                36.4591237617188
              ],
              [
                114.282625761719,
                36.4485622382812
              ],
              [
                114.231612578125,
                36.4161183906251
              ],
              [
                114.2326575,
                36.3986061835938
              ],
              [
                114.212064238281,
                36.3691237617188
              ],
              [
                114.198521757813,
                36.3396181464844
              ],
              [
                114.146883574219,
                36.3676784492188
              ],
              [
                114.122345,
                36.3691408515625
              ],
              [
                114.109881621094,
                36.3683986640626
              ],
              [
                114.088726835938,
                36.5041530585938
              ],
              [
                114.057345,
                36.513843
              ],
              [
                114.065694609375,
                36.5254933906251
              ],
              [
                114.083455839844,
                36.5382228828125
              ],
              [
                114.075592070313,
                36.5780178046875
              ],
              [
                114.093170195313,
                36.5696681953125
              ]
            ]
          ]
        ]
      }
    },
    {
      "type": "Feature",
      "properties": {
        "name": "成安县"
      },
      "geometry": {
        "type": "MultiPolygon",
        "coordinates": [
          [
            [
              [
                114.757345,
                36.303843
              ],
              [
                114.757345,
                36.283843
              ],
              [
                114.747345,
                36.283843
              ],
              [
                114.747345,
                36.303843
              ],
              [
                114.757345,
                36.303843
              ]
            ]
          ],
          [
            [
              [
                114.507345,
                36.393843
              ],
              [
                114.503922148438,
                36.3816506171875
              ],
              [
                114.495152617188,
                36.3904201484375
              ],
              [
                114.507345,
                36.393843
              ]
            ]
          ],
          [
            [
              [
                114.757345,
                36.303843
              ],
              [
                114.753804960938,
                36.3203029609375
              ],
              [
                114.720885039063,
                36.3273830390625
              ],
              [
                114.709073515625,
                36.3489333320313
              ],
              [
                114.66806765625,
                36.3673830390625
              ],
              [
                114.632345,
                36.3526601386719
              ],
              [
                114.607345,
                36.3629653144531
              ],
              [
                114.581710234375,
                36.3523976875001
              ],
              [
                114.573619414063,
                36.4014284492188
              ],
              [
                114.552345,
                36.3926601386719
              ],
              [
                114.52687625,
                36.4031594062501
              ],
              [
                114.507345,
                36.393843
              ],
              [
                114.507345,
                36.403843
              ],
              [
                114.487345,
                36.403843
              ],
              [
                114.478521757813,
                36.4099355292969
              ],
              [
                114.50326296875,
                36.4479274726563
              ],
              [
                114.507345,
                36.493843
              ],
              [
                114.552345,
                36.4882204414063
              ],
              [
                114.570181914063,
                36.4904396796875
              ],
              [
                114.611807890625,
                36.4744399238282
              ],
              [
                114.627345,
                36.493843
              ],
              [
                114.645025664063,
                36.4868910957031
              ],
              [
                114.741256132813,
                36.5026992011719
              ],
              [
                114.787345,
                36.4958876777344
              ],
              [
                114.83978640625,
                36.5036367011719
              ],
              [
                114.847345,
                36.493843
              ],
              [
                114.85326296875,
                36.4797585273437
              ],
              [
                114.86142703125,
                36.4379274726563
              ],
              [
                114.89142703125,
                36.4267018867188
              ],
              [
                114.874166289063,
                36.4081606269531
              ],
              [
                114.81888796875,
                36.3939748359375
              ],
              [
                114.827345,
                36.373843
              ],
              [
                114.821158476563,
                36.3700307441407
              ],
              [
                114.807135039063,
                36.3288832832032
              ],
              [
                114.781158476563,
                36.3200307441407
              ],
              [
                114.773531523438,
                36.3076552558594
              ],
              [
                114.757345,
                36.303843
              ]
            ]
          ]
        ]
      }
    },
    {
      "type": "Feature",
      "properties": {
        "name": "磁县"
      },
      "geometry": {
        "type": "MultiPolygon",
        "coordinates": [
          [
            [
              [
                114.373531523438,
                36.5500307441407
              ],
              [
                114.398033476563,
                36.5328273750001
              ],
              [
                114.439928007813,
                36.5458779121094
              ],
              [
                114.451539335938,
                36.5270351386719
              ],
              [
                114.485636015625,
                36.5376552558594
              ],
              [
                114.514488554688,
                36.509790265625
              ],
              [
                114.507345,
                36.493843
              ],
              [
                114.50326296875,
                36.4479274726563
              ],
              [
                114.478521757813,
                36.4099355292969
              ],
              [
                114.487345,
                36.403843
              ],
              [
                114.481217070313,
                36.3799697089844
              ],
              [
                114.440870390625,
                36.3696157050782
              ],
              [
                114.421429472656,
                36.3397585273438
              ],
              [
                114.413260527344,
                36.3179274726562
              ],
              [
                114.401429472656,
                36.3097585273438
              ],
              [
                114.383260527344,
                36.2779274726562
              ],
              [
                114.337345,
                36.253843
              ],
              [
                114.32263796875,
                36.2480605292969
              ],
              [
                114.312345,
                36.2495815253907
              ],
              [
                114.295496855469,
                36.2470925117188
              ],
              [
                114.252554960938,
                36.2596132636719
              ],
              [
                114.233922148438,
                36.2568593574219
              ],
              [
                114.210553007813,
                36.2709560371094
              ],
              [
                114.19298953125,
                36.2481996894532
              ],
              [
                114.178426542969,
                36.2394863105469
              ],
              [
                114.16298953125,
                36.2594863105469
              ],
              [
                114.136214628906,
                36.2801540351563
              ],
              [
                114.073761015625,
                36.2709242988282
              ],
              [
                114.037620878906,
                36.2927236152344
              ],
              [
                114.053140898438,
                36.3184523750001
              ],
              [
                114.051302519531,
                36.3309059882813
              ],
              [
                114.021253691406,
                36.3264650703126
              ],
              [
                114.024945097656,
                36.3514443183594
              ],
              [
                114.002310820313,
                36.3480995917969
              ],
              [
                113.967345,
                36.3538430000001
              ],
              [
                113.962899199219,
                36.3593959785156
              ],
              [
                113.901790800781,
                36.3682900214844
              ],
              [
                113.892899199219,
                36.3832692695312
              ],
              [
                113.952899199219,
                36.4582900214844
              ],
              [
                113.967345,
                36.483843
              ],
              [
                113.991429472656,
                36.4997585273438
              ],
              [
                114.043260527344,
                36.5079274726562
              ],
              [
                114.057345,
                36.513843
              ],
              [
                114.088726835938,
                36.5041530585938
              ],
              [
                114.109881621094,
                36.3683986640626
              ],
              [
                114.122345,
                36.3691408515625
              ],
              [
                114.146883574219,
                36.3676784492188
              ],
              [
                114.198521757813,
                36.3396181464844
              ],
              [
                114.212064238281,
                36.3691237617188
              ],
              [
                114.2326575,
                36.3986061835938
              ],
              [
                114.231612578125,
                36.4161183906251
              ],
              [
                114.282625761719,
                36.4485622382812
              ],
              [
                114.292064238281,
                36.4591237617188
              ],
              [
                114.3026575,
                36.4685903144532
              ],
              [
                114.301995878906,
                36.4797158027344
              ],
              [
                114.272532988281,
                36.4779604316407
              ],
              [
                114.262625761719,
                36.4906923652344
              ],
              [
                114.282686796875,
                36.5086159492188
              ],
              [
                114.277345,
                36.553843
              ],
              [
                114.285269804688,
                36.5578530097657
              ],
              [
                114.277484160156,
                36.5737953925782
              ],
              [
                114.297345,
                36.5838430000001
              ],
              [
                114.33763796875,
                36.5795986152344
              ],
              [
                114.351158476563,
                36.5576552558594
              ],
              [
                114.373531523438,
                36.5500307441407
              ]
            ],
            [
              [
                114.392806425781,
                36.4859181953125
              ],
              [
                114.412806425781,
                36.4693056464844
              ],
              [
                114.421883574219,
                36.4583803535157
              ],
              [
                114.427345,
                36.453843
              ],
              [
                114.442886992188,
                36.4785097480469
              ],
              [
                114.440323515625,
                36.5036525703126
              ],
              [
                114.392806425781,
                36.4859181953125
              ]
            ]
          ]
        ]
      }
    },
    {
      "type": "Feature",
      "properties": {
        "name": "丛台区"
      },
      "geometry": {
        "type": "MultiPolygon",
        "coordinates": [
          [
            [
              [
                114.497345,
                36.663843
              ],
              [
                114.51326296875,
                36.6397585273438
              ],
              [
                114.517345,
                36.603843
              ],
              [
                114.467345,
                36.603843
              ],
              [
                114.47142703125,
                36.6297585273437
              ],
              [
                114.477345,
                36.6538430000001
              ],
              [
                114.477345,
                36.663843
              ],
              [
                114.497345,
                36.663843
              ]
            ]
          ],
          [
            [
              [
                114.497345,
                36.663843
              ],
              [
                114.500767851563,
                36.6760353828126
              ],
              [
                114.509537382813,
                36.6672658515625
              ],
              [
                114.497345,
                36.663843
              ]
            ]
          ]
        ]
      }
    },
    {
      "type": "Feature",
      "properties": {
        "name": "大名县"
      },
      "geometry": {
        "type": "MultiPolygon",
        "coordinates": [
          [
            [
              [
                115.20326296875,
                36.4597585273438
              ],
              [
                115.224459257813,
                36.4459548164063
              ],
              [
                115.264249296875,
                36.4548744941407
              ],
              [
                115.277345,
                36.473843
              ],
              [
                115.3067590625,
                36.4535341621094
              ],
              [
                115.2979309375,
                36.4141518378906
              ],
              [
                115.33326296875,
                36.3897585273438
              ],
              [
                115.337345,
                36.3838430000001
              ],
              [
                115.34142703125,
                36.3579274726563
              ],
              [
                115.357496367188,
                36.3468325019532
              ],
              [
                115.348443632813,
                36.3064333320313
              ],
              [
                115.411651640625,
                36.3260268378906
              ],
              [
                115.423204375,
                36.2810048652344
              ],
              [
                115.453873320313,
                36.2695290351563
              ],
              [
                115.473565703125,
                36.2392897773438
              ],
              [
                115.468980742188,
                36.218843
              ],
              [
                115.473468046875,
                36.1988430000001
              ],
              [
                115.4700403125,
                36.1835732246094
              ],
              [
                115.477345,
                36.1538430000001
              ],
              [
                115.451793242188,
                36.1707289863281
              ],
              [
                115.44326296875,
                36.1479274726563
              ],
              [
                115.414620390625,
                36.137212140625
              ],
              [
                115.402345,
                36.1399636054688
              ],
              [
                115.382271757813,
                36.13546409375
              ],
              [
                115.358678007813,
                36.1012868476563
              ],
              [
                115.323975859375,
                36.0797585273438
              ],
              [
                115.28970828125,
                36.1020729804688
              ],
              [
                115.295709257813,
                36.128843
              ],
              [
                115.27142703125,
                36.1379274726563
              ],
              [
                115.24154421875,
                36.1929177070312
              ],
              [
                115.192476835938,
                36.2112770820313
              ],
              [
                115.18326296875,
                36.1979274726563
              ],
              [
                115.1570715625,
                36.1897585273438
              ],
              [
                115.14326296875,
                36.2097585273438
              ],
              [
                115.117345,
                36.213843
              ],
              [
                115.111832304688,
                36.2209841132813
              ],
              [
                115.084088164063,
                36.2168837714844
              ],
              [
                115.070494414063,
                36.2813124824219
              ],
              [
                115.073824492188,
                36.303843
              ],
              [
                115.07093875,
                36.3233498359376
              ],
              [
                115.05170046875,
                36.3381996894531
              ],
              [
                115.01298953125,
                36.3894863105469
              ],
              [
                114.98170046875,
                36.4081996894531
              ],
              [
                114.967345,
                36.433843
              ],
              [
                115.001846953125,
                36.4423171210938
              ],
              [
                115.028375273438,
                36.4363698554688
              ],
              [
                115.06798953125,
                36.4937429023438
              ],
              [
                115.107345,
                36.5038430000001
              ],
              [
                115.11142703125,
                36.4979274726563
              ],
              [
                115.153756132813,
                36.4694264960938
              ],
              [
                115.20326296875,
                36.4597585273438
              ]
            ]
          ]
        ]
      }
    },
    {
      "type": "Feature",
      "properties": {
        "name": "复兴区"
      },
      "geometry": {
        "type": "MultiPolygon",
        "coordinates": [
          [
            [
              [
                114.467345,
                36.603843
              ],
              [
                114.457345,
                36.563843
              ],
              [
                114.40271609375,
                36.5738075996095
              ],
              [
                114.41197390625,
                36.5992153144531
              ],
              [
                114.422772246094,
                36.6085195136719
              ],
              [
                114.421942167969,
                36.6188430000001
              ],
              [
                114.422747832031,
                36.628843
              ],
              [
                114.421197539063,
                36.6481154609376
              ],
              [
                114.477345,
                36.6538430000001
              ],
              [
                114.47142703125,
                36.6297585273437
              ],
              [
                114.467345,
                36.603843
              ]
            ]
          ]
        ]
      }
    },
    {
      "type": "Feature",
      "properties": {
        "name": "馆陶县"
      },
      "geometry": {
        "type": "MultiPolygon",
        "coordinates": [
          [
            [
              [
                115.403170195313,
                36.6680178046875
              ],
              [
                115.385694609375,
                36.655493390625
              ],
              [
                115.368995390625,
                36.6321926093751
              ],
              [
                115.335186796875,
                36.6079616523438
              ],
              [
                115.323170195313,
                36.5480178046875
              ],
              [
                115.30947390625,
                36.5264455390626
              ],
              [
                115.2916028125,
                36.5299782539063
              ],
              [
                115.283170195313,
                36.4980178046875
              ],
              [
                115.27099734375,
                36.48929221875
              ],
              [
                115.277345,
                36.473843
              ],
              [
                115.264249296875,
                36.4548744941407
              ],
              [
                115.224459257813,
                36.4459548164063
              ],
              [
                115.20326296875,
                36.4597585273438
              ],
              [
                115.153756132813,
                36.4694264960938
              ],
              [
                115.11142703125,
                36.4979274726563
              ],
              [
                115.107345,
                36.5038430000001
              ],
              [
                115.113531523438,
                36.5076552558594
              ],
              [
                115.121158476563,
                36.5200307441407
              ],
              [
                115.16318484375,
                36.5343520332031
              ],
              [
                115.167345,
                36.5738430000001
              ],
              [
                115.193980742188,
                36.5883180976563
              ],
              [
                115.21408328125,
                36.6191909003907
              ],
              [
                115.1994934375,
                36.629262921875
              ],
              [
                115.217345,
                36.633843
              ],
              [
                115.2339465625,
                36.6457411933594
              ],
              [
                115.2307434375,
                36.6619448066407
              ],
              [
                115.263785429688,
                36.6856264472657
              ],
              [
                115.2975403125,
                36.6641970039063
              ],
              [
                115.311519804688,
                36.6736830878907
              ],
              [
                115.283394804688,
                36.6938430000001
              ],
              [
                115.315675078125,
                36.7169826484375
              ],
              [
                115.3077746875,
                36.7569826484375
              ],
              [
                115.323170195313,
                36.7680178046875
              ],
              [
                115.327345,
                36.773843
              ],
              [
                115.338785429688,
                36.786645734375
              ],
              [
                115.372061796875,
                36.7685622382813
              ],
              [
                115.467345,
                36.753843
              ],
              [
                115.46271609375,
                36.7384706855469
              ],
              [
                115.437345,
                36.6938430000001
              ],
              [
                115.411519804688,
                36.6796681953125
              ],
              [
                115.403170195313,
                36.6680178046875
              ]
            ]
          ]
        ]
      }
    },
    {
      "type": "Feature",
      "properties": {
        "name": "广平县"
      },
      "geometry": {
        "type": "MultiPolygon",
        "coordinates": [
          [
            [
              [
                115.137345,
                36.603843
              ],
              [
                115.12922,
                36.5875014472656
              ],
              [
                115.163985625,
                36.580483625
              ],
              [
                115.167345,
                36.5738430000001
              ],
              [
                115.16318484375,
                36.5343520332031
              ],
              [
                115.121158476563,
                36.5200307441407
              ],
              [
                115.113531523438,
                36.5076552558594
              ],
              [
                115.107345,
                36.5038430000001
              ],
              [
                115.06798953125,
                36.4937429023438
              ],
              [
                115.028375273438,
                36.4363698554688
              ],
              [
                115.001846953125,
                36.4423171210938
              ],
              [
                114.967345,
                36.433843
              ],
              [
                114.963131132813,
                36.4406801582032
              ],
              [
                114.90041140625,
                36.4200502753907
              ],
              [
                114.907642851563,
                36.3968325019531
              ],
              [
                114.895636015625,
                36.3700307441407
              ],
              [
                114.85033328125,
                36.3841408515625
              ],
              [
                114.827345,
                36.373843
              ],
              [
                114.81888796875,
                36.3939748359375
              ],
              [
                114.874166289063,
                36.4081606269531
              ],
              [
                114.89142703125,
                36.4267018867188
              ],
              [
                114.86142703125,
                36.4379274726563
              ],
              [
                114.85326296875,
                36.4797585273437
              ],
              [
                114.847345,
                36.493843
              ],
              [
                114.911104765625,
                36.48757346875
              ],
              [
                114.93197390625,
                36.4992153144531
              ],
              [
                114.95271609375,
                36.5084706855469
              ],
              [
                114.9666028125,
                36.5245864082032
              ],
              [
                114.98271609375,
                36.5384706855469
              ],
              [
                114.99197390625,
                36.5492153144532
              ],
              [
                115.003526640625,
                36.5591664863281
              ],
              [
                115.001920195313,
                36.5791408515625
              ],
              [
                115.027345,
                36.6138430000001
              ],
              [
                115.068531523438,
                36.5952455878907
              ],
              [
                115.137345,
                36.603843
              ]
            ]
          ],
          [
            [
              [
                115.137345,
                36.603843
              ],
              [
                115.142906523438,
                36.6168398261719
              ],
              [
                115.160069609375,
                36.6078481269532
              ],
              [
                115.137345,
                36.603843
              ]
            ]
          ]
        ]
      }
    },
    {
      "type": "Feature",
      "properties": {
        "name": "邯郸县"
      },
      "geometry": {
        "type": "MultiPolygon",
        "coordinates": [
          [
            [
              [
                114.337345,
                36.723843
              ],
              [
                114.342938261719,
                36.7037587714844
              ],
              [
                114.387345,
                36.7103212714844
              ],
              [
                114.412345,
                36.7066262031251
              ],
              [
                114.432345,
                36.7095815253906
              ],
              [
                114.442857695313,
                36.7080287910157
              ],
              [
                114.453883085938,
                36.7223110175782
              ],
              [
                114.497345,
                36.7158876777344
              ],
              [
                114.544810820313,
                36.7229018378907
              ],
              [
                114.594761992188,
                36.7089931464844
              ],
              [
                114.635811796875,
                36.6773073554688
              ],
              [
                114.631607695313,
                36.648843
              ],
              [
                114.633082304688,
                36.638843
              ],
              [
                114.630045195313,
                36.6182802558594
              ],
              [
                114.637345,
                36.5738430000001
              ],
              [
                114.619625273438,
                36.5700307441406
              ],
              [
                114.637584257813,
                36.5323805976563
              ],
              [
                114.613980742188,
                36.5011696601563
              ],
              [
                114.627345,
                36.493843
              ],
              [
                114.611807890625,
                36.4744399238282
              ],
              [
                114.570181914063,
                36.4904396796875
              ],
              [
                114.552345,
                36.4882204414063
              ],
              [
                114.507345,
                36.493843
              ],
              [
                114.514488554688,
                36.509790265625
              ],
              [
                114.485636015625,
                36.5376552558594
              ],
              [
                114.451539335938,
                36.5270351386719
              ],
              [
                114.439928007813,
                36.5458779121094
              ],
              [
                114.398033476563,
                36.5328273750001
              ],
              [
                114.373531523438,
                36.5500307441407
              ],
              [
                114.351158476563,
                36.5576552558594
              ],
              [
                114.33763796875,
                36.5795986152344
              ],
              [
                114.297345,
                36.5838430000001
              ],
              [
                114.29062625,
                36.59712425
              ],
              [
                114.263985625,
                36.6106008125
              ],
              [
                114.271522246094,
                36.6216872382813
              ],
              [
                114.286031523438,
                36.6146010566406
              ],
              [
                114.304976835938,
                36.6384511542969
              ],
              [
                114.299420195313,
                36.6498329902344
              ],
              [
                114.313985625,
                36.657202375
              ],
              [
                114.321370878906,
                36.7157619453125
              ],
              [
                114.337345,
                36.723843
              ]
            ],
            [
              [
                114.497345,
                36.663843
              ],
              [
                114.477345,
                36.663843
              ],
              [
                114.477345,
                36.6538430000001
              ],
              [
                114.421197539063,
                36.6481154609376
              ],
              [
                114.422747832031,
                36.628843
              ],
              [
                114.421942167969,
                36.6188430000001
              ],
              [
                114.422772246094,
                36.6085195136719
              ],
              [
                114.41197390625,
                36.5992153144531
              ],
              [
                114.40271609375,
                36.5738075996095
              ],
              [
                114.457345,
                36.563843
              ],
              [
                114.472330351563,
                36.5563942695313
              ],
              [
                114.493829375,
                36.5668935371094
              ],
              [
                114.504918242188,
                36.5888137031251
              ],
              [
                114.540675078125,
                36.5991335273438
              ],
              [
                114.517345,
                36.603843
              ],
              [
                114.51326296875,
                36.6397585273438
              ],
              [
                114.509537382813,
                36.6672658515625
              ],
              [
                114.500767851563,
                36.6760353828126
              ],
              [
                114.497345,
                36.663843
              ]
            ],
            [
              [
                114.515152617188,
                36.5772658515625
              ],
              [
                114.527345,
                36.5738430000001
              ],
              [
                114.523922148438,
                36.5860353828125
              ],
              [
                114.515152617188,
                36.5772658515625
              ]
            ]
          ]
        ]
      }
    },
    {
      "type": "Feature",
      "properties": {
        "name": "邯山区"
      },
      "geometry": {
        "type": "MultiPolygon",
        "coordinates": [
          [
            [
              [
                114.442886992188,
                36.4785097480469
              ],
              [
                114.427345,
                36.453843
              ],
              [
                114.421883574219,
                36.4583803535157
              ],
              [
                114.412806425781,
                36.4693056464844
              ],
              [
                114.392806425781,
                36.4859181953125
              ],
              [
                114.440323515625,
                36.5036525703126
              ],
              [
                114.442886992188,
                36.4785097480469
              ]
            ]
          ],
          [
            [
              [
                114.523922148438,
                36.5860353828125
              ],
              [
                114.527345,
                36.5738430000001
              ],
              [
                114.515152617188,
                36.5772658515625
              ],
              [
                114.523922148438,
                36.5860353828125
              ]
            ]
          ],
          [
            [
              [
                114.493829375,
                36.5668935371094
              ],
              [
                114.472330351563,
                36.5563942695313
              ],
              [
                114.457345,
                36.563843
              ],
              [
                114.467345,
                36.603843
              ],
              [
                114.517345,
                36.603843
              ],
              [
                114.540675078125,
                36.5991335273438
              ],
              [
                114.504918242188,
                36.5888137031251
              ],
              [
                114.493829375,
                36.5668935371094
              ]
            ]
          ]
        ]
      }
    },
    {
      "type": "Feature",
      "properties": {
        "name": "鸡泽县"
      },
      "geometry": {
        "type": "MultiPolygon",
        "coordinates": [
          [
            [
              [
                114.877345,
                36.753843
              ],
              [
                114.877345,
                36.743843
              ],
              [
                114.867345,
                36.743843
              ],
              [
                114.867345,
                36.753843
              ],
              [
                114.877345,
                36.753843
              ]
            ]
          ],
          [
            [
              [
                114.877345,
                36.753843
              ],
              [
                114.867906523438,
                36.7644057441407
              ],
              [
                114.844893828125,
                36.7849684882813
              ],
              [
                114.770269804688,
                36.7988967109376
              ],
              [
                114.742628203125,
                36.8591237617188
              ],
              [
                114.703428984375,
                36.877114484375
              ],
              [
                114.764303007813,
                36.8912783027344
              ],
              [
                114.757345,
                36.9238430000001
              ],
              [
                114.791256132813,
                36.9159853339844
              ],
              [
                114.833160429688,
                36.9483315253907
              ],
              [
                114.830709257813,
                36.9649074531251
              ],
              [
                114.862486601563,
                36.9696034980469
              ],
              [
                114.887345,
                36.9638430000001
              ],
              [
                114.91326296875,
                36.9597585273438
              ],
              [
                114.942105742188,
                36.9476430488281
              ],
              [
                114.967345,
                36.9538430000001
              ],
              [
                114.962808867188,
                36.8883803535156
              ],
              [
                114.9465246875,
                36.8748549628906
              ],
              [
                114.941324492188,
                36.823843
              ],
              [
                114.942896757813,
                36.8084523750001
              ],
              [
                114.913375273438,
                36.783930890625
              ],
              [
                114.9118371875,
                36.7688430000001
              ],
              [
                114.914801054688,
                36.7397695136719
              ],
              [
                114.877345,
                36.753843
              ]
            ]
          ]
        ]
      }
    },
    {
      "type": "Feature",
      "properties": {
        "name": "临漳县"
      },
      "geometry": {
        "type": "MultiPolygon",
        "coordinates": [
          [
            [
              [
                114.507345,
                36.393843
              ],
              [
                114.495152617188,
                36.3904201484375
              ],
              [
                114.503922148438,
                36.3816506171875
              ],
              [
                114.52687625,
                36.4031594062501
              ],
              [
                114.552345,
                36.3926601386719
              ],
              [
                114.573619414063,
                36.4014284492188
              ],
              [
                114.581710234375,
                36.3523976875001
              ],
              [
                114.607345,
                36.3629653144531
              ],
              [
                114.632345,
                36.3526601386719
              ],
              [
                114.66806765625,
                36.3673830390625
              ],
              [
                114.709073515625,
                36.3489333320313
              ],
              [
                114.720885039063,
                36.3273830390625
              ],
              [
                114.753804960938,
                36.3203029609375
              ],
              [
                114.757345,
                36.303843
              ],
              [
                114.747345,
                36.303843
              ],
              [
                114.747345,
                36.283843
              ],
              [
                114.74142703125,
                36.2797585273438
              ],
              [
                114.72896609375,
                36.2617092109376
              ],
              [
                114.74326296875,
                36.2397585273438
              ],
              [
                114.75142703125,
                36.2179274726563
              ],
              [
                114.765235625,
                36.1967287421875
              ],
              [
                114.761221953125,
                36.178843
              ],
              [
                114.765225859375,
                36.1609975410157
              ],
              [
                114.737345,
                36.1538430000001
              ],
              [
                114.731612578125,
                36.1495778632812
              ],
              [
                114.6782434375,
                36.1369667792969
              ],
              [
                114.655050078125,
                36.1409596992188
              ],
              [
                114.602569609375,
                36.1198635078125
              ],
              [
                114.563077421875,
                36.1495778632812
              ],
              [
                114.541612578125,
                36.1581081367188
              ],
              [
                114.523077421875,
                36.1695778632813
              ],
              [
                114.484771757813,
                36.1799623847657
              ],
              [
                114.453077421875,
                36.1995778632813
              ],
              [
                114.411610136719,
                36.2081081367188
              ],
              [
                114.403079863281,
                36.2195778632813
              ],
              [
                114.355562773438,
                36.2293532539063
              ],
              [
                114.337345,
                36.253843
              ],
              [
                114.383260527344,
                36.2779274726562
              ],
              [
                114.401429472656,
                36.3097585273438
              ],
              [
                114.413260527344,
                36.3179274726562
              ],
              [
                114.421429472656,
                36.3397585273438
              ],
              [
                114.440870390625,
                36.3696157050782
              ],
              [
                114.481217070313,
                36.3799697089844
              ],
              [
                114.487345,
                36.403843
              ],
              [
                114.507345,
                36.403843
              ],
              [
                114.507345,
                36.393843
              ]
            ]
          ]
        ]
      }
    },
    {
      "type": "Feature",
      "properties": {
        "name": "邱县"
      },
      "geometry": {
        "type": "MultiPolygon",
        "coordinates": [
          [
            [
              [
                115.170992460938,
                36.8946364570313
              ],
              [
                115.147266875,
                36.8497951484376
              ],
              [
                115.202154570313,
                36.8690334296875
              ],
              [
                115.217345,
                36.873843
              ],
              [
                115.223013945313,
                36.865630109375
              ],
              [
                115.242345,
                36.8699636054688
              ],
              [
                115.27330203125,
                36.8630251289063
              ],
              [
                115.317345,
                36.873843
              ],
              [
                115.313985625,
                36.847202375
              ],
              [
                115.299400664063,
                36.8398244453126
              ],
              [
                115.313985625,
                36.810483625
              ],
              [
                115.320704375,
                36.777202375
              ],
              [
                115.327345,
                36.773843
              ],
              [
                115.323170195313,
                36.7680178046875
              ],
              [
                115.3077746875,
                36.7569826484375
              ],
              [
                115.315675078125,
                36.7169826484375
              ],
              [
                115.283394804688,
                36.6938430000001
              ],
              [
                115.311519804688,
                36.6736830878907
              ],
              [
                115.2975403125,
                36.6641970039063
              ],
              [
                115.263785429688,
                36.6856264472657
              ],
              [
                115.2307434375,
                36.6619448066407
              ],
              [
                115.2339465625,
                36.6457411933594
              ],
              [
                115.217345,
                36.633843
              ],
              [
                115.202916289063,
                36.6696657539063
              ],
              [
                115.172916289063,
                36.6652333808594
              ],
              [
                115.162095976563,
                36.6916664863282
              ],
              [
                115.12170046875,
                36.7081996894531
              ],
              [
                115.11095828125,
                36.7344509101563
              ],
              [
                115.114561796875,
                36.758843
              ],
              [
                115.087340117188,
                36.7699831367188
              ],
              [
                115.093160429688,
                36.8093544746094
              ],
              [
                115.08170046875,
                36.8181996894532
              ],
              [
                115.0664075,
                36.838012921875
              ],
              [
                115.10298953125,
                36.8481996894532
              ],
              [
                115.11170046875,
                36.8570607734375
              ],
              [
                115.049674101563,
                36.8743325019532
              ],
              [
                115.065562773438,
                36.9147499824219
              ],
              [
                115.08298953125,
                36.9281996894532
              ],
              [
                115.09170046875,
                36.9494863105469
              ],
              [
                115.097345,
                36.9538430000001
              ],
              [
                115.131685820313,
                36.9429701972657
              ],
              [
                115.095972929688,
                36.9261159492188
              ],
              [
                115.112154570313,
                36.9086525703125
              ],
              [
                115.170992460938,
                36.8946364570313
              ]
            ]
          ]
        ]
      }
    },
    {
      "type": "Feature",
      "properties": {
        "name": "曲周县"
      },
      "geometry": {
        "type": "MultiPolygon",
        "coordinates": [
          [
            [
              [
                115.137345,
                36.603843
              ],
              [
                115.160069609375,
                36.6078481269532
              ],
              [
                115.142906523438,
                36.6168398261719
              ],
              [
                115.068531523438,
                36.5952455878907
              ],
              [
                115.027345,
                36.6138430000001
              ],
              [
                115.02298953125,
                36.6194863105469
              ],
              [
                114.9962121875,
                36.6401540351563
              ],
              [
                114.972345,
                36.6366262031251
              ],
              [
                114.902686796875,
                36.6469203925782
              ],
              [
                114.8886340625,
                36.6651308417969
              ],
              [
                114.837345,
                36.673843
              ],
              [
                114.85326296875,
                36.6979274726562
              ],
              [
                114.86142703125,
                36.7397585273438
              ],
              [
                114.867345,
                36.743843
              ],
              [
                114.877345,
                36.743843
              ],
              [
                114.877345,
                36.753843
              ],
              [
                114.914801054688,
                36.7397695136719
              ],
              [
                114.9118371875,
                36.7688430000001
              ],
              [
                114.913375273438,
                36.783930890625
              ],
              [
                114.942896757813,
                36.8084523750001
              ],
              [
                114.941324492188,
                36.823843
              ],
              [
                114.9465246875,
                36.8748549628906
              ],
              [
                114.962808867188,
                36.8883803535156
              ],
              [
                114.967345,
                36.9538430000001
              ],
              [
                115.021256132813,
                36.9626992011719
              ],
              [
                115.057642851563,
                36.9573207832032
              ],
              [
                115.097345,
                36.9638430000001
              ],
              [
                115.097345,
                36.9538430000001
              ],
              [
                115.09170046875,
                36.9494863105469
              ],
              [
                115.08298953125,
                36.9281996894532
              ],
              [
                115.065562773438,
                36.9147499824219
              ],
              [
                115.049674101563,
                36.8743325019532
              ],
              [
                115.11170046875,
                36.8570607734375
              ],
              [
                115.10298953125,
                36.8481996894532
              ],
              [
                115.0664075,
                36.838012921875
              ],
              [
                115.08170046875,
                36.8181996894532
              ],
              [
                115.093160429688,
                36.8093544746094
              ],
              [
                115.087340117188,
                36.7699831367188
              ],
              [
                115.114561796875,
                36.758843
              ],
              [
                115.11095828125,
                36.7344509101563
              ],
              [
                115.12170046875,
                36.7081996894531
              ],
              [
                115.162095976563,
                36.6916664863282
              ],
              [
                115.172916289063,
                36.6652333808594
              ],
              [
                115.202916289063,
                36.6696657539063
              ],
              [
                115.217345,
                36.633843
              ],
              [
                115.1994934375,
                36.629262921875
              ],
              [
                115.21408328125,
                36.6191909003907
              ],
              [
                115.193980742188,
                36.5883180976563
              ],
              [
                115.167345,
                36.5738430000001
              ],
              [
                115.163985625,
                36.580483625
              ],
              [
                115.12922,
                36.5875014472656
              ],
              [
                115.137345,
                36.603843
              ]
            ]
          ]
        ]
      }
    },
    {
      "type": "Feature",
      "properties": {
        "name": "涉县"
      },
      "geometry": {
        "type": "MultiPolygon",
        "coordinates": [
          [
            [
              [
                113.967345,
                36.3438430000001
              ],
              [
                113.987345,
                36.3438430000001
              ],
              [
                113.987345,
                36.3138430000001
              ],
              [
                113.977345,
                36.3138430000001
              ],
              [
                113.970704375,
                36.327202375
              ],
              [
                113.967345,
                36.3438430000001
              ]
            ]
          ],
          [
            [
              [
                113.737345,
                36.363843
              ],
              [
                113.737345,
                36.3538430000001
              ],
              [
                113.727345,
                36.3538430000001
              ],
              [
                113.727345,
                36.363843
              ],
              [
                113.737345,
                36.363843
              ]
            ]
          ],
          [
            [
              [
                113.547345,
                36.493843
              ],
              [
                113.543922148438,
                36.4816506171876
              ],
              [
                113.535152617188,
                36.4904201484375
              ],
              [
                113.547345,
                36.493843
              ]
            ]
          ],
          [
            [
              [
                113.967345,
                36.3438430000001
              ],
              [
                113.951363554688,
                36.3517873359375
              ],
              [
                113.943985625,
                36.3372023750001
              ],
              [
                113.930704375,
                36.3304836250001
              ],
              [
                113.927345,
                36.323843
              ],
              [
                113.907415800781,
                36.3139369941407
              ],
              [
                113.889561796875,
                36.3492299628907
              ],
              [
                113.8541028125,
                36.357202375
              ],
              [
                113.843985625,
                36.3372023750001
              ],
              [
                113.814185820313,
                36.3304836250001
              ],
              [
                113.753985625,
                36.3604836250001
              ],
              [
                113.737345,
                36.363843
              ],
              [
                113.71170046875,
                36.3981996894532
              ],
              [
                113.70298953125,
                36.4194863105469
              ],
              [
                113.66170046875,
                36.4281996894532
              ],
              [
                113.613333769531,
                36.4640590644531
              ],
              [
                113.587345,
                36.453843
              ],
              [
                113.580704375,
                36.457202375
              ],
              [
                113.573985625,
                36.4804836250001
              ],
              [
                113.547345,
                36.493843
              ],
              [
                113.555032988281,
                36.5276869941407
              ],
              [
                113.540704375,
                36.5391603828125
              ],
              [
                113.582899199219,
                36.5482900214844
              ],
              [
                113.591790800781,
                36.5531447578125
              ],
              [
                113.530096464844,
                36.5965114570313
              ],
              [
                113.543455839844,
                36.6192372871094
              ],
              [
                113.483929472656,
                36.6362563300782
              ],
              [
                113.462899199219,
                36.6562587714844
              ],
              [
                113.504154082031,
                36.6892958808594
              ],
              [
                113.50150515625,
                36.7106044746094
              ],
              [
                113.453082304688,
                36.7045815253907
              ],
              [
                113.478516875,
                36.7478493476563
              ],
              [
                113.511986113281,
                36.7281764960938
              ],
              [
                113.526217070313,
                36.729946515625
              ],
              [
                113.537345,
                36.743843
              ],
              [
                113.545936308594,
                36.7562856269532
              ],
              [
                113.562345,
                36.7599636054688
              ],
              [
                113.591124296875,
                36.7535121894531
              ],
              [
                113.631429472656,
                36.7797585273438
              ],
              [
                113.664932890625,
                36.7922951484375
              ],
              [
                113.661087675781,
                36.8094557929688
              ],
              [
                113.678377714844,
                36.8768325019532
              ],
              [
                113.720797148438,
                36.8863417792969
              ],
              [
                113.731429472656,
                36.8579274726563
              ],
              [
                113.747345,
                36.853843
              ],
              [
                113.762418242188,
                36.8408571601562
              ],
              [
                113.773079863281,
                36.7824001289063
              ],
              [
                113.822345,
                36.7784413886719
              ],
              [
                113.835257597656,
                36.7794789863282
              ],
              [
                113.86197390625,
                36.7484706855469
              ],
              [
                113.872772246094,
                36.7391664863282
              ],
              [
                113.871920195313,
                36.7285463691406
              ],
              [
                113.893492460938,
                36.6981215644532
              ],
              [
                113.891942167969,
                36.678843
              ],
              [
                113.893917265625,
                36.6542690253907
              ],
              [
                113.852843046875,
                36.5963368964844
              ],
              [
                113.876529570313,
                36.5759291816407
              ],
              [
                113.871170683594,
                36.5092153144532
              ],
              [
                113.887191191406,
                36.5220583320313
              ],
              [
                113.909947539063,
                36.5484706855469
              ],
              [
                113.933553496094,
                36.5388747382813
              ],
              [
                113.931419707031,
                36.5123281074219
              ],
              [
                113.95197390625,
                36.4884706855469
              ],
              [
                113.967345,
                36.483843
              ],
              [
                113.952899199219,
                36.4582900214844
              ],
              [
                113.892899199219,
                36.3832692695312
              ],
              [
                113.901790800781,
                36.3682900214844
              ],
              [
                113.962899199219,
                36.3593959785156
              ],
              [
                113.967345,
                36.3538430000001
              ],
              [
                113.967345,
                36.3438430000001
              ]
            ]
          ]
        ]
      }
    },
    {
      "type": "Feature",
      "properties": {
        "name": "魏县"
      },
      "geometry": {
        "type": "MultiPolygon",
        "coordinates": [
          [
            [
              [
                115.01298953125,
                36.3894863105469
              ],
              [
                115.05170046875,
                36.3381996894531
              ],
              [
                115.07093875,
                36.3233498359376
              ],
              [
                115.073824492188,
                36.303843
              ],
              [
                115.070494414063,
                36.2813124824219
              ],
              [
                115.084088164063,
                36.2168837714844
              ],
              [
                115.111832304688,
                36.2209841132813
              ],
              [
                115.117345,
                36.213843
              ],
              [
                115.090406523438,
                36.1736733222657
              ],
              [
                115.061676054688,
                36.1801137519532
              ],
              [
                115.05326296875,
                36.1679274726563
              ],
              [
                115.04107546875,
                36.1595131660156
              ],
              [
                115.045377226563,
                36.1403127265625
              ],
              [
                115.03013796875,
                36.0995790839844
              ],
              [
                115.007345,
                36.0838430000001
              ],
              [
                114.980264921875,
                36.0659474921876
              ],
              [
                114.962022734375,
                36.0700356269532
              ],
              [
                114.927345,
                36.053843
              ],
              [
                114.905972929688,
                36.0442690253907
              ],
              [
                114.9241809375,
                36.0996303535157
              ],
              [
                114.8995325,
                36.1148171210938
              ],
              [
                114.907203398438,
                36.1394435859375
              ],
              [
                114.855855742188,
                36.1476552558594
              ],
              [
                114.843150664063,
                36.1270351386719
              ],
              [
                114.832345,
                36.1304006171875
              ],
              [
                114.817345,
                36.1257277656251
              ],
              [
                114.78443484375,
                36.1359792304688
              ],
              [
                114.757345,
                36.1238430000001
              ],
              [
                114.737345,
                36.1538430000001
              ],
              [
                114.765225859375,
                36.1609975410157
              ],
              [
                114.761221953125,
                36.178843
              ],
              [
                114.765235625,
                36.1967287421875
              ],
              [
                114.75142703125,
                36.2179274726563
              ],
              [
                114.74326296875,
                36.2397585273438
              ],
              [
                114.72896609375,
                36.2617092109376
              ],
              [
                114.74142703125,
                36.2797585273438
              ],
              [
                114.747345,
                36.283843
              ],
              [
                114.757345,
                36.283843
              ],
              [
                114.757345,
                36.303843
              ],
              [
                114.773531523438,
                36.3076552558594
              ],
              [
                114.781158476563,
                36.3200307441407
              ],
              [
                114.807135039063,
                36.3288832832032
              ],
              [
                114.821158476563,
                36.3700307441407
              ],
              [
                114.827345,
                36.373843
              ],
              [
                114.85033328125,
                36.3841408515625
              ],
              [
                114.895636015625,
                36.3700307441407
              ],
              [
                114.907642851563,
                36.3968325019531
              ],
              [
                114.90041140625,
                36.4200502753907
              ],
              [
                114.963131132813,
                36.4406801582032
              ],
              [
                114.967345,
                36.433843
              ],
              [
                114.98170046875,
                36.4081996894531
              ],
              [
                115.01298953125,
                36.3894863105469
              ]
            ]
          ]
        ]
      }
    },
    {
      "type": "Feature",
      "properties": {
        "name": "武安市"
      },
      "geometry": {
        "type": "MultiPolygon",
        "coordinates": [
          [
            [
              [
                113.867345,
                37.023843
              ],
              [
                113.88740359375,
                36.9996950507813
              ],
              [
                113.922806425781,
                36.9893056464844
              ],
              [
                113.936419707031,
                36.9729177070313
              ],
              [
                113.968524199219,
                36.9462502265625
              ],
              [
                113.996651640625,
                36.900649640625
              ],
              [
                114.022806425781,
                36.8893056464844
              ],
              [
                114.034295683594,
                36.875473859375
              ],
              [
                114.072779570313,
                36.8793971992188
              ],
              [
                114.084522734375,
                36.8393813300782
              ],
              [
                114.187345,
                36.8498622871094
              ],
              [
                114.221173125,
                36.8464138007813
              ],
              [
                114.232735625,
                36.8603322578126
              ],
              [
                114.252345,
                36.8583339667969
              ],
              [
                114.262667265625,
                36.8593849921875
              ],
              [
                114.289285917969,
                36.8441408515625
              ],
              [
                114.302103300781,
                36.8595705390625
              ],
              [
                114.3322278125,
                36.8482509589844
              ],
              [
                114.357345,
                36.853843
              ],
              [
                114.365811796875,
                36.8173036933594
              ],
              [
                114.36156375,
                36.7885512519531
              ],
              [
                114.375440703125,
                36.7532485175781
              ],
              [
                114.337345,
                36.723843
              ],
              [
                114.321370878906,
                36.7157619453125
              ],
              [
                114.313985625,
                36.657202375
              ],
              [
                114.299420195313,
                36.6498329902344
              ],
              [
                114.304976835938,
                36.6384511542969
              ],
              [
                114.286031523438,
                36.6146010566406
              ],
              [
                114.271522246094,
                36.6216872382813
              ],
              [
                114.263985625,
                36.6106008125
              ],
              [
                114.29062625,
                36.59712425
              ],
              [
                114.297345,
                36.5838430000001
              ],
              [
                114.277484160156,
                36.5737953925782
              ],
              [
                114.285269804688,
                36.5578530097657
              ],
              [
                114.277345,
                36.553843
              ],
              [
                114.26216921875,
                36.5476064277344
              ],
              [
                114.237345,
                36.5633657050782
              ],
              [
                114.213170195313,
                36.5480178046875
              ],
              [
                114.170423613281,
                36.5396681953125
              ],
              [
                114.122034941406,
                36.5703884101563
              ],
              [
                114.107345,
                36.5498903632813
              ],
              [
                114.093170195313,
                36.5696681953125
              ],
              [
                114.075592070313,
                36.5780178046875
              ],
              [
                114.083455839844,
                36.5382228828125
              ],
              [
                114.065694609375,
                36.5254933906251
              ],
              [
                114.057345,
                36.513843
              ],
              [
                114.043260527344,
                36.5079274726562
              ],
              [
                113.991429472656,
                36.4997585273438
              ],
              [
                113.967345,
                36.483843
              ],
              [
                113.95197390625,
                36.4884706855469
              ],
              [
                113.931419707031,
                36.5123281074219
              ],
              [
                113.933553496094,
                36.5388747382813
              ],
              [
                113.909947539063,
                36.5484706855469
              ],
              [
                113.887191191406,
                36.5220583320313
              ],
              [
                113.871170683594,
                36.5092153144532
              ],
              [
                113.876529570313,
                36.5759291816407
              ],
              [
                113.852843046875,
                36.5963368964844
              ],
              [
                113.893917265625,
                36.6542690253907
              ],
              [
                113.891942167969,
                36.678843
              ],
              [
                113.893492460938,
                36.6981215644532
              ],
              [
                113.871920195313,
                36.7285463691406
              ],
              [
                113.872772246094,
                36.7391664863282
              ],
              [
                113.86197390625,
                36.7484706855469
              ],
              [
                113.835257597656,
                36.7794789863282
              ],
              [
                113.822345,
                36.7784413886719
              ],
              [
                113.773079863281,
                36.7824001289063
              ],
              [
                113.762418242188,
                36.8408571601562
              ],
              [
                113.747345,
                36.853843
              ],
              [
                113.751429472656,
                36.8597585273437
              ],
              [
                113.7867590625,
                36.8841518378907
              ],
              [
                113.777135039063,
                36.9270839667969
              ],
              [
                113.757191191406,
                36.9408534980469
              ],
              [
                113.76490359375,
                36.9752529121094
              ],
              [
                113.783260527344,
                36.9879274726563
              ],
              [
                113.787345,
                36.9938430000001
              ],
              [
                113.814427519531,
                37.0117385078126
              ],
              [
                113.832667265625,
                37.0076503730469
              ],
              [
                113.867345,
                37.023843
              ]
            ]
          ]
        ]
      }
    },
    {
      "type": "Feature",
      "properties": {
        "name": "永年县"
      },
      "geometry": {
        "type": "MultiPolygon",
        "coordinates": [
          [
            [
              [
                114.742628203125,
                36.8591237617188
              ],
              [
                114.770269804688,
                36.7988967109376
              ],
              [
                114.844893828125,
                36.7849684882813
              ],
              [
                114.867906523438,
                36.7644057441407
              ],
              [
                114.877345,
                36.753843
              ],
              [
                114.867345,
                36.753843
              ],
              [
                114.867345,
                36.743843
              ],
              [
                114.86142703125,
                36.7397585273438
              ],
              [
                114.85326296875,
                36.6979274726562
              ],
              [
                114.837345,
                36.673843
              ],
              [
                114.832896757813,
                36.6682900214844
              ],
              [
                114.801793242188,
                36.6593959785157
              ],
              [
                114.74763796875,
                36.6275624824219
              ],
              [
                114.725440703125,
                36.6303237128906
              ],
              [
                114.711666289063,
                36.6192958808594
              ],
              [
                114.713023710938,
                36.6083901191407
              ],
              [
                114.701793242188,
                36.5993959785157
              ],
              [
                114.692799101563,
                36.5881642890625
              ],
              [
                114.663702421875,
                36.5917836738281
              ],
              [
                114.652896757813,
                36.5782900214844
              ],
              [
                114.637345,
                36.5738430000001
              ],
              [
                114.630045195313,
                36.6182802558594
              ],
              [
                114.633082304688,
                36.638843
              ],
              [
                114.631607695313,
                36.648843
              ],
              [
                114.635811796875,
                36.6773073554688
              ],
              [
                114.594761992188,
                36.7089931464844
              ],
              [
                114.544810820313,
                36.7229018378907
              ],
              [
                114.497345,
                36.7158876777344
              ],
              [
                114.453883085938,
                36.7223110175782
              ],
              [
                114.442857695313,
                36.7080287910157
              ],
              [
                114.432345,
                36.7095815253906
              ],
              [
                114.412345,
                36.7066262031251
              ],
              [
                114.387345,
                36.7103212714844
              ],
              [
                114.342938261719,
                36.7037587714844
              ],
              [
                114.337345,
                36.723843
              ],
              [
                114.375440703125,
                36.7532485175781
              ],
              [
                114.36156375,
                36.7885512519531
              ],
              [
                114.365811796875,
                36.8173036933594
              ],
              [
                114.357345,
                36.853843
              ],
              [
                114.372742949219,
                36.8597621894531
              ],
              [
                114.381846953125,
                36.83815940625
              ],
              [
                114.402345,
                36.840708234375
              ],
              [
                114.422345,
                36.8382216621094
              ],
              [
                114.447345,
                36.8413307929688
              ],
              [
                114.54103640625,
                36.8296767402344
              ],
              [
                114.553765898438,
                36.8885158515626
              ],
              [
                114.645084257813,
                36.8985292792969
              ],
              [
                114.657345,
                36.913843
              ],
              [
                114.69326296875,
                36.9179274726563
              ],
              [
                114.723912382813,
                36.93788596875
              ],
              [
                114.757345,
                36.9238430000001
              ],
              [
                114.764303007813,
                36.8912783027344
              ],
              [
                114.703428984375,
                36.877114484375
              ],
              [
                114.742628203125,
                36.8591237617188
              ]
            ]
          ]
        ]
      }
    }
  ]
}