{"type":"FeatureCollection","features":[{"type":"Feature","id":"440604","properties":{"name":"禅城区","cp":[113.062414,22.999643],"childNum":1},"geometry":{"type":"Polygon","coordinates":["@@ACACAE@GAAA@CBGDG@GBE@CAGCEECCEECAC@@@KA@@@@@@A@OCG@GBEFCBE@A@@@@@S@QFE@M@OAG@@AC@CA@AAA@@@@ABA@@CA@B@BA@@AA@@AA@A@@@@@AB@B@@A@A@@@@A@@@@A@@BA@@B@AB@@B@@@@@@@@CA@@@BAAA@@@@AABA@BB@@AB@@AB@B@@@@@D@@@@A@A@@@A@@@@@@B@@A@A@@@@@AB@@@BA@@@@@A@@BAB@B@B@@B@B@@@@BB@@@AB@@@@@AABAAA@@BA@@@@@AA@AA@@A@@A@A@@@@@@@@BA@A@@FM@@A@@@@@@@@AC@@@AA@@@@@AA@E@@@A@BBA@@@@@AAA@BA@A@@A@ABC@A@AB@@@@C@AA@@@AA@@@@@@@@@@@@@@@@@A@AA@@@@@A@@@@@@@A@@@@@AA@AAA@@A@ABCM@@@@@@@Q@I@GFIFCHGJGLELALABEPINGJOFCFBLLPBDDPCN@L@ZLGJ@FFBBJDP@JAPCDEDJDDBD@@B@D@FAJAD@DDBBDDBDBD@FAH@BBBB@BBD@H@J@H@FAPA@B@@B@B@@J@@@@F@DAD@@@B@@@@@B@BBD@B@B@B@H@@@@@D@DF@B@@@@@@BD@@@@@B@@B@D@@@BA@@@@HAJDB@@@@A@@@@B@@CBCBCBCBE@A@@@@@@@CDCB@@@@@@@@@@@B@BBD@B@DADABABABAAA@@@ACAA@@@@@AA@@AA@@@A@@BA@@BA@@BAB@@AB@@ABA@@@CBC@A@@@AB@@@B@BAB@DABADA@@B@DBDDBBB@BABAAACCAAAA@CAEC@A@I@@@CAAACCBCDAD@B@BEBCDA@@@@BA@AAAB@BCB@B@BB@@DB@@BB@@@@@@@@@@@@@@@@@@@@@BB@@@@@@@@@@A@@@@@@B@@@@A@@BADBFAFBBC"],"encodeOffsets":[[115885,23547]]}},{"type":"Feature","id":"440606","properties":{"name":"顺德区","cp":[113.281826,22.75851],"childNum":1},"geometry":{"type":"Polygon","coordinates":["@@AAC@C@C@AAAC@EDGFAfYBA@CA@CABGDGIEBEA@@CHBBEDC@ABABAJ@@WBI@CBCDCHCLCLAFCHGB@BBF@@@DBB@B@@ABEFB@BB@FB@DBBF@LDD@BABAB@B@@@D@DBB@B@BAD@DCDAFCBCBABABAFADA@@@AAC@@CAAAAAIIA@CCA@EAAAAAABCDCACAAAEAGACBA@@C@@BIDIDIDEBAGGCGAAA@AAC@A@AAA@A@AACAA@AAA@@AA@@@@@A@@AA@AAAA@@AAA@AAA@AAA@AAA@A@@AAA@AAA@@@A@A@A@@@@BC@AQEOAMAIAIBIDM@EAGEEGGIIACDEFELGJKHKBCACAEEAMEKGKIQAAIKOOIA@G@A@@@A@CCCAAEG@EBCBC@@C@CAC@EAA@C@A@ABCDC@ABABC@CDCDADAAFE@C@@ABABA@@AA@AB@@@ECA@A@@@@A@C@@A@@A@@@@@@@CBACAACDIHCA@@EHC@IHA@EDOFABC@CB@@IDA@@BA@CDAB@@A@@BA@@@AB@BC@CAA@ECA@E@EDEFKPENIx@DEZGdILGNIP@DBJDL@@B@@@@@@DB@BBEJAB@B@@@@@@@@A@GB@@@@A@@@C@@@A@CB@@KLC@BB@@BBBB@@ABA@@@@@@@@@@B@@B@@@BB@@@@@@A@A@@@A@AB@@@@ABAAA@A@CAA@@DABA@@B@B@@@BA@@AAB@@@@A@@@AA@@CBABA@@@@@A@@@@@@@@@@@@@@@@@@@@@@B@@@@@@@@@@BB@@A@@@@@@@@@@@@@@@A@@@@B@@@@@@@@@@@@A@@B@@@@@@@B@@@B@@@B@@@@@BAAABB@@BAB@@@@@@@BA@C@A@AB@BA@@@@@@B@B@@@B@B@@@B@B@@@@@@@@@B@@A@@@@@AAAD@@@@@@@@@@@@AB@@@@@@@BA@@@@@@@@@A@@@@@@@@@@@@@@@@@@@@B@B@@@@A@@@@@BB@B@@@BA@AD@@B@@@@BA@BB@BBBBBB@B@@BB@@@@BBB@@BB@D@B@@C@CB@@BB@@B@@@@@BA@@D@B@@ABAD@BA@@DB@BB@BD@@@@D@BAB@B@@@@@@AB@@@@@B@@@BBD@@@@@@@B@@ADBD@@BB@BAB@BABB@@D@@@@B@@@@@@@BBB@@B@@BA@@B@@@@@BA@@@A@@@BBA@ABBBB@@B@@CD@@@@BF@@F@@@@@BB@BBBBBB@BB@@AB@@BB@@@@B@BB@DAB@@@B@@ABDBAB@@A@BBA@@BA@@AA@A@A@@BBBB@@BA@FD@@EDGD@@G@AD@B@BB@BBB@@B@@@@@B@@@@@@@B@@@@BBB@@@@@@@@@@@@@@@@@B@@B@@BBD@@@@@BAB@D@BAB@@@@BABB@BB@@@@B@AAB@@@F@B@@B@@@@BB@@D@@B@@@@@@B@@@EN@@@BAB@@@@@@@@@B@BB@@@BBB@@B@@@@AB@@BBABBB@@@@A@@B@@AA@@@@@A@AA@A@A@AB@@@B@@@@AB@@A@@B@@@@@B@BA@@@@@@@@B@@@B@B@@C@@@@@A@A@@BA@@BA@@AABBB@@@@BBAB@@B@@D@@@@@@A@@@BAA@@@AB@@@B@@B@@@@@@B@BA@A@@B@@@@@BBB@@BB@@ABA@B@@DB@BA@@@@BB@BDBD@@BH@PBN@F@RET@@@@@B@F@DAFEHAH@PDB@@@@@@@LB@@D@DBFFDDFFHDDBF@HAH@HCDAB@BB@HBFBDBDDCBABA@AD@D@@B@BD@@A@@BBBBB@@BFB@B@BBB@FDDDBFB@BB@BBFBFB@@FENAJDB@D@BAB@B@BA@@BA@A@A@A@A@ABA@A@C@A@@DAB@@AD@@AB@AA@@@AB@B@BEA@AB@@BCBA@@BC@A@@FBDCDBDBBCBAD@BAD@D@@C@EDEHEDCB@FAFCFEBAAGB@@@DDDBB@DCBA@@@@B@JCB@@ADAD@BCDCDCBABADEBCDG@@ECIAACAAAB@BA@CAAA@@@@@@A@@@@@@ABGBG@K@E@GBE@C"],"encodeOffsets":[[116005,23452]]}},{"type":"Feature","id":"440607","properties":{"name":"三水区","cp":[112.899414,23.16504],"childNum":1},"geometry":{"type":"Polygon","coordinates":["@@@G@GDCDCBABCDC@@BABA@@@A@A@@@CEAAACACAGAE@IBKBBE@C@@@@@A@IDI@@@@@@UAGFCBABABA@@BA@@BAB@@A@A@A@A@A@A@CAE@C@EAIAC@C@GBCBA@A@C@AB@DABAD@B@D@@ANEFGF@GBIIEA@@@@@IAMAMCEIJCHIAM@A@CEGEEAACACCAACGEGAACK@IAEHK@CEAC@AA@@@@AA@@@@@@@@@@@@AC@@@@GEGA@ACCAAAACAAAC@A@A@@FIBECCCEEBG@CFIDEDEBCBA@@FEDCFCDCBEC@CDCDAD@@@@A@A@@@@@A@C@A@C@EB@@E@C@C@C@C@C@CBAAA@A@A@@ACA@AA@DK@GEAAEIAKD@CDGHIDGFMDK@@@@@@AMEQDKB@@CAA@CAA@AA@@AAAHMDIHGBMAEAC@KFGJ@HE@A@ADEN@@@@@F@BABAAG@@BCB@@CA@@AAABAB@B@@AC@AADABABC@AEB@A@@DC@ACA@BE@A@AAA@@@D@B@@AD@@@AAC@@@AAB@BACABC@A@AA@CAAAC@CAA@@A@AB@@DB@@CAAAAADIE@FICUEANCLIRMRGJMLCDABABABA@AD@BAB@DADADAD@DCLEPKZIVAVBTGLEJGFEJGTCR@\\A^ALELQPKJGHAF@HBLAHAFCH@D@DBD@B@@@FA@@@A@C@CBC@AB@BBDBD@F@F@BDBD@BBD@BD@BA@A@@@AAAB@@@HABDBBBF@F@DBD@BAFA@AECCE@AFGBCAEBCDABBB@FBDBBBB@AB@BBD@BAD@B@D@BBDBB@BADFFDA@CBCB@BC@CAAFGBE@AAACAAC@EAE@AT@FZ@DBDNADAD@B@@@@@J@FDBBHHBBFBDHBDDA@D@DCC@DA@AF@@FB@DG@AC@BCDC@EDGDGBGGEE@B@B@BBDBBBDBD@@@@@@DBBDDBBDBBJDJJHD@LFLJHJRJHD@DDBFBFBLDVHPLZDVOFWAG`W\\SRODaF@@ECEC@@CA@CBGAIFE@ABAACECC@GBM@KFA@AB@B@D@D@B@F@H@H@F@B@BFHAJ@@DDJF@B@B@BBB@@@B@F@F@F@F@B@B@BBB@BB@BBBB@@BBB@BB@@BB@B@B@B@B@B@D@B@BABFLDHDJB@BBBFF@BBF@HDJBHDBDDD@H@B@BBBBBDJFFHC@BB@AF@J@H@JBFBJDJ@RBFABIHGFC@GBEB@JAF@FEFAHAHDPD@F@HCFBHDD@FAFBHDFDB@BB@@B@DBDA@CJABBB@BGBABBDCFCVOHE@DCDLJ@B@BAB@B@@FD@@FC@ALEBABCBA@ADA@AB@@@@AB@@A@@@AAA@C@AAAACAA@Ce]IS@GLE@@@ABA@C@C@ABCBCBCBCDCBCBC@ADCBAB@B@BADDDBBBF@DCDABAD@@BD@BADA@EBCACACAAACDABABBBFB@BABA@CAACACABEBAF@D@FAHCFEBADAHCBCDEFAF@FDFFBDBBA@@B@@AF@BDDDBF@D@@@@@@CBCAI@@ACA@@ECCCCA@A@CBCACA@GAEAEAC@EBEBAF@BDDDDDDDD@D@DDDFBFB@FBD@DDBABA@E@CKC@AA@@A@@@A@ABAB@@AB@@AB@@CBA@CBA@A@ABCBA@@BA@@D@BC@@@ADGD@BA@ABAB@BAAAA@A@A@A@@@A@@AAA@@@AA@@AA@@@AB@@A@@@@AAA@@@AA@CAA@@A@A@@@ABABCBA@A@@@A@@@@A@C@A@@AACA@@@BA@@B@B@@@@A@@@A@@@AC@CAAA@CBADAB@CCCA@@AADCB@B@@AB@@A@@BA@AB@@A@A@C@C@C@A@A@@@A@@BABAB@B@D@B@D@BBB@BAB@B@B@BAB@BAB@BA@@B@BB@@BBB@B@@@BAB@@A@E@CBCBA@CDAB@BFDBFBFFBFB@DFB@BBBBB@D@B@D@BABABABA@A@AIMECAEECCCCCACCG@@@@AEBAFEDAB@@D@@F@DADABC@CEAAC@EAGAC@E@E@AB@B@B@BCBEBA@AA@AADCHGFCF@BADCBC@EAIBAB@BC@CCAA@AGEGEE@CF@"],"encodeOffsets":[[115761,23809]]}},{"type":"Feature","id":"440605","properties":{"name":"南海区","cp":[113.075577,23.111562],"childNum":1},"geometry":{"type":"Polygon","coordinates":["@@VFJD@EJFBCBBBB@DA@@CA@@B@BB@DBD@BBDBB@@B@BADDBABA@BB@@D@BB@@C@@BA@C@@@B@BBB@F@@ADB@BCD@@@BFA@BADABCBBBD@@BA@A@ABBB@BB@@DA@AD@@BHABABE@@@@@M@CF@B@BGFI@EH@LBDBFANGHCJGNBB@BB@@BBB@DBB@DA@CLFRBN@@@@@@CLENCHGJCH@DLCJBBFFB@HCLB@@BDB@BB@B@B@BBDAD@D@D@D@D@F@@@FAD@B@D@B@@@@@B@B@@@@@BCDCDCD@AFCDEDCDEF@@ABADCFCFEJ@DAHFFDDFDJA@EB@B@D@BBDBBBBBDD@BHBHF@@@@BD@@@@@@@@@@@@BB@@@@BBD@FB@DGLBF@JDLBBFHDHBBDDDBBBFFFH@D@BBNGJIDFJNDNBJB@@@@B@JFAJ@HHEFEBM@@@C@ABCBA@CBAD@B@B@DAHAD@D@JBFBD@F@DBB@B@B@B@B@B@@@BA@AB@@AB@BABADAHEVB@@@@@@CJ@J@B@@@@@DAFLAJAF@HBDBDBBBFB@D@@@B@B@@ABAB@@CDADABCDCD@H@H@@BBB@BBB@DAB@D@@@B@@@B@B@D@B@BBBAD@BABAB@B@@AB@D@B@BBD@B@B@BBB@BB@D@B@B@DBB@DAD@BABADAB@BABAB@BAB@D@B@BADABABAD@@@B@@@B@@@BB@B@D@D@F@D@@BD@@@B@BBB@BBB@@B@@@@@@BB@@DBBBB@D@B@D@NAFHBD@@@B@BAB@B@BE@@BNPBE@@BAT@BDFNLMLGB@JAFEBABA@@@C@AA@@A@C@ABC@AB@BABAB@B@D@D@B@B@@AB@@@@CBA@C@ABAB@BAB@D@B@D@BADCBADE@CBEBE@EBE@CBA@C@AAE@EAEAC@EEA@A@ABE@@@@@@@@@@BGAMNKF@@@@@H@@ABCBAB@BCBADCDADABABCBABABC@@BCBCBC@CAC@A@C@A@A@CBE@ACE@ASG@@A@AAACCACCACCEAA@C@@@G@@@@@@@E@@@A@@@@@@@A@@@@@@DC@@@@FCB@@@D@@@B@@@@@B@@@@@B@@@@@@@@@@@B@@@@@@@H@@@@@@@B@@@@@D@@@D@@@B@@@@@@@F@@@@ABA@IAOAIACK@A@BC@C@@@A@@@@@@BE@@@ABC@@@A@@@@@@@@BC@@@@DO@@@@FAB@BBDBBA@@@A@@@C@A@@A@C@@A@@A@@AB@@A@@@A@@@@@@@@@@AA@A@@BA@@AA@@CAAA@@@A@@@@B@@@AA@A@@@@@@A@C@A@@@@@@@UBAACAEAEEEAC@E@A@@@@ADC@@@AAA@AAA@ABCDIDCFAFCF@JCHEHELKDAF@NAJAPBXBJ@NFAECE@CFOBO@ABADBB@BAAAAC@ACBA@ABIB@CBGBA@AEA@AAAAE@C@CBEBAJAB@BC@ACAAAA@AACC@C@C@C@AAEAA@AC@C@ABC@ABADCACACDEA@@@BAD@@ABAD@@BAB@AFA@A@@B@@BBA@@BC@@BA@CB@@@B@D@BAB@B@B@B@B@BAB@@ABA@A@ABC@A@ICMBEF@@EAEAAAA@@AEACACC@EAA@A@AEA@AA@AAAA@@@BC@@A@AC@C@@BABABCDADEAEBCAAB@@@B@@A@@@@@@@@B@@@@@@@@A@@A@@@@@@@@@@@@@@@@@@@@AA@@CA@@AAA@A@ADA@BB@BAB@@@@CBADAFA@C@CBADDDBBDB@@J@B@D@BF@DBBBBDDBBABABA@AACCCAA@@@CBABCBA@ABA@@@A@@B@@@BAD@D@@AB@BA@@BA@AB@@AB@@AB@@@B@@BB@@BB@@@@B@DB@B@@BBABABABCBCBA@C@AAA@@@@@@@@@@@A@CD@D@@@@@@@BAFADADAD@DA@@@@@@B@@A@ICGB@@@@AB@@C@A@@@@A@@@@AC@@@@@@@ACEC@@@@@G@A@A@A@C@AAA@@@@@A@@@C@CBE@@@@@@IA@A@@@@AOBEBG@I@G@C@AAA@AA@ABG@EACACCCAACCC@IBEBC@A@@@ACCCCICFODIBO@ICAAEEI@KH@Y@KDMCOACKOAKDEPEHIJMFOBABKFKHKHIDGJEHEJ@R@@@@@@@N@H@@@HCFC@@ECB@@AA@AA@AB@B@B@@BB@@AB@AAB@@@BACABA@@@A@@BA@CAAA@@@@@AA@@BA@@AAA@AAAA@AAA@@@@E@@@AE@@@@DC@@@AA@AABAB@AA@@B@@@B@@A@@@@@AB@@AA@@@AA@A@@@@@@@A@@C@@@AAABA@ABA@@AC@CA@BA@@@@@@@C@AA@@A@@@@@A@@B@@@@A@A@ABC@@@@@ACA@@ACA@@ABC@AB@BA@C@@@AB@@@@A@@@AA@@DAD@@@@A@CAA@@AA@A@@A@@AA@A@AAAA@AAAB@@A@@A@@@BCB@@A@@@AAA@@@@B@@@@@@A@A@@@@@@@@@@@@@@@@@@B@@@@@@@@@B@@A@@@@@@BA@@@@@@@@@@@@BCBB@@@@B@@@@A@@@@@@@@@A@A@@@A@A@@@A@A@@@@B@@ABAB@D@B@@A@@@@@@BA@AA@BABB@A@@@@@A@@@A@@@A@@@@@@@AB@@@@@@@@@@@@@@A@@B@@@@@@@@@@@@@@@B@@@AA@@@@@@@@@@@A@@@@@@@@@@@@@@@@@@@@B@@@@@B@BADA@@BB@@B@@@@@BA@BB@@A@@@A@AB@BA@CB@DBB@B@BBBA@@@@BAB@@@B@B@@@@@@@AA@@A@@@@A@@@@@@@@B@BA@@AAAA@@AAD@LK@@DAB@@@D@@@B@@@@@HAB@@@@@@@@@@ABAFIAAA@@C@@@@A@@@CKAI@CEFGFKHK@OEICGA@@A@@@@@@@A@S@W@MAOAQFIJCFQ`KHaVUTOJICG@@@AA@@A@E@@@AA@@@@A@@A@@@B@@A@@@@B@@A@@A@AB@@A@A@@@@B@@AAAA@@@@@@AAA@@A@A@@@@AA@@@@A@AA@@@@@@@@AA@@B@@@A@@A@@A@@A@@B@@BB@@@B@@@B@@B@@B@@B@A@@BA@AA@BB@@B@@@@A@A@AAAA@@CD@AA@@@AACB@@@@@B@BA@@@A@@@ABAAA@AA@@@@A@@DB@@B@B@@@B@@@@ACA@AA@@CA@@A@ACAA@@A@AB@@@D@@A@@A@A@@@A@ACC@@@A@A@A@A@@A@AA@@@@@CA@@@A@C@CAEAAB@@AB@BA@@@A@@@@B@@ADC@A@ABAA@@@@@@ECA@CB@@AB@BCD@BC@ABDJAB@BBBD@HDFDFFJPHF@@BDCD@BDB@@@D@BDB@D@BFBDBBB@@B@B@DCFCFCB@B@B@B@D@F@HAHAHCDCJE@ABCBGBABADCDCDABAB@JFKPAJCN@@@@@@@@@@@@CR]`OPGFEDGJGJCJABETB^"],"encodeOffsets":[[115580,23507]]}},{"type":"Feature","id":"440608","properties":{"name":"高明区","cp":[112.882123,22.893855],"childNum":2},"geometry":{"type":"MultiPolygon","coordinates":[["@@AAAABA@AB@B@B@BCBAB@@A@C@@@A@A@A@AB@BA@C@A@A@@@C@@@@@A@@@C@A@C@A@@EAA@@@C@@@EBAB@@AA@ACCCAAA@@AA@@A@AACBE@CA@@C@C@A@C@@@A@A@@@@AB@@A@@@@@@A@@@@@@@@@@@@@A@CCB@@A@@@C@AAAECA@@AB@BC@AB@B@@@DABADADA@@@C@A@@@A@C@@A@CA@@AA@@@A@AA@@@@CBAB@@AA@@A@A@@@A@A@AAA@@A@@@AAA@A@@@@BA@C@AA@@@A@@@AACA@AA@@AC@AAA@@AA@@AA@A@@B@B@B@B@@AFA@@@@BA@A@A@@A@@AAA@AAA@A@@BA@@@A@C@A@A@@CA@@@C@A@C@AB@@A@AA@A@@A@@AAA@AA@@@A@@@AEA@BC@A@@ACAABCAA@@@ICAAC@AB@@AA@AAAA@CA@A@@@AAAAA@A@A@AA@@@AAAAAC@@A@AA@@@A@@@AA@CAC@EA@@@AAAAAAAA@A@@@@@@A@@@A@AC@CA@@@B@@@BC@A@AB@@CB@@CBA@@@@A@@@@AAAAA@@A@CA@A@ABA@@@@@A@@@@@@@@@@@@BABABAB@B@B@@@@CBA@@@ACAAAA@@AA@@@@@B@@@@@BA@@B@@@B@@A@EA@AA@@@@A@@@ACAA@@AA@@@CB@B@@@@@BAB@@A@AB@@ADB@@B@B@BA@@@CB@BBBABAB@@@B@B@B@@@BAAA@A@C@A@@@@CBAAC@A@ACAAABCA@@AAAAAAA@@ABA@BB@@@DA@@BA@@DABA@BB@@@@B@@@@@BA@B@@AB@@@@A@A@@@BBB@B@@@B@@A@@@@@AB@BB@@ABC@A@ABB@@@BBB@B@@AB@@@BB@BC@A@@@@BBB@B@@@@B@BB@@@@@B@@B@@@@@@@A@A@@@AA@@@@C@@@@@AB@@AAA@AB@@@A@@D@BA@@C@A@A@A@@B@B@B@B@BB@@D@@DBB@@@@A@@@AA@@@@@BA@B@AB@@A@@@AB@@@@@@@@@@@@@@@BBBBB@@A@@@@BAD@@B@B@@B@B@@@BBB@@@@BB@B@@@BB@BA@@DB@B@@BBBB@@B@@@B@BAB@B@B@@CAEACA@@@@@@@@@@AB@@@B@@A@AD@@A@@B@@B@BB@@@B@@C@@@@@@A@@@AABA@@@@@@@@@@@B@@@@DDB@B@@@AB@@@@C@@@@BB@BBD@@@@B@@DB@DA@@@BB@@B@B@B@@@BAD@B@B@@@@@@@@@@@@@@@@@@@@@@@@@@@@@@A@@@@@@@@@@@@@@@@@@@@@@@@@@@@@@@@@@@@B@@@@@@@@@@@@@@@@@@@@@@@@@@@@@@@@@@@@@@@@@@@@@@@@@@@@@@@@@B@@@@@@@@@@@@@@@@@@@@A@ABA@@D@@@@@@@@@@@@@@@@@@@@@@@@@@@@@B@@@@@@@@@@@@@@@@@@@@@@@@@@@@@@@@@@@@@@@@@@BB@@@@@@@@@@@@@@@@@@@@@@@@@@@B@@@@@@@@@@@@@@@@@@@@@@@@@@@@@@@@@@@@@@@@@@@@@B@@@@@@@@A@@@@@@@@@@@@@@@@@@@@@@@@@@@@@@@CB@@@@@@@@@@@@@@@@@@@@@@@@A@@@@@@@@@@@@@@@@@@@@@@@@@@@@@A@@@@@@@@@@@@@@@@@@@@@@@@@@B@@@@@@@@@@A@@@@@@@@@@@@@@@@@@@@@@@@@@@@@@@@@@@@@@@@@@@@@@@@@@@A@@@@@@@@@@B@@@@@@@@@@@@@@@@@@@@@@@@@@AAA@@@@AA@@@@@@@@@@@@@@@@@@@@@@@@@@@@A@@A@@@@@A@@@@@A@@@@@@@@B@@@@B@@@@B@@@@@BA@@B@@@@@@A@@@@A@@@@@@@A@@@@@@@@@C@@@@@@@@@@@@@@@@@@@@@@@@@@@@A@@@@@@@@@@@@@@@@@@@@@@@@@@@@@@@@@@@@@@@@@@@@@@@@@@@@@AA@@@@@A@@@@@@@@@@@@@@@@@@@@@@@@@@@@@@@@@@@@@@@@@@@@B@@@@@@@@@@@@@@@@@@@@@@@@@@@@@@@@@@@@@@@@@@@@@@@@@@@@@@@@@@@@@@@@@@A@@@@@@@A@@@@@@@@@@@@@@@@@@@A@@@@@@@@@@@@@@@@@@@@@@@@@@@@@@@@@@@@@@@@@@@@@@@@@@@@@@@A@@@@@@@@@@@@@@@@@@@@@@@@@@@@@@@@@@@@@@@@@@@@@@@@@@@@@@@@@@@@A@@@@@@@@B@@@@@@@@@@@@@@@A@@@@@@@@@@@@@@@@A@@@@@@@@@@@@@@@@@@@@@@@@@@@@@@@@@@@@@@@@@@@@@@@@@@@@@@@AA@@AA@@@@@@@@@@@@@@@@@@@@@@@@@@@@@@@@A@@@@@@@@@A@@@@@@@@@@@@@@@@@@@@@@@@@@@@@@@A@@A@@@@@@A@@@@@@@@@@@@@@@@@@@@@@@@@@@@@@@@@@@@@@@A@@@@@@@@@@A@@@@BA@A@ADAB@BABC@CA@@@A@AA@AD@B@BB@@B@@@B@B@@@B@BA@@A@@A@@B@@@BBB@@@BA@@@@A@@@@@BCD@@A@@@AB@@A@@B@@B@@@@B@@AB@@CA@C@A@A@C@A@@A@@EAAD@BADCB@BA@ABA@CAA@@A@A@AA@A@@A@@A@@@A@@A@A@@B@BADABCBABA@@A@@@A@@ABAAA@CAC@@@@A@@@@@A@A@AA@@@@@B@@BB@B@@BBBB@@@B@@AAAA@AAAA@ABAB@D@@AA@@@@AB@@BBA@@@A@@A@@@BAB@BC@ABAB@@@CB@@@BAB@@ABC@@@AAAB@@@@@@B@@B@B@B@BA@@AA@AA@@@@@B@@@B@@@AA@@E@ABAAA@AAAB@@@@@B@BAB@B@@ABAA@@@@@D@@@D@B@BA@@BBDABA@AAA@A@CAAAC@@@AB@BA@EBA@@@@E@A@AA@@A@@AC@A@@AA@@@AAC@A@@@@A@@@C@@@ABC@A@ABA@A@@@AA@A@@@C@@AAA@@BCB@@A@AAAC@@A@@AAABC@@AA@@AC@@@A@@AA@@AB@@CB@DAD@B@@@BA@A@CAAB@@A@@AA@@AA@@@A@@@@@@@@@@@@@A@A@@@@A@@ABA@AAAAAAEAAAA@AA@@@@A@@@A@AA@@A@CAA@A@@A@@@ABA@@BABAB@@ADA@@D@@@B@BCD@BA@@@A@A@A@AAAAAA@@@ACAAA@A@AB@@@BA@@@E@AA@@EE@AAC@CAC@C@@@A@@@A@@AAB@BA@A@AAA@AAAA@@AAA@AA@AAA@C@@@A@ACAC@@C@@@AA@AA@A@EA@AAAA@@BA@@@ABCAC@CAAA@@AA@@@@A@AAAAAAA@@@AA@@@@@@@@@@@@A@@B@@ABA@ABA@C@CBAD@BB@BB@@@@@@@@CB@BBB@BB@@BBB@@@B@BBB@F@@AD@@AB@@@D@B@BA@@@@@@@@B@DDB@@@BADA@A@@@@@@B@BA@@@DD@@DABBDBD@BA@@BA@@@@@@@@@@@@@@@@FD@@@BB@BB@@@B@@@@B@DA@@DB@B@@AD@BBB@@BB@@BB@D@BDB@B@B@@@@A@A@@AAAA@AB@BA@AB@B@BABBB@BAB@@@@@CA@@@A@A@AD@@@@@BA@@@AB@B@B@@A@@BBB@@@@@BA@@@@@A@@@@BCBCF@BA@@@A@@@@@@B@B@BABA@@@@BABCDA@@@A@AAA@@@@BABCDGDA@C@@@@AAA@@A@AAA@@@A@CAA@A@@@@B@@A@@AAA@@A@A@@BABAD@@CBCBA@AA@AAAAAC@ABA@@AA@AAA@@A@AA@AAA@AA@AA@A@C@C@@AAACAA@@ABADABE@AAA@CAA@@CCCBE@C@CBABBDABC@AB@B@@A@AAA@A@AAA@CAAAA@E@ABA@A@@A@AC@AA@A@@BA@C@@AACA@A@A@ACA@CCCAA@ACC@AAA@C@C@ACCCACACCAAAC@CA@C@A@C@C@ABCBAAA@C@@BAFABABAB@FBBABA@C@A@@@AFBB@BCF@DBF@B@D@BBBDBB@B@B@BB@BBB@BABABBD@BC@A@@BBDA@ADAB@DABABA@E@@BABBB@B@D@B@DCB@D@DCFAHAHAHBDDDCF@D@DBBADABAF@DBDBBBDD@B@BCBAB@DBB@F@FDBBB@FB@@BDBBH@FBDBHDHBHFFBFBBDBDDBB@BADADBDBFAF@DCD@B@F@@BFDDBHBDBB@BAFBB@DFB@@DBFBD@D@BBBD@D@BBBBFBD@BF@BBDABABABAD@FBBBBD@BADC@@DADAB@FDDBDBDB@@B@BABCBA@CAA@A@@D@@BDC@A@@B@@@BA@@@A@A@@D@B@@BDBAD@B@@@DBBBB@ABAJBBB@@B@@@@@D@D@B@BB@@@B@@B@@AB@BBB@B@BBB@D@BABDD@BFDDBABABAB@@@BF@B@B@BB@BABAB@BFAB@D@@@BB@B@@D@D@@BBADA@CDABAB@BA@A@AA@BED@BAD@D@DA@@@AAA@@BAB@DB@BBB@ABABABDD@FDBHCHEFCNEJ@FAFDBB@D@DHBBAB@DADDBD@BBABCB@DB@DDDJD@ABC@CHBDBDBPB@@BB@@@@B@@@@@@@@@AFHFFDBADBFBF@HBBBD@BAD@F@BB@FD@DAHBDDD@FDB@@@BD@@BBA@ABA@@BB@@B@@BDB@B@B@@@@B@@B@@A@ABABADA@AAAB@@@@@@@@BBBBBB@@@B@@AB@@@@BBB@@B@BB@@AB@@AB@@@BCBCDA@B@@@B@@@B@BD@BADA@@B@@@B@@FA@@@@@AB@@@@@BBB@@@@BB@@@D@@@@@@@@B@B@B@@CBA@A@AD@BADABABA@@@@@BB@BB@@@DA@A@A@@BC@A@@@F@@@@DABA@A@B@@@@ED@B@@B@@@@@D@@@@@@@A@@B@@@@B@B@B@@@@A@@FC@@@B@@CBAB@B@@@@D@B@BA@@@@@@@@AB@@ABC@@@ABDB@@B@BA@@@@@@@BA@@@AB@@@B@@BB@AB@@@BD@@@@A@@@@@@A@@@@@@@@@@A@AB@@ACB@AA@@@A@@AB@B@@@@@A@A@A@AA@@AA@@B@BAB@@@ABAAAA@CBABB@BBBDBBBA@BC@@B@@C@@AB@@@@AAAAAA@A@@BB@@B@@AAAA@A@AE@CDABAB@@@BADCD@B@DABC@AA@@@@@@@@A@@BB@B@@BCB@@@@B@@@BABDD@DAB@B@@F@BBB@A@A@CFFDDB@FADBB@FAFBBEB@BADABA@CAAAE@A@@@@DEDEB@@A@ABAD@BD@BDBB@@BD@B@B@B@BBDHB@D@DAB@B@DDBDB@@B@B@BDFBFAFDDFDBDBFAB@DG@C@@BBD@DCFCB@BDD@F@F@BDBBDFBFBDB@FD@H@@ABEDC@ABAB@BBBEBCD@D@@B@DB@BBDDBDFF@DBD@@FBBAB@@D@BF@B@@@B@HB@@@@B@@@@@@@A@@@@BA@@@@@A@@@@@@@@A@@@@A@@@@@@@@@@@@B@@@@@@@@@@@@@@BB@@@@@@@@@A@@@@@@@@B@@@B@B@B@@@@@BB@@@@@@@@@@@B@@@@@@A@@@@@@BB@@A@@@@@@@AB@@@@@@@@@@@@@@@@B@@@B@@BB@A@@@@@@@@@@@A@@@@@@@@B@@@@@@@@@@B@@@@@@B@@@BA@@@@@@@@@@@@@@@@B@@@@A@@A@@@@@@@@A@@@@@@B@@@@@A@@@@@@@@@@@@@@@@@@@@@A@@A@@@@@@@@A@@@@@@@@@@@@B@@@@@@@@@@@@A@@@@@@@@@@@A@@@@@@@@@@@@@A@@@@@@@@@@@@@@@@@@@@A@@@@@@@@@@@@@CACBCFAF@BBDD@@@BDBDBB@BBDBDDBBDDDBDDDBFDDBDBFBDBFBHB@CBCBCBC@CBA@ABCB@BABABADCNKHINQJQDKBMA]FSBADIHIHIFCHEPO^_DQ@@@@@@@@@@@@DMBILOIEA@ABCBCDCDABABAHAD@BIFCDGDGBGBE@C@A@A@A@A@EDEDCDA@A@@@AACAEA@A@CCA@A@C@@CA@ADCAC@@GEIOEEECGCC@AA@ABACIBAD@@ADC@ABA@@DA"],["@@@@@@@@@B@@@@@@A@@B@A@@A@@@@@@@@AB@@@@@@@@@A@@@@@@@@@@@@@@@@@@B@B@@@@@@@@@@@B@@@@@@B@@@BA@@@A@@@@B@@@@@@@AA"]],"encodeOffsets":[[[115555,23386]],[[115497,23554]]]}}],"UTF8Encoding":true}