{"type":"FeatureCollection","features":[{"type":"Feature","id":"441523","properties":{"name":"陆河县","cp":[115.657565,23.302682],"childNum":1},"geometry":{"type":"Polygon","coordinates":["@@@@@DABADAB@D@B@BDBDDBBBDADAFAJAHAD@BBDBBBBDBBBDD@B@D@DAF@B@D@DBFAB@@ADAB@B@B@BBBBFDFBBDDFF@F@DCDCFCBCBE@A@ABAB@BAB@DCDCBCBC@CBCBA@A@C@C@C@ABC@ABEAA@I@EAC@A@CAAACAEAAAA@A@ABCFAFABADCBE@CDCD@@A@ADA@A@CB@FA@A@@@@BB@@BAB@D@@@BABC@A@A@@AA@ADAF@FBBB@@B@DBBDBBBBB@BA@@BDDBBDB@DBBB@BBBB@BCF@BA@AAC@AB@B@BBBFBBB@@F@HDD@BAB@H@BAB@B@BBB@DBDBDBDDBBBBBBABC@A@CD@@AB@B@@BBDFB@DDDB@FBDAFCBADBBF@BBDCD@D@LDF@PDB@JHB@D@DBDBB@ADC@CBCBE@EBC@@AAAC@E@ABAD@@ABC@CA@BDDDFBBABCB@B@BC@BDBBBB@BAD@D@@AD@FAF@D@FBBBFABAD@BABBB@BBDBBDBFDD@D@D@FBBAB@D@BAD@DBB@B@@@B@DBBBD@DB@B@FFDDDBDAF@FA@@D@B@@@FBDDBBB@D@BABA@ABABADABBD@@FBD@BBDBDH@BD@D@D@F@@B@D@D@DNJDBPDFAFAJAD@F@D@DBDBDBDDBHDDHDD@HDFB@BFFDHDHDBF@BB@DCB@D@BBDDB@@B@B@B@B@B@H@BC@ABABBBBBBBAD@BADEFEFG@GDGHEJCFAHCFCDCBIBIHILI\\MXKBA@AACAACEEAAACAAA@A@CBC@A@AAACC@A@CHCDCAACA@C@A@EDC@G@G@GBEDAHAJ@LDFDFD@LFHJBFB@@@@F@D@J@LAH@HFHJDDDAFAD@LDJFH@J@DBFBF@HADABCFEBCBC@CDEDADCDABEDCD@FIJIJEJKHKC@AAACAAAEACEAEAE@C@AC@C@CBC@CACCCCC@E@C@ABAAEAABEDE@CAC@AAABEFAF@HBJEJEFEHE@A@AAA@ABCDCDCDABC@AEAEAACAAECGCE@EAC@C@GBE@C@A@ECGAK@KBEACAEAE@EBCBEACACCCCECCCAG@EDGFIDCDEBCACACCC@E@E@E@C@CACA@@@CDCFEJCHEFCBCAAACCAECE@EBCDA@C@AECCCCCCCBA@ADADABCDAHCFCLEJEB@DABEFCFCFAJ@HBF@D@DA@@CGEGEI@IFEFEHIBIDEAG@CCECBABEBGJIJMHABMCIEKCE@IBMBC@A@AAE@CCICA@E@I@C@E@AAMCIDSBQFI@G@E@C@CDGHKDEDEBODCBABEFCFA@C@ABCASMIEAB@F@FBF@HC@A@C@E@C@ACCEEEACCAAC@ABC@E@C@@CAAA@C@C@AAAA@CCA@ABA@A@C@E@ABCBEDA@C@A@ABCBEAA@@A@@A@IHKHEBCACAIMIGI@EFKBI@GAA@"],"encodeOffsets":[[118270,23679]]}},{"type":"Feature","id":"441581","properties":{"name":"陆丰市","cp":[115.644203,22.946104],"childNum":8},"geometry":{"type":"MultiPolygon","coordinates":[["@@CG@GAEBCFEHEFGFEF@B@B@BA@CCCCGAEBI@ADAFADAD@D@DBB@B@@C@EDADCD@BABBFCFEBAAAAA@@BABAB@BA@@CCACEC@@A@@@CA@AA@A@@@AA@@@CAA@ABA@CAEAACC@A@@AACBCD@@E@ABABABC@AB@@AA@@CC@@E@A@@AAAACBAACA@AA@DABAD@BCAAA@CBE@AJGFAFEFGDAFBFLBFFGDH@DFBB@@B@FB@FADA@EEKACGCCECGEG@A@@B@@AB@@CB@B@@A@A@AA@A@C@AA@@@AA@C@A@@ABA@A@AAA@A@AB@@@B@@@@ABAB@@AB@@@@ABA@A@ABAB@@C@C@AA@AC@A@AA@@ABABAB@A@E@C@A@@AAABAB@BA@A@@BAD@B@D@B@DBD@D@B@DB@AB@@A@CBCB@BCFABB@JBBDB@BCDD@BBBF@B@B@@BBBB@@CBBB@BD@F@B@@AAA@A@@@GGB@@@CBCB@@AAA@A@@DC@@AADEGECACBA@A@@@@CAA@B@BA@@CBCBCBADAB@B@B@BBBDB@DC@C@@@CCC@EDCFGBA@BHDFFDBBBF@FBFDBBDH@FBDD@D@DADC@AAA@CBABCBABAD@DBDDDDF@FADCD@D@BABC@A@ABAFCJGJEHAL@B@DAJCN@JCHGBGBE@EBAHAJAJCFGFCF@LBL@F@FFJHBDD@DCHADCBCAC@A@@BAD@DADAD@BAB@DAB@D@B@DBFAH@B@@D@@@B@BBB@@@BB@@BBB@@BB@@BB@B@@@@@B@BAB@@AB@B@@AB@B@BB@AFCDAB@B@DBDHDHHHJJDPFJBHAF@DCBABADAFAB@B@FBF@BBB@BA@@BABUUWCGCAECCACACAKQEKCCCCAAC@CAAACCEGGIACCAEAECCACACCEGCAACCAI@A@CCAAACEEECMCQCKGMKECCACAE@EBEBEBEFGLENEFCFEDEBMBO@K@ICMCaOQGEAG@K@EAEAIC[UUYECECEAC@E@A@ABCBCFCBCDA@C@I@EACAUMOKAAAAC@UBKAMAUKSQSWOSOMEGIGKEIAMBMDIFGFCJCRBRFl@PCPELEJKJ]ZONGFaHYBs@KBCBADCHANCHCDGBKBWBU@SCWGGTEDIB[@C@E@C@AACACAAAAAAAEE@CEIEMACAACCECEAI@CAQ@A@A@A@EDCBA@CBEFELGTCDEDGFEHENEHGHKHGDEDCFAB@D@B@BBDBD@B@BABADABED@@ABA@AACAAAA@C@C@C@C@ABADABAB@BAH@D@FBFBDDHFJBFFFDFFFDBFDDBBFDFBFDR@H@FAFBBFHDDFDDBFDBHADCFAJBFBJ@JAFCFBFBFBHFDBFBFBD@FBHFBH@DDBHAHAJEDGJGHCLEHAF@JBDHF@FADC@E@G@G@AAC@ABAB@DAB@BABABC@@B@DBF@BB@HBJ@LAFEJ@JHJNDBDBFALGJGB@@@@BB@FBDABAB@D@B@FCDABAF@D@B@B@BAB@DDB@BB@B@D@DBBDB@@@D@FAD@BBDDBBDFFDFBDD@F@D@B@D@@GAE@E@EBAJFTNDBBAD@B@DEFEBADAPCFAFCLCHGDCD@F@H@J@RETAJCNDBBF@D@J@F@B@JDDDF@BBB@D@NAJAF@LDJFNDBANGJIHIFABADADF@DBHCFAJGJEFEF@JFJFHDHDABEBEFEFGBCBCBEDCB@B@DEDAHAJAHCJCD@DBFAFAHCFC@E@GAC@CHIHGLEJADBBFFJHJBFFDHDLBHAJ@JBJFFFFFB@BADAFAFAFEFG@EBEBAD@D@DAB@"],["@@@@@@B@@@@@B@@@A@@A@@@@A@@B@@@@"],["@@@@BB@@@@B@@@@A@@@@@@AA@@@@@@AB@@A@@@@@@@B@@@@@"],["@@@B@@B@@@@@@@@A@@@@@@A@@@@@@@"],["@@@B@@@@@@BA@@@A@@@@A@@@@B"],["@@BB@@@@@@@A@@@@@@@@@@@A@@@@@@@@A@@B@@@@@@"],["@@@@@@@@@@B@@@@@@@@@@@@@@@A@@@"],["@@@@@@BB@@@A@@@@@@@@@@@@@@A@@@@@"]],"encodeOffsets":[[[118706,23666]],[[118691,23333]],[[118891,23360]],[[118896,23362]],[[118753,23339]],[[118614,23269]],[[118615,23269]],[[118615,23268]]]}},{"type":"Feature","id":"441502","properties":{"name":"城区","cp":[115.363667,22.776227],"childNum":13},"geometry":{"type":"MultiPolygon","coordinates":[["@@EOEIGKIGKKGEMGEEGKAE@EBCBCFCF@J@HBDBDBDBB@BABAD@BBB@BBD@BADCFEJEB@F@DDFDFDNHD@B@B@BABABAAC@GACBC@KAC@CACC@ACE@C@GAE@AACCKQGKMMIMEI@C@GBA@@BA@@B@BABCDCBAB@B@BALEDA@A@A@AAAAC@AA@CAC@@AAA@A@ABABA@ABA@A@AA@CGC@A@C@AB@@A@CJA@@@E@A@A@ABABAHAD@BA@CBC@C@CACAICA@E@EDGFABEBGDCBEBADCFCDABCBC@E@GAC@C@CBCBCBMLCBGDCBEDCDC@A@QCQAG@E@C@AAEAEEEGCAAAA@K@WBM@O@G@MCE@A@ABCTABC@CBCBE@EBA@ABADADADABEBGDEDCD@BAFAD@BEFCFAF@F@DBD@DBDDDBDBFAL@HCRAHAJCDCDIDMFODQ@Q@aAeEOA_@EACACACACBCBAD@F@LBJDJBF@BDFDDHBNHRHDBBDFDHFZVJLJZJJNHRDJFDHDBDD@FBH@J@PAFAF@BBBFBHDBBB@BHBDBBB@@@FEDC@@@@@@@@@@BA@ADABA@@DAB@@@@@BC@C@CBC@A@C@A@A@C@A@C@ABC@ABA@ABA@ABABADCD@BADAD@B@BABCBCBABC@ABCBABADADAD@F@B@D@D@DABABADADADAF@D@D@D@B@DBBDBBBDBB@DBBBBDBD@D@B@@CAC@C@A@C@CBABCBADABABAB@@AD@B@BAB@B@@@@AB@@A@ABABADE@ABC@CBC@@BABA@@B@@@BB@@B@@ADAB@@ABA@AB@B@@@BABABC@@@@@ADADB@@@@BABA@AB@D@DCBA@@@E@A@A@@@AFAB@@@@CB@@@B@@AD@B@BBD@B@BDDBJFB@B@D@DBBAB@@@B@DBFBBAFA@@BBD@@A@@ACA@@A@@B@DC@ABC@A@@B@DGBABAB@@@B@BB@BBBFBB@B@B@BBDDDDBDBBB@B@B@FBLDTBPAtC"],["@@@@@BBBBDDBB@B@D@BAB@@ABI@AA@@@@@CB@@@@EA@@@@AB@@@@C@ABA@@@@B"],["@@@@@@@BB@B@@BB@BB@B@@B@@@B@@A@@@@AE@@@C@AA@@@@AA@@@AB@@@@AB@@@@AB@@@@@B"],["@@@@@BB@@@B@@@@A@@@@@@@@@AA@A@@B@@@@"],["@@@@@BBBB@B@@@B@F@@AB@@AA@@AC@A@@@A@A@A@@@A@@B"],["@@B@@@B@@A@@@@@@A@A@@@@B@@"],["@@@@@B@@B@D@B@@@@A@@B@@@@AAAA@A@A@A@AB@@@B@@B@@@"],["@@@@@@@A@@@@@@@@@@@@@@A@@@BB"],["@@@@BA@@@@@@A@@@@A@@A@@@A@@@@@@B@@@@BBB@"],["@@A@@@@@@B@@B@@@@@@@@@B@@@@@@A@@@@@@@A@@@@@@AA@@@@A@@@@B@@B@@B@@"],["@@@@@@B@@B@@@A@@@@@@@@@@A@@@@@@@"],["@@@@@B@@@@@@@@@@@BB@@@@A@@@@@@@@@@B@@@@A@@@@A@AA@@@B@@@@@@"],["@@@@@B@@@@BB@@@@B@@@BAB@@A@A@@@@@A@@@@@@A@@@@@@@A@@@A@@@A@@@A@@AA@ABA@@@@@BB@@@@B@@@B@@B@@@@B@"]],"encodeOffsets":[[[118355,23353]],[[117951,23284]],[[118392,23248]],[[118350,23224]],[[118250,23170]],[[118399,23252]],[[118346,23193]],[[118318,23199]],[[118261,23179]],[[118258,23180]],[[118199,23210]],[[118201,23206]],[[118203,23201]]]}},{"type":"Feature","id":"441521","properties":{"name":"海丰县","cp":[115.337324,22.971042],"childNum":2},"geometry":{"type":"MultiPolygon","coordinates":[["@@DAB@B@BCB@@@DCDCF@DABCBABEDEBAB@B@BBFBDBBBDBB@D@FBJ@B@FBBAD@BAD@D@D@B@B@DADAD@DADADC@CBA@ABABAB@F@DADADEDC@C@EEECCAACEAEAA@A@A@ABABC@@BAAE@C@C@ABE@C@C@ACCAACAAAAAAC@ABCBGBIBEBCACAACCCA@A@A@CBABCBA@C@@@AAE@C@AD@BABA@ABA@CBABAD@BBH@H@F@D@BC@EGEAC@IBEFGDKHGHIFCBIBGAGCCG@EAAG@EACAEAEECAGAEAEDEBE@IAIAEBIDEBCAGECCAECCCEGAABE@E@GCQAECEAECAECCAEECEEEAEEICGACAE@E@CBG@ABABABCBAD@D@D@D@B@BBDBBBB@BA@@FCBABCBA@A@AACAC@A@A@CBADEFCHCLGHGFGFMFGHEFCDCHSFKFEDAB@DAFCB@B@B@R@DBJ@FBFDDDBBBDFNFJ@DFFBBBBBBDBDBBBD@F@D@\\@JAFCHS]OeSYUEEAEAQAWsDOBSAKCEAA@A@A@AAACCCCCAAA@A@A@EAAA@AAAA@@@A@ABABCHA@@@@BAD@BCDA@@@@BB@BD@@@BC@AA@@EBABEACAA@@@A@ABCAC@A@A@IECAACA@C@AAA@C@@BA@@@A@@D@@A@EB@B@@@B@B@F@@ABCDC@A@@BABAB@@@@CACB@B@@@@ADABAB@@A@A@@BAB@BA@CB@BA@@@AA@@A@@@ABAB@@AD@DAD@BCFABAB@B@BA@@B@@A@A@ABA@C@@BA@ABABCBABADAB@D@D@B@DBD@DA@C@C@CAAAAA@CAAACAAACCAA@C@C@C@E@CBCBCBABABCBC@C@A@E@C@CBCBABABAD@BADABADADABA@C@CBABC@CDABAB@BAB@BAB@BAD@B@D@B@D@B@B@D@BAD@D@DAD@@@@A@CB@@ABCB@BAB@@@@@@@@@@CDEF@@A@AAACAGA@AAGCEAAA@ABEBE@O@IAG@ECCCACGIEQCMGIIIYIKYUGEECCBIBOHOBQB_A[EKCEACGCQCK@CBCDADCHCDEBG@E@EACAAAACCE@E@I@E@CBABADAD@BCBIFEDABABCHCJAFADEBI@IAQAME[IMCSA]AI@SEKCECACCAACBI@E@AAAEC@@@A@@@A@@@CAC@@BC@C@@@A@@AA@A@@@A@E@A@AA@@AA@@@A@A@AB@@AA@@A@A@A@A@A@@A@@ACA@@@A@A@@@ABAB@@@@A@AAAAAAACA@ECAAACAE@@@A@C@A@AB@BABAREB@@AB@@A@C@A@A@@BADABA@@@A@A@@@AC@CA@AA@@A@AA@@AACAAC@A@A@CAAD@@@@@@@@@@@@@@@@@@@@@@@@@B@@@@@@@@@@@@@@@@@@@@@@@@@@@@@@@B@@@@@@@@@@@@@@@@@@@@@@@B@@@@@@@@@@@@@@@@@@@@@@@@@@B@@@@@@@@@@@@B@@@@@@@@@@@@@@@@@@@@@@@@@@@B@@@@@@@@@@@@@@@@@@@@@@@@@@@@AB@@@@@@@@@@@@@@@@@@@@@@@@A@@@@@@@@@@@@@@@@@@@@BA@@@@@@@@B@@@@@@@@B@@@A@@@@@@@@@@@@@@@@B@@@@@@@@@@@@@@@@@@@@@@@@@@@@@@@@A@@@@@@B@@@@@@@@@@@@@@@@@@@@@@@@@@@B@@@@@B@@BD@@@@@@@@@@@@@@@@@@@@@@@@@@@B@@@@A@@@@@@B@@@@A@@@@@@@@@@@@@@@@@@B@B@@@@@@@@@@AB@@@@@@@@@@@@@@@@A@@@@@@@@@@BAB@@@@A@@@@@@@@@@@@@@@A@@@@@@@@@@@@@@@@@@@@@@@@@@@@@@@A@@@@@@@@@@@A@ADEF@@@@@B@@@@@@@@@@@@@@@B@B@@@@@@@@@@@@@@@@@@@@@@@@@@@B@@@@@@@@@@@@@@@@@@@@@@@B@@@@@@@@@@@@@@@@@@BH@@@@@@B@@@@@@@@@@@@@@@@B@@@B@@@@@@@@@@@@@@@@@@@@@BA@@@@@@@@@@@@@@@@@AB@@@@A@@@@@@@@@A@@@@@@@@@@@@@@@@@@A@@@@@@@@@@@@@@@@@@@@@@A@@@@@@@@@@@@@@@@@@@@@@@@@@@AB@@@B@@@@@@@@@@@@@@@@AB@@@@@@@@@@@@@@@@@@@@@B@@@@@@@@@@@@A@@@@@@@@@@B@@@@@@@@@@@@@@@@@@@@@@@B@@@@@@@@@@@@@@@@A@@@@@@@@@@@@@@@@@@@@@@@@@A@@@@@@@@@@@@@@@@@A@@@@@@@@@@@@@@@@@A@@@@@@@@@@@@@@@@@@@@@A@@BA@@B@@AB@@@BCFAB@@BHBBBB@B@@AB@@@@@D@@@BBBDB@B@@@B@@BB@@@B@B@B@@@@@BA@MC@ACBC@@BAB@@CBA@AA@@A@CBABA@ABABCFCB@B@B@@@BBD@@@B@@ABA@@@AA@@A@AB@BCB@@ABCAA@@@A@A@C@ABA@AB@D@@ABAAA@A@AB@B@D@B@@@BC@A@@DBB@B@BBB@@CBA@ABA@AB@@@@@D@B@BBB@@@@BAB@@@BBBBBB@@@B@B@@CD@B@B@@@BBBAB@BA@@@@BB@DF@@@@@@@@@@AB@@@@@@@@@@@@@@@D@B@@@B@@@BA@@BA@@@CDA@AB@BA@@@A@AB@B@@CC@@@@@@EA@A@@EB@@AB@D@B@@A@@BCB@@AD@B@B@B@@BD@@@B@@BB@BDD@DADAB@BC@A@@@A@@DAB@B@B@B@@DDBBD@@@FCB@@@BBB@BBDC@@BB@BBB@BA@@B@BBB@B@@ABA@C@A@@BCD@DA@@B@B@@@BABABA@AB@@A@CB@@@B@@@BAB@@@F@B@@BF@B@@A@@@ABAB@@AB@B@@ABA@A@A@AB@BB@BBBDDBBBBBDBBB@B@BD@BF@@D@DAH@D@D@F@D@@BBB@B@@@B@@DBB@@BDBBD@@D@B@BAB@D@B@DAD@@@B@BB@B@B@@HFDBBBBB@D@@BB@B@@B@@@B@D@D@BADABA@AB@@@DBD@D@@@@BBBB@@@D@BB@@DF@B@B@@@@BF@B@@AB@BBBBBDB@@BBBBB@@ABA@@B@BB@B@@@BB@@@HBFAF@@@BBBBBBBBBB@@DB@@B@B@BBBBFB@@BADBB@BD@@AB@@DBB@BBB@BB@@@@BADABAB@@@B@BB@B@@@B@BBB@BBBBD@@@BBBBBB@@B@BBB@DB@@B@@B@BB@@BB@@@B@BABBHB@B@@@BA@@@AB@FDBBBBBAB@B@D@BB@@B@AB@B@@A@@B@B@@DB@BB@BB@@@B@BBBDBB@@@B@@@BBBBBAB@@AB@BCDAB@@AB@BAB@BA@@@ABABA@@BABABB@B@@@@@B@B@@BB@BDBB@DBBB@B@B@BBB@@BBB@@D@BAB@@@BB@BAD@DA@@@A@CDADCFAB@DABAB@D@BAB@@ABA@ADA@@B@B@B@DA@AJEDA@ABAD@BD@B@@@FBBCB@DDFHFBDFDHDB@@D@DDB@DAB@B@FBFHBBFBBHFDDBBB@@@BFHBHBF@BDDBJ@HCB@DB@DHDFDD@@ADBB@DB@B@BDDDAH@FBLBBDBBH@FDBB@DDDBB@DFJDBDDDBDFHDDBB@@BAB@DCBAFDBF@HBDAH@BB@AD@DBFBDBH@@DADDDBDABCDAF@@DBAD@BEFBDADABABAFC@AFBB@D@DDBDD@@AB@DCD@JA@BDDH@HAFB@HB@@B@D@BB@@DBHBDADCDAF@D@F@DDFHFADADADABBAHDBBBBFDBB@H@DBABAD@BDDBBAF@DB@B@FFAH@B@FDBD@DB@@B@DDB@DA@B@BF@DBF@DHDBB@D@H@HB@@@DFDDADDB@@BBD@FBDDDD@BAD@DABAB@D@BBDAB@DFADBBAFAJB@DBB@FF@D@BD@DAD@B@DABBB@B@DAB@DA"],["@@@DBJ@B@@AB@B@B@BBBB@@BD@B@B@B@DABA@A@A@@@AA@@@CAA@@AA@@ACK@AAA@@A@AB@@@B"]],"encodeOffsets":[[[118197,23793]],[[117871,23318]]]}}],"UTF8Encoding":true}