{"type":"FeatureCollection","features":[{"type":"Feature","id":"440303","properties":{"name":"罗湖区","cp":[114.123885,22.555341],"childNum":1},"geometry":{"type":"Polygon","coordinates":["@@D@FD@@@@@@@@@@@@@@@@AB@B@@@B@@@@@B@@@@@@@@@@B@B@BBB@DDB@B@D@BAFA@A@@BBBBB@B@DADCBABCBA@@@@BAB@BA@@B@@@@@BABABA@@B@@A@@@@B@@@@@@@@@@@@@@@@@B@@B@@@@@@@@@@B@@@@@BB@@@@@@@@B@@@@@@@@@@@@B@@B@B@@@@@@@@@BB@@D@HA@AB@@A@@B@@@@@B@@@@@@@@@@@HBBA@@D@B@B@@@@@B@B@@@@@D@B@B@@BBB@@BBB@B@B@B@BB@B@B@@@@@@@@@B@@@@@@@@@@@B@@@@B@@@FFBBB@B@BB@@B@@@@@F@B@B@@@BB@BBB@BDB@@@B@@@@@@@@@@@@B@@@BB@@BB@@@@BBF@DBD@BBBD@BBB@@H@B@@@BADBDA@@@@@@@@DBF@@BBAHCFG@@@A@@@@BA@@@AAAA@@A@A@A@@BAB@DAB@@@DBB@BABCB@B@B@BBB@@AB@@AAC@@DCBA@ABA@A@@BAB@@A@@@E@@@A@A@C@A@@@@@@@@@@@@@@@@@A@@@@@@@@@@@@@@@A@@B@@@@@@A@@@@@@@@@@@@A@@@@A@@@@A@@@@@@@@A@@A@@@@@@@@A@@@@@@C@@@@AA@@@@@A@@@@@@@A@@@@@@@@@@@A@@@@@@@@@@@@@A@@@@@@@@@CA@@@@A@@@@@@@@@@@@@@@AA@@@@@@@@@@AA@@@@@@@@A@@@@@@AA@@@@A@@@@@@@@@@@@@A@@@@@AB@@@@@@@@@@A@@@@@@B@@A@@@@@@@@@@@@@A@@@@B@@@@A@@@@@@@A@@B@@@@@@A@@@@@@@@@@@@@A@@@@@@@@@@@@A@@A@@@@@@@@@@@A@@@@A@@@@@@@@AA@@@@@@@@@@@@A@@@@A@@@@@@@@@@@@@@@@@@@@A@@@@@@AA@@@@@@A@@@@@@@@@@@AA@@@@@@A@@@A@@@A@@@A@@@@@AA@@@@AA@@@@A@@@@@@B@@A@@@@@@@@@A@@@@@@@@@@@A@E@AB@@@@@AA@@@@@@@@@@@CBA@@@@@@B@BAB@@@B@@A@@@@@A@A@C@A@@@@@A@AB@@A@@B@@A@@A@@A@CA@@@A@@A@@B@@@@@@AB@@@@A@@@@@A@@@CEAACC@@@@@@@@A@A@A@@@A@@@@A@@@@@A@A@@@A@@@@A@@@@@@@@@A@@@@@@A@@@A@@@@@@@A@A@@@@@@B@@@@@@@@@@@@B@@@@@@B@@@@@@A@@@A@@A@@@@@AAAA@@AA@@@@@@BA@@@@@@@@A@AAA@@@A@@@@@@@@@@@AB@@@@@@@@@@A@@@@@@@@@A@@@@@@@@@@@@@@@@@A@@B@@@@A@@@@@A@@@A@@@A@@@@@AAA@@AA@@@A@@@A@@BA@@@A@@AA@@AA@@A@@A@@@@@@@A@@BAA@@CA@@A@@AA@@AAA@@@AA@@@C@@@A@@A@@@A@@AA@@@@@@@AA@A@@AA@@@A@A@AB@@@B@@@B@B@B@B@B@@A@@@AA@AA@@@A@ABA@A@@@AAA@A@@B@D@@@B@@@J@B@J@DA@B@ABB@@@A@@H@D@B@@B@@@@@@@@@@@@@@B@@@@@B@@@@@@@B@@@@@B@@@@@B@@A@B@@B@@@@@B@@@B@@@@@@@B@@@@@B@@@@@B@@@B@@@@A@@@@@@@@@AAAAA@C@AAA@C@A@AA@@A@@@@@@@@@@@@@@B@@@@@@@@@@A@@B@@@@@@@B@@@@A@@@@B@@@@@@A@@B@@A@@@@@@@@B@@@@@@@@A@@@A@@@@@@@A@@@@@@@A@@@@@@@@@A@@@@@@@@@A@@@@@@@@@A@@@@@@@A@@@@@@@@@@@@AA@@@@@@@@@A@@@@@@@@@@@@@AB@@@@@@@@@@@B@@@@@@@@@@AB@@@@@@@@@@@@@@A@@B@@@@@BAD@@@@@@@@@@@@@@@@CD@B@@@@@@@@@@AB@@@@@@@@@@@@A@@@@@@@@@CB@B@BABADA@@BBB@BB@BBBBBB@@BB"],"encodeOffsets":[[116810,23135]]}},{"type":"Feature","id":"440304","properties":{"name":"福田区","cp":[114.05096,22.541009],"childNum":1},"geometry":{"type":"Polygon","coordinates":["@@B@BCBA@A@ADA@@@@@@@@B@@@@@@@@@@@@@BA@@@@@@@@@@@ADC@@@@@@@@@@@@@@@@BC@A@@@@@AB@@@@@@@@@@@@@@@BA@@@@@@@@@@@A@@@@@@@@@@BA@@@@@@@@@@@@B@@@@@@@@@B@@B@@@@@@@@@@B@@@@@@@B@@@@@@@@@B@@@@@@@@@B@@@@@@@@@B@@@@@@@B@@@@@@@B@@@B@@@@@@@@@@A@@@@@@B@@@@AB@@@@@@@@A@@B@@@@@@A@@@@@@@AB@@@@@@@@@@@@A@@@@@@@@@@@@B@@@BBB@D@B@BBD@B@BBBB@@@@@@@@B@@@@@@A@@@A@@@@@A@@@@@A@@@@@@@A@@@A@@@@@AA@B@@@@A@@@@@A@@@@@A@@@@@@@A@@@@@A@@@@@@@@@@@@A@@@@A@C@GB@@@A@BAA@B@@C@I@A@I@@@A@@@C@AA@AAA@AB@@A@AB@BA@@@ABA@@@AAA@@@AA@@AA@AA@@A@@A@AAA@A@C@AA@@AA@A@@BABAB@DABAB@@A@A@A@@AA@@AAAAAACCA@AAA@A@@BABAB@@A@A@@@A@@@@@@@A@@@A@AAA@@@A@@@A@A@AAAACA@AA@@AAA@C@AAC@A@@AA@@AAC@AAA@A@A@@@EBABA@A@A@ABC@@@C@IBA@IBA@A@ABCFCBAB[@g@@X@D@BFF@@@@@B@@@B@@@@@@@@@@@@BB@@@@@@@@@@@@@@@@B@@@@@@@@@@@@@@@@@@B@@@@B@AB@@@@@@@@@@@@@@@@@@B@@@@@B@@@@@@@@@@@@B@@@@@B@@@@@@@B@@AD@@@B@@@@@@@@@B@@@B@@@@@B@B@@@@@B@@@@@@@B@@@@B@@@@B@@A@@@@@@B@@@@@@@@@BBB@@@@@@@@B@@@@B@@B@@@@@@@@@@@@@@@@B@@@@@@@@A@@@@@@@@@@B@@@@@@@@@B@@@@@@@B@@@@@B@@@@A@@@@B@@@@@@@@@@B@B@B@@BB@@@@@@@@@B@@@@@@@B@@@B@@@@@B@@@@@@B@@@@@@@B@@@@@@@@@@@@@B@@@@@@@@A@@@@B@@@@@@@@@@@@@@AB@@@@@@@B@@@@@@@@@@@B@@@@@@@D@@@B@@B@@@@@@B@@@@B@@B@@@@@@@B@@@@@@@@@@@B@@@@@B@@@@@B@@@@@@@@@@@F@B@@B@@@@@@B@@B@@@@@@BB@@@BBB@DBB@D@@@@@B@@@@@@@@@B@@@@@@@@@@@@A@@D@@@@B@@@@B@@@@@@@@@DB@@@@B@@@@@@BB@@@D@D@B@BAB@BBFBD@D@@BB@B@B@B@B@@BD@@@BABAJABB@@BD@@@BDB@@@@B@B@@BB@@@FAD@DA@@"],"encodeOffsets":[[116804,23128]]}},{"type":"Feature","id":"440305","properties":{"name":"南山区","cp":[113.92943,22.531221],"childNum":3},"geometry":{"type":"MultiPolygon","coordinates":[["@@AB@BA@@B@D@BDBB@@@HGB@FAHE@I@ACAABC@CBADEFCB"],["@@A@@A@@@@A@@@@@CA@@@@@@@@A@@@@@@A@@C@@@@B@@@@@@@@@@A@@@@@@@@@A@@@@@C@A@CAA@AA@@A@@A@@@@A@@@@A@@@@A@@@@A@E@@@@@@@@@@@A@@@@@A@@@@@A@@@@@@@@@@@A@@@@@@@AA@@@@@@A@@@@A@@@@A@@@C@@@@@@@A@@@@@@@@@@@A@@@@@@BA@@@@@@@@@@@@@@@A@@B@@@@@@@@@@A@@@@@@@@@@@@@A@@@@@@@A@@@@A@@@@@A@@@A@@@@@@@A@@@@@@@@@A@@AA@A@A@@@@@@@@@@@@A@@B@@@@@@A@@@@@A@@@@@@@A@@@@@@@@@A@@@@@@@@B@@@@@@@@@@A@@@@@@@@@@@@@@A@@@@A@@A@@@@@@@@@AA@A@@@@@@@@@A@@@@B@@@@A@@A@@@@@@A@@@@@@@A@@@@@A@A@@@@@A@@@A@@@@@@@@@A@@BC@@@A@@@@@@@A@@@@@A@@@@@@@@@@A@@@@@A@@@@@@@@@@@@@@@@@@@BAA@@@@@@A@@@@@@@@@@@@@@@@A@@@@@@@@@@@@@@@@@AA@@@@@@@@@@@@@A@@@A@@@@EE@A@C@W]@SAGCECCIESCGAC@@EICEMIqa]OEEEAAAC@G@EDGDWZELGVEh@NBFFN@HEVbLDDD@@@@@@@@@@@@BBHFBBBBBBBBFD@@@@B@@@@B@B@@@@@@ADB@A@@H@BB@BBBBFF@@BB@@@@@@B@B@DD@@BB@@@BBDBB@B@B@@@@@@@@@@@@@@@@@B@@AB@@CBABA@BB@BA@B@A@@@@B@B@D@@D@D@@@@B@B@@A@AB@@@B@BCFAB@BBDBBD@@BB@@B@D@@@@B@BB@B@B@@@@@@@@AD@BCD@@@@@BDFB@@BBB@D@BAB@BAB@B@@@@BB@@@B@@@BAB@@@@@DBB@@B@@@@@@@BB@@@@@@@@@@@BDBBBB@@@BB@DBD@B@@ABB@@@DBB@@DBBBBBBB@D@BBD@@@B@@AB@B@B@@ABAB@@@@BBBBBD@BB@A@@BAD@B@B@@BB@@AB@BC@A@C@CAAAA@@@ABAD@@BB@@ABCBAB@BAB@@@BBD@@@D@@@B@B@@@B@BAB@B@B@DABABABA@AB@@@@A@A@ABC@@@A@@BB@@D@B@BA@@B@B@B@@@@@BC@A@@@@BAB@@A@AB@@AB@@@FE@E@A@AHI@@B@DC@@@@@A@@@@@@B@@@@@@@DAD@B@BCBC@AACBC@@BAB@@@@C@@B@@@@@@@@AA@@@@@ACAI@A"],["@@@B@BFFB@B@PM@A@@EGA@A@ON"]],"encodeOffsets":[[[116577,23051]],[[116761,23124]],[[116572,23039]]]}},{"type":"Feature","id":"440308","properties":{"name":"盐田区","cp":[114.235366,22.555069],"childNum":1},"geometry":{"type":"Polygon","coordinates":["@@KCG@K@MBIAGACCCCAAAAGECECECCACCAE@CACCCACAE@E@C@G@KA[CCA@@QKQMGGCAEAC@@B@@@D@@@D@BA@@B@@A@@@@B@@A@@@@@@@@@@@A@@@AB@@@B@@@@A@@B@@A@@BA@@@@@A@@@@@A@@@A@@@CA@@@BA@@@@@AB@@AB@@@@A@A@AA@@@@CBA@CA@@@@A@@@@B@@@@A@@B@@@AC@@@@@A@@@BB@@@@@@@B@@@@@@@@@@@@@@@@@@B@@@@@@B@@@@@@@@@@B@@B@@@@@@B@@@@@@B@@@@@@@@@@@BB@@@@@@@@@@@@@@B@@@@@@@@@@@@@B@@@@A@@@@B@@@@@@@B@@A@@@@@@B@@@@@@@@@@@@@BA@@@@@@@@B@@@@@@@@A@@B@@@@@B@@@@@@@@@@@@@B@@B@@B@@@@B@@@@@@@@@BB@@@@@@@@@@BB@@@@@@@@@@@@@@B@@@@@DB@@@@@@@@B@@@@@@@@@@@@@B@@@@@@@@@@@B@@@@@@@B@@@@@B@@B@@D@@@@@@@@B@@@@@@B@@@@B@@@@@@B@@@@@@B@@B@@@@@@@@@@@@@@B@@@@A@@@@B@@@@@@@@@@@@@@@B@@@@@@@@@@@@@@@@@B@@@@DB@BB@DBB@@B@@DH@@DB@B@B@BB@@DB@@@@@@B@@@@@D@BB@BD@BD@BD@BAD@@ABBB@@BD@@B@@B@@@@@@@@BBFFF@BB@BB@BBBB@@DB@@B@B@D@@@BAB@D@FAFDDDBF@B@D@@ABABABCBABABA@@BB@@B@BAD@D@@BB@B@BBD@BBDB@@@BBBBDBBBDBB@BADA@@BABA@A@ABABABABAB@@@BA@@@@@@@@@@@@@@@@BA@@@@@@@@@@B@BAB@@@@@@@BA@@@@@@@A@@@@@@@A@@@@@@@A@@@@@@BA@@@AB@@@@@@@@A@@@@@@@@@@@AB@@A@@B@BA@@@@@@@@@@@@@@@@@@@@@@@@@@@@CG@AA@@@ACBGD@@AB@@@B@@@@B@@FB@@BA@C@@B@B@@BBB@B@@JL@B@BB@BBDA@@B@DABC@@@ABAD@D@B@D@@@@B@BB@BAB@@ABABAB@B@F@BBBBBDHA@@FABABA@ABA@@BABA@A@@@@A@@A@@@A@A@AEK@@AA@AAC@A@@B@BA@@H@B@@@@@B@@@@B@@D@@@B@@@@@@@@@B@B@@@@C@@@A@@@@@@@@@A@@@A@@@@@@@@@AFM"],"encodeOffsets":[[117098,23133]]}},{"type":"Feature","id":"440306","properties":{"name":"宝安区","cp":[113.828671,22.754741],"childNum":2},"geometry":{"type":"MultiPolygon","coordinates":[["@@A@@B@@@@@@@@B@@@B@@@@@@@@@@@@@@@@@AA"],["@@A@@ACCAA@@AA@A@ACE@A@ACAAA@CEA@@A@A@A@AAAAAAAAAA@@@@@A@@@@@@@ABC@A@@@@B@@@@@@@B@@@@A@ABA@@@@@A@@@@@@@@@@@@B@@A@@@@@@@@@@@@B@B@@@DA@@@@@@@@@@@@@@@A@@A@@@@@@@@@@@A@@@@@@@E@AAAC@A@AB@BC@AFG@A@@@C@ABGA@CA@@ECA@AA@@@@@@@@@@@@@@AA@CA@CE@@GD@@@B@B@BABA@ABAF@BAB@@@B@@@@@@@@@@@@ABADCBA@@AA@@AA@A@A@CBAB@@@@@@@A@@@@@@@@@@@@@@A@@A@ACA@@AB@@AD@@@@@@A@@A@@@@@@@@@@@AA@@A@@BC@@AA@A@@@@A@CE@@@@@@@@@@@BA@@@@@@@@@@@A@@@EB@A@A@@BAB@@@@A@A@A@@@@@@@@@@@@@@AAA@@A@@@@@@@@@@@E@@@@BM@@@@@@@@@@EB@@@@@@A@@@AE@@@@B@@@@@D@D@@A@@@@@@@@BGA@@@@@AA@ABC@@@@@@@@@@BC@@@@@@@@@A@@A@@@@@@@@@@@C@A@@@@@@@@@@A@@@@@@@@@@@@@@@@@A@@@@AE@A@@@@@@@@@A@@@A@@@A@@@@@@@@@@@@@@BAB@@@@@@A@@@@@@@A@@@A@@@A@C@A@@@@@@BAB@@@@D@@@@@@AF@@BA@@@@@@B@@@@C@A@A@@@A@@@@@@@CB@@ABABC@@BG@@@@@@@@@@AA@@@@@@@@@A@AAABABABE@@@ABABA@B@@@@@@@@@B@@@@@@@@@@@@@@AD@@@@B@B@@@@@@A@@@@DC@@BBB@BABADC@AAA@@AAAAAAA@@AAA@A@@CBC@EB@@A@@AA@A@@@@@CA@A@@AC@@AAIBABAB@@C@@AA@A@A@A@A@@AC@C@EAAAA@ABA@C@C@@@@BBJBD@@@@B@@B@@@@@@A@@@@D@@A@AB@@ADBD@BADADA@C@CB@@@@@@A@@@@@@@@B@@@@CDA@@@GJ@B@B@FEF@@A@@BA@@B@BA@AB@@@@@BAD@@@@A@A@A@@@ABA@C@@@AA@@@B@@AD@B@B@B@@A@@BABABABCBA@A@A@ABA@@@A@A@@@C@@@C@AA@@A@ABA@ABAD@BA@@AC@AB@B@@BBBB@D@D@BADA@@BA@@AA@A@C@AB@@@BAAC@AAAA@A@@A@AB@BA@A@A@@BA@@@C@AAC@A@AAAAAA@CA@CA@@A@BA@@@AAC@CAA@@A@AACA@A@@@@@@@@@@AA@@@@@@A@@@AA@C@@@@BA@A@@@A@@AA@@@@@ABA@ABA@A@CAA@AA@CE@A@@@@DC@ABC@@@@@@@@@A@AAAA@@@@@@C@AA@@AC@AAAC@ABADE@A@A@@BAB@@@@A@A@@C@C@@@@C@A@A@@B@A@B@@AAAB@BADA@@BA@@@A@@@@@@@@@@@@@@@@@A@AAAAC@A@@AA@@CCA@A@@@@@@@AA@@EEAAAAA@@A@GB@A@BC@@@@@@@A@A@@A@@@@@ECAAAAAAAAGEAA@@@@@@@@@@@@CCKCaAFETADABC@C@OEGCEBCB@D@F@FBHBD@DDH@FCFGJ{piSdGXCJCLIZCJI`ANATVlNJNHDDFBLDDBDDDFBDBD@DAFABAD@BBBBDDBBBDBB@BBB@BB@B@BABAB@B@B@@@BBBB@B@@@B@BABA@@BAB@B@B@BB@@BBDB@BB@ABAD@@@DDBBBF@B@@@B@@@@@B@@@@@B@@@B@B@@@@@@@@@@B@@@@@BB@@@@B@@@@BAB@@@@@@@@BB@@B@@@@A@@@@@@@@B@B@@@@@@@@@@D@@@@@B@@@@@@A@@@@@@@@B@@B@@@@@BB@@@@BB@@@@@@AB@@@@@@@BBB@BB@@@@@@@@@BBB@@@B@@@BB@A@BDB@@B@@@B@@@@@@@B@@@B@@@@A@@@@@@B@@@@@@AB@@@B@@@@@@@@@@@B@@@@B@@@@B@@@@@@@@A@@B@@@@@@@@@@BB@@@@A@@@@B@@@@@@@@@@@B@@@@@@@@@@@@@@@@@@CD@@@@A@A@@@@@@@@@@B@@@@B@@@@@@@@BB@@@@@@@@@@@@B@B@@@@@@@B@@@@@@B@@B@@BB@@@@@@@B@@@@@@BB@@@@@@DB@@@B@B@BBA@@FBBB@@DBB@D@@BB@BABA@@D@BC@AB@DB@@BB@@BA@@@@@B@@@@B@BB@B@@@@@BB@BAB@@@BBB@D@B@@@@@@@@@@@@@B@@@@@@F@@@@@@B@@@@@CFAD@@B@D@@@@A@@@@B@@BBDAB@BB@@@DD@BB@@@@B@@@B@@@@A@@@BB@@@@D@A@AA@A@AB@B@@@@B@B@@@@BA@@@@@@AABABAB@@@@B@@AB@@B@@@@@@AB@@@@@@B@B@@@@BA@@@BBB@@AB@@@@@@DABB@@BB@@ABABAB@@@@@@@@B@@@B@@B@@@@@@BA@@BB@@B@@B@B@@@A@C@@A@@@AA@@@AB@B@B@@@@@BA@@@@@AB@@@@B@@BA@AB@BBB@@@B@@B@BB@@@B@@@@@AAAA@AA@CEAA@@@B@@@B@@CB@BA@A@@A@AB@@ABB@@@A@A@@@@B@@@@@B@@@AAA@@@@A@ABA@@B@@@B@@@@B@@@@@@@A@@@AB@@@B@B@@@@@@@A@@A@@A@@@BCBBBBB@@D@@@A@A@@D@B@BBB@A@@AA@@AAA@@B@@@D@@@A@@A@@@A@@BABBBA@@@A@@B@@BD@BBB@@@@@BA@@B@@@@@@D@@@B@A@@@@@C@@@@@AA@@B@@A@@@@ABA@@BB@@BB@@B@@@B@@B@B@@BB@@B@@@@AB@@@@BB@BB@@B@B@@@@@B@B@@@B@B@BAB@@@D@B@DA@A@@CBA@@@C@@@@@ABA@A@@@A@A@@ACBA@@@CA@@A@@@@A@@@@B@@@@AA@CB@A@A@@BA@@DADA@@BA@@A@AB@@CA@@@@@BB@CBABAB@@@@AAA@A@A@AB@@@@C@AAABA@@@@@A@@@CB@B@BAAA@@@@@@@@A@@@A@ABABGB@D@B@B@B@@ABA@ADBB@B@@A@@BA@BB@@BD@DBD@@AD@B@DBB@B@D@HBD@B@@@@A@@A@@@BAB@@@BA@@BAB@B@B@@A@@F@B@@A@CDABA@@DADAB@@AAA@@@@@@@A@@@@BA@@@@@@@@@@@@AA@@@@@A@@@@@@DA@@B@@BB@@@@A@@BAB@B@DDBB@@BA@@AABABAB@B@@@BB@@B@BAB@@@@@@@B@@AB@@@DA@@B@@A@A@ABACA@@A@A@A@@AAC@@BCBABA@A@@B@@B@@@BAD@@@@B@@@@A@@B@@@@@BB@AA@@A@@@@B@BB@@ABB@@@@ABBD@@BBBB@@@@BBA@@@AAC@@ABA@A@@A@@@A@@@@DBD@L@@@@A@G@ABC@A@@@ABA@A@@@ABE@CB@BC@CB@@A@AB@B@@C@@@AAAAAA@@A@@@ABA@A@@B@B@BAB@@@BA@A@AB@@AB@@@BB@@B@@@@@@@@@B@@@BA@@@@@@@@@@@@@A@@@@@@@@B@@A@@@@@@@@@@B@@@@B@@B@@@@@@@@@@@@@B@@@@@@@B@B@@@@A@@@@@@@@B@@@@@@@@@@A@@@@@@@@F@B@@@@@@@@@BB@@@@@@@@@@@@D@@@@@@@@@B@@@@@@B@@B@@@@@@@@@@@@@@@@@B@@@@@@@@B@@@@@@B@@@@@B@@@@@@@@@@@@@@B@@@@@@@@@@@@@B@@@@@@@@@@@@@@@@@@@@@B@@B@@@@@@@@@@@@@@@@@@@B@@@@@@@@@@@BA@@@@@@@@@@@@@@B@@@@@@@@@@AB@@@@@@@@@@@@@B@@B@@@@@@@@@B@@@@@@@@@@B@BB@@@@D@@@@@@@@A@@@@@@@@@@@@@A@@@@@@@@B@@@@@@@@@@A@@@@@@B@@@@@@@@@B@B@@@@@@@@@@@@@@@B@@@@B@@@@@@@@@@B@@@@@@B@@@@@@@@@@@@@B@@B@@@@@@@@@@@B@@@@@@@@@@@@@B@@@@@@@@BBD@@@@@@@@@@BB@@@@@@@@B@@@@B@@@@@@B@@@@@@@BA@@@@@@@@BC@@@@A@@@@@@@@@@@@@@@@AA@@@@@@@@@@@@AB@@@@@@@@A@@@@@@@@@@@@@@@@@A@@B@@@@@@@@@@@@@@@DC@@@@@@@@@A@@@@@@@@@A@@@@@@@@@@@@@@@@@@@@A@AA@@@@@@@@@@@@A@@A@@@A@@A@@@@@@@@@@@@A@@@@@@@@@@@@@@@@@@@@BA@@@@@@F@BA@@@@@B@@B@@@@@@@@@@@@@@@@@@@@@@@@@B@@@@@@@@@@@@@@@@@B@@@@@@@BA@@@@@@@@@A@@@@@@@@B@@@@@@@@@@@@@@@BA@@@@@@@@@@@B@@@@@@@@@@@@B@@@@@@B@@@@@@@@FBB@@@@@B@@A@@@@@@@@@@@@@@@@@E@@@@@@@@@@@A@@@@A@@@@@@@@@@@@@@@@@@@@@@@A@@A@@@@@@@@@@@@@@@@@@@A@@@@@@@@@@@@@@@@@@@@@@DA@A@@@@B@@@@@@@@@@@@@B@@@@@@B@@@@@@@@B@@@@@@@@@@@@@@@@@B@@@@@@@@@@@@@@@@@@@DCBCB@@A@@@AA@@@@ADAB@@@@@@@@@B@@@@@BBBB@@@@@BB@@@@@@@BBB@@@@@@@B@@B@@@@@@@@AD@@@@@@@@@@B@BB@@@@@B@@@@B@@@@@@@@@@B@@B@@@@@@@@@@@@@B@@A@@@@@@@@B@@@@@@A@@@@@@@@B@@@@@@@@@B@@@@@@B@@@@B@@@B@@@@@@@DABA@@@@@@A@@@@@@@@@AABAHBB@BBBA@@@AAC@ADABE@A@ACA@ADC@@BA@AB@BB@@BA@@@@BC@@@@@@@@BKB@FA@@BAD@"]],"encodeOffsets":[[[116556,23085]],[[116853,23267]]]}},{"type":"Feature","id":"440307","properties":{"name":"龙岗区","cp":[114.251372,22.721511],"childNum":1},"geometry":{"type":"Polygon","coordinates":["@@@@@@BBBBD@@@DGDA@@@A@A@@BAB@@@B@BB@@@@@@DBDA@@B@@@@ABA@A@@HAB@BD@B@B@@@@@@@@B@@@B@@@HCB@@@@A@@@EAA@@@ABABA@@B@@@@A@@AA@C@@@A@@DABA@@D@@@BCBC@ABC@A@@ACNGBA@@B@@@@@B@DCBA@@@@@@FABA@@@@@A@@C@@A@CBA@A@A@@@@@A@@AC@@CE@AAA@@@@@@AD@@ABA@E@@@@@@@@@@@C@@@@@@@CI@@B@@@@A@@AA@@@AB@BB@DBB@@@A@CB@@@BBBB@DB@@ABABEAAAA@A@@@@@@@A@@@@@@@@B@B@@@@@@@@@D@@B@B@@@D@B@@@@B@@@DB@@B@@@@CDA@A@@@AAA@@BADABA@@@@B@@@@@F@B@DB@@B@@BA@ABBBBD@BBD@@BB@BD@B@BBBB@@ABA@@B@@@B@BABDB@B@@DDB@@@B@@B@@@BJF@BBB@@@B@@ABA@C@CHBB@@D@@AB@D@@DDH@B@B@@A@@@@BA@DF@BB@@BAF@B@B@@@@CB@@@B@B@BFFB@B@@@BDB@@@B@B@BA@@@@B@B@DF@@@@@B@@ABA@@B@@@B@B@@@B@@@B@D@D@B@@@@BD@@BB@@@@B@@@@BBB@@B@BBBB@D@@@B@BCDABAB@@A@ABA@@BBB@B@BBB@B@@ABEBA@@AAA@BCHB@@@@@DBB@@B@@@BA@ABA@@@@AA@ABABA@@@BF@D@BC@@@A@@A@@A@@@@@A@@BA@AAAAE@A@@A@@A@ABA@@@ABCAAB@@@D@B@@@@@@B@@BD@@A@@B@B@@B@@B@@B@@AB@@ABA@@@CB@@@B@B@BA@AB@A@@@@@A@ABA@A@@@@A@@@A@AB@@@BBB@DAB@BB@B@DB@@@BDBBDB@DB@BB@D@B@F@B@@@BD@@JB@@B@B@BBD@FF@BBFBDBB@@CBDD@BBDBB@DB@DBB@BABB@@DBBB@@@DDB@@DAB@@E@ADCB@@ABA@IBA@A@A@A@C@@@AB@JABAD@B@B@BABEHG@A@A@@DA@BB@BB@@B@F@DAB@FFB@FF@@@@BB@DAB@@@BB@B@DBB@@@DB@@BB@@@B@@@B@@@@@@@@@@@@DBB@BB@@FF@B@B@B@@BB@BBB@@DAD@BBB@BB@ABAB@B@@A@@@A@CB@FA@@NAB@@BDB@@D@B@D@@A@A@@@AD@BBB@@B@BBBBD@@@B@@DA@@@@FAH@B@BB@BBD@@D@@@@@@@B@@@@@@@D@D@DBB@@@B@B@BA@@DABBD@@@@ABA@@BA@@B@BBBA@@@@@A@A@@@@AAA@AG@@@@BCB@@A@A@EAEA@CAA@A@AA@@@@@@ACCA@A@@@@BABA@@@CBABAD@@@BBB@@@HA@@BADE@@AA@@@A@@BEAC@A@@@AB@DA@AB@BBB@BBDBB@B@@@B@@@BAB@@AB@B@BAF@@@@@BAB@DA@@@@@@B@@A@@@@@@@@@@@@@@B@@@@@@@@@@@@@@@@@B@@@@A@@@@@@@@B@@@@@@@@@@@@@@@@@B@@@@@@@@@@@B@B@@@@@@@@@@@@@B@@@@@@@@@@@@@@@@@@A@@@@@@@@@@@A@@@@B@@@B@@@@@@@@@HD@@B@@@@@@@@@@@@@@@@@@@@@@@@@B@@@@B@@@@@@@DBB@D@B@B@BAB@@@B@@@B@B@@@@@@BD@@@FBBB@BBDBDBDB@@BA@@@@@@@@@@@@@A@@@@@@B@@AB@BA@@@@@@B@@@@@@@@@B@@@BA@@@A@@BA@AB@@@@@BA@A@C@@@A@@@@@@B@@@@@@@@@@@@@@@@AB@@@@@@@@@@@@@@@@@@@@@B@@A@@@@@@@@@@@@@@@@@@@@@@@@@@B@@@@A@@@@@@@@@@@@@@@@@@@@@@@@@@@A@@@@A@@@@@@@@@@@@@@@@@@@@@@@@A@@@@@@B@@@@@@@@@@A@@@@@@@@@@@@@@@A@@@@@@@@@@@@BA@@@@@@@@@@@@@@@@@@@@@@@@@@@@@@@@@B@@@@@@@@@@B@@@@@@@@@@@@@@@B@@@@@@@@@@@@@@@BA@@B@@@@@@@@@@@@A@@@@@@A@@@@@@@@@@@@@@A@@@@@@@@@@A@@@@@@@@@@@@@@A@@@@@@A@@@@@@@@@@@@@@@A@@@@@@@@@@@@@@@@@A@@@@@@@@@@@@@@@@@A@@@@@@@@@@@@A@@@@@@@@@@@@@@@@@@@@@@B@@@@@@@@@@@@@@@@@@@B@@@@@@@@@@@@@@@B@@@@@@@@@@@@A@@@@@@@@@@@@@@@@@@@@@@@@@A@@@@@@@@@A@@@@@@@@@@@AA@A@@@@@@A@@@@@@@@@@A@@@@@@@@@A@@@@@@@@@@@@@@@@@A@@@@@@@@@@@@@A@@@@@@@@@@@@@@@AA@@B@@@@@@@@@@@@@@@@@@C@@@@@@@@@@@@@A@@@@@@@@@@@@@@@@@@@@@A@@@@@@@@@@@@@@BA@A@A@EAAAA@A@A@A@AA@@AAAAACAAA@G@C@AA@@@A@@B@@A@@@A@@A@A@ABADC@ABCBCB@@A@AA@@@@A@@B@BABBDB@@D@B@@@@AB@BBB@BDBA@@@@@@@@@A@ADABABAAA@@@@@C@@@A@A@AFGB@@BB@HBB@@@@@@@@@@@@@@@B@BEDAB@B@B@BB@ABA@ADCBGAAEI@AA@A@CAA@@@@@@AAAA@AAAAC@A@CA@@@A@@@A@CBA@A@CDAB@@A@A@A@@@A@@@@@@@@@@@@@@@@A@@@@@@@@@@@@A@@A@@@@@@@@@B@@@@@@@@@@A@@@@@@@@@@@@@@@@@@@@@@B@@A@@@@@@@@@@@@@@@@@@@@@B@@B@@@B@@@@@@@@@@@@@@@@@@@B@@@@@@@@@@@@@@@@@@@B@@@@@@@@@@@@B@@@@B@@@@@@@D@@@@@BB@@@@@@B@@@@@@@@@@@@@@@B@@@@@@@@@@@@@B@@@@@@@@@@@@@@@@@@@@@@@@@HBBBB@B@BB@BBB@BB@BBFAD@BABAJ@B@F@BAB@BA@@@AB@BA@@@@@@@@@@@@@@BAB@@@@@@@@@@@@@@@@@@@@@B@@@@@@@@@@@@@@@@@@@@@@@@@@@B@@@@@@A@@@@@@@@@@@@@@@@@@@@@@@@DB@@@@@@@@@@@@@B@@@@@@@@@@@@@@@@@@@@@@BB@@@@BH@@D@D@DB@@B@D@B@DB@AB@BAFBDAH@@@@@@@@@@@B@@@@@@@@@B@@@@@@@@@@@@@@@@@@@@@@@@A@@@@@@@@@@@@@@@@@@B@@@@@@@@@@@@@@@@@@@@@@@@@@@@@@A@@@@@@B@@@@@@@@@@@@@@@@@@@@@@@@@@@B@@@@@@A@@@@@@@@@@@@@@@@@@@@@@@@B@@@@@@@@@@@@@@@@@@@@@@@B@@@@@@@@@@@@@@@@@@@@@@@@@@@@@@A@@@@@@@@@@B@@@@@@@@@@@@@@@@@@@@@@@@A@@@@@@DEAAAA@@@A@ABAB@B@^B`AP@ZDVFHBNALALCHCDG@I@GCGEGGQEIGIEGECKGIGOQGKCI@MBGDIFGFEJEDCHEJCLCLAH@LAJ@DAFADEBGDGBGHKFIBM@IAICIKSEEIG]IWGeIG@G@GAGACAEECCAIGKGIGCKCOCU@MBKDIDIFILENEJIlAL@FBPBJBLBJ@HCJENEHKPGFKJGHIFEFADADCHALANGJIHKJKDKDGBEBQ@MCGAGAGEMEGCMAEN@B@@@@@@@@@B@@@B@@@@@@@@@B@@@D@@A@A@@@@@@@@@A@@@C@@@@A@@A@@@@@A@G@@@ABA@@@@BBD@BBB@@FL@B@B@B@@@BB@@@@@@BABAB@@AB@BABABEB@@GBACAAAAE@A@A@ABAB@BA@ABA@@A@A@@C@A@C@C@AB@B@@ADCBA@@@CBAAA@@A@AIK@@@AAA@AA@A@@@@DAB@@EA@@@A@@A@@@A@@BC@AHBD@@B@@BDH@@@@@@@@@@@@@@@@@@@@@@@@@@@@ABA@@@@BA@@B@@@@@@@@@@@B@@@@@@A@@B@@AB@@@@@@@B@@@@@@@B@@@@@@@B@@@@@@AB@@@@@@A@ABA@@@@@@@@@@@AB@@@@@@@@@@@@@@@@AB@@A@ABABABAB@B@BABAB@@CBABA@CAAACAAAAA@@A@AC@AAC@A@AAA@@@CBC@A@AA@@AB@BABADABABABA@@@C@AAECCECEBC@A@AB@@C@A@A@@@CA@@AAAAA@@AAAE@EEAA@@@@@@@@@AA@@@AC@@AABA@@BC@AACC@@AACA@@A@C@@@@@A@@@@A@@CA@@A@A@ACA@@CG@@@AA@CAA@@ACA@@@@@D@B@B@@@F@@@BA@AB@@@BAB@BABCD@@BD@BA@@BA@AAA@A@A@ADABA@CA@@A@CBA@AB@@@B@B@BB@BB@B@@AB@@@@@B@@EHGDAB@AE@CA@@@@@@@@CBCAAB@@A@G@@@AA@AACAAC@CAE@AA@@@@AA@@AA@@A@@@@@@@@@@@@@@A@@CA@AAA@AAA@@A@A@E@@@@@A@@@AAA@A@AAEE@@A@@@@@@A@@@@@@@@@@@A@@@@@@@@@A@AAAA@A@A@A@AA@@AA@AA@A@C@@@@@A@A@@@@@A@A@C@@@ABGA@@@@@@@@@@A@@@@@A@@@@BA@@BGBC@@@AA@@@@@@@@A@A@@@@A@@@@@@@@@@A@@@@@@@@@AA@@@@A@@@@@@@@@@@@AA@@@@@@@@@@@@@@@@@A@@@@@@BA@@@ABABAB@@@@A@@@ABA@AB@@@@ABADABCDCBA@A@AAAA@@@BEBABC@A@A@CCA@AAA@A@@@@@@@@@@@@A@@@@@A@@@ABA@@@@@@@@@@@@@@@@ECC@@BCDABABA@AA@@CD@@@@@B@@@@A@A@@@@@BC@@@@@@@@@@@@@@@A@@@@@@@@@AABAB@B@@AFABABBB@B@B@@@@@@@@BB@@@@@@@@@@AH@@ADAB@BA@@D@@@@@@@B@@@B@B@D@@A@@@@@@@AB@@BE@@@@@@@C@@A@AB@@@@@@@B@D@B@@@B@@@B@@@@@@@B@@@@A@AB@@@@@@@@@@@@@@@B@@@B@@@B@@@@@@@@@BBF@@@@@B@@@@@@@@@@@@@@@@@B@@@@@@@@B@D@@@@@@@@@@@B@@@@B@@@@@@@@AD@@@@@@@@@@AD@BBB@@@@B@AH@@@@@@@@@BC@C@@@@@A@@@@@BF@@B@@@@@@@FA@@@@@@@@@@AN@@@@@F@@@@@@@@@@@BB@BB@@@@@@@@@@@@@@@B@B@B@@A@AB@@@B@BFA@@B@@@@@@@@@@@B@@A@@@@@@@@@@DFB@@@@@@BBB@@AD@@@BB@@B@@@@@@@@@@@BB@@@@@@@BC@@BA@@DB@B@BB@@@@@@@@@@@@@@@@B@@@@@@BADAB@B@B@@BB@@BB@DABCBA@@@@@@@@@@@@@A@@BA@ABEBAB@BA@A@A@A@@HC@@DFB@@DBB@@@@@@@@@@@@@@BBB@FD@@DBB@AH@B@D@@@BEH@BADA@@B@BBDBBF@@@@@@@B@@@@@@@@@@@B@@@@B@@@@@@@@@@@@@@CB@@A@A@@@@@@@@@@@@@@BA@@@@@@@@@@@@@@B@@@@AB@B@B@@A@@@@@@@A@@@@@@BAD@B@@@@@@@B@@@@BBBBBBBBBBB@B@B@@@FB@DBBDB@B@BDF@B@BBB@@BBDD@BB@"],"encodeOffsets":[[116853,23267]]}}],"UTF8Encoding":true}