{"type":"FeatureCollection","features":[{"type":"Feature","id":"469026","properties":{"name":"昌江县","cp":[109.053351,19.260968],"childNum":1},"geometry":{"type":"Polygon","coordinates":["@@@A@EAE@EBIBG@QDMDIFK@UIKGGCGAQFQJIJGLERENBPAJKDSFIFITKL@DBDBJBBCBEFMFCFGHIHGJOAQAMEMEMAECOGMGQGMAKFSDKJQLMTKFERIJIDKAMCC@CBMFGLWBKBEDKBMDGJAHBHBPJB@DBB@B@FAHAHEDABADIBCBAD@B@B@BBDB@@B@DADABABAD@F@B@B@DBB@B@B@B@@ABA@ADCBCDABAD@BAB@B@B@F@B@@@B@@AB@@@@@DBFD@@B@@@B@B@BA@@BAB@@@B@@@@A@C@CDE@A@EAG@CCA@C@A@@DA@C@EBABEB@AC@A@CB@@AB@@ABC@AAI@AAA@CBA@A@AAC@A@ABCBA@@DABABC@C@EAA@ACEEGCEAA@ABABABADCBC@C@CAG@C@@@CBC@@B@BABBB@B@F@B@@@B@@@B@BAFA@EAAAE@CACA@@@A@A@@BA@AAA@CCACACCAAAACAACACAC@A@CCCAAAACCKAC@E@ABU@CAACAA@A@A@E@@@AA@@AA@AEAAAE@EAA@C@CBA@@@C@G@C@EAA@@ACCAAAAAAA@A@C@ED@@A@C@A@EAA@CBABC@CBGDCDEDADADA@EBCBCBC@ABA@A@E@A@A@E@A@A@ACACA@C@CBG@C@@@A@AAAA@@AACAA@A@A@E@CB@@AA@@ACAGAEEKGKCCAC@@CAA@ABABCDA@ABAB@@A@ABA@@@A@ABA@ABADA@AD@BAB@B@@CD@BCBEDADAB@BA@ABA@A@A@CBA@AB@B@BAB@DBB@HBD@@BBBBDBB@BDBB@@@F@L@F@BBB@BDB@BDFBBBDBB@DA@@BBB@BFD@BBD@D@@DD@@@B@B@B@BDF@B@B@@ADAD@@@B@DBD@DAD@FAF@@@F@B@B@B@@@BABA@@H@B@@ABMhADAJABAB@@AAA@C@CBWHG@@@A@A@@@A@@@A@A@A@A@KJMHCBA@E@C@G@E@C@AAAAACAACAC@EDCBC@A@CCC@A@A@KNGH@@@D@B@DBL@DBD@DBB@DABABADABBDBBDBD@BB@DBF@DABABBBABABAD@D@BDFBBB@BB@DB@BDBBBB@@DAB@@B@DAF@FAD@BABCB@BAB@B@BABAB@BABCBCBC@CACAA@E@EBCBCBC@@BABBB@B@DCB@BABBBBBD@HBF@B@BDDBDF@BCBIDG@C@C@EBEFMPCFAFCNCLAH@P@JABEDCFCLGJGHKBODO@E@GACAEAIAIDEBIHGHCBEAG@G@E@GDIFKHQLIDGBE@CBEBABAFCFGFEDGAIAGEGEICKAQ@E@EAECECC@CBGBWHSDWJMDIBMCKBKBSFMHIHCHCLAD@BADABGFCDED@@ABADCFCF@DCFGDADAHBFGVIPUZNVZ^`N\\LXDf@\\BTDdRNN\\jNV\\XbNhLZLjXuFGDAB@DBDBF@FAFADADEBC@CBABCB@DAB@B@DAHCD@FAD@B@@CBKBIBEBABABAFABA@ACABIBCDG@CDABE@GAC@AFCHCLAF@H@HDHFFBJFHAFAJE"],"encodeOffsets":[[111662,19897]]}}],"UTF8Encoding":true}