{"type":"FeatureCollection","features":[{"type":"Feature","id":"632322","properties":{"name":"尖扎县","cp":[102.031953,35.938205],"childNum":1},"geometry":{"type":"Polygon","coordinates":["@@DBDBD@PBHADAPDJADBP@J@B@D@FCD@B@BDDDDDD@DA@CAC@EBODCDCD@F@HBDDBH@H@J@DDDFBDBDADCBIAEECCC@CBCBADAD@HHLFDBHCLAHIDGB[JSRGJ@H@RBD@dAHFLHH@^UlGDAGMDIRIVEUU@GbAnUfBDCGUOMTWDMbDFAH]HOREJCJG@@B@@@`E^aD[NOB@BAP@JARE\\CJABC@CEC[G[CEC@ACAIECACA@ABCBEFGBCDAB@BABADG@AB@DBBBD@BA@@JFD@D@FADAD@D@PJFFFF@BD@BAJIHCNKDGHQ@OAO@MCGGCKA[BOAEEBE@E@CAA@@BMJK^IBG@@@@BA]OEMAA@ABCBCDCBA@A@@LOTQVKRQAAECE@CAEBC@@ACCIEGCQCGAECAC@CBE@CACMEIAEAAABCDAXE@A@ACAGAOGCAGAAA@@BABABA@C@C@A@A@E@A@AAAC@CCCAGEAAECEAA@CC@A@ACAAAA@CA@ECAA@CBC@AAA@CAAACAECCCC@AAKGAAEAA@CB@@C@W@EAGAEAEAGCEAACA@CCAC@GA@A@CBA@AB@@AB@BA@AD@B@@AB@@CBE@CDC@@BABABAB@@ABA@CBAD@BA@@DAD@@A@ABEBABA@E@@@A@@@A@GBA@A@E@EB@@A@@@AC@A@C@C@A@@B@@A@A@@@A@A@@BA@@@@AC@C@C@A@C@A@A@CB@@AA@@A@@@@@CBA@A@@@A@@E@@@G@IDEBC@EDA@E@A@GBKDABMNEDKDABGBK@A@O@C@@D@B@BB@@B@@BBBDBB@@@BAB@D@@BBB@@B@@@@@BAD@B@@BBDB@@BB@DB@@B@B@BBB@@BDABBDBDB@@B@@A@CBGB@@ABA@MB@@A@CB@BAAA@EAA@@@@BABAB@BCBABA@CB@B@@A@A@@@A@AAA@CB@@A@AA@@CBC@A@@BA@CBA@@B@BA@@@ABCAA@@@@BAB@@A@A@CAA@@@AACEAC@A@@@AACAA@AAA@A@GYHA@A@CBA@ABGBABAFAD@BBDBD@BBB@@AB@B@B@B@BBDDBBB@B@@@D@BABABC@CB@BAAC@A@CAA@A@@@KHGDCBA@IBC@MAG@CACACBEDED@@A@a@C@G@C@EBCBA@@B@B@B@@AB@@AF@@A@A@A@ABCD@BA@A@@@@D@@@@A@AB@@ABBBA@@@@BA@A@A@AB@@AB@@B@@B@@AF@B@B@B@@A@A@A@@B@@BB@@BBB@B@B@BA@BDA@BBB@@DDB@@@HB@@@@@@CHEHADCJAF@H@DDFDDDBBF@@BB@DBBBBBDBB@@@DABB@D@BB@BB@A@@BB@@BBBA@BD@@@BBDBB@BDB@@@DB@B@@@BBFDDDBDB@FHHHBBBB@B@DBBBBB@BDBDBDHFBB@BBDBBBB@B@@BBDDBB@@BB@AD@D@@AB@B@DAB@B@B@B@B@@D@BBB@@FB@B@B@@AD@@ABCB@@AB@BAB@BA@I@A@@BAB@@ABC@CBCB@@A@A@EDC@A@A@A@@@AD@@ABAB@@CB@BA@A@EBCA@BA@CDA@CDC@@BABAB@@A@A@AB@@ABABCBAB@@@B@@@@DFBBBD@@A@@DB@BD@@@D@D@B@D@@ABA@@BBB@BCF@BBBABADAD@B@B@@BBB@@@@B@BABABCDABA@@BBD@B@B@@CB@@AD@@CD@BCBADADA@@@E@@@@BABABABA@C@@BA@AD@@@@@D@B@@@B@BA@CBMBABAB@BBBD@HAJ@FBBDCFABGDC@ADAFBHBFBHADGFCF@D@FBJDJBFFFFDBDADEFADCHCFADEDAF@DDHHHBDEHEHEHCF@F@JAHBFBF@FDHBFBF@D@D@JBFBFDJBBF@TDHDBB"],"encodeOffsets":[[104107,37029]]}},{"type":"Feature","id":"632321","properties":{"name":"同仁县","cp":[102.017604,35.516337],"childNum":1},"geometry":{"type":"Polygon","coordinates":["@@NMFONKFG@EGCWCECCEFGTEdAR@NAFA@CAAGAGECCMGAGDILKBKDCDAN@RFJHNLLHLBNADCDAFGDGDEBGBIBEBIAEAIAGAIDEBEDEFEHEJEFEHCHGHAFEDCHCJEFALAL@HBJ@J@H@L@HAFAJCJCH@FAPELCJCHC@EFQBIBCXS\\YPKXKLCDE@CCIBIDAJDHDJBDADE@CAGGY@C@CAE@E@IDEBE@EBCAEAC[QGECGDIPMPCDCFCRIHADAJEJ@BB@E@GEE@CA@CCAAA@@AA@@@@@A@AAAA@@A@A@@A@@@@@AA@A@@AA@@@A@@@B@@AA@@AA@A@A@AA@@AAA@@A@@@@A@@AA@@@@@A@@@@A@@@@@@@AAA@@AAA@AA@@A@@@AAA@A@@@@BAA@BA@@@@@A@A@A@A@@@@@A@@@A@@@AA@CBI@@CAC@GBGDGDGDUFQDQFKFODIBM@KAG@EBIHABA@@@A@C@CACACAAAAA@AAAAAAACBCAA@CAA@CC@A@C@CBC@C@C@AAAAAAAC@AC@@@A@A@ABA@A@CAAAACA@ACC@C@EAEBCBABCBABC@A@CAC@C@A@A@ABABABAB@FAF@FAFAD@B@BA@@BABA@C@C@E@A@ABADABA@@HCDCB@@A@EAGG[AOAA@@C@IDEBC@ABC@CAE@C@AACAA@AACAACAA@CA@@A@A@ABA@@DAB@DABADABABA@A@A@ABAB@DCFAHABADAFCDCFAB@D@D@FA@@D@B@DCDAD@DBJHB@B@D@FEHCDCFCPKRGDABA@CACAKBEBC@EACEEAC@EDEFCF@FABABC@EBC@MJIHG@ADADABC@ABABADA@AB@DA@@BA@CBC@EBCBC@C@C@A@ACACACAAAACAAAAAACAGCCCC@CAEAA@CAC@A@A@ABABA@ABC@AAEAA@CACBCBABCBC@CAAAA@AACAAAAC@CAE@G@C@EAA@C@AEECACAECCCE@AAA@AAA@A@C@C@ABC@AA@@AAAA@CBCBC@A@A@AACACAA@CAC@A@AA@CACAA@@AAIAGACBA@C@A@A@@AAACAAAC@C@A@A@C@A@E@CAA@AAAAAAAAAAAACAAAACAAACCA@CACAA@CAA@A@A@ECCAA@CBA@A@A@CAA@AAAACAA@AAEB@@CBA@A@C@C@CDCBA@@BABC@C@C@CBABABA@ABA@A@A@C@AA@A@CAA@CA@CCAA@C@A@CBA@A@A@C@A@@@CCAAAEBEBA@A@EACAEAEAC@C@C@A@E@A@C@A@C@A@C@AAAAAECCCCEAECAAAA@A@C@C@@ACAA@@E@CBCBA@A@A@A@A@AAAAAACAAAA@CDADABABA@@BA@A@@BA@@@CBC@EBEBEBEDADCDCFADAHAD@FBF@H@FAFAFAHCHCDGDGDEBE@EBE@E@CB@@ABC@C@GBEBABCDA@@BA@CAA@C@@BCJAFBF@DBFDD@D@DABCF@DABABCBCD@BAD@B@H@J@FAFAHCLABA@EBEBCBABCBCBCBCBA@AB@@@FBB@D@BBD@F@BCBEDE@@@@BFFDDLDD@F@DD@BB@JDPFFDDDAJ@HENEHGDCD@D@JEFMHEDCD@HCDADADCDADAD@D@D@DADCDA@ABC@@BC@EFA@C@E@ABCFCJCFCFADADCDCF@B@@FJFJBD@B@D@B@B@BABBB@DA@@BAB@BABAB@BABIHGFABA@A@I@C@GBA@@@@BCDCDGFMHEDCFABGDEDC@CBA@@A@@BA@@A@@A@@@@AA@AB@@A@A@@@@A@CAAAA@@E@S@AAAACECGIA@AA@BA@CD@FADABCB@ACEC@C@CACCICCAICEAAAACCCCICC@EAAEKAG@ECO@C@EAGBGACACACECCACBE@C@CAACCAAAA@E@C@A@CBCFCBA@OBG@A@AAE@CAE@A@@@SLABA@A@EBC@EACCCC@@@ABC@@@AICCCAAAA@@AA@@AA@@CAAA@AA@@AC@A@G@AAA@A@A@AA@@E@C@@@AA@AAA@@@CA@AC@@A@@A@AA@@@@@@@AB@BAB@@ABAB@@CD@BAJ@DEHCHADMNABEHGNEDEDEDADCF@BADBDBDBBBFDFDBBBDAHCD@LCJCHANDHFDBFDDB@FAB@FBBHBFBHBDADABAD@H@FBD@DBDBFFDBDDFF@D@DADEB@DCFDFBF@B@DCDAD@DBD@DCFABAF@DAD@D@DBBDBFBB@JBPBDBHDDBBBF@BFDBD@FBD@HEFCFAFDHD@DCF@B@F@B@B@DBBBJDDDFBB@BAD@D@DBDBBDBBDADADAF@DAH@F@DBBFHBD@F@HADCLIJAH@DCBEDADAFCDC@E@E@AD@BAFADABCBEBEBA@CAE@C@C@ABADGDC@C@C@GDK@EBGBC@CBEBE@GBCBQCOEC@G@@BA@CACAA@CAA@AAAAA@A@A@A@@@A@KAI@GBGBI@EAA@A@A@@@ABA@@BA@@BC@CBC@@BAAA@A@A@A@C@A@@AAAA@A@A@A@A@ABC@E@@@ABC@EBA@A@@@ABG@A@ABA@EDC@E@EB@@CC@@AAA@A@C@C@C@EAA@A@A@EBABADEBCD@BADBHB@BBBDBDBBDDHDH@DDDDB@D@D@BBHDBBDDB@FBNJD@HF@DDB@BA@CBC@CBCBCBAB@BDDBFDDFFBBFFFTBF@B@BBBBFDF@D@FCF@BBABAFAD@F@DBBDDDB@@@@C@@J@@@@B@DAF@BABAB@BADAD@HAFABB@@@DBHBBBFDDDBDBFHDDHFD@BADBDDDDDBBD@F@@B@BBDBBBFDDBBFBDBFDHBFBBFD@BBJDBDDBBBHFDLDLBLBDA@@BB@@BDBB@BBBB@@BB@@AB@B@D@B@F@DBBBBDH@B@D@BBDABBDAB@@@BA@@B@DZG@H@BBB@BBBBD@B@@@BBDDFBB@@B@DBB@B@@@BA@A@@B@DBBA@@B@@A@AB@DAB@@AB@D@DA@@BBB@@@DAB@BBB@@@B@B@@@@ADAB@BADA@ABABA@A@@B@FBB@BB@ADAB@@@NAB@BA@@HADAB@@@@AA@ACACBAAC@@AA@A@A@AA@@CAA@@CAAA@@@ABC@A@@@@@AA@AA@@@CBA@A@@AAACAA@@@AA@@A@A@CD@P@B@L@HABALCFCNMBALCHAB@F@B@FCD@FAJCH@@@F@@@@B@@@BAB@D@@@@@BB@@BA@@D@B@B@D@B@D@DBD@@@@AB@@@B@B@@@B@BA@@@@B@D@D@BBD@@B@@@FAF@B@B@HAB@@@B@@@F@B@BAFABAB@@@BC@CB@@ABCDAB@BA@@BABABA@AD@DCF@DA@@BA@@@ABCB@@ABA@@BAB@DAB@B@@HBDDDB@BDFBHDFBFBHBFBX@D@@@DAB@FBBBLHBBD@DDFDDBBBDBB@BBD@DAB@DB@FDBB@BBDB@B@BDDB@FBFDBBHFDBDDD@BB@B@B@F@B@B@D@DABABAB@@BBHBDBPHHBDB@B@BWFCBADBBFBJBNFBD@DAF@DBDFDHBRDHDJFDD@BD@FADBF@FDBB"],"encodeOffsets":[[104574,36634]]}},{"type":"Feature","id":"632324","properties":{"name":"河南县","cp":[101.611877,34.734522],"childNum":1},"geometry":{"type":"Polygon","coordinates":["@@@ECA@A@A@@@A@@@@@A@@@@@A@A@@@@@AB@@A@@@@@@@A@@@@@A@@@AB@@A@@@@@@AA@@@@@A@@@A@@@A@A@@@@@A@@AA@@@@@A@@@@@@@A@@AA@@@AA@@A@@@@@A@@@A@@@@B@@A@@@A@@@@@@BA@@@@@@BA@@@@@A@@AA@@@A@@@A@@@@@A@@@@@A@@@@@@B@@@@AB@@@@AB@@A@@B@@A@@B@@A@@@@@@AA@@@@@A@A@@@@@A@@@@BA@@@@@A@A@@B@@A@@@AB@@@@@BA@AB@@AB@@@@@BAB@@A@@B@@A@@@@@A@@@@@A@A@@@A@@@@@AA@@@@@@A@@A@@A@@@AA@@@@@@A@@AA@@@@@A@@A@@@@@AA@@@AA@@@@A@@A@@@@A@@@AA@@@@@AA@@@@A@@A@@A@@A@@@@@A@@@A@A@A@C@A@A@C@CBC@CBE@E@IAEBCBCBE@A@CAACC@CBC@EDCDE@EBC@CBCBCBCD@@A@CBCBCBC@ABC@CFCDAF@DADAFBF@F@BABABC@E@CBCBCBCBEBEBAFAHAHADC@CACAC@CBCFAFAF@FAFAF@FCHCFA@@@@B@F@T@B@D@HANAF@H@D@@ABAB@DBB@BBDBB@BAB@B@DBDBD@D@D@BAD@DAB@D@BBD@B@BADAB@B@D@DBB@D@@@B@D@D@D@B@D@@ABABA@A@A@A@AD@BAB@B@BADABABABCBABAD@F@B@D@BBBBD@B@B@FEFGBGFCHCDEDCB@DBB@D@@@RDBBB@BQBCFEFGHODEDABC@CAAAAC@@C@@BCBCBABA@@@A@@@AAA@AA@AA@A@@@A@@BA@@@A@@B@BABAB@@@BA@@@@AA@A@@@@@AB@B@@@@@@A@@@@@AA@@@@@@@BA@BB@@@B@@AB@@A@@@A@@BA@@BA@@D@@@B@@A@@@@@A@@@@@@B@@@B@@@@AB@@@@@@@@A@@B@@@B@@@@@B@@@@@B@@@BA@@BA@@@@@AA@@@@@@AB@@@@@B@@@@@B@@@@ABA@AB@@@@@BA@@@A@@@A@@@@@@@BA@@@@@@@@@@ABA@@@A@@A@@@@A@@@@BA@@BA@@@A@@B@@@B@@A@@@AB@@@@ABA@AB@@@@@B@@@@A@@B@@@B@@@@A@@A@BA@@@@A@@@@A@@@A@@BA@AA@@AA@@@BA@@@C@@B@@@B@@ABA@A@@@AB@B@@@AA@@BABAB@AAC@@@@@@AD@@@@@@@B@@@B@@@BA@@@@AA@AB@D@@@@@@A@@AA@@@ABA@@@BB@@@@@B@BA@@@ABA@A@@B@@@@@BA@A@@B@@@@@@@AA@@@A@AD@BA@@B@@@D@B@BA@@BB@@A@@B@@DA@@@@@A@@@@B@BB@@BABCB@@A@A@@B@@@@AB@@@@@@B@@B@@@@@@@@A@@@A@@B@B@@@@@B@@@B@@@A@@AB@@@BA@@AA@@@@BAB@@@B@@@BAB@@A@ABA@A@A@@B@B@@@@AA@@A@@@@@@B@@@@@BA@@@@@A@@@@@A@@@@B@@A@@@@@@@@B@@A@@@@@@@@B@@A@@@@@@@@@@BB@@@@@@@@@A@@@@B@@@@@@A@@@@@@@@@A@@@@@A@@@@@@B@@@B@@@@A@@@@@A@@A@@@@@A@@@@@@@@@@@@@A@@A@AA@@@@@A@@AA@AA@@@AA@@@@@A@A@@AC@@AA@@A@@@@A@@@AA@@A@@@@A@@@@A@@@@@AB@@AA@@AA@@@@@@A@@B@@@A@@@@A@@@@@@@@@@AA@@B@@@AA@A@@@@A@@A@@@@AA@@B@@@A@@AB@@@@@@A@@@A@@@@A@@A@@@A@@@@@@@A@@@A@@@@@@@@A@@ABA@@@A@@@@@C@@A@@@@AB@@@A@@@BAA@@AD@@@A@@A@@B@BA@@@A@@@@@AB@@A@@@@@@@@B@@A@@@@B@@@@A@@@@@@@@@A@@B@ACB@@@@@@@@AAA@@B@@A@@@@BA@A@@@AAA@@B@@@@A@A@C@@B@@ABA@A@@@A@@@@@@B@@@@@B@@@@@@@BA@@BA@@@@@@BA@@@@BA@CCA@A@@CAA@A@CAA@ACE@AAGAA@AAAAA@@AA@ACAA@CAAAAA@CAA@A@E@@@A@ABA@CAC@C@A@EAA@AAAAAAAAAAAACA@GEIECAAC@C@C@C@CBCBA@AAC@CAC@ACAC@EBA@C@E@CBC@CBABABABE@CBCBCBEBEBEDC@ABC@C@C@EBCBC@GBCDCDC@K@IBG@CB@@A@@@@@AA@@@@@@@AB@@A@@@@@AA@@@@@@@@A@@@@@A@@@@@@A@@@@@A@@A@@@@AAA@@A@@@AAA@@@A@@@@B@@A@@@@@@@A@@@@A@A@@@@@@@AA@@@@BA@A@@@A@@@A@@@A@@@@@@@@ACBAFC@ABC@A@AAC@AACAA@A@@AAAAAC@A@A@ABABABABABABC@A@C@A@A@C@A@C@A@AAA@AAAAAAAA@C@A@CBA@C@A@ABA@E@A@EBC@C@A@C@A@CAA@AAAAA@AAACA@G@GBCAA@@@@A@@@@@AAA@@@@@@AA@AB@AA@@B@@@FCJGBAFCDEBC@CAGFK@CC@KAI@CAEG@CBEAE@ACGAAAKC@A@CEAAA@@@E@EBC@CB@@AA@@A@ABA@ABA@@BA@@@ABA@A@A@ABA@A@A@A@A@A@A@@@@@A@@@@@A@@@A@A@@@A@C@A@@@A@@@@@@AA@@AA@@@AAA@AA@@AA@C@AFCD@DABA@CACAEAIACAC@E@CAEACAC@GAG@G@EACACC@EBOFODIFIBGDC@C@CBADEDEDGBEBEDCBCBEACACCACE@EBC@E@EBABADAFADADABAD@D@D@B@BCBGBODE@C@C@AABCBCDEBCDCAEACAC@AAAACIGICC@CBCBADABE@IAG@@@AAA@@@AB@@A@A@@BA@A@@@AAA@A@A@A@A@@AA@A@@@AAA@AAA@@AA@@@@BA@@BA@@BAB@@@@ABAB@@AB@@A@@@A@@@A@@@@@A@@@A@@@A@@@A@@@AA@@AAC@@AC@AA@AA@@@@A@@AA@@A@C@@@A@A@A@A@A@CAA@@@A@AAA@@@A@@A@@@A@@@@@@@@@@@A@@@@@A@@@A@@@@@@@A@@@AA@@@@@@@@@@A@@@@AA@@@@@A@A@A@@@AA@@AA@@A@@@@@@@@@@@A@@@@@@AA@A@@@A@AAA@A@@@A@@@@@A@@CA@AA@@A@@@@A@@@@A@@@@@AA@@AA@@A@@@AA@@@@@A@@A@@AA@@@@@A@@@A@@A@@AA@C@C@@@@@AA@@AA@@AA@@AA@AA@@AC@GFABAD@FBD@DBBAD@DCBABAACACEACBABI@A@AAACAA@A@C@CBABC@ABAD@B@DBFBFBDBH@DAF@BEFEFGJCBA@C@C@AAAAAC@EAAAAAAGAGBAAA@E@GBA@CBA@EDIDOJILAFAFCDADCF@@BBBBHDDDBF@BABCBCHAFCDEBGBEDE@A@CBAB@D@F@DADAFEBCBC@AAG@EBI@I@A@ABABEBEDC@GFCB@DA@AD@D@DA@CBABCACACCCAEAIAC@E@ABCD@D@DBFAB@BABCBGACBA@AB@BAD@BABCBC@I@EAGCAACAAAA@@ACCECCCA@C@C@ABCBA@A@CAAAACCAEAGBEBCDAD@FFHBF@BADADEDGBGBIBMBG@ABM@QBKD@@ADCBC@I@G@G@G@E@ABABADABABEBABA@GBK@G@EBE@CBCDCDCDCBCBEBC@A@ABC@C@@@A@ABC@A@A@@ACAA@A@C@C@EBCBGAA@CAEAGAEAA@EBAB@@ABBB@BDB@@DAD@B@@BBB@B@BADCBC@C@A@A@@B@B@B@BFBDF@B@BABABABC@A@CAECC@A@C@EBCBC@E@GAABA@A@CFAD@BA@A@C@A@KAABA@ADC@CBEBCBA@CDCDCD@B@B@BB@BBBBB@@BAB@BCBEBIBA@ABA@ABC@ABA@@@A@AAAACCCAA@A@C@CBC@CBABABAB@B@BBBBB@B@@@BA@@B@@@BBB@B@B@B@BBBBBBBBB@B@BAB@B@BBB@BBB@BAB@BCBABABCBC@CBC@C@C@A@A@A@A@A@C@C@G@A@ABEBGBCBAB@B@@@@@@A@A@AA@AAAAAA@@AAA@AAAAA@AAA@@AAAAA@AA@@A@@AA@AAA@@@AAA@C@A@AAA@A@@@EDGFEFGFCBEBE@E@CAAC@CCCABCBCBG@CAE@CBGDCACAGAGAI@CBABABCBCAECICGAA@A@CBCBCDEBC@A@IAE@CAGCEC@DAB@F@F@FADABCBGDG@CAACACABEBGDEDEDABAFADADEBCBGDCDABAFEFGFCBC@EBCDCBEFC@CAGEGACBGBIDGDEDGHED@@@DFNHPFR@PDLNNBFFPFP@L@N@PBLBLCPCL@B@BADCDA@@D@BB@@D@BAF@D@DBBBD@@@D@BADAHADAD@H@DBDAB@BBDBD@BC@ABAB@BABA@EBCB@@C@C@AAAACCACAACAAAA@A@CBEDCDABA@grDbShDjcXAhELH@HAFAD@DAHCH@H@H@H@JBF@DBFBFBF@HBD@F@F@H@D@JAD@FAHCDAFCHEFCFGDCDADAHCFADAF@F@FAFBDBHDHBFBFFFBDBDDDBDDFDFHDBDFBFDFDFFFBDDHBF@H@D@H@DBF@F@DBDBF@FBFBDFDFBH@D@FCDCFCJBHBDHBD@DBD@DBFBH@D@B@FADAFAHCFADADADCFADAFEFEFAHADAH@D@DBD@D@@DBDFBH@DBDT@dDNDB@DAD@@@BFB@@@BD@DBD@BDDBD@BB@@BBB@@BBDDHFDDDDDH@BCJAFABIH@@CJCF@BBD@B@@@B@DA@@BA@@@@B@B@D@@BFBD@D@BF@D@BABADKB@@@DBD@D@@AD@@ADCDADADCD@B@D@F@B@BBJBF@B@DAHEFAFABAJ@FAB@BABGDAB@DBBDBH@@D@FAF@F@FAD@FBF@FBFDDBDDDDDBDDHDFDHDFDDBDBFDFDDBF@DBD@FBD@FBDBF@H@DAH@D@HAPAHAF@H@F@F@F@JDH@H@H@FBHBDBFBF@DBFBD@D@F@F@D@H@J@F@J@F@D@FBD@J@FBFBD@HDDDHBFDFBDBFDDBFBDBDBHBJBFBF@H@DAF@FAH@HADCFAFAJAHAFCF@FAFAFADAHAJ@F@F@F@H@F@F@FBH@F@D@D@FBD@J@D@HBDBHBDDB@D@B@FAF@@@HCBAFCDAH@FAD@BBAH@D@DBDBDDBBBBBBBBBDAB@BE@CBAFCBAFBBABA@ADCD@BA@ABCBABEBADA@@B@BB@BB@DAHGRJRKNV^IBIIEWABi]AEICWPcK_NSB[ECFCHCPCX@NBdH\\FN@RCVAJA@@@IBABA@@CC@C@CACBAB@B@@BD@@@B@B@@BB@@@BBBABBB@@@@@BBB@B@B@@@@@@@@@@BD@B@BBB@@BB@DB@@B@B@B@@BB@B@D@B@D@F@BBB@D@B@@BHBDB@@B@B@@@RCRARBH@JC@@D@DCDCDCDCDCBCBCDCBCFGDCDADCFEJAH@DAF@J@F@D@H@HAF@H@F@F@FDBB"],"encodeOffsets":[[104366,35579]]}},{"type":"Feature","id":"632323","properties":{"name":"泽库县","cp":[101.469343,35.036842],"childNum":2},"geometry":{"type":"MultiPolygon","coordinates":[["@@BANMBCDGFG@CBI@ADC@@BABA@@BA@ABA@@@@@@B@@B@BB@@@BDB@@D@@BB@BBB@@D@F@@@BBB@B@B@BBH@B@D@@BB@@BBBDB@@BB@@BB@@BBBBDDJD@B@@AD@B@@DDDDFBD@FAB@B@BATK@@B@F@DBF@BBB@H@PAB@DADEDAB@D@F@B@BBDBBDDBD@F@DADBFDBDBDBDAHBH@F@DDP@FBHFLBB@FDDDJDDBDBBFBJDDBJDDDDBD@D@DF@BDABABC@EDCB@@ABBB@HJFDBDBB@B@T@FB@BBDBB@@@@@@B@BA@@BBB@@@@@BB@@@AB@@@BB@DAD@FCHCBADEFCNGHEDCDC@A@@B@HAD@J@B@B@BAHEJGBA@ABABA@ABA@AB@@CAABA@A@A@A@C@AACEIEI@@@ADEDCBCBCDEDEDIDEBAF@D@B@FED@@AD@BAB@DCBC@C@C@CBCBCDCBCBCDC@GDCFCNGFE@I@CDCHCFGFM@GBICCECOEICA@@ACCE@C@KCCCEE@A@@F@FCDA@A@EAC@A@CAA@E@@BAB@DADADADABADAFAFAB@BADKBGBE@E@I@G@ABC@ADCDABABA@CDEBA@C@CCCAE@CAEBEDI@AD@B@DBB@@AB@DCBAFAHAD@D@BA@@DAF@F@FAF@FAHCHCDCDGBGBEBE@E@GAE@EBCBGBCDEDCBCFCFAFAFAD@DA@@B@@AB@AACACACCAA@C@C@A@A@AAAA@EA@@A@A@A@AAA@A@AAAAAACA@A@A@A@C@AA@EAC@C@C@AAA@CAAA@C@AACAAAA@AAAAAAAAA@CAA@AAAACCACCCAAAA@AACA@@BADG@EAGGEICIAAGM_KKAGBEFEHKNILMBA@CQDE@GAGBIBKBKFIDMDK@GAE@EBEB@@@@A@@@@@A@@@@AA@@@A@@@AA@@A@A@@@A@@@@@A@@@@@@@AB@@AB@@A@@BA@G@EEGCCAA@CBC@CCGCGEEAA@CBCBC@CAC@CBE@GAE@CCCCCACCAECAC@EAE@AAACBC@C@EBEBEDA@C@CBAFCHCB@DCBEAEACECEACC@A@ABABABCBABA@C@A@EAE@E@I@GBC@CAAAAA@E@AAAA@EAE@EAE@CAEBC@EBC@EBEBG@CBC@C@CAECC@C@C@I@AAAECE@E@G@E@GBG@C@E@I@E@CBG@IBEFCDCBCDEHADCDADADCDCDCDCDCDC@@@IDG@QAQBQD@@A@A@@@CAGA@AA@C@A@AAE@C@A@C@A@A@@AA@A@A@@@CAA@@AA@AAA@C@@A@@@@@@@@A@A@A@AA@@@@A@AAABAA@@A@@AA@A@@@C@@AA@A@ABBD@D@DDD@@ABAB@J@@IBUBQDM@[EcGMAW@ODGDEDFDA\\MTL`OdDXFJ^BAjXBJFAJ]JMUQLQIGHCBA@@AAAA@@@CBABAFABAD@BABC@CD@BABABEAABEDAB@DAFA@CBAAAAAAAACAACAC@C@CBGAAC@EBG@CBEDABGD@@E@EBA@C@A@CCGACAGAC@I@C@EAC@C@E@G@EAE@E@G@E@E@E@I@GBCBEBEBEBE@EDGBIBEBEBCDGBG@EBE@CBG@E@EAIAGACACAEACAECCAEAECGACCGCC@EAEAI@C@EAC@E@I@E@I@G@C@E@E@C@C@EACAE@EACAGAEAG@G@G@ICE@E@E@G@E@GBOBGBC@G@CBG@E@CAEAC@EAC@CAE@CAECECCACAECGCECGCCCCACCCCCAECEAE@EAC@EBE@E@EBC@@@AGACCAA@CBAHABA@EBI@ABEBEBGFCBA@E@IAAAA@E@C@A@C@CDCBCBCD@BC@@BC@C@CA@@A@CLABABC@E@ABCDABAFABABG@CBKHE@A@AACACCCCC@CDGHEDCBG@EBEAGAE@KAG@E@EBMCEBKDABCHEHCDCBA@AD@DFFBD@B@BABIDOBCAA@E@GAE@C@G@GBEBEBEBEDGBGDEDGBEDCBEBCBGFIDCDEDEDADADADCDCFADADAFCBAFCDABEDEFADADEDABEDCBEDEDIBCDEBCBEBCBEBE@IDC@EBGBCDG@EBE@C@C@CBIDI@GBE@E@CBG@E@GAE@E@CBE@EBGBGDCBCBADCFCFEBEDCBGBCBGBGBGDEDEDEBEBIFCBEDGBGBCBEDCBADCBCF@FADEFCDAB@@C@ADCHCDC@A@IBA@C@ADGDABA@@D@B@D@B@B@B@@@BAB@B@@@D@B@B@B@DBB@BBDBB@DBB@D@D@@BBAB@@@B@BCD@D@BABAB@@@@BBFDDBDDBBDHBBD@BBBBDB@DABADAB@@AB@BCD@B@B@BCDCBABBBDAHADAF@B@D@DDJDD@HBBBFHPRFDLHDDB@JDNDF@HBJDHBDDF@FFHDFDFDDDFDDDDDDDDDHDFBFDBBNPvbd\\RTbfbfDBABEFABCFE@CBC@CDA@I@I@GAA@GRIBEBGDIBGDIBEBGDkI]A@@A@@F@H@N@@@B@@A@GBUDGBWD[DM@I@SBC@W@CNEPOJEB[NABAB@BA@@BIXABCFADAFCH@FAD@D@D@DDDBFBDBHJDDBH@D@H@FBFAF@FAD@DAHAF@D@DAFBJAD@FAH@H@HBHBFBFAD@D@F@HAJEF@F@DAF@FAF@D@F@F@H@F@DBDBDDFFBDBBBDDFBDDBHDD@FAD@HAHCF@FAHAD@FAF@F@F@DAH@FAJCFAFAF@FAHAD@JAF@F@FAH@F@FBD@F@FCHCDAFEBCDADAFCHCHAD@HBFBFBH@HBFBD@H@HBHBH@H@JBF@H@J@FBH@HBD@H@H@F@F@F@F@F@H@J@F@D@F@F@JAH@DADAD@HAH@H@J@DBH@HBF@F@FAD@DAFADADCDCDCFCF@DDFDHFD@HAFAHCDADCJEFAFAJAJAD@HAF@HAH@H@HCFEDEBCBABCBCFADCJAF@DAH@D@HBH@FBH@H@HBH@F@FAH@FAHAF@FAFADAFCFAHCFAJEJAHCJCLCFAHCJAFCHAFAFCFADALAF@FAH@F@H@DA^K@@@]EIAG@G@ICG@SEI@QEMBC@A@@BA@AAAAAC@@BAB@@A@@DBBAB@@@@AA@A@@@@@@AB@@@B@BAB@@A@@@CAAB@DCHKFEDEDE@AB@AA@@@ABCAI@A@KBE@EBC@ADEBGBE@CBIBA@CCCACCEEKAG@@AKAABCDALEHCB@@ABBDAB@B@DA@@BB@@B@@@B@@@B@JBBADBDAB@D@F@F@D@B@FBB@DA@@D@B@@BBB@BDBDDBBB@BBBBBBDBFB@@FDB@@BB@@B@@@DA@AB@D@@@B@B@@@BBBAB@@ADADCB@B@@@BB@ADAJAFAFAFAH@BEHMNCF@@BBBAbVTLDAD@BBB@@@D@D@DBD@FAB@DBB@B@BA@A@A@CDIFOBEDGDG@CBEBC@CB@@@D@B@@@DC@@D@B@DDBBD@J@N@H@HBB@DAB@@@FAD@BAB@FCBB@@@B@@@BDB@BDF@B@D@B@@@BBBB@@BB@@BBD@@BBB@BBBBHFD@D@BBB@@BBB@H@D@@D@BB@BB@DBH@HBB@@BHHDBƴG"],["@@AGBC@ADCFABCBAFAB@B@B@FBD@D@D@B@B@BB@@DD@@FAF@D@FCB@BAB@H@BA@@B@B@FAD@BA@@F@D@BAB@B@B@B@B@BB@BB@D@B@B@B@B@BB@AD@DAD@@AB@@AB@BA@@B@B@B@FBJ@HAHAJ@LBB@@@B@B@B@B@BBBBB@DBB@DBDBB@@AH@D@PFRDDAHAF@FADAD@HAFAL@HCD@D@D@HCBCBAD@D@F@DBB@FAFADABABCBE@ABCF@F@D@DCBEBCFCDA@CBGJIDKBC@G@EACEGAA@C@EBG@CBEBCBCACCAAAAC@C@CBC@AAACECCAIAA@C@A@A@E@ADE@CGCECEBEDGFC@EAC@CAAEE@AACAGCCAOAIAA@EACAAA@C@CBC@CBEBADE@CAC@CBCDC@C@AAECEDE@CFABC@C@CEECCCAEECACAC@EAG@C@ABCBCBGAEAGAAA@EBA@ECAECCAGEMCGBIDKDC@GDCBAACACEAEAAACACBC@ADEBCFCFCFCHMFGƳHBDBD@@@F@DAB@BA@A@@B@@BD@B@@@BA@GDCB@B@B@D@B@@ADAB@B@BFTBB@D@D@BBDBF@@DBB@@D@B@@ABGFCD@@@BA@EDCBUHC@A@@@CAA@EBGBC@CBC@A@@B@@A@@@@@EMAC@AA@AGAEAACCCAGEACA@A@ECAAOIaYAAC@EBA@aHSHA@EBCBA@C@GCA@KA] B@F@FBHBFBF@DBH@H@FAJAFAFAJAFBLDFDNJLFLDJBJBBBD@@BBBA@DH@D@BCBE@CDABAD@DAFCBCDCBCDAD@DAD@DAFAHEBCB@F@B@F@BCBGDCDCBADAFGBEFCFA@AB@B@B@BBDBD@BCBEBEB@BE@GBAD@BA@ABE@EBC@ABAD@B@B@F@@@BA@CBCBCFADA@A@CBA@@@BDDHB@@BED@BCBAB@@@@FFBB@BAD@@@BD@BD@BCD@BAB@@A@@@@D@B@@@B@@BB@@@B@@@B@B@B@@CB@@@B@@@B@@@@A@ABA@@B@B@BAB@@@B@@B@@@B@@B@@@B@@@@@B@@DDBBRDB@B@DCBABA@ABCBE@@DCHCFCD@B@BAD@D@@AB@DB@@DC@@F@FBD@FC@AB@FADCDCDCDAFAFEHAFBFBHFDBBFBHDDDBHDFBFAJAHADCDCDEDCFCDCDADCDCDAD@HAJ@FBFDFDDFDFDD@@@F@FBB@D@BFBBBJ@FBBBBD@BDHFBJ@D@DBBBD@DAHCFCFCBADCJHDBDBD@D@D@FBDBB@FADCB@"]],"encodeOffsets":[[[104174,36101]],[[104059,36353]]]}}],"UTF8Encoding":true}