{"type":"FeatureCollection","features":[{"type":"Feature","id":"520102","properties":{"name":"南明区","cp":[106.715963,26.543743],"childNum":1},"geometry":{"type":"Polygon","coordinates":["@@DADBB@BABAD@BBD@DAB@BB@B@BB@H@ADABBBBDDBFDB@D@FBBAB@AC@A@AB@HAB@HBD@B@B@DADD@B@@B@@@F@@BBB@@@@AB@@@@@@@BB@B@B@B@@@@@@@B@@@B@B@@@@@@@@@B@@@B@@@@@@@B@B@@@@@B@@@@@B@B@D@B@@@D@@@@@@@@@@@@@BCB@@B@@@BB@@@@@@BB@@@B@@@@B@@B@@@@@BA@@@@B@B@@@@@B@@@HG@CB@@@BDDDDBBBFLDBBBB@HAD@HBFBF@BBB@DGE@CEFAPAVCNAH@B@BABAEEAA@A@ABC@@C@CBACBA@@BB@A@A@AFEBCDGFKBCDABC@A@A@AA@E@G@U@@ABA@@A@AAA@@BABB@@BE@G@E@BCA@A@CD@AAAAA@AA@AAA@EAC@E@EAA@C@ABA@A@@AGBKAAAACA@CCBADABA@C@U@E@CBC@@@@BCBKBADGB@@E@CBCFC@@AA@C@ACC@E@CBADCDCBAA@QDEBA@AA@CACAAG@@@CAEAC@@H@BCHABAB@D@FAH@HB@DD@BADCLAD@RFXBL@P@BABA@AAACA@CAC@C@ADEBCBABA@CA@AIECCAA@G@ACCEAC@AA@@C@@BAB@@AACAA@@@AE@MA@A@C@CB@@@@A@C@A@A@@A@AACAAC@ABCDAF@FADAH@D@D@D@F@D@FBB@B@B@B@D@B@FBFA@EA@@AD@B@@@BA@A@A@CD@BA@A@AAA@ABA@ABA@@@AAAB@BA@EFFDDBBBBBDDB@BB"],"encodeOffsets":[[109212,27204]]}},{"type":"Feature","id":"520111","properties":{"name":"花溪区","cp":[106.670791,26.410464],"childNum":1},"geometry":{"type":"Polygon","coordinates":["@@@@@@B@@@@@@A@@AAA@AA@AD@D@F@@@L@BB@AAA@@CACAA@@@BABA@AAAA@A@@AAAAAC@AAAABABABAD@@@@A@A@@A@@@@AA@@@@@A@@A@@@@@A@@@A@@@AB@DAAEAECECCMAKEIGMIIECKAGDIFEFEJEJEHAFGBECGGCG@IAEC@IHKDEAEIAO@MBQAIEKQMQQUCEAMFGVOJEPAJBJHJHLFNDPBJ@JADADABCCGEEGIEGAKFIBGCIGGGGIEIAOKQIKCECCIHGVCV@\\CTCXE@@BBDBDDBDBBBB@BBBBBD@DAH@N@HBBA@ABAB@@@BBBB@A@C@AB@BB@A@A@A@A@A@C@@@AAACAECCAACAA@AB@D@B@B@@@BA@A@C@@@EB@BAF@D@DADA@ABA@@CE@A@@@ABCBABCBAC@CAC@CCEAAAEA@@CCIMEECICKBGBGNERENAJIBICKIEIAIAGEAI@IGGIIUEWAQLIPGPMPMLKJENBHDPAJCD@D@FBBC@A@A@CBAB@@@@A@@B@@@B@@BDB@BBDD@DBBBB@B@@@BC@EAC@C@G@C@@A@AACA@AACAC@EAC@A@A@Q@IHCP@PGLKDQIKIGCMFIHMHODQDMCYOIGKIKGEA@BBB@B@@ABC@A@A@A@A@CBABA@A@A@@AAEA@A@AAA@ABA@A@@@@@@A@A@@BC@A@A@CBC@CBA@C@C@ABAAABA@ABAAABCBAAAA@@A@AACAAACAAA@C@A@CBCB@AA@ACAACAAAA@@ABA@ABABCA@@@CBABAB@FABA@A@CBA@@@C@@@AAAAA@AAC@A@AAC@@A@AACAA@AAC@@AA@@@@ABAB@@@BA@@BAAC@@@A@@@CAABADCBA@CBC@A@CAAAA@@B@@@B@D@DAB@B@@C@A@C@C@A@AAA@C@A@AAA@A@A@CAA@@@EA@@EBA@AAA@A@AAA@@AAAAAA@AB@BBB@B@@@B@BA@A@A@C@C@CAECEAAAAAAA@A@A@A@@AAA@A@@@AB@BA@AB@@ABA@C@AAA@E@AB@DBBB@D@B@@BBBB@BB@@D@ABBB@B@BBBBBDBBDB@AB@D@B@B@BAB@@@B@B@BA@ABA@A@@@@AA@@A@@AAAAA@AAAB@@C@CAABBD@B@@BB@BBB@DAHCBA@C@CBCBEAC@AB@BABBBBBAB@B@F@D@D@B@@@@B@@@@@@@@@B@@@@@D@D@FBDDBD@DBFBDB@FAB@@B@B@BABA@@B@@BB@@@@@AB@@@BD@@@@B@@@@A@C@A@@B@@B@D@BBB@DB@B@@@BB@@@@B@B@@@@BB@@@@@@@@@@A@@@@B@@D@B@@BBD@BFBBDBBDBBCHBB@B@@ABAB@BD@BBD@DAFCFABAB@DBFDDB@B@DB@DAB@DFDBBFFD@DBF@DDBDBBBBB@BADAFB@@BBBE@C@ABBBFHBDEDAB@D@DBBDBB@B@BB@BBFBB@DBDABADABCBIFE@A@AB@@A@UEEBCAE@A@ABADA@CACAEBCBCBCBA@E@AACAEAA@C@E@CBABAF@@@@CBADC@CBID@B@BDDC@G@@@CBA@@DAD@D@@BB@D@DC@A@@@@B@DABABCBBD@DAB@@C@CBGJAD@BCBA@CB@CABA@@BBDBD@BB@BB@BBD@BB@BFB@BBBD@BDBBBB@BB@BB@@BB@@@BB@BBBDJBBBB@@BBB@@@B@B@BBF@BB@@@B@D@D@J@B@D@FAD@@@BBDB@B@D@FAFA@@D@DAB@BABCB@BA@@DCFADAF@BBBB@D@FABCBABABCB@B@@@@D@BBAB@BABBD@BAFABAB@BBB@@ABA@A@A@AAABA@C@A@@B@@@BDBBBD@BB@BBFDDBB@DBB@BB@B@B@DB@B@BEF@B@@@@@B@B@BABE@C@C@A@C@BBA@BB@@DBD@BD@DBDBD@BA@A@@AA@@@ABB@@BB@@B@@@BBA@@D@@@@@@B@@@@B@@@@B@@B@@@AAB@AA@@B@@@BB@@BA@B@AB@@@@B@@A@@B@@@@B@@@B@B@@@@B@@@@@@B@@@@@@@@@@B@@@@A@@@@@@@B@BB@@@@@@B@@BB@B@@B@@@B@@A@@@A@@@@@@@@@AB@@@B@@B@@B@@@B@@@@@@@@@@D@B@@@@@@@B@@B@A@@@@@A@@@@B@@@@B@@B@@@@@@@B@B@@@BA@@BB@@@@A@@@@@B@@@@@BB@@D@@@B@@ADA@@@A@@CA@@@AB@D@@BB@@@B@@AB@@@A@@A@@@A@@BA@@@AA@BAA@@AB@BA@@B@@AB@B@@@@@@@BB@@B@@@B@@@@D@@@@DA@@A@@@B@@ABA@@A@@@@AB@@@@A@@AAB@@@BA@@@@@@B@@@B@@@B@@@@@@@@A@@@A@AAABA@@BA@A@@@AB@@A@BB@@@@@B@@@@@@@BAB@@AB@B@@@BBB@BBBBB@@B@@@@A@@@BBB@@B@@B@@@@@B@@@@@BB@B@@@@ABA@@@@@@BBB@B@@B@@@B@@@@@@@@@@B@@B@@A@@BB@@A@@@@B@@B@B@@BBB@@BA@@BD@@@@@@@@B@@@@B@@@@@BB@A@@BB@@@@@A@@@BB@@@@@@B@@@AABA@A@@@@@@@@@@@@@B@@@@@@B@@@@@@@@A@@B@@@@B@B@A@@AB@@B@@@@@@@B@@@@@@ABB@@@@B@@@@@@@BB@@@@@@@A@@@@BB@@@@@@@@A@A@@@AB@@@@@@@BA@@@@@C@@@A@@@@B@@BBB@@@B@@BA@@@A@@@@B@@AB@@BB@@@@BB@@BBBB@@@B@@B@@BB@@@DBBBBB@@@B@@@B@@@@@@@BB@@@@@@@A@@@@@@@A@@@@@BB@@@@AA@@@@@@@B@@@@AB@@@@B@BA@@B@B@B@BB@@BBBBBBB@BADB@@DAB@B@@BBA@B@@B@BB@BB@@A@@B@@@@@@@@@@A@@@@B@B@@@B@BABEDCBABADADAF@D@HADAB@B@@@BBB@BA@@BC@C@@BAB@B@DBB@BBBABB@@B@BAB@BAB@BBB@B@@ADCB@B@B@@A@@@ABC@@FBB@AE@E@A@C@A@A@AAA@E@C@E@C@C@CBGBC@EBEDCBAD@BBBD@B@BB@B@D@B@@@@@DAD@B@B@@NBF@@B@DBBB@@BA@AD@@@BBD@FBDD@B@HBBDDJF@BDBB@BADAFABCD@D@DBB@BDBBB@BA@A@OAKEW@QBCDKBC@ACCA@@GBG@E@CBABADG@A@GD@FBDB@@H@BBBD@DBBB@FARCB@ABCDCDAB@D@FDD@B@DBB@@EDAD@D@FA@CHABALAD@@@@AD@D@F@V@DABCBABDDB@BDBBLBHA@BB@B@BAD@B@FBF@D@FBB@BBB@@BBBBB@BDCB@B@ADF@H@F@@AA@BA@AB@BBB@@@AB@BV@H@F@B@@BB@B@@@@DB@B@DAB@B@H@D@H@@@B@D@B@BBDBB@BAB@BAB@DB@@"],"encodeOffsets":[[109404,27181]]}},{"type":"Feature","id":"520103","properties":{"name":"云岩区","cp":[106.7248499,26.6048457],"childNum":1},"geometry":{"type":"Polygon","coordinates":["@@CHA@AAE@EAGAC@GBA@AACAEKAACACCAC@@A@@DGH@@A@@@@@A@A@@@@@AB@@@@A@@@@A@@A@@@A@@A@@@@A@@A@@@AA@AD@@@@@@@@@@@@C@@@A@C@A@A@@@@@A@@@@@A@A@@@@@@@A@@@A@@@@@@@@@A@A@@@A@@@@@@@A@A@A@A@@A@@@@@@BA@@@@AA@AE@@@A@@@@ACCCBA@A@C@GAA@GBA@@B@BBDA@ABEAC@A@ECCAACAABABCG@A@@A@AAAA@CBC@AAC@ABABA@CACB@@BBABABABABA@HFBB@B@BD@BB@D@D@BBD@H@@FD@D@B@DD@BA@DB@B@BBBB@FB@D@FBD@@@DB@@@@@B@B@@@@@@B@D@B@BA@@@@@@@B@BBB@@@B@@@@@B@@@BB@@@B@ABBBB@B@B@B@@@@B@@BB@B@@@BB@@@BB@@@BBB@@@BAB@@A@A@A@@@@B@@@B@B@B@@AB@D@@@B@B@@BBB@B@@BB@@@AB@@@@BDBBBDB@@D@@@@@B@@@BBB@B@BBBBDB@D@@B@DAF@DB@@ABABABB@D@D@F@BB@B@BA@@@F@DBNDJLBPCNE@@@CAAAAA@A@A@@@ACCGACB@D@DDBA@E@CBC@CAAA@ABA@AA@A@@BM@C@ABCDCBAB@B@DABAD@B@B@AA@ACAACAA@ABCBADAD@D@B@@B@BB@B@BABABA@AB@B@BAB@CA@A@AFCB@@@CAAA@A@CBCBAD@DAH@F@JABBBFBDBDDBB@DCDCHCFABEEGC@CAA@@C@C@ABAFG@AAAEAIE"],"encodeOffsets":[[109334,27223]]}},{"type":"Feature","id":"520112","properties":{"name":"乌当区","cp":[106.892123,26.730928],"childNum":6},"geometry":{"type":"MultiPolygon","coordinates":[["@@A@@AA@@E@A@AA@AAA@A@A@@BA@A@@@@AACAAA@A@C@E@A@G@CAA@CCGEEG@AA@@@AA@@AC@@AAA@ABA@@@CBA@ABA@A@@@CAA@@AAAA@ECECAAA@ABABED@@C@C@@@C@AAAAEEGE@@ACAACACC@AAA@AAI@ADAD@BAB@B@FBBBB@BADCBCA@@A@AABA@AA@C@@C@C@A@AABC@AAAA@ABCBCDABAABE@EBCBGDEBB@@BA@ABB@@@B@BB@@@DM@K@EEEGAKAKAIECIAK@IBC@C@CAC@@@C@A@A@ADBB@FDBAB@B@ABBBD@D@D@A@@ACAAEA@EAIAD@D@F@D@BA@ABABEAAC@AAABA@ABCBAB@@A@@@@@AA@AC@A@@BA@AAA@A@E@@@C@@@@@@AAAC@C@AAA@AACAAAA@AA@@@@AA@@A@AAAACAA@A@@@A@AB@B@BABA@@B@@AB@@@@@BA@E@A@C@@@A@A@AACAC@AAA@AAAA@A@A@@@AAC@AA@@@A@@BA@A@@@A@A@@@A@AAA@@@ABA@AAA@@A@A@A@@@@@@CAE@@AA@@BA@@@@@@@CA@@@@@A@@ABA@@@@@@A@A@@A@@@ACB@@BB@B@@@@@@ABAB@@@B@B@@@@A@@BA@@BB@@BA@@@@@A@A@@@@B@@@@@B@@CB@PBN@LADANEHKBK@GGIKGOCKAIEIGEEOAOAO@G@OGGE@@D@D@BAAAAC@@A@ABA@A@A@A@ACACCCAC@@@A@@BCBEBA@@@@@A@AB@@A@@@ABA@@@@B@@A@@@@CAA@ABA@ABA@CAAAA@C@A@@@G@C@G@A@A@CBA@A@@C@@A@A@@B@BADCBADELCHADEF@B@B@BAA@@ABBDDAD@@@AD@B@BBBFFABABA@G@MBUDOBEBDFF@JFFBBB@BEHAB@B@D@DB@DBD@FHAFEBGDCDCDA@CAACACAEAAIBE@G@CBC@ABAD@D@BBBDB@@A@ED@B@BDBA@ABA@A@@BABABABA@A@@A@AA@C@C@CBABAD@BBBBDDB@BBBA@A@C@ABCBA@A@ABCDAD@B@DAN@@@BBBB@BAB@BB@DAD@D@FABCCC@A@BDDHBD@@B@B@B@BBBB@D@@@DAF@@FDDBDD@BD@F@DA@@DABADABAD@FBD@BABAB@@B@D@BADAD@B@BCB@BBDBFB@ADABBBBDCBAB@D@DBDFHC@C@A@C@ADABC@C@BD@DBBDAB@ADCBADA@@DAD@BCB@BFBFH@@B@DBFFFBBBF@B@@ALBFBBBDDDBD@T@B@DBBBBB@D@DFJBB@BBF@JBFBFBDDDDD@FDHDBD@J@DBFBAB@B@@@BD@B@B@@BD@@BABABBF@B@BCBADA@C@C@IEA@ADC@GAAD@BABA@CB@@ADCDADEFCBGHA@@@A@C@GCC@C@A@@B@DA@AAA@EBDDDB@@@BBDB@@@BB@@ABAB@BBB@BADHCBBBD@BGDCBABA@@BCBGBCBAD@D@BBBF@F@DBBBBD@D@BADCBCBC@ABC@C@EAA@AAAACAA@ABAB@B@B@BBBFDDBDBBBD@F@DABADA@@B@D@DB@D@D@B@D@BDBHBB@BBF@F@F@DB@@DDBDF@DAB@DAFADAB@D@BBBB@B@BDBHJ@@D@FCD@B@@B@@BBB@B@D@B@B@D@F@DDDHFDFDF@F@B@@A@ABAD@DH@@@BBBBABBBB@BAB@BDBB@D@BBFAB@@E@CAEAC@CBABC@A@C@C@AHCFALAD@D@B@BB@BBBD@FBB@@BABAB@B@DB@NDRCNAJBNDJHTJLBJBJCLIHOFOFIDEDCN@NDHBHHLNFDFDFAFG@ICW@MDMHMDOAKCKEGGGKIAEDEFCVOVMRGBBB@@B@DB@B@BABABCBABA@C@CBA@A@ABA"],["@@EAC@A@@EAAAAA@A@@CABC@@C@A@CEC@@@GAC@A@C@CAAC@@A@AAAGEB@BABABABAAA@@AAA@CCAAAACAECFEB@@AAAA@CAA@A@AB@@@DAD@@ABA@AA@@A@A@CBGBC@E@CBCBABABCDAFABA@@@A@A@@@@@@B@@@@@B@@A@@@@@@@@BA@@@@B@@@AB@@@@@B@@@B@@@@@@@@D@@A@@@@@@B@@@@A@AA@B@@@@@B@@@@@@@AA@@A@@@@@@A@A@@@@A@@@@A@@BA@@@@@A@@@@@@@A@A@@@@B@@AA@B@AA@A@@@@@@@@B@@@B@@@@AA@@@@A@@@@B@@BBBB@@BBB@@B@@@@AB@@@@@BA@@@A@@@@@@B@@@@A@@@B@@B@@B@@@@@@B@@@@A@B@BBB@BBB@@BB@B@@@@B@@@@B@BB@@@@@@A@@@C@@@@B@@B@@B@@@@@A@@B@@B@@@@@@@@@B@B@@@@@@B@@@@@@BA@@B@@B@@@B@@@@@DB@@B@@@B@@@@B@@BA@@@@B@BB@@@A@AB@@@@@BBFFBB@@@B@@B@B@@@B@@A@@@@D@@@@@@@@AB@FC@@@@BABB@@@A@A@@@A@@B@B@@@@AB@@@BBB@@AB@@@BA@A@@@@B@BB@@BA@@BB@@@@@@@B@@@ABB@@@@A@@B@@B@BBBB@@@@B@@@@@@B@@@@A@@@@@@@@@BBBAF@@AB@@@@@@@B@@@@B@@@@@@@@BB@A@B@@@@BB@B@@@@B@@@@A@@@@@@B@@@B@B@@B@@BB@@@@@@BB@@@@@B@@B@@@@@@@@@BB@@@@D@@@B@@@@@BA@@@@@@BB@@@@@BBBBA@B@@BA@@@@B@B@@@@@@A@@@@AAB@@@@ABB@@@ABBD@@@BA@@B@C@"],["@@@@@AA@A@CBA@ABA@@BBDD@@@BBB@@CB@@@@@@BB@@@@@@@B@@@@@B@B@A@B@@@@B@ABB@A@@@A@@@@@AA@BAA@A@@@A@AA@@@@"],["@@A@@B@B@B@BB@@@BA@A@@AA@A"],["@@@@@D@@B@B@@A@@@A@@@@@@A@@@@@A@"],["@@D@@A@@B@@A@AA@CA@@@@@@A@@@@AC@@@@@@@@A@@@@@@A@@@@A@@A@@B@@BB@@A@@@@B@@B@@B@@@@@@@@A@@@@B@@B@@@BA@CB@@BBB@@@B@B@@@@@@@BB@"]],"encodeOffsets":[[[109623,27422]],[[109233,27241]],[[109209,27238]],[[109208,27241]],[[109208,27245]],[[109222,27249]]]}},{"type":"Feature","id":"520113","properties":{"name":"白云区","cp":[106.643037,26.705849],"childNum":1},"geometry":{"type":"Polygon","coordinates":["@@FAB@BBB@@C@AB@D@D@HDD@B@@@B@HGDAFEBCDCBC@@DAB@BA@ABCHBD@BCB@JFD@D@B@BCDA@A@AAEBABA@AC@@AA@A@C@@A@@@ABAEACAI@C@CACG@ECCCCACAEAE@IAE@AAAEI@C@CAAAACAA@S@C@CACCAAEAKA@BA@E@AAEAEECAA@@@EGEA@ADA@ABC@CB@BCDABCA@CBAA@CACD@D@BABCD@B@D@D@EGAC@C@CBADAACAABABCA@AEAC@ADA@A@ABCBC@A@C@AA@ABABC@EAC@ABCBABCB@@CBE@C@@ACCCAEC@@BE@CMFODKACIAM@C@E@@ABA@A@@A@E@C@CAAABAB@BA@@CBE@C@AC@A@ACAA@A@AAA@A@@@A@@A@A@@@@A@A@@@@A@@@C@@@@@@AA@A@@@BA@@A@A@@A@@@A@@AB@@@BA@@B@@@B@@@@A@@B@@@B@B@@A@@@@@@B@@A@@@A@@@@@AB@@@@@@A@BBA@@@@B@@@@@@A@@BA@@@@BAB@B@@A@@@A@A@A@A@@@A@AB@@@@@@@@B@@B@@@@@B@@A@@@@@@@A@A@@@@A@@@@A@AB@B@@@BA@@B@B@@BA@@@@@B@@@@@@B@@@@@@B@@@@AB@@@@@B@B@@@@A@@@@@AB@AA@A@@@A@@B@@@@@B@@@@@@A@@@@@@@A@@@@@@@AB@A@@A@@@@@@BB@A@@@B@@@@B@@B@@@@@@@B@@@@@@BB@AB@B@A@@C@@BAAAB@@@AA@@@@@@@@@@@A@@AA@@@A@@@@@B@@@@AB@@B@A@@AA@@@@AA@@@@AB@B@@E@@@BB@@@@AB@@@@A@@B@@@B@@@BA@@AA@@@@@@@@@@@@B@@BB@@@@@@@@AA@@BB@@A@@@A@@A@@AA@@@@@@@@A@@@A@@@@@@@A@@@@@@@A@@@@@@@A@@@@@@@ABAA@@@@AA@@AB@@@@A@@A@@C@G@A@AA@@@B@B]@@@@@AG@@@A@@@@AA@@@BA@@@@A@@A@@@@@@@A@@B@@C@@@@B@@B@@@@B@B@@@@A@@@A@@@A@A@@A@@@@@@@B@@@@@@A@A@@@@@A@@@@A@@@@@@A@@@@@A@@B@@A@@@@B@@@@@@AA@A@@@B@@@B@@@@@@@AA@@@@BBB@@A@@@@B@@@A@@AB@@AB@@A@@@@@@@A@A@@D@B@B@@@B@B@@@@A@@B@@B@@@@B@B@@@B@@A@@B@@@@@D@B@BBBBDCBCB@BADAB@@B@@B@@A@@@@@@B@B@@@@@@@@@B@@@@A@@@@B@@@A@@@@@A@B@@@B@@@BA@@@@@@@A@@@A@AB@@@BA@@@@B@@A@@@@@@B@@A@@B@@@@B@@BBB@@@@BBBD@B@@BB@@DB@@BA@@@B@@@@@@@@@@@@@@B@@B@@B@@@@A@@@AB@BB@BB@@@BBB@@B@@@@AB@@@@@@A@A@@BA@@@@@@B@@BB@@B@@B@@@@@@A@AB@@A@@@BB@@@B@@@@BB@BDDBDB@BB@@@BB@BBB@@B@@@@@@AB@@@B@@@@A@@@@@AB@@AB@B@@AB@@@BB@@@@B@B@BA@@B@@A@@@@AA@A@A@A@@@A@@@A@@BA@A@A@@@A@@A@@A@AACBA@@A@@@CA@@@A@@@@BB@@B@@A@@@@A@A@A@@@@@B@@@@AB@@@@@A@@@A@@@B@@AA@@A@AB@@@AAB@@@@B@@@@@A@@B@AA@@@A@A@A@@@@@@AA@@A@@@@@@@BA@@@@@@@A@@@BA@AA@@@@ACBA@AB@@B@@B@@A@@@ABA@@A@BAAA@@@@@@@@@AAAB@@AB@@@@ABBBABB@@B@@BBBBBB@@A@@@@@@B@@@B@@@@BBA@@@@B@@@@@BA@@@ABA@@@A@@@@A@A@@A@@AA@A@@@@@AAA@@B@BAB@B@B@@A@BB@BBB@B@@BB@@D@@@D@DABABAD@D@F@FBB@@D@BBBJBD@DAD@DABA@I@AF@L@D@@BB@BLBBB@DBB@DCB@BBBB@BBBBAD@BBB@@DBBDBHBDF@DBBB@BB@BB@BBB@BDBD@@DBJ@B@BCB@BBDBD@B@F@D@BBBD@BAFABBDDBF@HADCDEBCDAH@J@J@LDHBDDDBD@DB@@B@HCB@BBBHB@DBB@B@AAAE@A@@@@B@F@FBBDBL@DBBD@D@DB@BDBB@BA@@B@DDD@H@JDF@L@D@FBFFBDDDB@BABADBDDDD@DBBDBBB"],"encodeOffsets":[[109329,27465]]}},{"type":"Feature","id":"520115","properties":{"name":"观山湖区","cp":[106.586323,26.646358],"childNum":2},"geometry":{"type":"MultiPolygon","coordinates":[["@@@@A@@AA@@@@A@@AAAA@@AA@@@@AA@@BA@@@A@@B@@@B@@AA@@@A@AA@@@A@@B@@@D@@@@@B@@A@@@@@@BA@@B@B@@@@@@@@@AA@@@@@B@@@@@@AA@@@@@@A@@@@@AA@B@@@@A@@@@@@@A@@@BA@@@B@A@A@@A@@@@B@@@@@@A@@@@@@@@A@@@@@@@@@@@@@BABBB@@A@@@@@@@AA@@B@@@@@A@@AB@A@@A@@@@@A@@A@@@@@@@@@AC@@AB@@AA@AA@A@@@@A@@B@@@AA@@@BA@@@@A@@@@@@@@A@@@A@@@@AAA@A@@@@B@BA@@@@@AAA@@@@A@@@@@A@@@@AA@AA@@B@@@@@@AA@AAAAA@AA@@A@A@@BA@AB@@@@@@A@@@@@A@@A@BA@@B@@@BAB@@ABBB@B@B@@@B@@@@@@A@@@A@@@A@@@@@@@AB@@A@BB@@@B@@A@@B@@B@@@AB@BA@@@B@@@CB@@@@@C@@A@@@A@@@AA@@@@@@A@A@@BA@@@ABA@@BB@ABB@@B@@AB@@@B@@@BB@@@A@@BA@@@A@@AC@A@@B@@DB@@@B@@CB@BA@@@C@@@AA@@@@A@@@@@B@@@@@AA@@AB@@A@A@@@@@@@A@@@@A@@A@@@@@@B@@@@@B@AA@@@@@@@A@C@@@@@@@@@@@@A@@@AA@@@@A@@BA@@@@@@@@B@@@B@@@@A@@@AA@A@@AA@@@@@@@AAA@@@@@@@B@@@@@@A@@@@@@@@A@@@@@@@@A@@A@A@@@A@@@@@@AB@@@@A@@A@@B@AAB@@AA@@A@@@BBA@BB@@A@@@@A@@A@@@@@@A@@@@C@@@AB@@A@@AA@A@@BAB@@@@@@@@@BB@BB@@@@@B@@@@B@@@@@@B@@B@@B@@@@@@ADB@@B@@@@B@@@BA@@@B@B@@ABA@@@AB@@@@@@@B@@@@DAB@@@B@@@@@@@BA@@@@B@B@B@@@@BB@@@ABA@@B@@B@@B@@AB@@@B@@@BA@@@@B@@@@BA@@@@@BA@@BA@@@BB@@AB@@@@@@@@@@BA@@B@@@@B@@@BB@@@D@@@@@@@B@@A@@@@@B@@@@@B@@A@@@@@@B@B@B@@B@@B@@@@B@B@B@@@B@B@@@@BB@@@BA@@BBB@B@@@@@@@@@B@@@@@B@@@@@B@@@B@@B@@@@@@B@BA@@BB@@@AB@@@@@@D@B@@@@B@@@BA@@@B@@@B@@@@B@@@@B@@@@A@@@@@BB@@@@@@B@@@@B@@@@A@@B@@@@B@@@@B@@A@@@A@@BAB@@A@@@@@@B@@A@@@@@A@@B@@AA@@A@@B@AA@@@A@@BA@@@A@@@A@@@@@@BA@@@@BA@@@@BA@AB@@E@@@A@@BA@AB@@AAA@@B@@A@@@@@A@@@@@@@A@@@@@@B@BB@@@@BABABA@B@@@@@@@@B@@@B@D@B@@@@@BAAC@A@@BB@@@ABA@@@@@@@@@@D@@@@@@BB@@@A@@BAB@@@B@@B@@BBBB@@@@A@@@@@@B@B@@@@AB@B@@B@@@B@@@@B@B@DA@ABA@@A@@@@@@AB@@A@@@@@AB@A@@@@A@@@@@AA@@@@A@@@@@A@AB@@@@@@AB@B@@@@AB@@A@A@AAA@@@@@A@@@@@AA@AAC@@@@@@@AB@@@@@@@@A@@@@@@@@@@@A@@B@@@B@@ABA@A@@B@@@@A@@@@@@@BA@@@A@@B@@CD@@A@A@A@@B@@@B@@A@@@@@@A@@@A@@@@AB@@@@A@@B@@@BA@@@@@@@B@@B@@@@@B@AA@@@@@@@A@@@@A@@@A@@@CA@@@@@@AB@B@A@@@A@@@@@A@@@@@@AB@@@A@@@@@A@@A@A@@AB@A@@@A@@A@@@@@@@@@@A@@@@@@A@@@B@@A@@B@@@@@@@A@@@@@A@@@@@A@@@@@@AA@@@@@@@@@A@A@A@@@AA@@@@@@@A@@@@@@A@@@@@@@@A@@@@@@A@@A@@@@A@@@@@CC@@CAA@A@AC@@@A@AA@@@@@@@@@@@@@@A@B@@BAAA@@C@A@@@A@A@A@@@@B@B@@AB@@@@@@A@@BB@@@@B@@A@@@@@@@@@A@@@@@@A@@@B@@@@A@@BB@@B@@@@@@AB@A@@A@@@@@B@@B@@@@@@@B@@A@@B@@@B@@@@B@B@@@@B@@@@@@@@BBB@@@@BAA@@A@@@A@@@A@AAAB@A@@@BA@@@@@@@@A@@@BA@ABAB@B@@@B@@BB@@B@@B@@@B@B@BB@BF@@A@@@@@B@BB@BABB@@B@BBB@B@@@@AB@@@@AB@@@@A@@@@@@@BBBD@BA@@@@BAA@@@B@@@@A@@@B@D@BB@@BA@B@@@B@@BB@@B@@@BF@@@B@B@@@B@B@@B@@B@@B@@BA@@@B@@B@B@BA@@BA@@@@BA@@B@@BB@B@@AB@@@@B@@BB@BD@@@@@@BBB@@B@@BB@@@@@B@@BB@@@B@@BB@@@@@B@@@@BB@@@@BB@@@BBBA@B@@B@B@@BB@@@B@@ABB@@@@@B@@B@@@B@@@B@@@B@@@BBB@@BB@B@@@@B@@BA@@B@@@@BA@B@@@@A@@B@@B@@@AB@@BB@@B@BB@@A@@B@@AB@@@@@@A@@@@A@@B@@@@@@A@B@@A@@@@A@@@@@@@@@A@@@@@@@@@@@BA@@A@B@@@@A@@A@@A@@@@@@@@@AB@@@A@@@@@B@@@@@@@@@B@@@@B@@A@@@BB@@@@@B@@@@@@@B@@@AB@@@@@@@@A@@B@@@@@@@B@@@@@@@@@@@@@@B@@@@BB@@@@@@A@@@@@@@A@@@@@@@@B@@@@@@A@@@@@@BB@B@@AB@@BB@@@@@BB@@B@@BA@@BD@@AB@@B@@B@@@B@@BB@@@BA@@B@@@@@BB@@A@BB@@@@@@@@B@@@@@B@@AB@@@B@B@B@@@@@B@@@BB@@@B@B@B@@@B@@@A@@@@BB@@@@@@BA@@@@@@@AB@@@@@@AB@@@@@B@B@@@@@B@B@@@B@@@@@@@B@B@@@@A@@B@@@@@B@B@B@B@@@B@@BB@@@@@B@@@@@@BBB@@B@@@B@B@@@@B@@@@@@B@@@@@@B@@B@@@@AB@@B@@@@B@@@@@@@BB@@@AB@B@@BB@@AB@BBBA@@@@B@@@B@@@BB@@@@@@B@B@@@B@@@@@B@B@@@@@@BBBB@@A@@@@@ABB@@B@@BB@@@B@BB@@B@@B@B@B@B@D@@@B@BB@@@@B@@@@BB@@@@@B@@@@A@@@@A@@@@@@@@@@AB@AA@@@@BA@@A@@@@@@A@@@A@@BBB@@@B@BA@@@@B@@@B@@@B@BB@@BBBBB@@B@A@@@@@@AA@@BB@@@A@@@A@@@A@@@@@@@A@@@A@@B@B@F@@@@@BB@A@BBA@@B@B@BA@@@@DBB@BB@@@BB@B@DB@@@@B@@AB@A@@A@AB@@@@@@@@@@A@@B@DAB@@@B@@@B@BB@@B@B@@@BABB@BD@@@@B@B@@@BBBBBBD@BB@@@@A@ABA@A@AB@BB@@@@B@B@@BB@@@@B@B@@B@@@B@BA@@B@@A@@@@@A@@B@AA@@@@@A@@@A@@@@B@@@AAAAAA@@@AA@BAAABA@@@@BA@@BABB@@@@@@@@B@BB@A@BB@BA@@B@@@@AA@@@BAB@DA@B@@B@@BAB@@B@@@@@@@B@@A@@@@@@@BB@@B@@@@B@B@B@@@B@@B@AB@@@@@A@@@@@BA@B@@BAB@@@BB@@@A@@@B@@@B@@@@BA@@@@@A@@@@@B@B@B@@B@@@@AA@@A@@B@@@B@@D@@@BB@DABBB@@@@BB@@@B@B@B@@AB@@@B@@@B@B@B@B@@B@@B@@@@AB@@A@A@A@@A@@A@@BA@@@ABA@@BA@@@@B@@@@@@A@@BA@@@@@@@AA@AAA@@A@@AAA@ACCC@AAA@@@@@A@@AA@@B@@@BAB@@@@@@@@AA@@@AA@@@A@@@@B@@AB@B@@@@@@@BA@@@@@AA@AA@@A@@AAAA@@B@@@B@@A@@@@AA@@@@@@@@@@@@@@@@A@@AB@@CA@@AA@@@AACAA@@@@AA@AA@@@@@@AB@@@@A@@@@B@@@@A@@B@@A@@BAB@@@B@@@@@@@B@@A@@@A@@@A@B@@@@@B@@@A@@B@@@@@@A@@@@@@@@@A@A@@@@B@@@@AA@@@BABC@ADADAACAA@A@A@C@@@@@AB@@@@A@@@A@A@@A@@@@AB@@@@@@A@A@@@A@A@CB@B@@@@@@@B@@@BA@@BA@@@B@@@A@@B@@@AA@A@@B@@B@@@@@@@A@@@A@@@BBB@@@@@@@A@@B@@@@AB@@@@@B@@@@@@@@B@@B@@@@@B@B@@@@@@@@A@@@@@@@BB@B@@@B@@@B@@@@@@A@A@@A@@@@A@@D@@@@AB@@@@@@@B@@@@B@@B@@A@@BB@@@@@B@@BH@@@@^@@A@A@@BBB@H@D@@@@BB@@@@@BA@@BB@@@@BBBA@@@@@@B@@@@@@@B@@@@@@@B@@@@@@@B@@@B@@@@@@@@@BB@@@BB@@@B@@@AA@@BB@@@@@@@@AA@@@A@@@@@@@@@@B@@BB@@A@@@A@@@AB@@@@@BA@@@@AA@@F@@@@ABA@@@@BB@@@@BB@@@B@AA@@B@@A@@@@@B@@@B@@BB@@@@@@@@@@@B@@B@@BABB@AD@@@@B@ABAA@@A@@@@A@@@@@@@A@@@@A@@A@@@B@A@@A@@@@B@@@@BBA@@@@@@B@@@@@@@B@@@@@@@@A@@@@@AB@@@B@B@@BBA@@@@B@@@@@@A@A@@@@BA@@@@@A@@@@A@@@@@@@@A@@@@AB@@@A@AB@@A@@@ABAB@@@@@@B@@B@B@@@@@@@B@@@@A@@@@@AA@@@@@@@@@BAB@@@B@B@B@B@@@B@@@@ABA@A@@B@@AB@@@@@@@@A@@B@AAB@@@@@@@BA@@@@B@@@B@@@@A@@@@B@@@@A@A@@@AB@@@@@@A@@@AB@@A@@BA@@@B@@@BB@B@@@AB@@B@B@@B@@@@D@@@B@@@@@@B@B@@B@B@@@@@@@@CA@ACAAAC@@@@BA@@A@@AA@A@AA@@@A@A@@@CBA@@@A@A@A@@@A@@B@B@B@@@BA@A@@AA@A@@AA@@A@@A@@@AAA@@@A@@A@A@A@A@AABAA@@@A@@A@@@A@@@@@A@@AA@A@A@@@@@@ABA@C@A@@@@@@@@A@A@@@@CA@@A@@@AB@@C@AA@B@@AA@B@@A@BB@@@@@B@@@@A@A@@@@@AB@@@AAB@B@B@BA@@@@BC@A@KBGCCAA@@@@CA@@A@A@A@AB@@@@@A@@DA@AA@@C@AC@AB@BAB@DAB@B@@B@@@@@@D@AA@@@@@A@BAA@@@@@@@@@A@@A@@@@@@@A@@BE@ABAA@@@@@@@@B@@@@@@A@@@@A@@@@@AAAAA@@@@AB@@@@@AA@B@@@A@@@@@@AA@@AB@@AAA@@@@@@BAB@@A@@BA@AA@@A@@B@@A@A@@@@B@@@B@B@@AAAB@@@@EDA@@B@@@@@@C@@@@@@BA@@@A@A@@@@A@@AAEEAA@@@@A@@B@B@@AAA@@@@@AB@@@A@@A@@@A@@@CA@@@@A@@@A@@@@AB@@A@@@@A@@@@@@@@A@A@@@@@@@@@AA@@@@B@@@@@AA@@@@A@@D@@@B@@@@@@@AAA@@@@@@A@@A@A@@AA@AAA@AAA@B@@@@@@A@@@@A@@@@AA@@@B@@@@@@A@@@@B@@@B@@A@@@@BA@@@@@AA@AA@@AAAA@@@A@@B@@@@@BB@@@@@A@@@A@@@@@@B@B@@B@ABB@@@A@@B@B@@@@@@@B@@@@@B@@AB@@@@@@B@@B@B@@@@@@@@BB@@B@@@@@@@A@@@@@ABBB@@@@@@A@@@@B@@@@C@@@@@@A@@@A@@@@@A@@B@@@A@@B@@A@@@@@@B@@@@A@@@@@@@@A@@@@BA@@AAAA@@@@AAB@AA@A@CB@@CAABA@AAAAAA@@AAA@A@A@@@ABA@@@@@BA@@@@@A@@@@@@BB@@@@AA@@@@B@@@@@@@B@@@@@@@A@@A@@@@@@@A@@@A@@AAAACA"],["@@AA@A@@@@AA@@@@@@AB@@@@A@@@C@@@@@AA@@@@@@@@A@@@@A@@@@AA@@@@@@AA@@@AA@A@@@A@@@@@@@@B@@A@@@@@@AC@BBB@@@B@B@ABB@@B@@@@@B@@@BAA@B@A@@A@B@A@A@@@@@A@@@@@@@A@@A@@@@@BBB@@@BAB@@A@B@@@B@@@@@B@@@@@@@@B@@@BA@DBHDLA@A@@@@@@@A@A@@AA@AA@@DAB@@A@@@@A@@B@@@@@@@@@@AA@@@@A@@B@@@AA@@@AB@@@@B@@B@@@@@@@@B@@@@@@D@@B@@B@@@@@@@DBB@@A"]],"encodeOffsets":[[[109144,27196]],[[109225,27245]]]}},{"type":"Feature","id":"520121","properties":{"name":"开阳县","cp":[106.969438,27.056793],"childNum":1},"geometry":{"type":"Polygon","coordinates":["@@J_EmW_icOkIG]GGEAMdWF@D@~RB@ABBTCCOFGVG\\Q@@@SCQ@QCQEIYI]GY@YG[KMKCIFMHOJOAQIMKOKM@M@_O}B]rBLO@@@C@AAA@A@C@A@ADCDAD@BA@@JAD@D@B@DAB@DAFCB@H@F@FADCDC@@BC@GBEBIBGBABEBEBA@CDADEB@DA@A@A@CBC@C@C@CBE@ABC@ABCB@BC@CBC@EBCBABC@C@CBCBC@EBA@EBEBC@A@CBCBEBCDEBABC@CBCBCBC@C@C@ABEBEBEBCACBA@A@A@E@A@@@C@E@A@CAG@C@GAA@@C@AACACAAAAC@@@C@AAE@A@AB@@ABA@A@A@E@E@AACAAA@@E@E@AACBC@C@A@ACAAEAAC@ACCCAAA@EDC@A@A@CDAB@B@BAFCDA@CBA@A@G@ABC@A@ABCBCB@@QFO@WKqZy@[BQIWAGGaM]@U_CCIIAAA@CAAB@B@BAB@D@DABABADABABA@A@@C@AA@AAQHUNUPEDCFBFLJHHFHDLBLCPGNCN@NDX@JEHEBECECKMGGGAMCM@CDCFEJEPGPKJIDIAKASIIGMCIAMBQDMCA@@C@ABABA@AA@EAC@AA@AAAA@C@C@KBEBGD@B@D@D@BADAB@DBDBF@D@FFBDD@B@B@D@BB@D@B@@BABADADCDFFLPDR@VAPCPCZIHMFOCKCWAU@WAWAWCQKSMWGYBENGPEFJPBHFJHNJNLJNNNNLPJLRXHPBT@PGRCRGXARAPBNHLNLNLNJPNLNPZJNJFHEJEH@DLFLAR\\tNnHLDHL@LJNV^ZN^pNXLZDpKpYn_VAªxjPXBJ@\\C"],"encodeOffsets":[[109774,28013]]}},{"type":"Feature","id":"520123","properties":{"name":"修文县","cp":[106.5920300000,26.8389000000],"childNum":1},"geometry":{"type":"Polygon","coordinates":["@@DS@W@OHONGTCLCFCBMAMEQAODSLMPMNEHGDMAGKGMCKKCKBMFMNONKJEVMV@TCFCHGBCHSNQREJCP@H@FKBIDMJCJB\\@TBRDTDdETDPBRBTBVATBNBF@HB@@@@B@HOFMZAXHTNRLXDXBXBV@XBLDPDNEJGDYDOBO@UCQKOEEDCBCBCBA@AA@C@A@@A@C@A@ACCEAA@EBAAC@A@CA@ABA@AAAAAABAA@A@@CGC@AB@B@BA@E@E@ECECCGCCE@C@A@A@C@A@A@AA@@@AA@C@EDC@@@GICA@A@AAAAAC@A@CBEBCBA@CBE@ACCC@@CAE@E@E@AAA@GACA@A@C@A@C@CCAC@A@@@CBABCBE@C@AACACAECAA@A@A@ABABAB@DBBBBBB@FBD@D@BAD@DADABC@A@CACAACAE@E@AA@A@CBCDAHADA@AB@BADAHC@AACAAGDBC@AAA@ABABA@@AA@@A@AC@A@@CACCAACAAA@CCCCCCAABABA@CCACEEEAC@K@E@ICG@C@CCA@@@ABA@CA@ACAC@C@AA@CAKACEAE@A@@@@@@BBFBBA@A@CAA@AGAAA@GDA@@@CAC@CACCGAKCI@I@G@CBADCFCDGBE@CAACBABE@AACAAC@E@A@C@CAAAA@ADA@I@CA@@ACACA@AAA@@AAAA@AA@CCEGACAAA@CA@AAC@ABAA@AAAAAA@CDA@CAA@AAAKA@@AC@K@E@@B@JABCBC@CBC@IAAA@A@CA@EAE@C@C@ABABCBC@@@C@@@AA@D@BADEJ@@A\\RdBTKFM@mSqBk]WBSHINHdKT@Ld|@PGFUAaOK@i|Gj{jNxXdVNvRpdCJ]N[hERBN@LW|B~DFVpNJ^HJHNtJFdF"],"encodeOffsets":[[109025,27846]]}},{"type":"Feature","id":"520122","properties":{"name":"息烽县","cp":[106.737693,27.092665],"childNum":1},"geometry":{"type":"Polygon","coordinates":["@@CGGKMm[sBQEKCKG@IFGFIEIMOYKMOMMIMKMKGKAMBOBQHWDQHQ@OASGOQWIKKOMMMMKIIMGMEIAGIOFEA@@@@@GAE@MASAUBSAQAOASCcFSCQCSA[@IAIDCNAJELG@O@IDQFMRGTADGHEDSDU@UNIFMLMPENANDLLLNDLHBHCNGHMFONKNCTBPFRBNANEDKDSDMHGP@P@XCTPDPNfTDFvZnbPp\\xz@bNTH`IP@HBXWHWJSBUCQBABABADC@@DADAJADAF@B@@A@@@CEA@AC@EAECAAAAAC@A@C@A@@AC@@AAA@@AAA@AACBA@AFCDCB@B@D@B@@BFBD@@BB@BDBB@BBBBBB@DDB@@DBBA@@B@D@DBD@DBB@B@BAB@B@BAB@B@@DBB@B@BB@BBBBB@@BBB@B@BADAB@@@B@@B@@BB@@@B@B@@@@BBBBBB@@BBDD@B@@BB@BBD@@BBBDB@BBB@D@D@B@BB@BABAB@B@BBBDLBBDFBBABABABABAB@DBD@B@D@B@DA@@DBB@B@B@D@B@DHBDBDDJFDBD@D@B@LHjC@CbYPg^a\\Q"],"encodeOffsets":[[109460,27918]]}},{"type":"Feature","id":"520181","properties":{"name":"清镇市","cp":[106.3369703,26.679722],"childNum":1},"geometry":{"type":"Polygon","coordinates":["@@|iHij{L@bPVBHE@Oc{@KLSGcJMTGXAl^rAnTN@LEASQcB[@@FIBC@A@C@@@AAA@AAA@AACAAAA@A@@@A@A@@C@@AAAAB@@A@A@@@AAA@@@A@@@A@CBA@@@@B@@@@@@@@A@@B@BB@A@@BA@@@@@CAA@A@@A@@AAA@CA@@@@ABA@A@@@AB@A@BAA@@@@E@A@A@@@@B@@@B@@@@@@@B@@@B@@@B@@AA@@BB@@@@@@@B@AA@AAAA@@AAA@@@A@@@A@@@@@ABA@@@A@AA@@@B@@@B@@@@B@@@AB@@@@BBA@@B@@@@@@@@B@@@@@@B@@A@@@@@A@@A@@A@@@@@AAA@@@C@A@A@A@A@@@@AA@@A@A@@AA@@@AA@BA@@@@B@@@AAAA@@@@@@@A@A@@@@@A@@@A@A@@@@A@@A@@@A@@@A@@B@AA@ABA@@AA@@@ABA@@A@@A@@@@@@@A@@A@@@BA@@@@@AA@@@@@@@@A@@@@A@@@@@@A@A@@@AA@AA@@@@@@@A@@@@AA@@@A@@@A@A@A@A@@@@@AB@@@@@@A@A@@@@@@@A@@@A@A@@@@@A@A@@@@BA@@@@@@BA@@@@@@B@@A@@@@A@@A@@B@@@A@@@A@A@A@@@A@@A@@@A@@@@@A@A@A@@BA@@@A@@@@@A@@@@@@A@@A@BA@@A@@@@@AB@@A@@AA@@@A@@@AA@@@BA@@AC@@AB@@@AA@@A@@@@AA@@BA@@@AAA@@@@@@@B@@@@A@@@@@@@@@@B@@@@@@@B@@@@A@@A@@A@@@@@@@@@@@@@@@@A@@@@@@@AB@@@@@@@@@BA@@A@@@@@@@A@@@@@A@@A@@@BA@@@@@@A@@@@@@@@@A@@@@@B@@BA@@@@@@@@B@@@@BB@@@@@@A@BB@@A@@@@@@@@@@@B@@@@@@@@@B@@B@@@@A@B@@@@A@@@@B@@B@@@@@@@BA@@@AB@@@AAA@@@AA@@BA@@A@@@@AB@@@@@@AAB@@@@@AB@@AA@@@@@@AAA@@AA@A@@@A@@@A@@@A@@@AA@@@@@A@BA@@@A@@AA@@@A@AA@B@AA@A@@AA@@@@AA@@@@@A@@@@AA@@@A@@AA@@@A@@@@AA@@@AA@AA@@@@@@ACA@@AA@@@@@BA@@@AAA@@@AB@@A@@B@@AB@@A@A@AA@@@B@@AA@@@@AA@@@@A@A@@@A@A@@AE@@A@@@AA@@@A@@@AAB@@AAC@A@@@B@@@@@@A@@BB@A@@B@@AACAA@@@@@@B@@@@@BA@@@@BA@@@@@AAA@A@AA@BA@AAAA@@@@@B@@@AEA@@A@A@A@@@AA@@@AA@@@A@@@ABABAB@@A@@@B@@@@@@B@@A@@@BBABBB@@@B@@@B@@@BB@A@@A@AA@@@@@@@@@A@@A@A@@@@@@A@@@AB@@@@A@@@@@@@AA@@@@@B@@@@BBA@@@@@@@AA@@AB@@@@@@A@@@B@@@@B@@@@@@@@@B@@@@A@@A@@AB@@@@@@@BA@@@A@A@@B@B@B@@@B@D@@@BBAB@@@A@B@@@@@@@@@@@@B@@B@B@@BDB@B@DB@@DD@@@@B@@@@@@BB@@@@@@@@B@@@@@@B@@@@@@@@B@@@@@@BB@@B@B@B@@@@@@@@@B@@B@@@@B@@@@@B@@@@@B@@@@@@@A@@@@BA@@@B@@@@@@@@B@@@@@@@@B@@@@B@@@BBA@@@B@BB@@@@@B@@@A@@B@@@@B@@@@@B@@@B@A@A@@B@@@@B@@D@@@B@@@B@@B@@@@@@@B@@B@A@@@@@AA@@@@@@@B@@A@@@AB@@@@@BA@@@@@B@@@B@@@@B@@@@A@@@AB@B@B@@@DC@@@AB@@@B@@A@@@@@@@B@@A@@@@BAB@BA@@@A@@@@B@@@@@@@@@@@B@@@@@@A@@B@@@@@@BD@BBB@@@@B@@@@@B@BBB@B@@@BA@@@@@ABA@@@@@@BAB@@@@@B@@@@@BB@@@@B@@@@@@BBA@@@@B@@@BA@@@@@@@BB@BAB@@C@A@A@@A@@@A@@@@ABA@@@@@A@A@@@@B@@@@@AAAA@@@AA@@@A@AB@@@B@@AA@@@@@@@C@@@@@@@@B@BA@@A@@AB@D@BB@A@@@@@A@C@A@@@A@@@@@@A@B@BABA@A@@A@@A@A@@@@B@@@@@@@B@@@@@B@@@@AB@BB@@BAB@@AB@@@F@@@BAB@@A@@B@@A@@B@@A@@@@B@@@B@@@B@@AB@@@B@@B@AB@@@BB@@@AB@@@@@B@@@@A@@@@B@@@BA@AB@@@B@@@@A@@A@@@@@@AB@@@@@@A@@A@@@@@@@AA@@@@B@@@@@@A@@A@@@@@@A@@@A@@AB@@A@@@@@@A@C@@@@A@@B@@AA@@ABA@@@@@@@@AA@@@A@@@@@A@@@@@A@@@@@@@@@A@A@AA@@AB@@A@@A@@A@A@@@A@A@A@@@@@@AA@@@@A@A@A@@@@B@@@@A@@@@@A@@@@@BA@@@@@@@C@@@A@@A@@@A@@A@@@AB@@@@@@@@@@BA@@AA@@B@@AB@@A@@@@AB@@@@@A@@B@@A@@@A@@BA@@@AA@@@@AB@BA@@A@@A@@A@A@A@@@@@AB@@@@@@A@@@A@CB@@@@@A@@@@@@BA@@B@BA@@@A@A@@AB@@A@@@@@@AA@BC@@@@@@@AA@@@@A@@@@A@@@@@@A@@@@AAA@@A@@@@@@@@BA@AB@B@@BB@@@@A@@@AA@@AA@BA@@B@@BB@B@@AACAC@CACC@CA@@AAB@AAD@B@D@D@F@BA@A@A@A@@@@@AFE@A@ACAA@A@A@@AAA@CAACCAE@AAAC@AACA@A@@@AB@D@B@BABBB@B@B@BA@@AA@ABABABE@AACBA@ABAAAC@@@@@@ADABABADABA@E@CAAAAE@CBEBCD@@ABA@ADABA@CBC@@@EBEBC@A@A@AC@A@@BC@E@C@A@I@C@C@A@@AAE@AAA@A@@@A@AA@@AAAACIAA@AAA@@A@@AA@@AAAA@AACA@AACAAA@AEA@@AAC@AAAA@@AACAC@AB@BABA@A@@C@A@G@@@@BBBC@AFD@AD@BAB@BABCD@BBHAFBBDBBB@@B@ENGHGDI@IGIEIGKGIEGAOAO@[HS@OFEDC@K@C@E@CBA@C@EBE@E@A@AB@BAD@D@BBBB@BDBAB@DBFBH@FD@DBFCDBBB@D@D@F@BBBDCJAB@DAB@BAB@@@@ABAB@@CBE@A@@@C@E@BBBBABAAC@CAA@ABC@CAC@A@ADCHDJBHDJBN@JCLGLGJMDIBGBIDKJIJIFE@KAMCICOEOEKEIEKAK@OBMBIFMJCFCBE@EBAB@BDHDJABAB@BAB@@AB@@A@@@A@@B@@A@@B@@@BBDB@BBF@DBCDAB@D@BBB@F@F@B@@ABC@ABEDIFGFEJCLEHGHQPETILaTAPPPHPLBNSxBhNtBZMV_PqfLzR\\TNfFVNfL\\^XPV@ViNMXKL@VLlN@pWPANFPNHN@nDLJJ"],"encodeOffsets":[[108918,27579]]}}],"UTF8Encoding":true}