{"type":"FeatureCollection","features":[{"type":"Feature","id":"522701","properties":{"name":"都匀市","cp":[107.517021,26.258205],"childNum":1},"geometry":{"type":"Polygon","coordinates":["@@@@A@@A@@@A@@@A@@@A@A@@@@AA@@@A@A@@@A@@@@@@@ABAFABA@AACAA@CDAFA@@@@@A@@@A@@A@@A@@AA@@A@@A@@A@@@@A@@A@JKNGNCLCHEJCDMAYAU@OBWCOIGOOSK@@@@AA@@@@AAQKOKSCKCMKKIIMEECAKKQCUIQE@@KGMEOAMFMNEFKLKFUCOGWCS@MBKFK@MAQQEKGSCUAU@OCIGCWGOESIQKIIEQ@KEKAKGOCKGMEKEIMIKCKBIBI@EF@J@DAH@JGJKDIAKCWCK@QFSFSHMJEHAH@NDTFbLXLRLVBREFO@M@OBEFKJKDSJULSLQHK@CGFIHG@KGGMKIMGOGMKMQISAQBQDSPKVETFHNDPDHJ@JANGLIJGFQ@Q@MDOFIFGNERMH[FWBYDLrL^@HKJ@FLRLDLN@@TAJBJEFGNGNCTBLHJNFJBLDHBPHPJTFHJPDN@LCP@PHLLHPJPJPHLJFNBN@LHHHCHGPGRBHF@DIDMFMNAPNLNJPJVLRHVLNLTRHLBLAJGLITETEXCVCVDLHPPPRGZIPGJIJIRCVCN@VBNFNPFJFNHFLDL@NDRDNDPDJFLBLBNEJIDKJoAeFOFGHEJHLPPHPFTALALANEDQTKPCPGRMJQHM@@@@DEHQDOBQBKJIL@THFHPPRHXDT@PDPFRFFJJFR@TAT@LABAF@JG@QEYI[KYKQKYIYGWA@C@@@@AA@@@@A@@@@AA@@@A@@@@@A@@@@@A@A@@@@@A@@@@@A@@@A@A@@@@@C@A@A@@@A@@@A@C@A@A@A@@@@@A@@@A@@@@@A@@@A@@@A@A@@@@@A@A@A@A@A@@@A@@@AAA@@@A@@@@@A@@@A@@AAEA@AAAB@BC@A@A@A@A"],"encodeOffsets":[[110323,26797]]}},{"type":"Feature","id":"522722","properties":{"name":"荔波县","cp":[107.8838,25.412239],"childNum":1},"geometry":{"type":"Polygon","coordinates":["@@XELIJGFMCWAWBSHONMZMPCLGJIJOFMLMPEPCPBPFLDJLHVHHJBLGJIFOAYHMNEPBDNJHX@dGLDTRF@DBBBBDBBD@@@B@D@@A@C@ADCBCDGBC@ABC@CBABCBABCBA@AFCR@FBFFBJAPCP@@DB@FAD@DB@@BBD@D@BF@BBBB@B\\PZDJBTDTJHLBLFVRBPGPBJH@BBDFBLBLD@@DFFFFBD@JFHFFFBDFB@A@CBCBABAB@D@BABABAD@HABAB@D@JBJAR@DD@DFFHHPHHFD@DAB@FGBEBEAECEAE@CB@@ACE@ADCAA@A@CDEB@@EAE@ABAFBD@HBFBD@HEHAFCDCDGDCHAFADEBCAEACEE@A@ABCDE@CAAAA@A@CFOBGFMDEDAFCHAF@@AAC@@FCCIGSIMIGIIGKECKEI@KAKEMGGIA@C@AA@@@@@A@@@@@A@@@A@@@@@A@@A@@@@A@@@@@@@@@@@A@@A@@@@A@@@@@@@@@@AA@@@@@@A@@@@@@A@@@@@@@@@@@A@@@@@@@@@@@A@@@@@@@@@@AA@@@@@@BAB@BAJEFEHABABC@IAABCAACCGAC@IFE@IAEAC@AD@FBF@DAHGR@@CDCAC@CDC@A@@AAAA@EBE@CDCBKJEACACEEAE@GCGCGEGCC@CCACC@@CDIDGDCBADBDFDBFADCJAFGBEFADADAAAECAC@EFCFABCAGCE@AACA@A@A@C@@BAGACA@E@EBABEBEAECKDCBGBOCEC@@HK@AHADABEBACC@EBCB@BA@CAEAGAGAGIGCC@A@AKCEA@CDIJCLGFK@MCOKKIEEEEMBMFMHIDE@CEGECCEAI@I@IAKBCACGCEAIACQGS@AAAE@CAA@AESKWIKCC@CBEBC@C@GDIBI@EBCAM@IAADE@EACAC@CA@@A@]CMDE@CEEEOGMEMEKEGAMAOC@@CAAAEAAA@@CCA@ACCCAAACGCA@AAACAA@@EBCBE@C@A@CAAA@ACAA@EAA@C@AACCA@A@A@CA@C@A@AAAEBC@CCAAC@K@@@C@C@CDEEAC@CAEAECCECIEGAICC@CCC@CAAEC@A@CDABAB@DCBABGBC@ABAB@@CBC@@BABA@A@C@AAEAAA@AC@A@A@@AAE@AAACAA@CACAE@AAABABC@A@A@CBA@A@ABA@@@A@@BA@@B@B@BABA@A@A@CCA@AACCCA@AC@A@AB@DAB@BA@@BABB@@BBBB@BBBBBB@B@BB@D@B@@B@@@@@@BBBA@BD@DBBBDFHHFLDNAHCJGNKHKFKNIJENAHBLDLFNBLAJGPIJK@KCEKKIMMQUMOGMKEEDEDAHBFBH@N@JCHEHIFGDMLILIPGNAPALANAJBRFHHLFHBFAFGDIBIAHNLLHHALILGFMJGNARDTHRHRBNEPMTWVMV@VDPJNJLDJC\\M`E^BNFTBXEX@TDbNRXLbDTDDBDKHCLDHD@FFFPDJ@TCPGD@FAFBDD@D@DAB@@BD@BBB@B@BB@@B@BB@\\IV@NJBTCVLHNC"],"encodeOffsets":[[110374,26257]]}},{"type":"Feature","id":"522702","properties":{"name":"福泉市","cp":[107.513508,26.702508],"childNum":1},"geometry":{"type":"Polygon","coordinates":["@@@A@@@AB@@A@@@A@@@@BA@@@@@A@@@@@AB@@A@@@@@@DAB@BBB@BABAB@@ABABABABA@A@@@A@A@C@ADABAD@D@B@B@B@D@DAD@DA@ABABCA@C@AAA@BAD@B@B@@AAAB@BCBABABABE@@A@@A@@@@@A@@@@AA@@@@@A@@@@@@AA@@@A@A@A@@@@@A@A@@AA@@@@@AAAA@@@@AA@@@@AAAAAA@AAA@BABA@A@ABABA@@@@B@@A@@@@@@@@B@@@@@@@@@@A@@@@@@B@@@@@@@@@B@@@@@@@B@@A@@@@@@B@@@@@@@B@@@@@@@@@B@@@@@@@B@@@@@@@B@@@@@@A@@@@B@@@@B@@B@@@@@@B@@@@@@@@@@@@B@@@@@@@@@@@@@@BB@@@@@@@B@@B@@B@@@@@@@@@@@B@@@@@B@@@@@B@@@B@@@@@BB@@@@B@@@@@@@B@@@@@B@@@@@B@@@@@B@@@@@@BB@@@BB@@@@B@@@@@@@BB@@B@@@@@@@@@B@@@@@@@@@@AB@@@@A@@B@@@@@@@B@@@@@@@B@@@@@B@@B@@@@B@@A@@@@B@@@@@B@@@@@@@@@@@BB@@@@@@@@@@@@B@@@B@@@@@B@@@@@@@@@@@@@@@@B@@@@@B@@@B@@@BBB@B@@BB@@@@BB@@@@@@@A@@@@BA@@@@@AB@@@@@@A@@@@@@BA@@@@B@@@@@B@@@@@BA@@@@@@BBBB@D@@ADBB@B@BEF@BAB@B@BBDBB@BBB@B@BBAB@BAHAD@D@B@@@DABC@@BABAB@@@B@B@B@D@@@D@@AB@@A@@@@B@@@B@@@@@@@BABAD@@@BABABABA@A@@@@B@@@B@BB@@B@@ABC@@BA@@B@@@BAB@@@@@BA@@B@@@@@BA@@@@B@@A@@B@@A@@@AB@@A@A@A@@@ABA@@EBABABA@@A@CA@E@A@A@AABABAD@BAAC@C@ADAB@B@BAB@@C@@B@@@D@B@H@D@@@BABAB@BB@@BBD@B@FB@@@@@@B@@@B@B@B@@@B@@A@@@A@@@AB@A@@A@@@@AADAB@AG@EAAC@A@@A@AB@DABADCBC@A@AAAA@ACA@A@A@@C@C@CA@AAAAA@A@@BA@A@A@@@AACA@AA@C@A@@AA@@AB@BA@A@A@A@@AAA@AAA@AAA@@AAAAAA@@A@A@AA@@@A@A@A@@@A@@C@CA@AC@@A@A@A@C@AB@@A@AAA@AC@CAAAC@CAA@@BA@A@@AAACA@@C@@A@@@A@A@AB@@A@C@C@A@AA@ABA@AAA@@AAAAA@@AAAAAAA@ACCA@AA@@A@AA@A@@@AAABA@A@@BAB@BA@@B@@@@A@AAC@@@A@A@@@AA@@AA@CCCCAA@@@AAAAAAAA@@AAA@A@C@@@A@AB@BABABADABCAA@@AA@A@A@A@@@@@@@ABA@@@A@@A@@@@A@@B@@A@@@@A@@@A@@@@@@A@@@@B@@AB@@@@@@@@@@A@@@@@A@@@@A@@A@@@@@@@@@@B@B@@@@@@A@@@@@A@@@@B@@@@@@@@A@A@@@@A@@@@@A@@A@@@@@@@A@@@A@@@@@A@@@A@@@AB@@@@@@AB@@@@@@AB@@A@@A@@AA@@@@@@A@@@A@@A@BAA@@A@@@@@A@@@@@A@@@@@A@@B@@AB@@@@@B@@BB@@A@@B@@AB@@A@@A@@A@@@@BA@@@@@A@@@A@@@A@AB@@@@@AA@CBARIJGJGFKBKDKBMHIJGJIBE@@@@B@@AB@@@B@BABABEAA@C@@@CBACAC@AAAABAAC@C@CC@A@A@@@AA@@@A@@@A@@BAA@@@A@@@@@AA@@@@A@@@A@@B@@A@@@A@A@@@@@A@@@A@@@@@YGW@WB@@@@Q@YDSNMVIVMLQHQBSEC@@A@ABA@@@AA@C@AA@AAA@@@C@@BAD@BA@@@@AAACAAAC@A@A@A@@@AB@@A@A@@AA@@@@C@AA@@A@@@EAEBGBGHAD@H@J@H@N@BABAAEEA@AAABAA@CCAE@C@C@@@A@@@@AB@@ABA@@AAAAAAAAAB@@AB@BBB@DABA@AAC@AECA@A@A@C@CA@AAAA@A@ADAD@BA@@E@G@C@EBAA@@@@AA@@@AA@AA@@AA@A@@@@@@@A@@@A@@@AB@@A@@@@AA@@@@AAA@AA@AA@AA@A@@CAA@@@A@@@A@@BA@@@@@A@@@C@C@C@C@@@@@C@A@@@A@CAA@@@A@@A@@A@@AA@@@AA@@@@@@AA@@@@@A@@@A@@@A@@@A@A@@@A@@@C@@@A@@@A@A@@@@@A@@@A@@@@@@@A@@A@@AA@AA@@@@A@@@@@AA@@A@A@@@A@@@A@A@@@A@@@@@A@@@AB@@C@@B@@A@@@A@@@@@@BA@@@A@@@AB@@@@A@AB@@@B@@@B@@AB@@@@@B@@@@AD@@@@@@@B@@@@@B@@C@E@C@AA@CAC@CBAAA@A@A@C@AAA@A@AAAA@A@A@A@AACAAAC@C@CBED@D@D@D@F@DAB@D@BADBBDDBB@@@B@BBBB@B@BDBB@BAB@@@B@@ABC@CBA@ABA@@AAAA@@@C@C@CBC@CBCAA@@ABA@@C@C@A@AADA@@B@@A@AA@A@AAC@CBA@E@A@@A@ABC@AAA@@@ABA@A@AAAA@AB@DAD@@A@C@A@AA@@@ABA@CBA@C@EACBABA@AA@A@CDGFABAB@AAAA@A@A@G@C@ABBB@BBB@@BB@BBB@@A@AACAAACAAC@CCAEA@ABA@ABBD@BAB@BA@@AA@@@@@AA@@@@@@@A@@@A@@@@@A@@@@@A@@AA@@@BCB@BA@A@ABA@@BAA@CAE@C@@@@@@AA@A@@@A@@@@@A@@BC@@@A@@@A@A@@@A@@@A@@AC@@BAB@@@B@@@BABA@@BA@AAA@A@AB@B@B@@ABABIDA@@@A@@AAB@@ABA@A@@@@@DC@A@AA@@AABCB@D@B@B@@@@@BA@A@@@A@C@@@@@@@CBA@A@CBCB@@@@A@@@A@CB@@C@@BKNKTCJBLHLJHNDN@PDHHBNB^A\\@V@R@PCRGFUHOLURGJAR@V@PCLGJKFGRQFGHKDIBKCIIIAGAEHBBAD@D@B@@CBA@EDCBC@C@@B@BBDBF@@D@BB@B@B@BAD@BBFALBF@D@BB@BBDDBDD@BBBFDB@B@B@DADBD@B@F@FB@BBBD@B@F@F@B@BAB@BA@@B@BBF@B@D@@BDBBDBDBBBD@@@BB@H@DBH@D@B@F@D@@@B@F@B@BABBDADAFAFAF@B@D@DADADAD@DADABCFADAFAD@D@BADAF@FAB@FADAD@D@DADABAD@FAD@DADA@AD@BAD@BAF@D@D@DAD@D@B@BCBA@CFDD@@@@@@BB@@@@BB@@@@@BB@@BB@BB@BB@@@@@BB@@@@B@BB@@JJPFRJPHPDRDRHHJFHJHRFJFLJDHDBDFNDRIRMRQPYDOBWBOFQJQLOLITAV@XB`PVFT@RBTDRHPFPFPARKZOFGDOCQGOGOEMAOBIJGJAJDZBRCPEJ@DBFFDH@B@@B@@BB@@@B@@B@@B@@@@BB@@@@BBA"],"encodeOffsets":[[110190,27549]]}},{"type":"Feature","id":"522725","properties":{"name":"瓮安县","cp":[107.478417,27.066339],"childNum":1},"geometry":{"type":"Polygon","coordinates":["@@LAZWJBDCNCNCL@P@TANC@@@BDBNFDDDBB@B@D@B@B@BCBA@EAGIMCGBADAF@H@H@LAJA@@@A@@@@@AA@@A@@@@AA@A@@A@@A@@AA@@@@@@@A@@@@B@@A@@@@B@B@@@@@@@B@@@BA@@B@@@@@B@@@B@@@BA@@@@@@BA@@B@@@B@BA@@@AFEHAHGFGDE@I@GGGIGKC@AA@@@@A@@A@@AA@@@@@A@@A@@A@@@A@@@AA@@@@A@@A@@A@@AA@@@@A@C@A@@@@@C@A@A@A@A@@@@@@@A@@@A@A@@@@@C@@@A@@@@@A@@@A@@@A@@@@@A@@@A@@@A@A@A@@@@@A@@@A@@B@@@@AB@@@B@@@B@@@B@@@B@@@@@B@DAB@F@HDDBF@HAFGHM@I@IDAHAJBDD@F@B@D@BB@DDHHBBBD@DBB@BBDBDBDBFB@B@@@@@B@@@@@B@@@B@@AB@@@B@@@B@@@@@B@@A@@B@@@BAB@@@B@@@BA@@DCBA@@NFPBRBRBP@NOF]D]B]@GEC@A@A@@C@A@AAA@EC@@AA@@AACAAACC@@@@CACA@ACCCAC@@A@A@AAC@ABCBC@CAA@A@AACA@CAGCC@A@CAACCACEAE@KJU@MCC@E@CBCFCDAD@@DGJ@BBBBADABAB@DDD@D@BA@@DAFA@C@E@@BAD@DADAD@DA@AAAA@A@A@@A@A@CB@BAD@@ABCBABAB@BA@@D@BA@A@@@CB@@A@@JIHEN@HDFDBF@POXGP@F@FFBF@JSLUNKJCV@RJJHIVQREPLL\\FVFZFRBLGJGLCJ@VHRJNDNCAIEQMK@KJEJAJCLACSCMBAB@C@C@A@@@@@A@@A@@@@@A@@A@@A@@@@@A@A@@@@@A@@@AA@C@A@@AAAAA@@BABABAFBDBD@B@@A@A@ABA@@BBDBBBBBFFB@@@@@B@B@@A@@@@@ABA@@@A@@@@@A@@@A@@@@@A@@@@B@@A@@B@@@@@B@@AB@@@B@@@@AB@BAB@BCBA@ABABC@AA@CBA@C@@@@A@A@AAAAA@@FQDOLQRQJMBK@IKMIQKQEMCGGEGG@IHIBI@EEEMBKDKDKGKMISGOAKBKDQNUJOHSHIHKFKAKEKIGKCKEQMA@@@AB@@A@@@@@A@@@A@@@@@A@@@@AA@@@AA@@@@A@@A@@@@A@@AAA@@AA@@@A@@A@@A@@@AA@@@@A@AB@@A@@@A@@@@AA@@@@@A@@@@@AA@@A@@AA@@@@@@AA@@@AA@@@@AA@@A@@@@AA@@AA@A@@@@@A@@@@@A@@@@@AA@@@@A@@@@@AA@@@@@@AA@@@AA@@@@AA@@@@@AA@@@@@@AA@@A@@A@@@@A@@@@AA@@@@AA@@@@@@@AA@@AAA@@AA@@@@@@@AA@@@@@AA@@AA@@@@@@AA@@@A@@@A@@BAB@@@@@BA@@@@@@BA@AB@@@@A@@BA@@@@@@@A@@A@@A@@A@@@@AA@@@A@@AA@@@@ACGEECAI@OFQDYAICIBIHAJBPFNHPHPDRCPEHYPQLOBOEOEQGSCQAS@UE_OWAU@SBKJKPIRERAPAXCPOZQRQNQJMCCECACGKIIEQEIGEGGIQGQCOCOGQIOEII@@AAA@@@@@AA@@@@A@@AAAA@@AA@@A@@@@AA@@@@AA@@@@@@CCCB@DABAFAFABAHAJAF@HAD@@CDCDEBE@G@A@EDCBA@CBA@C@C@IB@@ABC@CBCD@B@B@D@BBB@B@D@@KPqAA^P~@`@NLNLPJNBRIPGPENDJNL\\LZHZ@^HZJFJDR@RDR@T@@[RUHEHDPSDAABA@}QC@E@cXBNHF^HJHPljdX`FnI`R`prLHTHGXZVFDNVDbCjFH"],"encodeOffsets":[[109845,28140]]}},{"type":"Feature","id":"522723","properties":{"name":"贵定县","cp":[107.233588,26.580807],"childNum":1},"geometry":{"type":"Polygon","coordinates":["@@@@@@@AACA@AA@@A@A@A@CDABCBA@C@CBA@GFABAAC@CAA@@BA@@@AA@A@AB@B@@@BBDB@@@@B@@@@@@A@@@A@AA@AAAAA@AA@C@CDCBA@@@A@@A@@@A@A@@@@@A@@@A@@@A@ABCAAA@A@AAAAACAA@@C@A@C@@AA@QDOJIRCT@PEJIAMIGOMGGEIGEKEMEAA@@I@A@@AC@CBC@EAAA@A@A@C@@@C@C@AFDDB@BCBAB@@BBBBD@B@B@BA@ABABA@@@A@CBA@AEAECA@@@A@CAA@A@@@A@BABABAAC@A@ACACAA@BAD@@@BCDAD@F@JBB@DABAJGFEHIFI@AFC@@@@FEJAH@OOGOCKDUDUFWFSJSHKBIAKGKSQMKUKQGUKOIMIMKBONMNEJC@CGEQAOHGHGDGG@KAMEMKIOGOIOIKGGK@ODO@KCMIOEGISGOAOCGAKEIIMKGSAMDMHEHIFIASB@@KMKCKQ@EiESP@@IVKLIFMHKFMLMJOLQRILOTMROTIZDDFDFFLJJFLFLHLHFJ@H@LCNBNHLNHNHJLJPFTINOCMGK@KHCFKNKLIJGHONMJKHEJFLHFLDDB@@@A@@B@@@BAB@@@B@B@@@B@@@B@@@@BB@@@BB@@@@B@@@@BB@@@B@@@@@B@@@BA@@@AB@@@JIFAJ@HAH@H@LBHFBFBH@FBFBHAJEFEF@FBFFF@BD@DBB@B@BBB@D@B@D@BB@@@@@BCDA@@BBBJBD@BB@F@H@DFDFDDHDJBJ@B@@@@C@CBC@GBABEBABC@GBA@CBA@ABCBABA@ADBDDBF@HANEFCF@H@F@DBD@DB@BBB@B@D@B@B@@BB@@@@@B@BA@@@@B@@A@@BA@@B@@A@@BAB@@@@@@AB@@@@EBI@ED@H@HDHFFJFHFFDFBL@J@FAB@LHJHJLJLLJRDRNFLANAREJK@SAQCOAQKQIMGQDGLEJIJKFKFCLDFLFLFJFHHBFCLEHCPBNFJLLNNNLLHXRPFHLBNARERCRCRARFRJFLDHEHENKN@JD@JCLKNMNELBJHHPJN@T@LBBHDPFJLLPHNDT@RB@ALANALC@D@B@D@@@B@B@B@BD@D@DAFCB@DA@@@A@CBCAAFGHBJBJJLDJALCHGREHQLEHIDK@O@UBQHIVQPKVGHEDQ@O@Q@UB[A]AMGGOCM@MCIGGKAKDILSLM@AD@@@DAB@@@B@@@@@DADAB@B@DA@@@@@@D@B@@@B@B@@A@@@@@A@A@C"],"encodeOffsets":[[109937,27185]]}},{"type":"Feature","id":"522726","properties":{"name":"独山县","cp":[107.542757,25.826283],"childNum":1},"geometry":{"type":"Polygon","coordinates":["@@AIBODSDK@@fGLKJSHQPKH@BAFIBIAICGKCMBGFEBGBGGAIA]EMMUMOKMCMBSNOLKRELENANAVANIJKDENGL@RFRLJFH@NCLEREPCHMBOLKLMAKBO@E@GGIIACDCFCBG@CAG@EDG@@AACBA@@BABA@CBEBCBABA@A@C@C@AFCBC@EAEE@I@ODG@E@AEAE@E@EJIBA@ABABABCBA@A@@@A@@@@@A@A@@@@@@CODQ@GAIGIEE@KBEHK@EAEGEGGAIFKMDKGDUASMIU@[JA@@A@AA@@A@AAA@AAC@@BA@C@CCCEAEBC@OHSDI@OCEE@EGCKCGDCLCASCaCWKMQCa@SFWAWESAMF]N_D[CIIKIMCO@UNUXUNSFOAMGQGQCSBQHMNIHEJKBKGGKKGMK@K@EAOGGMEKCIIQCGCE@@@CAC@ABC@A@AAAE@AAA@@A@AAC@ABA@ABAA@AACC@@ABABCDCDEBA@ABA@AAAABABC@CBABABCDC@@AACAC@A@A@CB@B@@EHCBCBAAEBEB@@AACA@@AA@AACA@CA@@A@CAIAAAAAAAAA@AAA@AA@@A@@AAG@ECACC@AAAAAA@CAACC@@@ADAB@@CCACAAAC@ABA@A@A@ABAB@@CFAAA@@AAAAA@@AA@A@CBCBCAA@@CBA@AAA@@C@A@C@A@@@AA@AAC@AB@DA@BDADBD@BABAB@@CB@@A@C@A@@@AC@E@GEAE@GBEDKAM@ABA@@@ABA@ABCA@@@B@BA@ADBBB@A@BBAB@B@BBB@@BAB@@BB@@@@B@@@@@DCDCDAB@BDJL\\HPJTFRAPGRENKBI@OGIESMSCCBGFAHAJANAH@HKTGPKRIPAJBPDNDLLLJLBLGFG@IAI@GDIFGJGHGJKFICEECEC@AC@@@@BA@@A@@@@A@@B@@@B@BA@@@@@AA@@@ABA@@A@@@AA@AAAA@@@A@@@A@@C@A@@@A@@@@@AA@@A@@AA@@BA@A@@@ABA@@@AD@BABA@ABABABA@ED@@A@@AA@A@@@A@@@AB@@A@@@A@@@A@@@AA@@A@A@@@A@A@A@@@A@@B@@C@ABC@C@A@AAAA@@AAA@A@CB@@@BAB@BADA@A@ABAB@@@BADB@@B@B@BA@@B@@@D@BAB@@@B@D@@@@ABA@@BA@A@@B@@@@@B@B@@B@@B@@B@@@@BB@@@BB@@@B@@BB@@D@@@B@FE@@B@B@B@BDB@B@B@B@D@@@BBBB@B@B@B@D@B@B@D@@BBB@D@DBBD@@@BBBCB@BAF@B@D@BDB@@B@@BB@BBBB@BA@EBA@AB@B@D@BAB@B@@A@@BDD@@DBDB@BAACBA@@@A@A@A@@@@D@BAB@BA@CBA@ABAB@BBBBB@B@BABAD@BBBD@B@D@@@@BD@B@AD@BAB@@BDF@@@D@@D@BAB@DDHVRFFJ@@@DJH`FbD^@lEhBnAPHNLJLHNFNDJFFH@LDLFJLJJNDFDNBVFbJfDTJPHPFNCRETIPQRIVE\\PXFEJ@JALALDNJFJFLHNDLHPBLFL@LFRJJRLTJPFXHHDDJ@PBVDVHTFLRRNBL@LENAT@XDPHVDLELKFENMNEPBNFLH@@RFVJRD"],"encodeOffsets":[[110270,26628]]}},{"type":"Feature","id":"522727","properties":{"name":"平塘县","cp":[107.32405,25.831803],"childNum":1},"geometry":{"type":"Polygon","coordinates":["@@LI@GK]KqZCXA\\ENGFQHMJEPENCR@R@HEJIHKBM@IGIOCMCEGFSLUTORCRATBRJLNHNHPJNNLHH@LGHEJDHL@RGTKVKTILCLIFEPAN@P@FEAQKUKQKWEaCS@MBGFGNITGTEREL@XDLDJBLCHI@IBG@C@IOWF[JURQJOFSDQEMGOIOCSIeEaAUCMCEIMKIEICK@KEGIEMCMEKGKIGMBOAmFg@kC]EaG_CI@@I@EEUQCG@CBA@A@CC@@@E@ACABA@CAA@A@AB@BAD@@AB@@A@ABA@ABA@CCA@CCAAA@C@AB@BABABAB@BDH@@ADABA@@BA@AB@@@B@B@@@B@BABA@C@A@@@A@@@AAAB@@@BA@ADABCBADAD@@ONIFMJOBSFQHKJCRBJDNFR@PGPEHQFQBKAKGGKIGGE@A@C@C@AAA@C@A@A@CA@AAICCAA@C@CBCAC@A@C@@ACCCAAAABA@A@CBAA@@AAA@AAK@WCWCQ@SFUDMAKEMGQEC@EDKDODU@QCCAMGQCSEOBCDAHBHFHHNFLFL@LENIHKHKHULYPgPSHIFIBOAIEQCQ@WDQGOCGECIBG@MAMGIIIIIIMKKQCOBQJWHQFQ@MFSHUHUVQNKRKPCN@LBRAPGLMNQPOH@DFLFJFLFHDNLLHHLDXFRFNALGJERGRBNFHHDBB@D@FAB@D@BDBH@BEHEDGDEF@DBDBBF@D@B@@@B@B@@@BBB@B@B@@@B@BB@@B@B@@AB@@A@@@A@@BAB@@@BAB@B@B@B@B@@@B@B@@BB@@@@@B@@@B@@@B@@@@@B@@@BABA@@BABABAD@L@H@P@T@PHTPLDTNPNFN@TCRGVCNELIAMGI@ADHLANI@ICCIEKEKGEAHBH@NKDK@AF@HHHFDLDJDFHDJANENAJHHLBNBND@HAHGFMDIBADA@A@A@@BA@AB@B@B@B@B@BBBB@@@BBBBB@@@BBBBB@DB@BBB@@@@@B@BBBFBFBF@P@LFPHLH@HAFCBEAcUKEK@EB@DNJFF@FBFBFADE@C@AF@DJFCL@DBDDB@CBE@AB@DBDDBBB@@@@@B@@BDBB@@@B@BB@@B@B@B@B@B@@A@BB@@@BA@@BA@@LBZF\\FPDJHHHDLBNDTDTJXLRLJPDHAL@NFHDHHLLNBPANARANHDJCJELIFIDMLONIP@NDJHHNDNDLCJGNEPGVEX@ZHJF@@TOjF"],"encodeOffsets":[[109699,26722]]}},{"type":"Feature","id":"522728","properties":{"name":"罗甸县","cp":[106.750006,25.429894],"childNum":1},"geometry":{"type":"Polygon","coordinates":["@@PGRONMHKBOAQ@KDMLOLQRMVUVGTGNER@REXGRIPARDLLJNJJJJHJBN@NAHDJHFPDRHXCR@RDJFPBJAJETGhOZOVKLGLGJGFM@KEKEKGMEGAGBGDCPATFRDNHDBRDV@PCLCFCD@@@@ABA@A@CBA@CA@@ABC@AAAAA@AAA@A@CDEDC@A@@@ACAA@@ABA@@B@B@D@FA@@@A@@AABA@@BAB@@C@E@CCEAECAEEEAAAC@CAAAEAAAC@A@A@A@A@C@EAA@ABC@CAA@A@AAA@E@CAAAAAA@E@CAA@A@@@AA@@A@CAAAAA@@@AB@@ABA@A@A@A@AAA@AAAAA@@@ACACAAA@@@AAA@C@C@@@A@@AC@CAA@C@A@@@AAAAEAACA@C@A@AAC@A@@@A@ABAAAAEAAA@A@A@@BC@CBABA@@B@@C@ABA@C@@@A@@AA@AAACA@A@CACBCA@@AAA@AA@AC@AA@AAA@A@AB@@A@@@A@@BABABA@A@@BA@ABA@C@A@C@A@CAA@A@@@A@C@AA@@A@ABA@ABAB@FAB@B@BABA@C@A@A@C@A@A@CBC@@@A@ABA@ABA@A@A@A@A@C@AAA@C@A@A@CB@@CDA@@BC@ABA@ABABA@C@ABCBAB@@AB@D@@AB@D@@@D@D@D@B@D@B@@@B@DAD@DA@ABA@CBABE@C@CACAC@AAA@C@AAE@ABC@C@C@CACCG@A@AAE@C@C@AB@BE@E@ABABAB@B@@A@A@A@@CAAA@A@C@ABCBCBC@A@GBC@CA@@@AA@AA@AAAACAA@A@A@A@CA@@AAAAC@CCA@CAAAAAAAAAAC@A@C@AB@@ABABABABADC@@DABCBA@@@@@A@@@A@@AAAAA@@@A@@@C@A@A@A@AAC@CAA@AAA@CAAACAAA@@A@@BABAB@@CDQJMHEBG@EBGBIBG@C@GAE@EAECECA@CCCCACCCAAACCC@CACAC@CAG@G@CACBC@CAA@CBA@E@C@C@AAC@CACCCACAAA@AACAAACAC@C@I@ODEDE@EBEAA@GBC@AAEAGEGAC@ECG@C@@@@@A@@@AB@AA@A@@@AAA@AACA@@C@CAKAOEKAM@G@KHGBADIHABCBAAABC@ICECCAKKAAC@G@IGKICAC@A@C@E@KHKNIHIDI@IBGAC@GAMGEAGCKAEAI@KCECEEEGAGDIBM@GAEAEACEACCCA@AACACEAG@GEGAGEAEECEACACBEECM@GCEEGECE@@@AAA@A@@@A@AAA@@@A@A@E@A@@@A@A@@@A@@@@@A@A@@@A@A@@@A@@@A@ABA@@@A@A@A@A@A@@AA@@@@BAAA@@@@@A@@@A@@AA@@@AAAAAAA@EAC@A@@AA@@@A@@AA@@@@@@@CA@@AAA@A@@AA@@@@@A@@A@@@@A@EIEEACAC@AA@@@C@A@@B@B@BBDFJFHFH@@@B@@BB@B@BB@@B@@@D@@BB@@@@@@@D@@@BAB@B@B@@@BA@AB@@@@A@@B@@@BAB@@@B@@@B@@ABA@AB@@A@ABA@@@ABA@@@AB@@A@@B@@@BA@@B@BA@@@@B@@AB@B@@@B@@@B@@@B@@@B@@@@@B@BA@@@@B@@A@@B@@@@AB@@@@A@@@ABAB@B@BA@@@@@@B@BA@@B@@@B@@AB@@A@@BA@ABABAB@@@DAB@BC@C@ABA@@B@@AB@B@BAB@@AB@BAB@@ABABA@AB@BA@AB@BC@ABAB@@AB@B@B@D@BAB@BA@@BABA@A@ABAB@BABA@A@E@ABA@ABAAAA@A@C@AA@@AAAA@A@CB@@ADABABADA@@B@B@B@BAB@B@@E@AB@B@B@BB@DAFBD@D@DB@@BD@BBBB@@BB@@BB@BBBB@@BB@@BBB@PHVJVNRTBLIJGLAPARGTERAN@NALGNIPMTMTOLK@OAOBABA@A@ABA@A@ABA@A@AACB@@AB@B@@AB@D@BAB@B@BAB@B@DBB@B@B@B@@BB@BBJ@F@D@DAD@BEDDBFBHB@@BB@@@BBBB@@BBB@B@BABCB@BABAB@B@B@B@B@@CL@HADCFCBE@CBCDAB@@A@A@A@A@AAA@A@A@@BBB@@BB@B@B@@@@ABA@A@@@A@C@A@AAA@A@A@AAAAAAA@A@E@CBAB@@FBDBDBD@BB@@BB@BB@@B@B@BA@@@CBA@@@@B@@BB@@@BBB@@BB@BB@FABAB@BAB@B@B@B@@@BBBBB@@BB@BB@BBB@BBB@@@BBBBBBB@@B@DBBD@B@D@B@@@B@BA@@B@B@BB@AFCDAD@BCBABAB@D@@ABAB@@ABC@C@AAA@AAA@AA@@A@A@@BAB@@AD@BBBBBBBBBDB@BBBBB@BABA@@BA@A@C@@AA@A@AB@B@BB@@BBB@@@BAD@BB@A@@DBDBBJ@FADB@BCDIDED@D@HDDDDB@BBB@F@D@DAF@B@D@FLLTRbDXEVARHPLLTVVTPPFTJXPVDR@HBJJDDBNFPFNJ@B@BBDDDBBDBD@BF@FHJD@FBDBHNN\\BNBFDRBJDHFHHDPCPKPONQRULINILCL@HLDNELGNKNGJAH@LJHLDJBH@HGJQHOFMHOHGNGPEHGFIFEFAJA"],"encodeOffsets":[[109250,26304]]}},{"type":"Feature","id":"522730","properties":{"name":"龙里县","cp":[106.977733,26.448809],"childNum":1},"geometry":{"type":"Polygon","coordinates":["@@@@@BA@@@@@AB@B@@@BA@@B@B@@@@ABAFAD@@@B@@BDDDBDBDB@B@B@B@BAB@@@BDBBABC@C@@@HFPHH@P@PBPBFFJHJFLBPDLHHJ@HALGLMFCBKBM@OAA@@DA@@@@@A@@@@@@B@B@@@@AB@@AA@@AB@@@B@@A@A@@@A@AB@B@@@@A@A@@AA@BD@@B@@@@B@B@@@@B@BA@@@B@@@@DB@@@@@@B@@AB@@BF@DB@@@@@@@B@B@BB@BBB@BA@@B@BBB@@@B@B@@@B@B@@AB@@@B@@BBD@B@@@B@BBBBBB@BBD@DBBBB@B@@@D@B@F@B@@A@@@@BA@@@AB@BA@A@ABAB@@@B@B@DBBBBBB@@@BB@@@@BBB@BBDBBBB@BBD@D@BB@B@@@@D@@@F@B@B@BBB@@AB@D@@BBB@@@@B@@@BADABAB@BABBD@BBAFAB@BABC@E@C@C@JBFBB@BFDB@BB@C@C@C@AABAA@A@ABECA@CA@B@B@B@D@@BD@D@DAD@JBLDJJFLBLBHBFF@F@LCN@@A@@A@A@@AA@BAB@@AACFAHAD@FAFBBBADCDABAB@BB@BADBBB@D@D@@@@DBBB@BA@B@BB@ADCDABA@AAEAA@A@ABC@CB@BBJ@BBB@BDDDBBBBD@@HFFFBBBBD@@@D@D@@@FCBABAB@BBFDFDB@BB@BB@DB@@B@B@BAB@DA@@B@BAB@BB@@BD@@BB@@B@@BFHHFDDB@DBH@B@F@D@B@B@BBBD@B@@B@B@@AB@B@B@BBB@@B@B@FB@@BB@DBB@BBJJDDV`^@bNHHXBRJ\\Az@rYXLP@RE@@DADABAB@D@BAH@B@B@DAB@DCBE@A@ABADCB@B@D@FC@A@CAEBKAE@ABC@A@A@AAAC@@@AEAC@A@A@A@A@A@A@@@C@A@CKDMBKB@BQAS@MCOGKKEICOAGKAS@M@OIGGAIFKNMLMDK@IICM@MLGFGFKCIEEQBQDQDQFQBQAMGKOEWQKGMKMMKKEIAMDOFGDKAEGGIEKEKECEDKLELEJIFIHKRCNHRJRLPBRDTBL@FIBQBMEKQMQCKIIKIKIGKGA@EBI@K@EAECGEIEEECG@G@GFCJ@FA@@@@BA@@@@@@BA@AB@@@@AB@@AB@@@@A@@B@@A@A@@@@AA@@@A@A@C@AAA@ACAC@CAE@G@E@EDMFGBE@CAACBCB@BADABAB@DAB@HAD@BAFABAHAD@DAD@@@@@@AAICICGECEC@C@G@EAAC@IAAA@AB@DC@A@@@@AAC@A@C@A@AAA@A@CAC@@AEEAE@EFEFEBIAGAE@EAGAEGEKAG@G@GBI@EBIJ@@A@@B@@AB@@A@@@@@A@@@A@@A@@A@@@@@AA@@A@@A@@A@@@A@@@A@A@@@A@AB@@A@@@@B@@CAKCGEEKFILGNIPMHGJILKLMDELGL@NHPDJMESIOIKMGMGGKAMDM@K@GEIKGKGKEIEKIEEECCCKKIESCMBIDIHMDWBOAMEIGIEKIIKKIMEEDCHALEHIHIDM@MBGJ@JBJHFJBJBJFDLAJIJMBQFMFAHAHDLDJFFJNDD@@FBBBFBDDD@DBD@ABADABAD@B@@@BDF@@AB@BCBCBC@E@ABA@@F@@@D@BAB@@A@A@C@A@@BBBBDDBFDDBBB@B@@@D@B@B@B@B@BAAA@@B@D@BAAAA@@A@AB@BABGAM@G@CBC@AAAA@AAAAAACCCCAAA@@WFSD[DU@UDGHDJFDLDRJPLJBJFHHHHDJAHEJBLFHHJFFDHADCBCBIBI@OAMCKEIGIGIAOBIFUPEHBNDFRVNRLRJFRBNAP@JBBFCFGL@JFDJBH@HDDHAFEHGBIFIFEFEFCJBHDLJFNJJHLFNBDDDFBFBFCBA@@B@@@B@@@B@@@@@BB@@@@@B@@B@@B@@@@B@B@@C@ABABABBBBBD@BBBB@BB@B@BB@BABAB@@B@DBDB@@BB@BAAK@@@E@C@C@@BBBB@BB@@@B@@@@A@@@@@"],"encodeOffsets":[[109404,27181]]}},{"type":"Feature","id":"522729","properties":{"name":"长顺县","cp":[106.447376,26.022116],"childNum":2},"geometry":{"type":"MultiPolygon","coordinates":[["@@A@@@AB@DBBBD@BD@D@B@BBBDDLB@@@B@@BBDDTBLD\\DZHPNBFEFMPEJHLJLHFJCPKN@@@@@BA@@B@@@BADABEB@@@@@@A@@@G@OAGBEBAD@DBDDBDBHBFBBDBBBBB@@@@AB@@AB@@@BBB@@B@@BB@B@B@@@DBB@BBDB@@D@B@BB@@B@D@B@DBB@@@BBB@B@@@B@BB@@B@BB@@D@B@@@BAB@B@B@BBB@B@D@B@B@@@D@@B@AFBHDHFDDBD@F@FBBBCFEDKFEDABABAB@@CJOJWBUCODDLPH@PHBVARAFDBHHD\\JBABAJQBK@@HGHMJGVAPBNFJLJNBB@@@@HNDR@VA\\DFXBPBNCRIZE^E`EfCL@B@@AB@BA@@B@@@B@D@B@B@@@B@@@D@@@B@B@@@BAB@BAD@BB@@BAB@BA@ABAD@FBDADAD@B@DABG@CAA@AAA@@@AACBADBD@@@BABBB@BBBB@@@BB@@B@@B@B@BAB@@A@A@A@@BA@A@A@A@CBAA@ACCAAAAA@A@AAABAC@@@AAA@AA@AA@C@A@AA@CBAF@B@BBD@B@BA@@BAB@@ABA@@B@B@BB@@@B@B@BBBBBBBFBFDDBD@D@B@B@B@@A@A@@@AAA@ABAB@BBBB@BB@BBB@B@BBB@FA@@FB@@B@DBB@B@B@BBB@D@B@BBB@D@D@B@D@@@@ABA@C@C@A@@@AB@BBDBB@D@DAB@DABCBADB@@B@@@D@BB@AB@@A@@BABA@@@@BB@@BD@BBBBD@B@BD@BBB@D@BBB@BBBB@@D@@@B@DAB@B@BA@EBABADA@@@@@AAC@@AAAAA@C@CAAAAAB@BAB@D@B@D@D@B@BA@@DAD@@@@AC@AAAA@ABC@AD@D@DBBBDB@CAMBA@A@C@C@ADAB@DADBBAD@B@D@BCGCA@CC@A@@BADAB@@@B@BA@@@A@AA@@AOCMCSGOEOCWCWEU@QBOAMCKGIK@OJQHMLMLILGJIHOBKCMGMMEQEQBKBMAEECOLQRQJKFIBOAQ@KFKFIFK@O@MDIFGPILGBI@GCGGGOCS@HaNQFSAO@UAUKIMEU@SBOEUIQAOHQFQBQ@SBOFUBSDOBMBOAIGIKGOGKIMKMMKKKIEMDMHGN@PD^FXEREP@NEHAPMLQJOFKBIDMBIJKbA@AD@F@@@@C@@A@@A@@@A@@@ADEAACCAC@A@AMIOEMECAICAISFeb[PSHKAGC]iUGY@qNgVeHYTOBAPELDVAPKNKBMBMEOKUOYSM@MHEPDJLHTHPLFPBRAXC`K^AP@@C@E@@@@B@D@B@BBDBB@@BD@BAD@D@D@B@@A@BB@DADCDAH@LBFBDHBPJJFBHDDHBDD@DCBAD@BBBD@D@BBDh@FDDF@F@BHBJBJNTLL@F@BCDKDQDGBCBAD@PBDBDDBLAF@DB@BAFGP@JBHBHFFHBL@J@FBDHBDDJDP@D@BABE@G@E@EBCH@B@B@@@B@@B@@B@@B@@B@@@@BB@@B@@BB@@@@B@BA@A@A@ABA@@@AAA@A@@AA@A@CAABA@@B@@CBCDAB@F@DA@C@C@ADADAFA@ABC@A@ABEBG@EACC@C@CA@A@AFABEB@@ED@DHHBD@BC@A@AAAAGAEA@C@C@AAAEBGABH@BA@@FA@CBC@@@@B@@A@C@@B"],["@@B@@A@A@CA@CAEC@@AAC@C@ABA@@D@DDJBB@DB@@@B@@ABAB@B@B@B@DC@A"]],"encodeOffsets":[[[108777,26658]],[[108773,26653]]]}},{"type":"Feature","id":"522732","properties":{"name":"三都县","cp":[107.87747,25.985183],"childNum":1},"geometry":{"type":"Polygon","coordinates":["@@@@@@BAFBJDB@@D@FAD@B@BB@B@@@BABABAD@D@B@@CBC@C@@@C@AB@BBDBBBB@BB@CAABA@CBA@AAAAAACFGHERIJALGFODUFIJKJKLIJERELCLBHFFLDL@R@NBJDLLFN@NMLKJKRIRDLFJDHEHGBG@@B@@@@@@A@ACA@CBADCBCBABBB@@@BADCBEBC@@DA@A@C@@DCB@FAD@HCDAD@B@@@@AAACAA@AC@CFCD@D@JFB@@AB@@A@A@CAC@E@@@C@CBA@C@@DEB@B@@D@B@BBDDBBDABCD@DBBBBF@@@BABAFAB@@ABAB@B@BBBD@B@@BF@DBDD@D@FAHDF@DAFAF@@@JABBVTR@NEPKLEJAH@PCD@@@B@B@B@@@@@B@B@@@@@B@@@@@BB@@B@@@B@@@@BB@B@@@@@B@@@BB@@B@@@@@B@@@B@@@@@B@@BD@B@@@B@@A@@B@B@@@@@B@@@@@B@@A@BBA@@B@@@B@@@B@B@@@B@@@@AB@B@@@@@B@@@@@B@@@@@B@@@@@B@@@B@@@B@@AB@@@B@@@@@B@@A@@B@@@B@@@@@B@@@HCD@BBDDBDBD@BB@@B@@BBBB@@@@@BB@@@@@BB@@@@BB@@@@B@@@@@B@@@@BBA@@B@@@BA@@BA@@@@@@BA@@@A@@BA@@@@B@@AB@@BB@@@@@B@@@B@@@@@B@@BB@@@@@@BB@@B@@@@@B@@@@@B@@@@AB@BAB@B@@@B@B@@@B@@@@BB@@B@@@B@@@@@BB@@BA@@@@B@@@@@B@B@B@@@D@B@@@@@BB@@B@DB@@@@@@BA@@@A@@@A@@@A@@@@@A@@B@@A@@B@@@B@@A@@B@@A@@@ABA@@@A@AB@@@@@BA@@@@B@B@@A@@@@B@@@BA@@DAHAB@@@BA@EBCAA@ACAA@AAA@E@A@@@A@@A@@@@@A@@A@@A@A@@@CB@@@@AB@@A@@@@@A@@BA@@@A@@@A@ABC@C@C@A@@@ABA@A@A@A@E@A@@@AB@@ABAB@B@BA@@B@@@BA@@@@B@@A@@B@@@B@@@@AB@@@B@@@B@B@@@@@B@@@B@@@B@@@B@@@JFHFPNHFJLDJFJDFFDLAJ@DG@GGIGK@IDEBCFAHDLDFCBICKSIKOEC@CAAAA@@AA@@AA@@BAB@D@DABABA@CAA@@A@A@ABAA@AC@@AAABABAB@BA@A@A@ACAAAAAB@@@@C@EAG@C@ABABCDGBAAAA@EAA@E@CAAAAEAG@@GCC@CAAA@A@A@AAAA@CBCDC@C@A@OGE@MDE@A@AAAA@E@IDE@E@AACKOQQIE@@C@@AA@AC@@C@CBC@@C@A@CB@BIDKFADAAA@CAABABAB@BBB@@@@AAA@A@ABADA@A@ACAGCCA@@CCECEGAKIGOKIICE@@CAAAAAAAA@@C@A@A@AAA@@@A@@D@D@FADADCFEDCC@AA@@ICAACAIEACACICGCIGCA@A@A@AACAECKEKCOBIHMJGLANCBCDI@IIIGGCEBGFMDM@M@@A@EB@A@AAC@ABC@C@C@CAA@ABCBABCBABAACAECGAA@C@A@ABC@AD@F@D@HBB@BBBFFFBB@@F@NDHBFFFFHBHBB@DCF@DBFBDDDD@A@ABCB@BBDBB@BAACAC@A@C@CBA@IHOBC@AEKBCBA@CAEACAA@ABCBABAF@B@@@D@DCBED@DBDCBA@ADC@ACEDE@CCC@GCCACAA@AEAACEEGEIEC@EAEECE@@KCKAEAAC@AIGOAOHQAEUAKGKSISCIAYC[O@AAAAAE@@A@CAC@AA@@CBC@ECA@@DOBOAIEEEAQ@ED@BABADABADAB@DAD@BADCHADCD@B@D@BC@A@@@C@AAACAACAE@SQKCcHW@IGCMOAMFGNBZEPIJKHIAGGGUIKKCOEOAODOFKNENIPIJKHODYNMNGPATBXDXENIHKJWFELBJHHHFBF@FGLAF@LFFHJBJ@HCRDP@@@@@@@B@B@@@@@B@@@BABADABAB@BABIJ@F@FBFBFF@H@PCJ@F@BF@FADED@B@D@D@BABABADAF@DABAB@@ABBD@BH@FCH@DBH@DADEDCJBHJ@H@FAPBLKNKLAPGNODQFKFMDG@IEQKQEK@MHCFILMJUBMBMBKFQFKLMPATDNLNNPNVFNB^BJHHHAFAHENALDDHBJAJEJABG@OLGRITKLeH@@CLCTAPBJLLDBFFJNLJNLLDTDPLRLBB@@@@BB@@@@TLPPJHDPAX@PBVBZCNIDGFKDMDMHILB@@@@B@@B@@@@BB@@@BB@@@BB@@@@B@@@B@@@@EBCB@DBBBD@BABEBAB@B@@@@@@@B@@@B@B@@BB@@@@@B@B@@@B@@@B@@@BB@@@"],"encodeOffsets":[[110323,26797]]}},{"type":"Feature","id":"522731","properties":{"name":"惠水县","cp":[106.657848,26.128637],"childNum":1},"geometry":{"type":"Polygon","coordinates":["@@HINAN@JCJGFGBKDGFCNFLJJLLJJFJHNFPBXANCJGJCNATDJFLLJYPSNQPSJKRQPKNINKLENGJELKJUIEYGW@UFOHMFIHKDMCMCGGCI@MJOPMNKJCJEFKDICIMGQBMBOBMAKKGGGCMEK@GBOCKIKQIWCSCSAMCKGGIGOC[EYEKA@@AB@@AB@@A@@A@BA@A@A@A@A@@@AAA@@@A@CA@AA@@@@@A@AACCCAA@@BAF@DCAAC@CDKIE@CBED@F@BCAEAE@EEEMI@CFAL@LFdVFBDABE@GKGOGKEO@E@EAEAAA@A@A@@@@AA@ACAA@AAAA@@A@AAAA@@A@AA@A@A@A@A@ABAB@@AB@B@B@BCJANCHEBG@GMCMAKAGGBIFMBMCIEGICKCECGG@GBEL@LC@MAGBGHFFLFLDJJDJ@BMGKBCJ@NHJBFKDMHUDQ@SEMOMSMKCSOOGS@O@G@K@C@ABABAB@@ABAB@@A@@@@@A@@@A@@@A@@@@@A@@AA@A@@@A@A@A@A@A@AB@@A@AB@@@B@@@BA@@BA@A@@@AAA@@@A@A@A@AA@@A@A@@@A@C@E@AAAC@CFEHCFCFG@AAGACC@A@EBC@A@CAGGMEQAQHIFKHMBQEWEKCGGKKCMEGEKEIEK@CIBEBEFEJGHOFMHGHGPENGPIRGHG@IAKCIG@KBGHILMHMFKCMGKK@KDMJKJQVMROPOLODGCEGCGAICQAEAMM[GMCAEAC@GI@EAEC@CACF@B@@@B@@@BB@@@@D@@E@C@@BaBILAJCNAJELIPKRONGBMFO@QFWF]EOCM@GHCNFNLJLLNNNLLJPHLHHJBJAPANCPATEVAP@TARERGRBPJRFVAP@TFVJNVLVBP@TBREbMGT@PDHHDH@HAJKHOJEHCJ@N@PELEJEL@LBRAPEJILQRKRDPFFNBLARARFNFHNDNALGPIJKHKJKNGNIR@PJLLHNDPBRAV@XFXDPDPFTHNDPD@BB@@B@B@@ABA@@@A@CBAB@@@BDDB@HDADC@A@C@ABCACBA@CB@B@D@D@BABBN@DCAAACAC@C@@BAD@BBBBBD@@B@@C@CB@@ABA@C@C@A@C@A@ABA@BBBBDBD@B@BBBB@@BD@B@@B@ADAB@BAB@BB@BBDBBBBDB@@BDADAB@D@B@BBBDBBBD@B@BB@BBABADBBAB@BABBBAB@B@D@DAB@DAD@D@B@BAD@@@B@B@@@@B@B@BAB@BBB@B@BF@BB@B@B@BADAB@B@B@B@D@BA@@@AAA@AFBLHLJJHZPNDRCPCNGJGNEHDLJRJLCHK@ODOJGR@B@B@D@FBD@DBBBB@BD@B@BD@H@D@D@FBD@@A@@@AAAAA@CCCAAA@AC@@@A@@@AB@@@@@BADAB@B@D@AA@E@CDCBICOAGFMLINKNOHOJORKXBVFJJHH"],"encodeOffsets":[[109432,26825]]}}],"UTF8Encoding":true}