{"type":"FeatureCollection","features":[{"type":"Feature","id":"411002","properties":{"name":"魏都区","cp":[113.828307,34.02711],"childNum":1},"geometry":{"type":"Polygon","coordinates":["@@NFBJBD@@@DBDBD@@LDNALALA@HCDKDCBIJ@@@F@@BNDLHBHDFAHADCBAHEHCFAH@N@FADEDCBEFCB@HAJBJADAB@BG@E@CBGR@DABSBO@ADCBCFOBCDCD@@G@G@GGGGECCE@A@EDGDGHEDGAMA@@@@@@CCCCE@C@CACE@CBE@GA@@AC@@AC@@GFBBIEA@BG@AB@@@JCBA@EB@FB@AFC@CBOBI@GAE@@@AA@@EA@@@CDCAEA@@AK@@AGA@DG@@FG@@CB@@AB@@@@@B@@EA@@AA@@AB@@AA@@BE@@DCAA@IABJE@@HC@@BF@@HC@@@@JBDFH@D@DADB@DBNBHBD@D@DBBB@FABADGHC@CBC@C@CACAACOAGAQBGD@L@JHFJDbJ"],"encodeOffsets":[[116500,34866]]}},{"type":"Feature","id":"411025","properties":{"name":"襄城县","cp":[113.493166,33.855943],"childNum":1},"geometry":{"type":"Polygon","coordinates":["@@@AFADAF@DBHBHFBABAACACACACBABC@ABWDALOFSFMJEWRCJK@G@MDODSDOBQDQA@C@@CG@@KDED@DC@GB@B@HB@ADA@CEBAE@GA@AEA@AIE@@CNGH@PCBDB@LA@@B@@B@DB@@@@D@JAB@@@DB@B@@@@FB@D@B@@D@BD@@BDBB@B@@@@AB@@ADA@A@@B@BBB@@@BAAC@@@AD@BCC@@A@AE@@@@A@@AA@AF@@CA@@AC@@AC@@@C@@AG@@D@@AOAAAAB@F@DADC@AAA@E@C@ADC`KZCBCBcOaAEBQ@EAKEBAKKB@IA@ACEABGCAAA@AA@@EB@@EB@@C@@@EH@DBBGNB@AD@@@AA@@JA@EF@@C@A@@FBBI@CA@@@@EE@@IC@@AG@@AG@DCI@E@A@AAAA@ABABC@CAEGGIEIAC@@@CBCJADEJCFA@A@A@CAACAAACAGAM@ACAA@CAABE@KBC@KBCBMFGBCBMAEAGAKAG@A@AB@BAB@BAFABC@CA@CBI@CAAAAACC@CAC@CBADEBCBA@CBCBE@A@]OATXXu@ABAJBFDFHLAHGDE@EFERAPCBC@ECEAEAI@G@CBEFCHCBCCGAEAI@GCMCG@EAEDG@KCQG[CKACAC@GAEAG@I@@B@HARCJADABGDGDE@C@A@EAAAAAA@IBCBC@CDABCBABA@A@ABC@CBCBCBABEBE@EBCDCBCBCBGBCBGBAB@@@BBBDBFHDBBBB@J@B@FBBBBD@B@@CBA@C@CFAB@DADADAD@BAD@D@F@DBDABBHBB@@DHBD@D@D@BADADADCBED@@CHMRMTCTJTLPLPHLFRDPTPPFNHDRBTAVBL@RHNDHDJHFJFJAPEVB\\HTJTHLDR@J@HAFAXET@NH@TPBDQAMJGT@VFVFRDDBB@"],"encodeOffsets":[[116325,34836]]}},{"type":"Feature","id":"411081","properties":{"name":"禹州市","cp":[113.471316,34.154403],"childNum":1},"geometry":{"type":"Polygon","coordinates":["@@@@B@BCDCDABCBA@CACAA@ADADEHEFCHCJCLCHAHAF@FADBBBDBBDFDD@FDH@F@F@F@DAF@FADAFAHCDAD@D@D@D@D@DCHCFAFCDABC@CDEDCBABEDABCD@D@D@F@BA@ABCBABEAACAACAAACGACAEAGACAGACCC@AACBAD@@AA_QUOOSAOFMNMJArQXENEPCNGDOEQCGEGGGAKCGOOIIISISAIDMBQASEGAAACCCAA@C@CACCCAA@A@CFIDCFA@CDE@AAA@ACCA@AAAA@@CAAA@AAC@AACACCAI@ICCA@A@CDABABAD@BA@CBCAC@ABAB@DADA@AAAC@AAAA@A@ABCA@CAQCUEUES@IHBNCROA@SMGS@WFEBGBI@Q@KCSGSI[GUAOFIBIEGECICGGMMRINAVEZCLGJKFUDQAWFKAEE@IAKCAAAE@E@C@CFAFAFEJEHGDAHBJLJJFGLABEBE@GBCBEFCBCBEBADEDIBKBCDE@E@ADABAN@FABA@EAG@EAG@ABAFIVABC@CBMCECCCA@DMAMKEO@ITWLqIOCU@SDCBCBCDCBAFCJ@B@BABC@C@A@CDADCBEBCAAB@@@D@D@DADABABA@@BBDBBDH@DADABEFCDGFCDENABC@QZCLBJDHDLCPSLQDSDMHCHBZBL@BBB@B@FBDBDBDDDBD@BBDBDBDDBDBDAD@JAFAHAF@F@DBF@FBFBFDFBF@FBLDHBFBH@BCBAFAB@DCBADBD@DBHFBBBBBFBBB@FBD@FDBDAD@D@@D@D@B@FDDFBBAD@DBBBBBB@D@BDDBBDD@DDFBBD@D@HAF@D@FBBBDDDFDDDDBDD@BB@D@F@D@BBDDBDBFBDBFBJ@FADAH@H@H@F@L@D@FDFDDD@DBD@D@DBBDAD@DBDBB@HAHAD@F@FBD@D@FAF@FBBD@BADABADADBD@FBDAD@DBBFFDFBDBDADADABABAD@DBBBDBBD@DBBD@B@DDDB@BBDAD@F@F@DDB@B@D@FAFABCBC@CDCBAFBDADADCFAFADA@CCGCE@CHAHAFAF@DBBDB@BADAFADAD@FBD@FBD@F@H@FABC@AAAAECGAEAA@CB@@AACAAAABAD@B@BCBAAAAA@CB@BAD@F@F@F@B@BBBBFBD@B@B@DAFCDCDAFABABA@ABAB@DBD@B@BCDADCB@D@D@DAD@DCDAD@BDBDBBBDBDDDBBDBD@D@DAFADADAFAF@DBDBFDF@"],"encodeOffsets":[[116236,35167]]}},{"type":"Feature","id":"411023","properties":{"name":"许昌县","cp":[113.842898,34.005018],"childNum":3},"geometry":{"type":"MultiPolygon","coordinates":[["@@D]WFC@AB@DB@@DB@@BC@A@BDB@@@D@@A@@@AB@@BF@@B@@A@DJFAD@"],["@@LERSROTEVF^JXHRB\\@XDPDBEBAF@FBDBF@F@DBBBD@B@DAJADADAHCF@BDFDFBTÑCDGBEBGCGACKAM@@@E@@JIDALCDC@GKBKBMBKC@@ACAC@C@@ACAIMEaIICGE@I@KHCRAHBPBBDDBDBD@D@DAD@HGBCBA@EAACAC@C@GAMACAA@BC@C@CEGAC@I@@D@@GE@@AD@@GF@AIJBB@DB@CF@@AB@@BA@@BB@@BB@@FA@@@@@A@@BA@@DH@@EH@@CHB@BL@@BB@BFCD@D@@FB@@BB@@F@HBJ@PADAD@BEA@@EFAB@DA@I@@BAH@@AFBAJEA@HD@@BD@@BB@@HAF@DDFDBD@F@DDDD@@@@@@NBHBFCHGHCFC|³CADEO@IBCJMAKBEECA@DE@@BKBBMC@BACAFOC@@CFBBECA@GHBN]WC@YDB@C@G@KAGACECGECAC@C@IB_D@@C^B@@@@D@BG@@@@AC@A@@AB@@@CI@@@B@@G@A@@AA@@@I@@C@@@EB@A@CBA@AAC@CDCBAEA@MDKCIHA@IAG@EA@ADA@CF@@CH@@CGA@CM@@ED@@EGA@BA@@D[A@DE@CAE@E@BDAB@@A@AAA@@@@BCB@BA@@B@@A@A@CA@AC@@A@CA@C@A@@E@@A@A@@C@@BA@I@C@@A@@C@AA@@@KBA@ACODG@MH@DF@BJB@BFB@@HBFFA@DCB@BGAA@A@@HCDC@CF@LH@@DD@B@CRARCPCTCP@N@HILQDXIFENETKPCBAX@BADABBDBDBDBDABABGEGACAE@CBEB@BAD@B@BBBBBD@BB@BCBCBA@AB@BBDAD@DABC@ABABCB@D@BDBJDJ@DBBDBD@BBD@BBBDB@@BBBBB@DD@BBB@BCF@DEBCDEJ@D@BBBDDBD@D@DBBDDBDBBFHBTARCNBJJTJTJJPPDHBL"],["@@@BJBDBF@FBHBF@J@XHVANHJDJ@DGJIDABA@CBAB@D@D@F@BBDDBHBDCBAB@B@BBBD@DBDBFBD@D@FADAD@DADADBBBBDBHBBDBB@B@DGDBH@D@D@B@BC@AACA@CAAA@AAAC@E@C@AE@CBAF@BC@A@EBE@ABCBAHBH@F@HDHFBDDD@BDD@BLBDBD@D@LBD@HAB@BBB@B@@@BBDBD@BBDBB@B@B@DA@@DBJBNBHDBBJKBC@E@CB@nMXKJAH@F@JANGAE@@AE@E@ABA@AFADABA@C@AAACAAAAE@AACAACAEC@AAA@CBCDCF@LAJ@J@DABA@ABC@I@EACCCEAGCGAS@C@SAEA@@@I@C@EBCBE@CBEBC@E@CAC@C@E@EAC@GBC@CBEBCBCDC@A@ABE@E@KBEFE\\EBAACDKBE@@B@@A@IA@C@A@@AA@C@@A@C@@A@AAAA@@A@AA@@BA@@B@@A@@B@@AB@BA@@@AB@@AB@D@@@@E@@BAB@B@@AA@A@@@A@@BAA@@@A@AI@A@CC@EAA@AA@E@C@EAA@ADAB@DAB@BAD@BAB@FGDEBCBEBCBEBCBE@E@E@I@I@CAE@G@QGK@M@S@MEQESCQGAAaQEEACGOACAA@@@BG@@HK@@AI@BCA@{´B@F@DDHFHH@H@H@HC@CDADEPADCD@BAPATCBQ@AH@D@FAHA@CBIBIAGBA@EDAFCDCFEBM@G@EBGDGFABSÒ"]],"encodeOffsets":[[[116557,34704]],[[116369,34991]],[[116531,34983]]]}},{"type":"Feature","id":"411082","properties":{"name":"长葛市","cp":[113.768912,34.219257],"childNum":1},"geometry":{"type":"Polygon","coordinates":["@@MHIBE@G@IBWLmNA@@D@FADILAAGCMAIACA@@CBA@A@A@CAAAC@CAAA@@A@A@AAA@GBC@KAC@C@CAKA@ACC@ACCACGEGCE@G@GAABAD@BAF@F@BADE@AB@DBFD@F@D@BB@BBBDBB@BD@BADA@C@C@G@CACHA@A@CAAAAGACAACACBCBC@CBEBC@C@EACACAC@AA@A@ABADAACAGCCAAE@C@C@A@AB@DABCBIJCHI@ICMGUBWGI@E@GAEAE@CAIA@AEAECACE@GDCBCBIBCBA@C@AACAE@E@CAEAE@ABAFOCWC[@QAWG]IUESFQPQTKFHHFHDHFRCPMHODMFWFqRIBMNENBPPTVP`RBB@@BCDABBD@DDHBDBHBFBDBHBBDBBBDDBBBD@HCDCDCDAD@HADBF@FDDDBBFDDBD@F@FAFAHCDCDADABBDBBBBF@FADABE@ABBDD@DBF@H@D@BBBD@D@DADAB@@@BBBD@BBBBBBBBD@HABBBB@DBBD@DBD@BB@BCB@BBBDDFBF@FABADADAD@F@BAD@D@L@H@F@DBB@B@BB@BBBD@B@DDFDDDDBBDDBABAB@B@BD@DBBBBBDBFBDBBAD@DADADADCHAHADABCDADADAB@D@D@D@D@DAF@B@B@B@@BBDBDD@DAH@F@D@B@BDB@F@JBD@F@D@FAB@BAJAD@DC@@BAAIB@DAB@@ABA@A@AAEAGAC@A@A@@D@HA@AB@@A@A@CBC@AB@F@B@B@BBB@BDBDBDB@B@FBD@F@B@DABBD@B@BBBBB@@BB@@@BA@CBE@@@AD@F@JAD@DAB@LAJCDAB@BA@@@A@AAAAC@@AA@ABA@@@AB@BBD@D@B@B@BABABC@CBABA@@B@HANBDAB@BA@@@A@@@AAAAA@AAC@I@AB@B@B@B@DBBBB@BBDAB@BABA@A@C@EAABA@ABAJI@@BE@ABAD@H@D@J@HARCHAF@DBB@BD@F@DBBBBD@DAHADAB@D@BBFJ@@D@BADE@AB@DBJFDBF@B@D@DA@@@G@A@AB@D@H@D@DCBCDEBCBCFCBC@A@@AAGCAA@@@ABALEBC@A@AACAC@ADGBADAL@H@DABABCB@BAB@@C@EBEDGHIHC@C@CACCCCEACAKAAGCAAE@GBIFSJG@M@G@AAAG@CDEBC@CACAAEAGAM@I@"],"encodeOffsets":[[116810,34969]]}},{"type":"Feature","id":"411024","properties":{"name":"鄢陵县","cp":[114.188507,34.100502],"childNum":1},"geometry":{"type":"Polygon","coordinates":["@@VIHEJMHOBE@KEcAU@CBIPoDMFM@E@IEQEIKICE@GAACCGAGCACPBQBCJ@FCDGH]LeDIDAHATADCBCAKACB@@A@C@C@@@CB@@E@C@CCAEA@E@A@CBGDEBC@CAAMAAAAC@AAC@A@G@ABA@E@E@CBA@E@C@A@A@IBA@A@C@A@G@A@EBE@A@A@A@A@E@A@EBE@C@A@E@CB@BCDCDCBAH@BCCAGM@ADCDEBA@ACCBEC@AA@@BA@A@C@AAA@@UA@@@M@C@A@@T@@@@ABCBA@AB@B@B@@G@@HAH@@C@ABC@AAAAA@GBABA@A@ECCCCGCACEM@S@EAECECAMEIAEGEAEAEAGBEBKFMB_FEDCBCRCBE@GCEAKBK@GBKJGFCDA@A@ACCAA@ABADC@EDC@A@AAAAIAA@A@@@@B@H@B@BA@A@@BAA@@@A@A@AAAAA@@A@@@AB@@ABA@@@AAA@AAA@C@A@A@@A@@AA@@CBCDABCF@B@DBFBBDDBB@@@@ADGLIVGPCDABCBCBCBCFEFKFEDEDGBCDAFDHBBBDDDDDDDDBDDBFALADAD@FBD@D@DEH@BBD@BBD@D@BCDA@AHABADG@@@AFA@MA@AE@@ABIA@C@@D@BI@BB@BHA@@@JB@HD@@@BCDABC@O@KAABABADAD@FAFCFEDCDC@C@EACAAAC@C@GDCB@BAD@BB@AJ@BAD@@D@B@BB@@B@FBD@F@B@@BBB@FDDB@J@@B@B@@BB@AB@@@B@B@@BA@A@AB@@@F@@C@A@@BA@@B@@ABA@@BA@@@@BA@@@AB@@BBB@@@BBBBB@@@@D@BD@B@@BB@D@B@@J@BA@@@AFCLBDAB[FEFAF@L@FAF@B@BCDADADAF@DAD@HBD@F@F@DBD@D@FADAF@DAFAD@F@D@J@@FBTBD@T@HBHDFBDDBD@F@JAD@BABCBI@I@KBE@CDAD@DBB@BFDDBBBBD@BBFBBDBBB@B@DABCBEB@BAB@B@FBF@@BFJ@N@HBFBBBBD@DADCF@DBHBBH@N@H@TIJEHAF@BBHDBBBLBDDFDDBD@D@DGDGJCHAF@FN@B@DBJDDBJ@J@BBDFBFBJBBDBTBf@H@FBBF@NBHDHJHFFF@FBFCHAN@X@LBL@"],"encodeOffsets":[[116996,35063]]}}],"UTF8Encoding":true}