{"type":"FeatureCollection","features":[{"type":"Feature","id":"430811","properties":{"name":"武陵源区","cp":[110.54758,29.347827],"childNum":1},"geometry":{"type":"Polygon","coordinates":["@@B@D@FEBM@IFIRIJENCVEV@XAP@LBHALELIFCLALBN@HCDEBEAGEIIMGIIGSKyQWAOICGEEKGKAKBSAQEIIABC@CCGEA@E@EAE@C@CACAE@EAEAC@E@EBC@ECFURaZmHIHQ@II@MBGFYJUJIFCFCHCBQZAF[R]TSHKAIGGEKAE@GHCLAJCFABE@MAI@GBCF@ZEf_\\SRQJYBC@EDMFOFEBC@AE@IEGGEKAICE@CBEBAD@FNFHFBF@F@DAFGLEHBDDFDHDDBDDBDBF@DBDBDBDBFBF@DBDBH@J@JBJ@F@FBL@JBD@HBJDJBLBHBJBB@D@DBFBBBB@B@@@\\DRD@BJLHPLHJAHIHKJCH@XJFLALARDHFDN@BC@S@CHAHCFGHIDEBGBOBGDIDIFGDCFCFAJ@HJDFLJLHLHJDF@"],"encodeOffsets":[[113229,30117]]}},{"type":"Feature","id":"430821","properties":{"name":"慈利县","cp":[111.132702,29.423876],"childNum":1},"geometry":{"type":"Polygon","coordinates":["@@D@B@DBDBD@@@B@@@D@BAB@@AB@D@FBB@BBB@BBB@@@BBB@B@@@B@B@B@B@D@B@DAF@DAD@DAB@D@D@B@B@D@B@B@B@@AB@@AB@@A@@@A@A@@AA@A@CA@@A@A@@AA@@@A@@DAB@B@@@D@DABC@@BA@ABAB@@AB@BBD@B@B@D@@@B@@ABC@ABABABABCBCBC@ABC@A@@BA@CBC@A@ABA@@B@@A@@B@DBB@BBD@@@B@@@DABCDADCBABAB@BC@AAA@AAAA@@AAA@@@AAABA@ABAB@FCF@D@DBD@@@B@@@B@BABABC@A@ABC@@@C@A@A@A@A@A@CDA@ABCDADCBABA@C@A@C@A@ABA@CBA@ABABAD@BABA@A@CCACACAAAAAAAACACCCACACA@AEAC@AACAA@A@C@A@CBCBA@ADABCBABA@@BA@CBA@C@@@A@@B@BA@@B@@@@A@@@@@CAAAA@EA@@AAAA@A@@AC@@@AAA@@AAC@AAA@@AAAAA@AA@@AA@@AA@@AA@A@A@AGCMCEAECCCAEBEDAFABA@@BEDCAA@@EAGCC@ACGCIAM@KCMEEECEAC@AACCEAEAAAGACCCAECEAC@@AA@C@AAE@AAA@ACCCC@@AAAC@A@@@A@ABAFABADA@ABABADE@ABC@CBE@ABC@ABCBABCBAAG@CAE@AACACCCACACAAACCAAA@ACAACCAECA@CCMGCK@EDGFKDGB@B@D@BABA@C@CAC@C@CQOQIOCK@OBYHCB@BAB@DADA@ADA@ABCBCBA@ADYDGCSMUKOISEeUMOKQGQ@@A@@AA@@A@A@A@AAAAA@AACAACA@AGCSYEKACCCA@CCEAGBQ@IC@AAA@C@A@AAC@ABC@A@CAA@A@AAAA@A@AAC@A@A@C@CAC@E@A@A@C@CAA@CAEC@@C@CACACAEAEBC@ABDDFDBBABEBE@E@C@@BADADCBEDCBCFEDABC@AB@@@@GBCBEBC@E@AA@ADADCBA@AAEAAA@ABABADA@A@@@@AAAA@A@CBABA@AAEEAC@CBCAAACKECCGEG@G@A@A@A@A@AAAAA@KDC@CA@IEGGEE@E@EBCLEFCBCACIGIA@@ACCCAA@@D@FAFADCBADEFEFGBK@I@ACIQCACAEACAGACAC@CBA@EDABCDABABC@C@C@A@C@ABCBCBABCBA@CACACCAACAACAAAAC@EAE@ECGAGAOECAEAA@ACCAAAAA@A@ABCBA@AB@@ACAAAAAC@@AA@CAA@C@CBA@C@C@CACAAAC@CAC@AAA@AA@CAAQCICOBGBKBCFGJEHGDIFIDKBMNMPADCJBRFFHHFBHFDDFBFHBFCFGLEJENDDBJFFLFPLNLPJFJBHAHEFOLQJGDMDGDCJELEHEFCBGFIJOLMV@@@BCBADAH@BCBIFGBEDEHARAHCFA@JJRFTBLALBLHFFDHPJXBzRTLJHHJJNFJBHAFCFGDM@KAKBEDKJKFGBKAO@WBU@UFMDIFQJEJ@JANEFC@A@N`HPFJFXHNHPLNFLFJBJDJFNBNBDNPJTBRCNIJ]BOL@JHFPJRHBBFDJFFBLFH@HDNFLFFFDHFHFFDDH@H@HAJDPFNFPDH@J@TDLANBH@JBFDDFBDBF@HAJAFAH@HDJDFFDBHHPCT@DB@@FA@FBFBH@FBF@B@HA@A\\DLARCLFRFLDNF@@B@DBDBDBDBFBF@BAD@BAD@DCBCBCDAFCH@F@JBFBF@B@DAJ@HAHAbIHADC@@@A@C@ABAB@D@FAFAF@FAD@D@BDBBDBDBF@DBD@DBBBDBB@@@D@L@HAD@D@F@D@DADADEHEBAD@D@HBB@B@B@D@B@D@B@B@BBB@B@D@BBB@DAD@B@F@B@B@B@BA@@B@BA@ABA@ADC@CBA@A@@@ABA@C@@@CAAAA@AA@AAA@A@@@AA@@AAAA@@@A@@@AB@BAD@B@D@B@B@B@BAB@DABAB@BABABABABC@A@ABA@AAC@A@A@ABC@A@CBA@AB@BAB@F@HBD@F@D@BBD@F@B@DAB@D@DAD@DAD@DAD@F@D@DAD@D@B@B@D@DAB@B@BAD@BAB@BAB@BA@AB@@AB@B@D@D@B@DBB@D@D@B@B@B@D@BAB@B@BAD@BAB@BABABA@@BA@A@A@A@@@@@C@@BABAD@BAB@D@HDBBD@DBBBD@BBD@BBD@D@B@D@BAD@D@FAB@B@D@D@D@B@B@"],"encodeOffsets":[[113868,30310]]}},{"type":"Feature","id":"430822","properties":{"name":"桑植县","cp":[110.164039,29.399939],"childNum":1},"geometry":{"type":"Polygon","coordinates":["@@B@@EA@@CDSGOAGECCECI@GBGBEBI@GAEACCEECIAG@MAKBSCI@G@OCMEOEICGBG@G@CCEEEGCGEEKEMEGCG@KEEAIEECAAQGOIGE@IPK^AJIDMAQISMOACAMEMCIAIEIEKKMGOGMEWEIGOM_E@ICKGKGKICEGII@EBEDCDEHCJCJAHAPAHCFGJEHGDGB@D@TADM@ECCGBQBKEKWIG@IDGLGJIBKGGOIK@AQC[C@@A@A@AAEACAC@A@IAGAKAIAICGAC@IAK@EAE@I@IAI@G@CACAE@EACACACACAE@CACAACCCCGCEACACEEECCAECCAEAC@EBEBA@MCGEEEIEKBGDICIIGIMICEOOMMEAE@GDELENIHGFKDKDS@UGMEKGKIIGMGQKGGAKBOAABAB@@ABA@A@A@AEEEAEACASZKNOJQJMD@BABCBC@C@GAIEQI[UQOUOCACBC@QNEBMBI@KBKBCBEDEDOPOLUFID@B@BBBHBDDPFDDDFLJ@LCLADEFEDIDCH@HDFLV@HEJILIrCLCLKPIFK@G@GAEC³¥OKOKOMGTGJCDGDWZKJED@BBJBBJJDDFBDB@B@FAHADCBCD@B@DBD@DADEFEFOTOVAFAH@F@DADCBG@ABCB@FELOHIJABEPITGNCFEDAB@DBBFHFDF@DADBB@@DBDTRRLVNFD@BEJGBGDGD@DCHAF@F@BDBDFBFCFAFCBGBUBI@GAIEKEGAG@EDIFDBBBAFAFCFCFCFQJ@DBBHFJHHLFL@FGPAHBFB@JBD@FBXFHDFDHDHBHBJFDDDDBDBD@D@D@DADCDA@ED@B@DBDBBFDLFDDBB@B@BCDCDUH@@A@@B@@@@B@@@BB@@@@@@A@@B@@A@@@@A@@AA@@@@A@@@@BA@@@@@A@@@@B@B@@@B@@@@@BAB@@@B@@@@@B@@B@BB@@@B@@B@@@@@@@@BB@PAFBDB@FFHHHHDLFLFNDJBJBJBPDL@L@H@LBJ@NDL@F@NDFAFCFADCFCD@FAF@FDFDFBDAFCFGJ@NFNFHBBB@@@@BB@BB@@@BBB@@@@BB@@@@@BA@@@@B@@@B@@@@@@@B@@A@@B@@B@@B@@@BB@@BB@@BBBB@@B@@@@@@@B@@A@@@AB@@A@@@@@@@@@@A@@A@@@@@@B@BCB@J@J@RAHCFCF@HBHBHDF@HAH@HCJBNANBLDJDRDJDNDRFRBNDH@JBNBLBNBL@JCLEFCHCFCHEFCHEFEBCHEFEDEFGF@FAH@H@JBJ@HBF@HAH@LCTGLAJEFEFCHANGHCLGJGHIHCJGLEFAFEHGFEDEDO@O@C@GBG@CDEFCFCDAF@JALBJFPDLBJBDAD@@@@A@@@A@A@@@ABA@ABADADCBABABABABA@A@AAA@AAA@C@@@A@@@ADEBA@AB@DCDAB@BAB@DAD@B@B@BA@@B@@@B@B@BBB@BBBBB@DBBBDBBBB@B@@BFBDBB@BBDBDBB@BBB@DBDBFBB@@@BB@@@BB@B@@@BB@@FB@@@B@B@@@D@BBB@B@@BBB@B@B@B@B@B@D@B@D@D@B@@@B@B@B@B@B@B@B@B@@@BBD@B@DBB@B@BBB@BB@BBB@D@FABBF@D@HBDAHBF@BBFDBDDDFDDBBBD@DBB@DDBDDB@B@DABABA@@DCPEHAFCHADALGJCFEHAH@LBHDNDHFLHHFLDNFJDFDHHJJFFHFFDLFNHFFNHPF@@DDFFDDDDDBD@D@D@@@DGBC@CDABAB@DAD@F@DAFAF@DADCDCDC@CBC@CAC@CAEBE@EBCBCDCBCDCFCDAF@FAHAHAHCF@HAFAFCFCFAHCFEHADADAD@B@BBBBDBD@DD@BBBDDBBB@BB@@B@BDDDBDDDBDFDBBDBDBDDDBFBBA@ABA@ABE@C@E@EBE@E@C@C@A@C@E@C@C@C"],"encodeOffsets":[[113425,30393]]}},{"type":"Feature","id":"430802","properties":{"name":"永定区","cp":[110.484559,29.125961],"childNum":1},"geometry":{"type":"Polygon","coordinates":["@@K@E@CA@CAM@IDGNIHG@AEECAC@AEAC@A@AA@AA@@C@@@A@A@@@A@@BAF@B@BA@A@@@AACC@A@A@A@AAAEAA@UDSHO@I@QEMEAIFMHMHKBKBK@IEIKEMCKFOHKFKHIDIBEE@M@I@OCIAOGIEIKGMGKAMBIFEFQLMNIDI@EIGGECECOBKFGJGBEDCABK@KAIEAGAK@IFED@LGNGJKNYTOJKLMNEFKBOAQDIDELIJMZKPG@KEICKEEEEEIIDEDIHIHKBGAGCCKEMCIEKEKGAG@CHMHKLMHIFGDMBQEMIGKGELGLKLIFKHKJEFKFEDA@C@A@CAACCAAGCCAAAABABAFADC@CBAAAACC@I@CAAACGACAAC@C@OBGBCB@B@D@D@BCBC@I@M@CBCBIJEHEBC@ECGCGAE@IACAGECCAEAKKHSDSFIBA@@F@HHNDFBV@DCHEFIHUJOHMBI@EACAEAC@A@EDCDCDAHAP@FBBDBPJDB@B@B@H@BB@BBHBBBLJBB@B@BA@E@A@@@BBHHDHBDBJDFDD@@LNBH@HCHGH@HFLCFCDE@ECCAGDCBG@CAECGEG@IFEH@BBBABCDAF@NFXBPDF@PAF@BIACACCCAA@C@C@GAAAGAEECC@EAACCEAAAE@AAC@C@ABADCBIDCBAD@B@F@BBF@HBFBFBBBBFDD@BB@BBB@BDFBDBB@B@DADAFAD@BABA@C@ABE@G@I@E@C@A@ABABCBC@CBC@CBEAC@AACBCBAB@BBBBBDFDBBBB@BDAB@@C@A@AAAACAA@@@AB@D@B@BABABCBABCFEH@@@BBB@BA@@@@BAD@DABCD@@CBABA@CAA@E@A@AAEICEAAI@EFIHEFGDM@CCGIEGCAEAEACCBIEGEEKCEBEDEDEBEBC@AAE@A@A@A@AAAAA@CACBEBCFABADCHBP@RETENIJAFCRIJCLBPDNPNBD@B@DAHAD@D@BBFBBBBH@B@FAL@PFPfDN@JALDBFBFBFF@B@B@BAB@BA@ABBBAPBLHHRLNHJHLJLHNFVHT@LCLCHEJGFMFKHCF@FBNNPPDFNJHJJJJDHCLAJFFFHFNDB@FAFAD@FBDBFDDBFDFFBDFGHKBE@C@EAEGEME@EBCFADAF@JDLBHFFH@JBFD@FAPENEFCD@ZARITQ`[Fe@YDEHAJ@NBF@BADEBIDKHGF@LBHFJHLBTG^S\\QBERYDADGDEJEVIZIHENAJ@@JGRGJYnQbEVFDD@FAF@D@FBFBF@DBDBD@F@FBF@B@HFDDD@BAB@DEBGBQFGFCHAJEDA@ABGBCDA@A@@NUPKJIHEDAFEFGFKDIHCNCHCRIPKFEBGAGEIOIMKOKKEEEAICCFMFIHKDEAEEGEACCGEEAGGEEAQDIBCNONMLAJCJEHCFGHIDELAHAPAJDRDBB@DBBB@BBD@DBD@BBDBDBD@D@B@DAD@B@DBB@@BD@BBBBDB@BA@@BABAD@B@BBBBBDBBDB@FBDBPFHBHBFDF@FBD@BBBBBDDBBBDDDBDBB@DABADADABAD@B@D@D@D@BABADCBAFCB@DAD@DBHBDBFBDBDBJRBDJ@L@HAFEFEBCDABCBE@E@CAA@@@@@A@@@@@@BA@@@@@A@@@@AA@@@A@@@A@ABA@@@@BA@AB@@C@A@@BA@@B@BA@@@A@AB@@A@@BA@@BA@A@A@A@A@A@A@ABA@A@@@AB@@@B@B@@@@@@@@B@B@@@BB@@@BADA@@@@BAA@@C@@B@@A@@B@@B@@BB@@@B@B@@@BA@A@@B@@@@@@B@@@B@B@@@B@@A@ABA@A@@@A@@@@BA@@BAB@@ABABABABAB@@@B@B@@B@@B@B@BA@@B@@A@@BAB@@@B@@A@@@A@@BA@@D@BA@@B@@BB@BBB@B@B@DAB@@@B@B@BA@@D@B@@AB@@ABA@@@A@@@A@@@AAA@A@@@A@@@AB@@ADA@@BA@A"],"encodeOffsets":[[113577,29733]]}}],"UTF8Encoding":true}