{"type":"FeatureCollection","features":[{"type":"Feature","id":"430902","properties":{"name":"资阳区","cp":[112.33084,28.652771],"childNum":1},"geometry":{"type":"Polygon","coordinates":["@@AAC@@E@EAEGGKKCCCG@G@GBGAAA@A@ADCBA@A@AACAE@CAA@AAA@@@@@A@A@@@A@A@CAAACACACACCECAAEAA@A@CB@@CBAAA@CAC@A@@AAAB@@CDCBEBCAAEEGEGAIAIAKGCECQBUAICQCGEGGEGG@ACAMMC@O@S@SAI@I@EBE@MBGDKBMBIAGEKGCECIISGIIGMESKaUWMICOA[CI@KBCDCB@DGjEJEBGBIAICQMOKWUIGcSAAE@IFG@CBA@CFYVKHIBC@GAIGIMKUAACA@@A@ABABA@@@C@@@A@A@GDA@A@AAGAGAA@A@ABABA@I@C@@BEF@BEBCBA@A@CAACAEAAA@A@E@@@AAAAAAA@A@GFMF@BAB@HAHAFEJAB@DBDHRBBHFFD@B@B@DADEDABCBADABABC@AAA@A@CBAB@DAF@D@F@AB@D@B@DBDFDFBDBBB@B@D@F@J@JATALAF@FBDBFDBDBB@BC@CBCBCB@B@BBBB@D@D@DBB@BBBD@BBBBB@@BAB@@CB@BBBDBB@DBD@BBBBBBBBBB@B@DABCDADADCFCDCD@B@DBD@D@BBDBBB@@D@B@D@BDBB@FBB@DBDDBBDDH@BDBD@D@DBBBDB@DBBB@FBDDBBBBDBDDBDBBCD@BBBB@BBD@DBDBD@HA@@B@DBD@BBD@FBFBJBB@DBDBB@BBDBB@DADEDAB@JIFEJEFCDCBA@@FFFJBBDBJAFAHGDAB@JBRFPBNFLHDBFFDDJDPFFDFDJHJJBDBF@D@BABAB@BBBFDBB@BBBAB@BAB@BBBD@BBF@F@B@@@@BADCN@D@@@BB@LAHAB@DCBCBABAD@FAFBBABABAB@B@D@DFB@DBHANBJADAHCDAH@BA@@BAB@D@B@B@DDDDD@@B@B@@FFDBBDDDBDDB@@FDD@@BD@B@FB@@BBB@F@B@B@HC@@@ANCDALCDABBB@B@DB@@@@@@BBDDDBFD@B@@@@@@A@@@@@@BDD@BFH@BB@@B@DBB@BB@DF@BBD@BB@@B@B@B@B@B@H@BA@@BBBBDBDB@@@H@DDB@BBBB@@B@B@F@DABADCBADA@ANKLIJCLALCDADEDC@ABC@AB@B@B@DBBBB@@ABA@Q@@BC@A"],"encodeOffsets":[[115325,29471]]}},{"type":"Feature","id":"430903","properties":{"name":"赫山区","cp":[112.360946,28.568327],"childNum":1},"geometry":{"type":"Polygon","coordinates":["@@HCBAF@@@FEFABAD@BA@A@C@@BAD@D@BCB@F@FAH@FBDBDDBBD@B@@CBCHGDABC@CBCBAHCDADABAD@BBBBBFDBDBDAF@B@BA@@AAACAC@CAC@G@A@ADCBA@A@ACCAA@A@@BAB@DABA@A@@AA@ACA@@@AAC@@A@A@AA@@@A@A@AAA@AA@EACAACA@CEEEEGACCEACAC@C@A@@DAHCFAHAJADAB@DABADCBABA@ABC@CBABE@@BADAD@D@FADBF@F@FBHBDBFBHBHDDBDDBD@DBD@D@BBBD@FBB@BDBBB@D@B@B@DFHPDFDFDBDBFBDBB@HCBAB@B@B@BBBHHL@D@BBBB@B@D@D@F@DBD@DDB@DBB@F@BAB@B@BABCDAD@D@DBB@B@@A@A@C@C@A@@A@AAC@A@A@@@@ADMBABAB@DBJD@@B@BAFEDCBGBADC@A@@@A@AC@AAAA@AAAEECCAAC@EAC@A@ABA@A@CACC@AA@C@C@C@C@A@CEA@CAEAGCAAAEA@@C@A@CBA@@@CB@@ACEAE@A@AE@A@@@AACECACAA@ACCGMUGOAEAE@AAAAAIIMOGGCAC@I@A@E@@A@E@AA@@AAOAQ@@AAKSIQ@AA@@A@@A@@AGCEAEACACAAA@@AA@AAG@EACECGAC@ACAC@KACAE@AAE@C@A@CBC@A@C@A@AA@AAAAAAAA@A@C@C@E@C@EAA@CACCAAACAECC@CA@ABC@CBC@A@A@C@A@@BA@@DADADCBABA@AAAA@CDE@A@A@@@A@A@CACEAAAAAAAAC@A@ABEBABA@ABC@A@CBA@A@A@AB@@@BDBBBBB@B@B@B@@A@ABA@A@AACACACCAACAA@@@EAE@E@ECEACAC@A@@@@BADCFCBA@@A@ADEBEBC@C@CCC@@CBC@E@C@CACCCAC@EDABGBABADAB@@AB@@A@A@@AA@@ACCCAEBCBC@@AC@ABA@ABA@ABABC@C@CAA@A@AA@AAA@AAACAA@C@AB@DBDADAB@@AAACCEACCAC@ABAB@BCBAA@@@C@ABCBA@C@AAACAEACACCCCACA@A@AB@FA@A@A@AAAC@AC@A@C@AA@AAAAACAE@C@C@CBAD@DABA@AAA@@C@ECAACCAEAC@ABCBABC@CBGBGDG@C@AAAA@ABADCBA@@AA@A@@BA@@B@F@FBFB@A@@@A@AAEA@@ACAA@CAC@E@A@ABCBABABABEDCBEDE@EAE@CBC@C@AAAB@D@F@D@BAB@B@B@BBBBDBB@BEJEJIN@B@BBDBDBBABADALBDABABSJGBIBAB@BADADCBIBABA@ADAB@D@BBBLDDD@B@BABA@AFABA@AAAAA@G@EBCBA@AB@BBD@@@BABGDEDED@DABCFCDEBCBAAA@@@CG@CEEA@A@A@A@ADEHCDAB@B@B@D@BAB@@A@EAAACA@A@C@CAAAAA@ABCBCBABC@C@A@A@AB@B@B@F@BDJDDDDBBBBDD@@@B@BQFABAB@BAD@B@BAB@BEDAD@@@B@BBJBBDBDBLFLFBBBBBDBFBD@FAD@B@BBFBHDF@BBDAB@@A@A@A@A@@@@B@B@BDD@B@DBB@BBBBHDDDFFFBDBF@DBDBDBBBB@B@F@DBFBF@J@B@BFDBBBFDBB@B@B@B@B@BBDB@B@B@BCH@@BDDD@B@B@DAD@B@B@BBBFD@@@B@B@D@B@DBB@B@D@B@BBBDB@@@B@F@JAHAFJHXVPLRNJDJBHAFAFIHi@CDADCLAJ@\\DPBJDXNbVTLNFJHHJJTDJDFLHHFJBNALAHCNAF@FAJ@J@TBT@P@D@NNDB@B"],"encodeOffsets":[[115211,29343]]}},{"type":"Feature","id":"430921","properties":{"name":"南县","cp":[112.410399,29.372181],"childNum":1},"geometry":{"type":"Polygon","coordinates":["@@@A@CDCBCBAFAHCFCDA@@@CAECMAEAG@C@CAAAI@CAA@C@EBGBGBG@G@EBE@ABC@@DADAFCBAD@DADBBB@DBBFDBBBBD@FDDBDBDBD@BBB@B@B@@@BE@K@E@E@A@CBA@ABAFAVMHEBCBEBAAGAIAI@CBC@ABEHGNINKFEFCHCHGHEJELGFCDA@AB@B@F@@@FALCJCHAFCHARGJEHCFEDEBC@E@GDEBCBEBGFEFCDAD@D@FBD@D@J@HAF@LCJCFC@@JED@DAB@BBFDB@FBDAB@JAJA@@D@D@D@FBDDDFDHJLHFPLLHHFJDLBL@H@D@FCHCHEDCFEFEDIJQBEDCBCBAB@B@B@DDDDB@BD@@B@@ABABABC@CBABCDABADADBBB@@B@@@B@B@BCJID@BAB@@AAAEEACAAEAGCA@CAAAAEBC@CBCBABAD@DCBADABABCAEACGCCCEAECCA@@@A@AAA@E@AD@B@DA@A@CAC@CCACAACAA@C@CBABABCBABC@CACAAACAC@C@ABE@C@CBABABABABBH@F@F@DABAB@BAB@DAB@DABAB@@AB@B@B@BAD@DBBBD@FCFCBCBA@C@AB@B@B@B@BAB@BABAB@@A@CFAF@B@@@@@@@BA@@@AB@@@@@B@@@B@@@B@@@B@B@B@B@B@FB@@D@BBB@B@B@B@BBB@JDJBJDFHHHBAB@FFFFFDD@H@VKFC@E@CMMIMEICCCACAAAA@CDC@C@CACAG@GBCACAIGC@UCC@CAIAI@CACCCECOIQOQKIGAAA@A@ACAQESI]SAAQQOLEBGAIAq@ANoGCLWCICECCCEDEDGJAJBHDFDFFZRABKL@@GBAACACAEAGCICAAE@AAABEH@BABAB@BC@@@KDA@EBA@I@IBIBA@E@@@CBWFGBGDEBIBKBEBEBG@[FGBC@ACWWEGEAE@eXEAQO@AFCXMBGBG@GMMAE@ADCB@BCCEEEEM@G@E@EAEIUEGCCc_yC@EBGHIHODG@@@@@G@S@GAEEEEAAEGACC@@@E@E@GBIBMBA@@@@BABCDADCFEDCF@@AD@BAFAH@FBH@DBF@HBF@FAD@BBDBB@BBB@DA@@BCB@@CBABCF@@AFADA@@@A@@@A@A@A@A@@@AB@@@BA@@@A@@@@@ABA@@@@@AB@@A@@@@@AA@@A@@@@@@@AA@@A@@@@AA@@@A@AA@@ABA@CBABED@DABBB@FAB@@A@A@@@AB@@A@ABA@A@AB@@A@@@A@@@AB@@A@A@@@AB@@A@A@A@ABCB@B@BBF@D@@@B@B@B@@BBBBB@DBB@B@BAB@D@B@CHET@H@J@@DHHNNPPPPHLLJNDDCBCBC@EB@D@FAJADBHBF@J@DBH@F@FAFCHCHAJ@F@F@H@H@F@DADEBEDADCD@DB@DBDAFAFA@@B@DBD@FB@BBBB@D@DCDCDAH@FA@@B@B@DAD@FBB@DBBBBDBB@BB@ABABCF@@ADABADCFABABAD@DADAD@DAD@D@D@D@D@DBD@D@BBF@F@DBD@D@BBBBDFNBDBB@DBB@DBD@DBB@BBB@BBBBDDDBDHHDDDBHFBBBBBB@B@BBFBBBB@BB@DBB@B@F@B@BB@D@BAB@B@D@BA@@B@B@D@D@DBD@@@B@D@BBD@FBB@DBD@BBB@D@BBBBD@B@B@BAB@@AB@@AB@@ABA@@BAB@BAB@B@B@B@F@D@BAD@D@B@F@B@BAB@DAFAB@DABADADAB@B@@ABAF@B@@BB@B@@@@@@@BBD@D@BBF@D@@@BBBBB@BBB@B@BBB@BB@BB@@D@BAD@@@B@FBDBB@BBD@DBDBDBB@BBB@"],"encodeOffsets":[[115012,30233]]}},{"type":"Feature","id":"430922","properties":{"name":"桃江县","cp":[112.139732,28.520993],"childNum":1},"geometry":{"type":"Polygon","coordinates":["@@@E@CBE@CBADAB@B@BBD@BABABCDABAFCBC@C@A@AECGEAAGQAC@CBAFIBEBG@GBA@ANEHEB@B@BBBBBB@@F@B@B@BBBFBDDBB@B@DAFA@AFE@AD@J@B@BABAB@B@HBHBBBB@B@HCB@B@@@D@@@B@BABAB@@@DBBBLVJNJHHBD@JALGZUDEB@DAH@JEF@BBdTBEBG@I@E@A@@CAAA@A@A@C@AAA@C@A@C@A@A@@ECAA@A@A@ABC@C@A@ACCAC@@DG@A@A@ACAAAA@A@A@A@A@CAAEAAEC@A@A@IAEAE@C@E@AAAAAACAC@CAEACEECECCAGAA@AAA@C@ACC@A@A@A@@B@B@B@B@@@BAAC@ACEAGAE@A@ABC@EACAEACAAAAKEKECACAAAAI@A@A@@BCFC@ABA@A@ABC@ABABARE@A@A@@CCAAAACCCCCI@A@E@A@ABAB@B@D@D@BADADABAB@BBBB@D@D@BDBBBFBB@@@BA@A@C@A@ABADCFGBCB@B@B@B@FF@DDH@@B@BBDAFADCDEBA@CFCFCHCBA@A@@AC@ABAB@DAFAH@B@BBBBB@BABEB@BA@A@ACCKCAA@A@CBABCB@BAJADABCBC@ABAJAHATIBABAACBKBCBAAAACAC@A@AJMFIFI@AAAACAA@A@A@ABA@A@C@E@CBA@@@ABC@ABIDCBCBE@E@CAAC@C@A@C@I@A@GAAACC@@AC@A@CAAA@GIA@A@ABCF@BCDC@CB@ACAA@AAAA@C@AB@@@AAA@C@A@AAACCCA@CA@A@ACA@AAAAAA@A@A@A@AAAAC@A@A@ACCE@A@AAECCGCCEAA@CAACCCAAB@BAB@@@BABA@CBA@CB@@@DCD@D@HABAD@DABABCBEB@@A@CB@BCBE@GBAAA@GE@@CAAACAC@CBABCAC@GBC@EBCBEHADADCBGBC@CBCBGBKHGBADAB@DAD@DCBCDCBC@GAK@C@CBABEFABC@C@GCGAA@A@A@ABC@A@AAACAACAA@C@C@CBCBCBAA@@@A@C@C@AA@CCCACAA@AACAC@C@C@AAAAA@CBC@A@C@AAACC@@@A@CBCBCAAAC@EBGAC@C@C@CACAAAAAA@C@CAC@CAEACAA@ACCCAE@A@A@CBCDA@ABA@AAACACAE@G@K@G@C@AA@B@BBB@BDD@F@F@BABCDCDEBABADIJADCBABA@C@A@ABA@@BAB@BBD@BABABAB@B@B@@BBBHBD@D@BBBBBBBB@@B@BAB@D@B@F@F@BBFBDBB@B@D@F@BBD@BFFDFBFBBAD@DADABC@ABA@@BABAFAFABA@A@A@IGAAA@ABC@GD@B@@BD@BBB@BAB@BCD@B@HAB@@ABA@C@E@G@CACAIEC@AAC@E@C@C@KCA@A@A@@BABAJABABCBCBADAD@B@B@BB@BBDD@B@B@BAB@FAD@@ABABCBCBCBCDADAFCJCBABG@AAGCIAKCKAIBC@CAC@A@A@CDC@C@IBCAC@ACCCCCEEKE@@A@A@AB@@@@AB@B@@@BBD@B@@@B@@@B@BBBBB@@@@@BA@GAA@A@@B@@A@@B@B@BBBDJDH@B@B@BADCHABA@@BAA@@AAACAA@AAAA@C@A@A@CAA@A@C@C@C@E@AACA@@AAA@AAC@@AAAAAAE@AAA@AA@A@C@A@AAA@@ACCA@GEMGCAIAI@IAI@A@A@A@ABEDABA@CAE@GCGAC@CAA@ABA@AAGCCAGAA@C@A@C@A@EDA@C@ABAAA@CAAAA@A@C@EACAA@A@E@A@AB@@@@@BDDBD@@@B@B@DAD@D@@@B@BBBBDBDDFDFBD@D@B@B@BAB@@A@C@CAIAA@@@A@AB@@@B@BAB@D@@@@ABA@AAEGCCA@@@A@@@A@@@ABAB@BA@E@C@C@KDGBE@IB@@@BADABABADABA@@B@B@B@B@@BDBF@@@B@@@BCDCD@@@B@BB@@BBBD@DBBBBBBBBBBDBDBFBJ@@B@F@X@JAD@HBL@JAL@HAB@@@@B@@@BAB@@B@@BBB@@B@@B@@AB@@ABA@CD@@AB@@CBIBABABABABA@ABA@ABABABA@@@K@@@A@AB@BABBD@BB@BBD@LBF@D@BBB@BD@B@@@B@BABAD@BBB@D@BBB@@BBHB@@B@@B@@@BA@ABABABC@GDAB@BAF@DAB@D@D@FB@BBBB@@DAD@BADCDAB@B@D@FBDBDB@BBBBDBF@FAL@D@L@F@H@DADAF@B@B@BBDBBFBDDBBBB@F@B@BEHEF@BA@@DAFCHAF@B@DBDDD@@B@B@D@F@DAB@FAD@F@DBDBDBDDDDBDBBB@BABCDABAD@BBBBBD@FBBDDDDFDDDBD@DBFABADCDAB@D@F@FA@@DADBDBBDDFBDBBB@B@BA@C@C@AB@BDDBBDDHBDBF@HAD@D@DBBBBDDBDB@@B@BADADADABEBCBEFEBCDCHEDADAB@D@BBBDBF@FBDBDBBDBB@BABABCBCBAB@D@FBD@DADAD@F@D@BABA@@@A@EBEBEBEDCDCFABADABABCBAB@D@D@B@BAD@B@D@DBDB@BBFBBBHBFDJFFDBB@D@DAD@FCBADADADADBB@DBHBDBFDFBD@D@D@DADAB@D@@BBBBF@DBBDBD@BAD@BBBB@BBDBBDDBFBDAB@FABADABE@CB@BABBFBDBBDBDBHBDBDBBAD@FA@@FAD@F@B@HBBAD@B@F@D@B@BABCBD@@B@DCFAD@HCF@D@FAHAFADABAB@AACAAAAC@A@C@ABC@AB@D@BBFDDBDDD@BABADOBA@@D@DAD@DAFAFCDADAF@DAF@F@D@F@B@DBBB@D@DBDDHBDBF@D@BCBA@C@CBCBCDEFAD@B@BDBBBBBD@D@DAD@DAD@DBB@B@DAD@DBD@DA@AB@BAD@B@B@BBBBDBD@D@D@BABABABC@C@C@A@CBCBABCBAB@D@D@BABAB@BABABCBCBCBABA"],"encodeOffsets":[[114784,29331]]}},{"type":"Feature","id":"430981","properties":{"name":"沅江市","cp":[112.361088,28.839713],"childNum":1},"geometry":{"type":"Polygon","coordinates":["@@FCD@BEHAJA¼RPBHAFCNCHCDAXEXCBA@@@A@E@E@@BI@G@GBQ@M@IBGDOL[DKBI@MBCBAFAD@HAKSIMIMK]OK_O[SUUGICSCUOUWSIOSKYGMAMEICGCGCAAAAA@A@A@A@IAIAEAEACCAAAAAC@AEAECAAC@CAEAC@EAA@CACAA@CAAACAAACACAAAEAA@CAC@AAC@GAC@E@C@C@A@IAIAIAG@C@I@EAAAGGAACCAC@AAC@@CEAAAA@AAA@AAA@AAG@C@AEEEEEE@E@C@CDCDE@C@EBC@CBADAFCDC@CBC@E@C@A@AAA@AAA@ABA@@BAD@@A@@@@@CACAAA@AACAOCC@CDCBC@EAACC@GBC@CAAAA@AAEAGAAAACCAGAA@@BAD@@@RAB@BA@AACAA@A@A@@BAD@BCDCFCBKDKBIDKJML@BCBABCDABCBE@A@A@@@AAAAA@CCG@@@A@ACACAA@AB@@A@G@A@A@A@A@AA@@AAC@ACEA@@AAA@C@AA@@AEG@ACC@A@@@@B@@@@@@@@AECCACCAA@@@@@@CAA@A@AACBKDCBMD@B@@GDA@A@E@A@AA@@EAA@C@@AC@EC@@CAACCCACCAEE@@@A@AC@CCCCA@A@C@A@AB@@ABG@CBGDCBIBMAGBCAA@CEC@A@A@ABABABEAEBC@ABABADCDA@GBKBA@@A@@@CDMBC@A@@A@E@E@AAC@AA@ABA@ABAAA@AAAECAA@ABABA@A@CAEACIIIGECECOEICCCEECAKGMEOAQEIAA@CBGHEBIBCAAAEIEE@@ABCDEDIFEFIJA@CBCFCBFDDDBBD@B@B@@DAB@F@F@DBFAH@B@F@D@FBF@FAH@FAH@FDFDBDBD@DBFBDBDBBDDFBDBFDFBD@F@FAF@D@D@FBF@D@DADABcXSLGJILCDMJCHBBDFJATCJC@DCHGDCBABADADBV@B@HDDBD@@@B@B@B@B@B@B@D@B@B@BB@AB@BADBBABB@@@@B@@@F@B@@@B@D@@@B@B@BBB@B@B@B@@@D@B@B@@@B@BBB@B@B@D@@@BB@@B@@@DBDB@NAJAHAF@F@@@D@BDFHBBFFFFHBT@H@@@@@H@PCJGHGFAD@zd`DDFHJVBF@F@F@HFNFFDFADA@CD@BBFNN@HAHAHWNED@BRPFBfWF@FBFHXXBDD@HA\\EH@FAFALAJAFAHCHAXEDA@@F@B@JAJAJ@B@FAB@LC@@D@@ABABA@AFGBABBF@BBJDHDFBDBDBBBHA@@LKBAQEYCECEAGBIHIFCFCDDFDJDXDDKpHBMr@JBHBFAPKRRBB^TTJRFDB@B@BBBHBLJPRJRDPDFDDDBJ@JBDBD@VDD@JHDBDBHAH@DBDBD@D@DCB@BBDBDBDD"],"encodeOffsets":[[115506,29860]]}},{"type":"Feature","id":"430923","properties":{"name":"安化县","cp":[111.221824,28.377421],"childNum":1},"geometry":{"type":"Polygon","coordinates":["@@@@CCAC@C@ABEDGBE@CB@@AFEFG@A@A@EAAAACCEAAAAC@A@A@ABEBC@C@G@E@K@CBK@EAEACAA@ACACAEAC@A@A@CBCDABC@CB@@AAAAA@@E@C@CBA@CBE@ABAHCD@BABABAB@@A@@@AA@@@GAAA@@AA@A@CAA@ABCBA@A@A@@@AACA@AAC@E@KAC@AAA@@AACBA@ABAB@@@L@@@B@BABABAB@BAB@BABABABAJADA@@BA@@DCB@BA@@BA@@@AA@@@AA@AA@@@BA@A@@@A@@A@GBK@IBK@GAC@IBW@E@A@@@AIAEACACAAAAAAAACAC@AA@AA@@A@A@@DCDC@A@@@A@@AEAC@@@A@A@A@AB@BABCBABABC@A@@JAF@HALCD@D@F@B@@ABABA@@B@@@B@@@B@DDFHBBB@BA@@@@@CBA@A@A@@BAB@@@B@JBDBD@B@@@BA@A@A@A@CACCECEACACAA@A@A@@@CBC@C@A@A@@ACCC@A@@@@BAB@F@B@B@DBFBD@B@B@BBDBB@BBBAD@B@FCB@D@B@D@B@HBDBHDBBB@BAB@DBD@HBHDF@DBB@BAFCBAB@B@B@J@JBJ@JBDBNHHFB@DD@BB@BBB@D@B@B@@BBB@BBFBBBB@BD@BBB@BB@@DBBBF@D@D@D@B@B@DBB@B@D@B@BB@BBBBDBB@@BB@AB@BADGBC@A@A@ACGCIAA@A@A@AB@@@@AB@B@HBB@@A@@@@AAAA@A@A@@@A@@@AAC@A@@@ABA@@@@BAB@B@@@LFFFDDDDBDD@DBJAD@D@DCB@B@D@DBD@JALBLDJBHDBBH@BADADIBEBCDCDADADABABA@@BC@EBA@A@A@ACCAAA@@A@A@ABCBCDADABABABIBA@AB@B@B@LDD@D@F@D@BBD@JFDBDBH@F@D@B@BA@@BA@G@ADC@ABA@AAA@AAC@@@AHCD@BAB@BBJHB@B@B@BABEBEBA@AB@BAD@BABC@CBCAAAECEEE@AAC@A@E@C@AAAACAE@A@E@E@A@CBA@A@AA@AAAAAA@A@CACAGAA@@@A@ABABABA@AAC@ABA@AB@BAB@D@B@BADABCJIBCBAFADCDCBA@A@E@ECC@AAA@A@A@ACAGACAA@@A@C@@AACA@A@@AACAE@CACCAEACBI@AA@@ACAACAAAAABC@A@A@AAACAACCA@C@E@A@@@@A@@@A@AB@BABAB@BABA@AAEACACCAAAC@C@AAAA@CBE@E@C@CAE@ACA@A@C@CDG@A@C@A@C@CAA@ACCCCCACCCAECECECECCCCECICG@A@@@AECA@@A@ADCBC@AHCFCBAFEFE@AAAA@BABADA@A@A@A@ABABABCBADAD@B@BA@AA@CACACAAAACACAACACCCC@A@CACCE@A@C@A@A@CBABABCBABABC@A@AAACACAA@A@CACC@@EBCB@@GDCBCBE@CAE@I@E@C@A@A@C@AB@BA@AAA@ABGDA@A@A@AAC@C@C@A@AAGIKGEBKDEBEAEIECIAIGGCKAAAAC@QBE@AAAAACAGBMDGH@HBH@FEDEBE@SIGAC@GBA@EC@@GQAAEACAA@ACCC@@C@C@@AEECAA@ABCBKRA@A@A@GEA@A@C@CFC@ABC@CAECEAA@C@ABAD@B@RDBHHB@ADCBIDAB@F@RDVBFAB@@A@CAECA@A@ABCAA@@AACCG@AAAEEAAACBCAGCE@@A@A@CBA@C@C@CB@BAD@BBBBBB@D@FADAB@B@@BBB@BADABEBG@EACAGEOIICA@@@GHA@A@IEA@ABGJCDGDABCBELABA@@@AAACECCAGAA@AAACAA@CBABCBCDAF@D@DABC@C@CAAC@EACAACEEIMACCACAC@CACACACAA@A@CCECCACCKIA@A@A@ABEBCBCBCBCDCBA@AB@@AA@@A@@@@BC@@BAB@@BBBBFFFDDBBBB@DAD@DCD@D@@@B@@@DFBFDHBBBB@B@B@BAD@B@@@BDDFFDFB@BBB@D@D@DAB@DB@@@@@B@BAHAHAB@@A@A@@@A@ADAB@@A@A@@@CCAAA@CAC@CAA@CAEEECACC@@@A@@BCHAL@JBD@BBBBBBBBB@B@@@DCDEFEDCB@BA@A@@@AAEEAA@@A@ABCDCHAHCFCBABA@A@C@AACAACACACAC@ABA@@BAHAHADAFEBCBA@CBCAC@EAAB@BCBA@@@A@@A@CAABC@ABCDCDEDGFEDC@@@OGAFCF@BBBDD@D@FCXAF@DBHBDDD\\ZDB@B@@ABE@GAC@ABAD@@@BBJ@@ABCH]`AB@B@FBF@DABAF@D@DDFHHDDBBBF@D@DABCBABAD@B@BFHBF@D@D@B@FBDB@DBBB@B@F@DBF@B@BCBKLAFAFA@ABA@KIMGWGIEGCA@C@AB@DABBFDLBFADABEBMDC@ECKK_YYOMEEBABAD@N@FAFADABoDKBCAUKE@C@C@CB@D@FBB@BDDBBBB@BAJ@BA@CBABAD@DAFABABABCFABCBC@CBEHCB@@C@GEWKCAIGEGACAEAE@K@CCKEGGGUWGE@AAAAC@@AAOKAAC@AACAKGCAC@C@C@A@@BABAB@BAB@B@BABCBA@A@A@CCCA@@A@@@C@A@A@E@C@A@ABC@C@C@A@EAA@@BA@CBA@A@C@@@AA@@DABC@@@CBAAAEGMOEGIEGECCAAAAAGCCAAC@A@EBC@A@A@@CAGCIAA@@@AAAACEG@@@C@AAIACAA@A@@BC@AACSUAACCACACECEAGC@@@A@A@CFIDE@A@AAAE@A@A@AAAA@AAMACACEEIEKEA@@A@@BABC@A@CAG@C@ABCDCBE@A@AACECE@C@C@C@@AGGAAC@GAEBABEJEFADADCDEFCBEBC@CDADEDCBCBCDAFAHADCBC@C@AAECCCEACACBIB@DBFHHBDFB@@@@@BA@IBKDCBOFEDCFCBC@A@MAM@E@CBAB@B@D@PAB@@A@A@AAECAA@A@A@CAA@AC@AAC@EBA@A@@AAA@@BABADA@A@AAAIIMK@@AA@E@AAAACAA@C@@@C@A@A@EAC@A@@A@@@CBEBIBC@@@@CB@BABA@@AA@@CAC@A@@A@@@ABIBCBA@AA@A@@@EDCBA@@@AABAJI@@AAAA@@A@A@ABGAC@C@A@A@C@CBA@A@A@CAA@C@A@ABA@ABC@AB@@EHEFIJA@A@A@CAAAA@C@A@ABABAB@B@BBF@D@B@BAB@BBBBFJPBBRRBD@DBBBBDBDBBBD@DBBBBB@BADKNY\\CBC@A@GGAAC@EAC@A@C@EBULMFEBE@C@C@CAAB@@@BBDNTHJPTBB@BABADA@A@IAC@@@ABBBBF@B@BA@ABC@ABABCFCDGDCD@B@DBBDDPRDDFDDDLNDDHHBD@B@B@D@BBDDF@DBHBFDDBDFFBB@DBD@BABA@ABEAC@E@C@ABCB@B@DB@BD@B@BABEBC@A@AAEEAAAAC@C@C@A@C@@AACAC@AA@@@CBABABC@C@A@CDCDABEBEBABAB@DAFAD@BOJEBABAB@BBDHHVXDBBB@B@B@BCFADBB@B@DCBILGLEDEBC@CAEAECECC@A@ABABA@A@EAABC@GDQHA@G@E@CBCBEBABCD@DADEDMRFJFFFBFBDDDB@D@B@B@DDDDHFDNHBBBD@HB@HFDBNBDBDBZJXHdR\\RJJDH@F@HBFDHFDJBFDD@F@BADBD@DFDF@@@@BBBBB@DBF@FAF@D@D@DBBBDADABAD@BAB@FDDBDBFBF@DBF@FDFBFDFBDBB@FBD@FDDBB@F@D@D@B@DB@DFDDBBBF@D@D@F@FBF@DBD@DBFDFDDFDDB@DBF@F@F@DBF@BAD@DAB@BBBBBBBB@@BBBBD@D@B@B@D@F@D@D@DBBB@@FFFDB@DBBBDBB@D@FDDBDBD@DAB@DAJGFCB@B@B@DAD@BBFBJDD@DAD@B@JBFBBBB@HNDDBBD@JDD@DAFA@@BADAD@DBBDFDDBDBD@DBDBFBDBBAF@D@B@@F@B@B@BBBBFBDAB@B@BBDB@BBDF@@@BDB@B@HABADAD@DBDAF@BBBB@J@D@D@FDBBB@BAFA@@DCD@B@B@D@BBBBBBBBDBD@B@D@D@DBDDBBB@@B@BBBBBDBHDDBBBB@DBDDDDB@B@BABABAB@@A@A@C@A@@@ADABABADCDAD@DBBBBBB@NDFBDBDBDBBBB@D@@ADCBC@@D@FBBAB@BCBA@AB@B@D@BBB@BANIFAB@F@FBFDDBF@H@F@@@B@F@D@DB@BBBB@BBBA@@DA@@BABADCB@D@BBD@D@B@B@B@B@BBBFFHD@FBB@B@D@DBBBDFBBDBFBFBDD@BDDFHDFB@DD@BB@FAHAFAFCHE@@BCJC@@D@@@DBFBFFB@BBHDH@H@LAJ@@@@@FBDBBB@BBB@B@BDDHBB@B@J@D@H@F@H@J@DBDBFBFBBDDFDB@BHDB@DBDBBDBB@HBFB@B@F@FBFBFDB@TTHFHD@@DFDBB@FFJFDFJJFFFFBBDFDDFDB@JLBDD@B@F@D@HAPELELGNGVEFC@@B@JAFBDBDJBBDBDBB@D@D@BABCDCD@F@FBDBFBFADA@@DE@GBE@CCE@CBEBCBEBCBEBADCDA"],"encodeOffsets":[[114354,29278]]}}],"UTF8Encoding":true}