{"type":"FeatureCollection","features":[{"type":"Feature","id":"431003","properties":{"name":"苏仙区","cp":[113.038698,25.793157],"childNum":1},"geometry":{"type":"Polygon","coordinates":["@@CACA@CBCBA@CAAE@MDC@AAAABCDABA@C@@AAC@EBAAAAACAAA@@A@@@A@AB@BA@BB@B@@@B@B@BBB@@B@BB@B@BAA@@A@@BABBBA@@BAB@B@BB@@DB@@@B@B@@@@DA@@BBB@@@B@@@@ACA@@@AACAC@@@@D@B@B@@@@AAC@A@A@@@@B@FB@@B@@A@@BCB@@ADBD@@@@@BA@C@A@AB@B@BABBBB@BBBBBBBBABAB@B@B@@@B@B@B@B@B@AA@@C@@A@@BAB@@A@@CAA@A@CA@C@@DABBHBBBDABAB@B@DBBBJBFBLAHARBDABABA@EAEE@CAEECEAEBCBA@@B@D@HFD@B@B@@@BADADEn{NUFGB@@A@ADEFCDAB@BABAAAEC@A@AFCDCDCRg@CAE@CAC@ABCBCLGBADAAEASBCFEBC@AAEAEBGBEFEBCBGBCCCEIAC@EBG@EACKKAAOQEECGAEBEDEDCFAFABA@A@A@CAC@EBI@A@ACGECG@E@ABABADABABCCAC@A@CDENCDAFC@AGYGCGAMCAACACEIOEIGIKQEKAGAKCMGICGEKEKEOCOCM@IEWAAAAG@GBE@E@SLKFCBOBMFKHQDCAIKACKYCAKGIGEGAIAIAGCEGCIAG@M@MDKDMBG@GCKAGACCE@KAK@ICGEAAKKAAE@GAQAGCGEECECC@CACAMEGAGAIAICAAQEA@ABAFEFEBCD@BFPBBLDBBBB@DA@CDCBEJAD@BB@JBD@@BAJ@FBDDP@D@BFDBD@DCDAD@JAF@D@BB@HDDDBF@BEBABAB@BALAFBB@BBD@B@B@@FDF@LDB@@@B@BBFF@BB@FAHDD@BAF@DDFFDDBBDBD@DJBB@B@BBDBBHDFBDB@B@DAH@BBBBBBBF@DBJBH@D@DAFCB@D@B@BBBBAN@D@D@D@BC@A@CBADABCFEBEBCBKRCFAD@F@D@DCDBDDBDBBDBFPXDD@FBBHFDDDBB@B@B@FDDBD@DBHBBDDBBDBBD@DCDADAD@B@F@DAHCDADAHAF@FDBADAD@B@DBDBBB@D@DABA@C@CFKXAD@BBDFDBDBB@BO@EBEFGDGF@B@B@@@BEDEACAGOCCC@E@CDCD@BBFDDBF@FAF@FBFBFBDADENCF@NGFABADAD@DADAF@B@@@@@@ABCB@B@BBBBD@DBBBBJFBB@BAD@B@BB@@@D@@B@BABCA@@@@@D@BB@B@@@BB@D@BAD@@@BBBBB@BAD@BBBBD@BA@ADA@AF@@A@A@@A@AAAA@@AA@A@C@EBC@A@@@@C@@CAAC@E@C@AC@CAA@ECCE@AAAA@CBA@A@A@CBCBABABAB@@@BAD@@@BE@A@CBABA@AA@@@AB@B@@AB@AA@@AAA@AC@A@A@AB@FE@@@AAI@ABCBA@EACAEECGCCAA@ABA@@BC@AA@@@@@A@@BAAAGCAAQAGCEA@ABA@EACEGCECCCAA@G@EDC@EDEH@BCAAACICAC@C@AB@H@B@BBJBD@F@BA@ABAB@B@DADCDAF@BBDHLBB@B@@ADC@@@@B@@LDBB@B@BBDDFBB@BBF@B@B@@A@IDABCH@B@B@@@BA@@@@BAB@BAD@BBBB@@B@BAB@@BBBB@B@@@B@B@B@BDB@@BD@BAB@@A@ABCBCB@BAB@BBB@DBBDBB@BAB@BB@B@B@@ABBD@B@@A@@B@B@@DD@@@@ABA@@@@BBD@BBB@@AB@BD@B@BBBD@@B@@@D@@B@B@@A@A@BB@B@@BD@@@@B@BA@@DHB@BBB@BABAB@B@B@B@@@@@@B@@C@CD@@@B@B@@@B@BA@A@@@A@AB@@AB@BB@BB@B@B@@FBBBFD@@@BCB@B@@DB@@@BABA@A@A@EC@BAB@BCB@BA@@@BB@BB@D@@@@@@A@@@@BA@@B@@BB@B@DD@@@BABA@@@@BBB@BA@@@A@@@@A@@A@@BAB@FA@@BEDABA@AAA@@@@@CAG@@JELAJJTDFHFFLHDNFH@N@H@FBHBDBDDLHDDHBbMBBB@DFFHBB\\@BAHCFCDCFIBCD@H@BBFFNFB@H@FBBBFH@HAHBNDHHDNDN@LAJGDAB@@BB@B@@@@A@A@@AC@C@@B@B@@@@B@@@D@@@BB@DC@ABADCFGDE@@B@@@@B@B@BBBD@B@B@BA@C@@BA@@D@@@D@BA@@AA@@@A@@@@@CDADG@A@C@@AC@CDA@ABCAA@CHAD@FAL@"],"encodeOffsets":[[115848,26633]]}},{"type":"Feature","id":"431024","properties":{"name":"嘉禾县","cp":[112.370618,25.587309],"childNum":1},"geometry":{"type":"Polygon","coordinates":["@@DHFDHBdJRDFJB@BDDBBBBDD@BB@D@BB@DDDBFBR@JAFEFEBI@G@G@GBEBEDCHCJGLCHBFDDJDLJPTPLDPJPHFFJHBF@DCBYN@BANBDNjBFDLDCHONGHGLGHEPEJCHEBAJ@FAHEFCJKFIHEB@@BCRBPBHDDLFDHHBBCDIDE@MDCFANADGCCMGCCCM@IPGLIF@BDBNDHHDJBR@HG@GJCFCLADA@CCAGCCCCCCCBE@ECEDCH@HDBBN\\@FAJFBF@NKDC@CCE@CHGFAF@FGLE@CDCJALEJG@EDCJ@BGCGCIAECCA@ACGECAEEGEGCEBAFAFIAEAGICEYIECC@ABCBCBE@C@GC@AAAACBEBAFCBCBCFCFAFGDEDEDABCDKBOBEDGV[@G@KDK@GAE@CEEMAK@IB@@@@A@IJEJEFCBGBG@c@EAKGKKGM@OFIBG@CACAEEAEBEC@CBEDCAIGAIBG@KAIBI@GDCBCH@HEFG@ICEGCG@EFKJQHEBGACCAICK@KAC@CCEK@K@MDIHGHGBEAGBKQLEHCDGJELAVARCHCFCN_dGHEJCF@L@JAFGDIBKBK@E@ICGEKCE@GBEBKDGFQNEJEDIFGDE@M@KAK@G@QHEDCH@FFDPFDDDDALA@SDEDEHEFCN@Hf~BHBJAH@HYlAH@H@@AD@DABJBD@DB@@@B@@A@@B@@B@@@@@@BA@E@@B@BA@ABAAA@@@@D@DAD@@"],"encodeOffsets":[[114937,26315]]}},{"type":"Feature","id":"431021","properties":{"name":"桂阳县","cp":[112.734466,25.737447],"childNum":1},"geometry":{"type":"Polygon","coordinates":["@@BCBCBE@CFGJUFQBGTcFOV_FIJINAHCDCBEDGJAHAHDDHFHLFNFJBNHJLHHD@DDBCFC@IDECOEIEIGGCQCKBGFCHAJBLAZAF@F@D@DA@MCE@C@CBEDCFAD@TALCHBFBfGH@DB@@@@B@BBB@BAFC@AB@@EBA@AB@@@@B@@B@@@B@@AAA@A@@B@BA@A@@CCA@A@@AA@@@AB@@@@@B@@@@C@A@@AAA@@B@@ADA@ABA@AFDB@B@B@BA@A@@CA@@@ADA@A@@ECAAEA@@@A@AAAA@@ABA@@BAB@@@B@B@@A@A@@@A@A@@DCD@@@@A@@@@A@A@A@A@ABABA@AAA@CG@@ABA@@@@@AC@@@AAAB@B@@@@A@AC@@@A@@@ACAAA@C@@ABA@@AA@AAC@A@@B@BA@@@@CC@@@A@AB@@@@AACBA@@@A@AAAA@ABA@CAAA@CAA@ABA@ADADABAB@@@BA@AAC@@CA@A@A@A@A@@@AAAAA@@BA@A@AA@AA@ABC@ABA@A@@@@GBAA@@@A@ABABA@@@AA@E@MFGDME[SCEU]MOMW@EGICE@GBC@OAECEGCCEBEFGFCJEDEBA@KAECCECCAE@K@E@CAGCA@G@A@A@@ADCBC@ECG@@@@@@AIACCCIKIEEECIAIAGFKDGDCD@DDTPDBD@DA@A@I@AFAFCFADADEFCNCHCBCDCHEB@B@@@BABABA@A@AA@C@ABCDA@A@CECACAE@C@E@GECE@AB@@AJ@DAB@@C@ACACC@@DAB@B@BBDBBD@DBDD@FBBAB@@A@@BA@E@@@CAC@AACEEIECAEEGAA@C@ABCBADBFABCBA@CAAC@CAKAAAAABA@@B@BA@BB@@@@@BB@@@@B@@AB@@@@BD@B@@AB@@@B@DB@@BB@AB@@@B@@@B@BC@C@E@CA@A@ABC@A@@AGAGBI@ECIEECAA@WVOXCN@@@@AH@@@@@DABEBC@UOEECGAG@WBS@GDCPGFAB@D@DFD@HAF@JBFBJBJCNIFEBO@@BC@@JEDALKBE@EAAECCA@ACGACASCICCG@A@CB@DBDBBDD@DCFADCBAAAA@ICGGKC@GACAAA@ABAD@L@FAFEBABCDI@C@AEAEAC@ACAAA@EBAB@BFHFF@D@BA@K@EBCAAAAGCCCACBAB@B@HADA@@@C@ECECCAC@EDAD@BADBP@FFFDJBN@RAFEJEDC@_EQAAAAAAC[WWYOWAEACBEDGHA^EHEFEBG@ICOCGAKDOBAB@HBR@XA[aECICIG@@J@FA@@@A@AMGCCAC@GAACAE@CB@@E@ABAD@F@@EDIDCBI@CAAAAE@IAEAACAEBIDEBABCCCAEAEBCLCRCJBHDFDFBF@F@BADCBgTAB@D@DFLBLFL@F@FADGBIB]LGAGEDG@GCEEAEBEF@D@D@HAFEJEFGFGHCH@FDBFB@FCFGHCLEH@@@@ABEFG@eSU\\CHAFAPCLADCBCFCFEHEBEDADADEDABAFBDBB@BHDD@F@DADABAD@FDZJDFHJFBJBBEBEFAHDHFFFDBHFBDB@DDBFDJDHAHI@CD@FIHKFIBCD@DKFEHE@EBGH@DDF@DCDMLE@EABI@EM[AAGCG@CDDF@FAFDDDDDDHDDB@DCBKBEDID@HGHQ@IAGCCGAMACE@KJOH@JDNDDNHDDCHMBEBCD@NCFCJADGACGKECCAGAODQ@AA@GFEJILEDGFEBI@ABGFIDOFGFKHGHMHGPCDCHDJBHAFC@OCGFMFCAA@ABA@@B@@@BHD@@@BABA@A@AA@@ABABEDAD@B@@BBBBDB@DB@AB@BABAB@B@BAB@@A@A@A@A@ABABBD@@D@JCF@B@BBB@B@@@@@BA@@BB@@@BBBJ@@@B@@@D@DADB@@BBBDFHDD@B@DCD@BFJ@B@BABEBA@C@ECABAB@B@@@@EFEH@HCLINCHCJBP@HGFE@GCEGAKEEMQC@E@GBKDEBMBG@GAOAOCO@Q@GDCDAH@FFFHHHHbfHJHFLDH@J@DDBFAFCDEHAFBFAFEDGAEAGN@HBFBFBHBHBFF`@@@@BLBDNNJPLRHLFRBNBJ@NDFBHAHU\\EHGDEDEBC@GCCECCECC@CBABAFCJABEBG@A@AEACEEGGEAC@CBABEDA@GCMCABABEBKBCDGFCFEL@J@F@@BBBDB@@BFBDBFBDBDBBDBB@@B@@BB@BA@A@EB@B@J@BB@B@H@DB@B@D@F@FBFBDDDDFDDDFDFDB@B@B@F@BA@CAIBC@@B@BBBDBBB@@A@EDADAB@FBBBDDBFBHBFDFADCJBFDBHDH@HAF@BDBDHDFBD@F@FCFADAFCFAFBDDBFBD@HBF@DBDDDDDDDDDFDDD@D@FBD@DBDBDBBDDD@D@BADCBCBE@EBE@EBABABABAD@D@D@DAB@D@D@DDBBF@BABAF@FBFDDBB@D@@C@CBA@AD@DAF@DABADCBADCB@DDBBDBDBD@DADADADAD@F@DBF@D@D@DADCBADEDC@C@CCEAC@CBC@CBADCBAD@DBD@DBBD@BBBDBD@B@D@BBBBB@B@DIBICI@ADGBEDCFBF@FBF@DDBD@D@FBDH@FAF@F@DBFBD@F@BCF@DFDDFFDBFFDBF@B@@@@CBCDCF@DBDDAFADCFCH@D@F@D@DBF@DCDCF@D@DAF@DB@DHDHFL@H@HBDFBHBTAD@FEDG@IDKDGJGFCH@B@DADCBC@EBGBC@CDEBA@EBCBE@CAEAEAE@E@CDCDCBEBCBCFABE@C@@@@BBB@BAB@D@B@@ABAB@BADBBAD@FAB@F@@@@BBBB@@@BCBAB@B@DB@CCESSGAIAG@CCAAAC@CJCPEPFFLFBHABBDFBH@H@JBD@@B@DAB@B@@AB@BA@@BABA@@@C@C@@@A@A@CBAB@BADBFDF@DBJDHFDFBD@D@DBDDBD@BADA@EDGD@"],"encodeOffsets":[[115428,26753]]}},{"type":"Feature","id":"431023","properties":{"name":"永兴县","cp":[113.114819,26.129392],"childNum":1},"geometry":{"type":"Polygon","coordinates":["@@CECCEGCGCACBABCDCDC@CAAECKCCCCCCCCAGI[@E@GBEBE@CCECIGKCKCKEOIMIGECKGMKKEMGEAOCKCI@EACECCCAGBILEFKFMBSAYEQEGACCEGBA@GAE@C@MDMBG@CBEBC@A@@CEACAEA@A@C@CFEDCBC@E@GBCDCBE@E@E@@BC@E@EDGFEFCDGBI@IAGAKBIBGBEBIAGCKOCEEEE@G@GDCFANGLAHAJGLIFGHGDG@G@EBCFCN@JGJEJK@MGKGJABCB@@AECCBGBCBA@@A@C@A@@@G@CACCCECE@CA@@AC@EACA@GDO@@AAA@A@CAKACIIC@CBCBA@AABAAGB@JGB@F@NBBA@C@C@KESGOGGGKKGIKKMOOMMGMCG@A@A@CCCACCCACACACCIACACAAEAGBA@AACAA@AC@A@AAEAACAK@EBC@GB@DBBAD@BCB@DBD@@@D@BCHCB@D@@@@@B@@BB@@ABC@@@C@@@AB@@@DABA@A@C@AA@A@A@A@@A@@@CFEHCDAB@BCDA@@A@@@C@@@A@@A@A@@@@DBD@@@B@B@@A@A@@AA@CBIHKBM@MCGCCGAMBG@GEGAAEAG@A@MEEEAAG@C@ADEJCDEDGDAB[@AAEGCEA@AAaNGACCKGCCCAGAEAG@M@G@MEGCEKGECEISBIFK@IeHEAGAKDSBC@EBCDAF@D@DDF@NCBC@E@E@YBKBIAGBEDAHDLDRHHFJFJDPCF@JEDADCCC@GGIKMGIAMEKEEGCGGCGBIBCHAFCDGDMBIJEJU`EPSdAHERIVEH@DAFADADDBFHDDFBFBHPBDDDFADABG@OBCD@JAFDDDBDADAHCH@FBDHDB@D@BC@EDAJAF@H@DB@J@FBBAF@DBFBDD@FBFBAD@BB@DDEDCDM@IDCFBHHJFLFDF@D@BGAG@EAEBCAAHADBJJDJHDH@JCHIBKBMAM@@@CACBCFAFBFBFADCDCF@FBJDFCFAFAFAHBHBH@FADA@EBAFBHFFBDDDBFABADCFADCHC@@FAHFTNBJ@XBFP@NGLEHGBGBCB@FAF@F@NGFCF@H@HBLDNHBDD@F@FAFADEB@@@BABAD@D@DBBFBBFDHB@@FDDHBFBBBBBABABABBB@BF@DBDARAFBDBD@@@B@HAFADADBHDBDDAFCDCFAFAD@FAHCDCBCFAHBFBBFFDFFBFBDBF@FADCDCFCDBFBDBFBH@D@DADCDAD@FBF@F@DAH@BD@DADAFAD@D@FCD@F@DBFBBDDDDDFBDBDDFDBHBFAFAHAF@BDDHDAFAF@BDABAF@FBDDFBB@FCDAFBDJHDDDDBBHBDADAHAD@FBDBDDDADABBDBF@F@BBBDABCFEFADAFAFBDFB@DCFCBCBEFCDAHBLDDDBDBHD@D@DCFCFCDADADBFBF@F@HBDBB@@@HFFD@FAPMLALDPN\\ZBJCFGFCBEBEDCDEDED@BFJLLHJFDFB@@HCFAFBDDF@DDBD@FBD@HBHCJHCD@D@B@B@HAF@FBBAHELMBEAIMQAIDKPIZ@VAL@NCPKJMLONCVARBVDH@B@DAD@NAFA@ABC@GDABAFBLDHBDDBF@HDDD@D@D@BABK@CBABC@CAE@CDAFBDCDARAFADA@CCGEGEGC@AACEAEBEBGFILEHAHCFEFGDIHAJ@LDJFDBDDHBFCFCHCFCD@BBBBHFFBH@H@HA^CFADEDAJAFCFGLM@@L@VCHA@CCGGIEGCGBGBADGFCFAF@NDNBJ@FAHAHCBEHGHEHEFC"],"encodeOffsets":[[116331,26914]]}},{"type":"Feature","id":"431002","properties":{"name":"北湖区","cp":[113.032208,25.792628],"childNum":1},"geometry":{"type":"Polygon","coordinates":["@@CKAEBA@ABABC@CAEKCCAAB@BAFADCBA@EECCC@C@A@A@EAKKA@OCIGECCICI@ICA]OCCCCEEMEKAO@MBOEKCICG@KAM@QBMAAFCDB@FH@R@FFX@B@BDH@HEDIFABFJBH@D@BCBCBAAA@IAKAG@_FWBQ@GAA@ABCPBLDHDP@JAHEFGF]FGBCHAFBDBFPXXZ\\XBDBBBBRB`FD@FCFIBE@QAMCIEE@EAOBC@ABCFCD@DBFDFDD@@@B@BC@G@ABADADBDDBHBBDBFAL@B@@A@CEEEG@ABAFAB@BBBDD@FBFB@B@DCJADABEFEBK@C@AB@BBBDBHBD@HLDH@JBBBBDABCDE@CCCAAAC@CDAB@H@DDDJBTBDDH@BDBFDBB@FAFKLCBIF@@AD@@APEFMJIDIAEAIAE@GBC@CEC@A@EBOHCD@HAT@XBHDHFFVPD@FABA@C@@@@BG@@@@DMPWXUB@DBFFDJ@FAJBHBH@@@BAD@B@BDBF@D@D@@A@A@@@A@@BAA@@AA@@C@A@@BA@@@AAC@@@@BA@@@A@@A@@A@@@@AAB@@A@AB@BABBBBBL@DBDDBB@DABAAEBCDABAD@B@HBFFDBJFFFBD@BBD@D@@@FAB@@@BA@ABEAC@AC@CACCAAAA@A@CB@@DDDB@B@DA@CBI@@BA@@BDFHFF@D@F@DBDBDFB@B@DCBAD@B@@B@BABABAB@@A@A@GFCDADGDMDEDCFCBEBEDEB@B@J@BCBC@CASOCCC@CDCHELBHBJDJFFJFJLDDBDBJ@@@@@@DH@FADCD@BB@B@H@B@HDDBF@L@F@DBFDDDBF@LABCFIFEDEHAFDFHDDFBF@PAD@HDFHJ@FNXNPV^DF\\TNFHCNEF@B@@B@@ABAB@B@B@@BBHA@@B@@A@@@A@ADGBAJCB@@@@A@AAE@AAACEAC@A@AAAKC@@@A@@D@BC@@@AAAGKAC@ABEDCBC@C@ABABAB@@A@EACAI@A@A@GBAD@D@DBDJBBDB@AFGFCD@FCH@B@DBDDDFFHBD@FAB@BFBHDRBBBHDBBAB@@@B@@@@BBD@@AB@BAB@DBHDFDBFBD@FABAD@BBJ@B@@EFA@@B@B@BBDB@BB@@BBA@@BA@A@@B@@BBB@BADAB@F@@A@@BC@A@@BABABADADAB@B@B@DAB@BB@BDFFDB@DBD@@B@D@FBDDB@@@D@@B@D@FAD@B@B@@BB@BB@B@BB@B@@@BEB@BCB@@AACAA@ABC@AAAAA@A@@BC@A@CAA@@A@A@@A@C@@@@DBBA@A@AC@@@A@@A@ABC@AAAIEAAAA@CACAA@A@ADABA@@@@@@@ABEBC@CBCBCBAHE@MDEFMBCACAEAE@EBE@EAECCAE@ADCDCF@D@DDHPDBFBFC@A@@@A@AHEHCFEFAP@@AAAACECAC@ABCLWDED@B@BA@C@CAACACAA@C@CBABECE@GBCBCBGDCBE@A@C@CBCBCDC@AAACCAACGACAC@CAECA@A@A@CACCGEAA@ECCOWAEACCACAACDC@C@C@EBCDELQDAFAFADEBABCDAB@D@@A@C@C@CBMAAAAA@C@A@EDCBC@G@IACAE@AAAAAA@ABG@C@ACAEAGCAAAC@A@AAACIC@CAAACCEECCE@ABC@GCEBA@@AEEAAA@@@A@KCE@EC@@@A@AAC@AAABEBK@ABABAFA@AAECCGCA@@A@CBE@IBCDC@CACEC@A@CCOAC@EBI@AC@IAA@@ABCFIDADCB@@CAAAAKCAAEO@ADCFAFEBEBAB@RF"],"encodeOffsets":[[115652,26119]]}},{"type":"Feature","id":"431022","properties":{"name":"宜章县","cp":[112.947884,25.394345],"childNum":1},"geometry":{"type":"Polygon","coordinates":["@@MIECGCECGGGGGGGKKcCEDKFGHCDCBIBI@I@EBEFEFCBCFAHABABC@A@@BA@CAAAAABABG@E@EBCACGAEFI@C@C@AAA@AAAA@A@C@@A@AA@A@A@A@ABABABA@@@@@@BBBBB@@AB@@A@A@CBCBGDC@AAAA@CCCAAABCBEDEHGPA@EDC@EAECGAIAECIEKICEECAG@A@EEGKKUEMGEAE@EDCFCRAFEFGBOBE@AAAC@CDKBE@AECEBABC@CCAAAC@ABAD@D@HDD@F@@A@CAAEAE@G@EAE@E@A@EAEEGIAEACBA@ADABBBB@D@BB@BBBA@AAC@C@AEAAAEBCAA@@A@@@ABCBADCDADCBCFM@C@A@EBI@GAAC@C@CDEBCDA@A@CDA@C@CAA@CBCBE@CAQEAA@A@ABAFAB@BA@ACACAECAEBEAA@CAAEGEACAACBE@A@CEAC@E@I@EAEAEAAAACACCAE@CEIEECEDE@AA@A@EAACAC@@AAC@@@A@A@@@A@@A@CAAC@G@AAAC@C@C@CBCHABEBA@ECCAA@A@ABC@@@@@CACAC@EBADCDA@C@GCGCEACBE@A@ACEKACEAGAG@CAAEAEAEECEAGBEACAAC@CBGCEEG@C@OCECAEBOFIHEDEFCDCPAPCNAHADEBAAAAGKA@CBE@C@@AEGCAC@C@GHCBEDEDEB@@CA@A@C@CBCBA@CBAB@@ADCBE@CACCCAC@CBCDE@G@GCKBABABADAB@DCDMBCDA@AB@@@@BB@D@BAB@@A@@EE@A@A@C@@AACCCG@@@A@@B@@AACAEBCBCBAD@DAHBBBH@B@BABAFAD@F@BCBCDABCBADAD@B@BB@@@@B@@@@FHDDD@@B@JB@@JBDBB@@@BCBC@ADAB@BADBBB@@AH@DB@BBB@F@BAB@H@FCFCD@BDBHBBBDF@B@DCDCFAD@BBDBB@B@@@@ABABCDCFATDFBJCBCBAAA@E@CBADADABADABEBCBCDCDIDIFCFCF@FBD@B@DIFG@C@CGEIEIAGAI@G@A@AACCACIGMGOGSIEIAIBACMAQ@EDEFGDCHEFCFGDCBGFE@@@EDCFADCDCFMDMDCFAHAHABAAA@AA@@AA@@@A@AA@@@@A@@A@@A@ACEC@AC@AA@AA@A@@AA@@AAA@@@AAA@A@A@A@@@A@A@@B@@ABAB@@A@@@A@@A@@A@@AA@AA@@AA@@@@A@@@A@@@AA@@A@@@A@@AA@@A@A@@@AAA@A@@@@@AA@@@@@A@@@@A@@@@@@@@A@@@@@A@@@@C@@@@@AA@@@A@@A@@AA@@A@@@A@@@A@@A@@A@@A@@@A@@@@A@@@AA@@@A@@AA@@@@@@A@A@@@A@A@A@@@A@AA@@AB@@@@@B@@@B@@@BAB@BA@@@A@@FEJCBG@EEIACBGB@B@@A@@AA@AA@@A@@@@@AB@@@D@B@@@@@BB@@@A@@BA@@@A@A@@@A@@B@@@BA@@B@BB@@@AB@@@B@@@B@@@@@@A@@@AA@@A@@@A@@B@@@B@@@B@@A@@@@@A@@@AAA@@@@@@BAB@D@DCBEAGAA@E@E@C@CACCA@@CA@AA@BC@A@@B@DEB@BADABABA@A@ACACA@@GCQAEAAC@@BCBA@ABCAE@@@ABA@@A@@@AA@@AB@@A@@AA@@A@ACACA@AA@@@A@@@@@@@@@@@@@@@A@C@@@AB@@A@AACAAAAACBC@AAABA@@@A@CBABABCB@@A@@@A@A@AAC@AAAAA@A@AAA@A@AA@@AAA@AAA@AAA@ABA@@@AB@@@B@B@@@@AB@@A@@BA@A@A@A@@@CAA@CAA@CAA@CBC@E@EBEBE@A@ABAA@@A@AA@@AA@@AA@AA@A@AA@@A@CAC@AACACACACACAAAA@AAAAAA@CAA@AAA@AAA@@@AA@@A@@AA@@A@A@A@A@A@A@C@A@CBC@A@@BA@A@E@C@E@C@CAA@A@A@A@A@AAA@@AA@@@AA@@A@@@AA@@A@@@A@A@A@A@@@CBA@@@ABA@A@AAA@A@AACAA@A@A@A@A@A@A@ABA@A@AA@@A@@AA@A@@AA@A@ABA@A@A@A@A@C@A@A@ABC@A@CBA@ABABA@ABAB@@@@@B@BBB@BBBBDBBBDBD@B@@@B@B@@@BAB@BAB@BAB@BAB@D@@ABBD@B@@BB@BBB@B@B@@@B@D@D@D@DAB@DABADABA@ABABABA@ABA@C@ABA@A@A@A@@@A@A@@@ABA@ABA@ABABA@C@ABA@C@A@A@A@A@ABA@ABA@@@@@@BA@@BAB@B@@@B@B@B@@@B@@@B@B@B@B@BAB@DBB@B@B@B@@@B@BBB@@BB@@B@@B@@@B@@AB@B@@@BAB@B@B@BAFAD@D@DC@C@CBAB@D@FADC@ABEBCBABILIRHn@JATE`CHABC@MFIDADADAFA@SRILEDEB@@C@E@AB@D@D@BAHCFCF@BCDCBCB@FBDDBB@DHLFPBRHHHBFCTADEJELILMHSDOFOHMJCFCNCNDTDLBHDFFDF@HAFCH@J@HBjPPBF@N@HDFH@HAFGFKDK@GDBFLPNLHHHBFCFCNAJDNJHLJJJLDH@LCDEDGDCBGN@JFRFNHNHTDPRlDDD@\\OHBDBBFBF@FCb@JBJNBRAN@LBH@JDLDPFNAP@LBNFFFDDDD^PDB@JDJDJFDJHPDB@LLFBB@B@D@D@DDFFB@DABCBE@ABADBLDBF@DADAB@BABBFDLBBJDJBHBHBNFDBDBD@FDFDHFHDRBHBF@BBLLBBHFJDL@LBF@DDHBLBHDH@NALCNCN@H@JBHDDFBHBJBJFHJHLHDBLZBDJLDBRCLGNEPADALETKF@F@HAH@BBBBFX@JDNDPFPFLFLDHHJDNBLBHFLLRHJFJJPDFDBBBNDHBHDLEFGLEBA@CAA@CFAB@D@BBBFDBDD@D@FBDBBDAF@DA@A@@CEACB@DABABA@@CG@CFGDEDABAMPEJAD@FABC@EACOOKOag"],"encodeOffsets":[[116037,26230]]}},{"type":"Feature","id":"431025","properties":{"name":"临武县","cp":[112.564589,25.279119],"childNum":1},"geometry":{"type":"Polygon","coordinates":["@@`EH@LBJBB@BBDADA@A@CAGEIBAJEFC@GCG@A@AEW@E@QEGA@DCBEAI@IDa@EAEAECAGA[PC@CCQkCOGSGMEMEQ@IHMDAHCFCDC@KCGIKIIGKMIICMBEDEDGAGGMKKOAEHCL@LCHEBE@GEGGCM@E@OAiOGAI@G@EDGBE@ECCEAGCKCSDMDMDENIPGPETCNGJKFKFIBCDSAEGGQGOAKECGA@CAAC@EA@EBEAE@CBABCBADCBA@GBIBCACECEE@I@GAKEE@ECAAGAE@CBC@C@CAAACAE@E@EBCA@@I@G@MDEBIFIDMDG@M@ABEDE@C@IAIBA@AB@FAD@@ABABA@ABC@A@A@A@@@A@AAA@@@A@@@AA@BA@ABABABABEBABE@CBCAA@C@C@C@E@C@EB@@C@ABAD@DCBABAB@B@DBD@DBB@D@B@D@BADADADADAB@BCB@BA@A@ABA@@@A@IGIICA@AAA@AAC@CBC@CACAEACACCCACCCACAAAA@AA@ACCAACCAC@C@C@A@C@C@ABC@CDCBCBADABABAB@B@BA@@@@BBB@BBBBBBBBB@BB@@B@B@BA@AB@@C@@BA@ABA@@BABAB@BABABC@ABABABA@AB@@ABAB@B@DADAF@BABAB@BABCBA@ABA@BP@BADAB@DAB@B@B@D@B@BDDFHBJBH@FAFCFCDCFEDADALBDDHBDCFGF@HBDBFBD@DCDEDIFEBADBFHBHDLHFDNBJBBBXXDBLBHDJFNLV\\FNFPFJDFHBJAJAHBHHHJDJ@FCDABIAM@CBAAA@C@C@C@KLMP@BBBBBFDF@B@B@H@J@B@BB@@@@@B@B@B@DCHY^INCJALBHAFGHGHCJ@N@LFLDDD@LBL@JDDBBDAHGFIREL@FDHFHJDH@FE@GDGDAHCJ@JALBH@JAHBBJCDAF@DFDFAFBBFBD@DAHEJ@PHNLLLHFBd@H@HADAFEFIJIB@@@@@JAL@NBFF@DBF@HCL@L@HfTH@FEBA@@@@FGDKHGDE@EEACA@EDGHGHEFEFIBE@G@C@CFEFAFBDF@HCHHFHB^KJAHABC@E@EEKAKEK@C@CBAhSDABC@A@EAECECEAGDIDQDKFAFBDBDDBAFAJCFADBBBBF@JBFBBDBJ@DAJCFC@@@EBCBAF@@@DAF@DBBB@HBDDDNH@B@B@@EBI@@@JHJDFD\\b"],"encodeOffsets":[[115456,26106]]}},{"type":"Feature","id":"431028","properties":{"name":"安仁县","cp":[113.27217,26.708625],"childNum":1},"geometry":{"type":"Polygon","coordinates":["@@FAB@HAF@NBD@BAACIGAC@IDGFENM@G@KEGGCAE@ELMJALCJ@HDFHFPDNHPLNLHLFL@LENERCHCRCXADBPNNKHCHKBEFKHIJGHCFCAKCKCGIYAEGQGMAEEGAGCCCGMEQCEEAC@EDGR]BADCBEHEAIDENGHIHGDIBM@IEEAECE@K@CAEEEE@KCCGBGHGHAHEHCBCLUFOBEDGDAHANBF@FBLBFBH@JCHANDFDPLFDFJJRJHRHNDPBPATCFANEHENUBEAICGCKBOFKBC@@BC@CFIDGBIBCDEDAJ@FDJBH@@C@AEG@A@CB@FB@@F@D@DCJEIaACCGAIDIGECACC@C@EHIJKJIHQFQ@IAIACY[ACCAECGGCCAEDK@ECK@E@CBCDCHEFKBMBGFEBQBUBEDCJMNEFGBEAG@E@EBCAICGICC@G@EDGFGFGHAFGDGBEBI@MAMCE@EBEDCHABAHDHFHHJDH@DGBUDK@@@KNEHEDIBCBCFEB]DGBG@G@EAGEAAAAC@EDGDEDEDGACCCAIEKCI@GBCJEHEFGDGBKFEJAHAFBFDFBBD@FHFHDH@DCBEBQBCBCDEACB@DBF@DADAB@DALABC@C@C@CC@GAECCGAKCEAABCB@HAD@BEBMBC@CBA@G@UCQAUBMDKPINOLMDK@UBY@OJCLBJNRBJAFKNGFABEAE@GBA@A@C@C@GDCBCHCDCDCFCBCFCBEDEAEAE@E@E@GBAD@FADCBEBCDAFCBCBEBE@ADAFADCBCDEDCD@D@F@DBFDDDFFDFDDDDD@@DDDFBD@H@F@H@HB@DLBF@FBF@H@H@DFB@HCDCDAFBDBFADAFAFCF@D@H@DFJBDBFBDBDBD@HBF@DADAHAD@F@HCDAD@FBHCBEBG@CAC@EACAE@CBAFCBCFEFAFCBCDEBIDCDCDADADFBDFADIDG@GBE@EDBFBFBDDDJDDBBD@FABC@I@IAC@CBCH@FAFABEBGAEAGBADCHBF@FBB@D@D@DAB@D@BBDABBDH@DDFBF@D@F@D@FBHBHDFAH@DBHDD@JBFBDD@FADEBCDAF@@BD@D@DCB@B@H@J@H@BBH@HBDB@DBF@D@HABCBEBEBABAH@D@NAF@DAJBHBFDH@J@F@@@FDDAAA@AAA@AB@DAD@B@DAHCHAF@BC@CAABCBALCDCBEFADB@DFBDBFBDBF@DBHFBD@FBDBDAF"],"encodeOffsets":[[115979,27472]]}},{"type":"Feature","id":"431027","properties":{"name":"桂东县","cp":[113.945879,26.073917],"childNum":1},"geometry":{"type":"Polygon","coordinates":["@@HEDE@G@CAEAACAEA@EFCFCDAFE@CDCFAD@DDDBFBD@B@DBJHHJFDLBDB@@JJFBBBBBBB@DBDDABAHDBFD@DCHAHAF@DDDDBDDDDBDCDEDAACAGF@NFJBBABEDI@G@CBAFDPHH@FCFAHAHBBDDFFFDBHB@D@D@FBBDDDBHBHBHBHDFDJBJBFBDDDDDBF@H@HBJDHDHBJBHDHDF@BC@EDE@E@EBCDCDBFAJDJBFBHBFBFBD@FEBE@C@GBCBADAHCFABG@ACEECGEECCC@CBEDADCDAJBF@FABEBEACA@GAECGAEECCEECEGAEAGCGEECECAAEECAAAEBE@C@E@CBA@EBOEA@AAECCCE@CAEAGCICGCE@GCIAGAIAECGAEEDCDAFAFCFADC@E@AGECIAACACAACCCC@EBCBEACAEACCCAE@CBCBCBCDCFCBCDCDE@C@GCEACBCDC@C@G@ECBCBGB@A@ACCCCCEAACAE@CBC@A@AAA@A@CBEACAAACCAACACACAEECCCEAACCACEECCCCA@C@C@C@C@ABEDEDADEB@BA@@@AAA@@BABAB@D@F@DAB@@A@AA@@ABABA@C@C@C@@A@ACAACAAAAA@E@@CIBCFG@C@ACE@A@ABCBCB@B@D@B@BA@AAAAA@A@AB@D@BABA@ECEAECEAECCCC@A@EBGBABC@A@CAAACAA@ADC@@@EBCDCBEAA@@MEKGA@@EAEAE@EAEC@E@CACCCCACACEAE@CCAECCACCCCACECC@EACECEAAEACBEBC@CBAACACBE@CAEACACCCAAAA@A@CCCCE@C@EAC@CAC@C@CBCBABCGGKKIKCACCEAEAGGEGGEGECCAAAEACCE@AC@A@EBEBCFAF@D@BCBMRAJ@FINEBCBOCEAEAGAG@GBMBSHIBG@EGEEGKIIKIMCKCKAG@ED@HDHFFBHAJ@HGHIFKFIDGDIFIJIJGLKJEJAJFJNHNHHH@DADCDQDGAKCGCMCGAGDIFGDGLGJKBGBIFEFEHAHAHAHCJCFEDEBEBC@ECGEOSKEEAE@EBABOD@B@HEN@RE`@FBDFLNHHDJBPBJDH@HAJEF@D@FFFFBF@FAPBPJ`DJDJ@TAJFxHRPLLJFLHJHNDDDENMHEHCFAHANDVNNLHHHFFFDDBFBD@FE\\BLJLJHBBHBHAHCFCDKDIBEFEH@H@FBLFJFTLDDBHDLDDHHHLTFNFNFJDJFFDFHDLDFLLFFFDDN@LDBL@L@JHB@@@@BHBFBDDBF"],"encodeOffsets":[[116681,26813]]}},{"type":"Feature","id":"431026","properties":{"name":"汝城县","cp":[113.685686,25.553759],"childNum":1},"geometry":{"type":"Polygon","coordinates":["@@AECAGAEBEBCB@@A@ADC@C@E@KBA@A@@A@ABAAAA@@@GBIBCAC@CCE@GAG@CCAC@CBCBC@A@@CCA@@A@ABCHCDA@@DE@C@ACAC@C@EAAAACBEDG@CAEEGEE@EBC@CCAGCICEGACEAMAMAGCGCAEACCCCE@IAICEEECGEECAEAA@CAE@EBC@E@C@C@CBCBC@C@E@ABGBIBQGOAC@E@ABAB@BDBD@D@D@@B@D@DCBCFCD@LCJCLADABAB@@A@ABC@GCCCACCGAA@CBC@CCAABA@CBA@ADABA@AB@@ADABADA@@@ABE@A@@CCAA@CFC@CBC@C@@A@ABADAB@BA@A@ACAC@A@CBA@A@CCKBE@E@CACEAE@ABC@C@AAAACAAACA@A@@@A@@B@@A@@@@@@@A@@@@@@B@@@@@@@@A@@@A@@@A@@@@@AB@@@@@@A@@@@@A@@@@@@AA@@@@@@@A@@@@B@@A@@@@A@@AA@B@@A@@@@@A@@@@B@@@@@@A@@@@@@@A@@@@@@@A@@A@@@@@@@@A@@@@@@@@A@@@@@@@@@@@@@@@A@@@@@@BAAA@@@A@@@@@@A@@A@@@@@B@@A@@@@@@@@@@A@@@@@@@@A@@A@@@@@@@@@@A@@@@@@@AA@@@AA@@@@@A@A@@@@@@A@@A@A@A@@@A@@@@@@@@@A@@@A@A@@@@@@@@@@B@@@@A@@@@B@@@@@@@@@@@B@@@@@@@@A@@@A@@@@@@A@A@@@@@@@BA@@@AA@@@B@@A@@@@@@B@@@B@@@@@@@@@@@@@@A@@@@@@@A@@AA@@@@@@@@A@@@@@@@@A@@@@AAB@@@@@@@@@@@@@@A@@@@@A@@@@A@@AB@@@@@@@@@@@B@@A@@@@B@@@@@@@@@@A@@@@@@@@AA@@@@@@@@@AA@@@@@@@@A@A@@@A@@@AA@@@@@@@@@@@@BAA@@@@A@@@@A@@@@@@@@@@@@A@B@@AB@@@@@@@@@@AA@@@@A@@@@@A@@@@@@B@@A@@@@@@@@@A@@@@@@@@@AB@@@@A@@@@@@@@@AA@@@@@@A@@@AA@@@@@@@BA@@@@@@@@@@@@@@@@B@@A@@A@@@@@A@@@A@@@@@@@@AAA@@A@A@@AAE@G@KGGECCCEACCAA@A@ABADBJ@D@@@@A@A@@BBJDJBJAL@FADCDEBGDGBKBKBEDADCH@@@@@BC@C@ABCH@FABA@ABE@A@C@AECEECCECCCCCAABEFCDAD@DBBDDBF@B@@@B@@A@A@A@C@GBCBADC@A@EAEAG@GBCBCBEBCAC@EGCGCCE@A@ABADCBABCAECCCGGGCG@GBCDAFCDABCBEBEFADCH@J@JAHEFEFEBGBCBE@GCICCACBCB@DABCDA@A@EAG@CCC@C@ADCHALAHANAJAFCFEFCBC@CAC@A@ABGHIJCDABG@GAABCBGAEAACACECE@A@@B@@@B@D@D@D@D@JBJ@DBFAD@BEFAHCH@JBFBD@@A@ABA@@DAD@FA@@BABEBCB@BADA@CFBBDBFBF@BB@@@DA@BBBB@DAB@@@BADABGBEBADEDEFAF@F@JAJAJCDGDEHCLDFLdHLHHHHHHFDHDFDNJDCJCD@FBDFFLBFDBDBD@DGAGBCBCHCH@LDJ@H@HAHADCVID@DBFBFDDHBJBHDNDHDHJFJDJBDAFCDEBCDGDCDABABACACA@AAABABADC@CBA@C@ABA@E@C@ABA@C@CECAA@AAC@A@@CCA@@A@@@AB@HG@@BA@A@CBC@@BADA@@@A@AEK@C@ABA@CB@BABBDBDDDBFBDBDBBBFJDBD@F@BA@AAAGI@A@A@ABADAFADCD@F@J@DBB@DAD@BAB@BBFFBBFBD@D@HCB@JB@BDFFBDDBFDPBDHHHHHFDBF@F@DBDDFHDF@D@B@BAFEBGDCD@JBFFHFDJJJBDDBLCHAFDD@JBFDBVHF@FADEBADAFAFB@D@HAJDHFDJBB@PLJBNABBHDHDDBDFDBDD@H@BCHKLCD@HCNBBFBNDTJDLFLFLADKNKLAHBBBDHBB@BCDAFDB@B@B@B@DFLFFFFF@BCHEHEBE@CBABAB@NAFAF@F@DCDCFABABE@CBEBCD@BA@CAKME@CDANCFEDC@OEC@EBEDKDCD@BHHHDNDD@FDJNF@JBF@BBBD@H@H@DFFPCBAFAF@FBLFPTHFFDD@FAFAFCDEDIBGBGBGFGFEJEHALAHIHKHCJEHCHBNDHDLDHBRCDCBC@CGGMGMGEIBIFILIHKJIJIJEHCJCLEJEHG@GBIAGEECG@GFCH@LBLDNDLJJJHLFFFHH@JATGNAHAH@HBFBFBPDDAFAJM@EBINQDA@A@CBEDEFAFAB@D@AC@GDIBABCAGAGCEAE@C@EBABCF@DAFIFIDGBEBIBGBIBADAF@BABC@EBCBCBE@G@EDCDAFADC@C@CCG@GBGFEBE@AFEHCHAHAFAFAF@FCDC@E@CCE@E@@@AAEAS@C@CDEFAHC@@DADA@@BABCAEGE@KIYDIBCBACCC@I@I@C@A@CBCBCAECCGAI@CACCECGAEOKAC@@FADDHDFAAEACACAAAA@E@AD@D@DADAAA@CACGKCEGGICCCAC@CBEBC@EAC@CDCBCBC"],"encodeOffsets":[[116680,26053]]}},{"type":"Feature","id":"431081","properties":{"name":"资兴市","cp":[113.23682,25.974152],"childNum":1},"geometry":{"type":"Polygon","coordinates":["@@@KHCHA\\IHCHAFAFBHDDBDAB@DGHIHCFEFEHKJGRCRGPGLGLEJEFGBEBG@MBEFIFMDQ@SAOAKCMEKEOCCIGQEIEKEEE@EAIAKEMCIBIDEXaBGBCBCFCFGHCCCGMGIEKKIOKGQEwBI@SCICII_AOBO@EAEEEEEC@E@IFGBG@ICOAIAGCMGEKAC@EF_@QFM@G@AEE@C@G@GACAAE@IAE@IMECC@MCGCGG@ADCLCFCFAD@PFD@FCDEBMDCF@LNDBB@@ADCFADAF@BABADEDC@C@EBEBE@MBABADAF@FAFGDG@AEEEEKECEA@A@A@A@ECCBADA@GAACAABGLKLMBCEKEKCKSIMCEAAADM@GDCLKDG@A@GCCCACECAGCGCAAMBIAOKA@IAECCGBI@G@CEAEBCBABCFEBE@UGCAAE@ICCBEDGAKCCIAIIECEGAE@IDCHCFABE@A@A@CCEEGCCCAE@E@CAGEGGGGACCOAECCEACE@AIAA@GDC@C@EAAAEEAAA@ABC@CBA@CAI@E@C@CDEBCBAB@B@B@BHJBB@BABE@C@CAEIAACACAEACACCCAAAABA@@DAB@B@DFL@B@B@@CBAB@@AD@D@BAB@@GHA@@B@@@BB@DD@@@BBD@BBBFD@D@DAB@B@D@FAB@B@DAB@DCDABABBB@BDBDBABABCBCDCHADCFEDCBIAICIECGCGCMAGAICGECEACAC@UJCDGBGBG@I@KCG@GDADADBHCHC@CACAAEEKCEEAC@IDCDbhLPPPBD@FADEBC@IBOFNABCBCFEH@DDH@@ABABCBA@BDDF@@@BCBE@CBAAAC@E@CCCCAAEAAC@A@EB@DBB@DABKFEHKFHZ@BEDCBMDCF@D@BBDDDBABABCBABAF@H@FDDH@B@BAJ@FBD@D@B@BABEBEBCDCFAFBFDHFFPRBBLLBD@FAH@FBDFJDDADAHADEFAFAHBFBF@BADEFADBTBFCBABKHADAD@BBD@DBF@DQhCDCDED@B@BFDBBABABA@CBEDCF@B@BA@EHMVm|CFCBAB@@A@A@C@GEC@A@@@ABADBFDFFFDBF@BF@FABABCBQAGBKBEAIAAACAA@A@ABCBAAGAAACB@@@DDBB@B@DB@@@BA@AB@@@BD@@@BBA@A@A@A@A@@@A@A@A@ABABAAAAAA@AAAAAABA@A@@B@B@DAB@@@@C@CA@BA@AD@@@BA@@@EAA@@@@@@B@BBD@B@@A@A@C@@@@@BDBD@B@@DB@B@@A@@@A@AA@@CB@@@@@A@A@@CA@@AAA@A@AB@@ABAAAB@@@BB@ABA@A@@A@AA@AAA@A@@@A@A@@AABA@@B@B@@@BB@BBBDBBBBFAD@BB@@@DABCBADBBBBD@NCF@BB@DABAD@DDBDBDBBBBF@B@BBDB@DBBBB@HAFBBBBDBDDJBDBDBDDDBDDD@D@B@BDHHNNNPPLNJLLHHLHHHPFT@L@D@DABMAE@A@IHA@BHABBBB@DADAD@JJBDBL@D@BBB@BP@HCB@BD@FBD@@DBF@FDDDBD@D@H@@@B@D@BB@DAHADAFD@BA@ADIBLHNHL@FIHI@IDMDEFAH@H@HCHGJEHKBIBGHKBMDEHCH@F@FFDFLPHDJBFAHAJALAHBJBJ@HADCFEHEFCF@D@@AF@F@F@DADCHAF@D@DAFCDED@B@B@BFBDDF@@@BADAF@DAHCN@N@DBF@HABFHDDHBRFZFTBNALEFEJKHADBDDDFFBJ@LDPDFBNHLFNLLHFDJHJNFPDLDLHLDJDF@DAFAF@H@FJ\\BHDDDDDDDDDLBFDBD@DCDCBADADBDHFHDDDFH@D@JD"],"encodeOffsets":[[116342,26916]]}}],"UTF8Encoding":true}