{"type":"FeatureCollection","features":[{"type":"Feature","id":"320623","properties":{"name":"如东县","cp":[121.186088,32.311832],"childNum":2},"geometry":{"type":"MultiPolygon","coordinates":[["@@PINANAJ@LA~KAetUÜ¡aÒyfG~E\\AjC\\GrS^OZSPW`ÅLÇHaNQDSDWPYD[CccAïMEAM@QAKAM@_@WAS@Y@YA_EIBQBCCIAEBCBCHAFCBI@CDI@ICC@C@A@E@OBQDMBWDG@KBUDKBcFQDK@I@E@IBA@G@CBELABEBKAIDOFEHCBA@DBCBCAEAMACFGTEBC@EAACA@EBEDI@ABABADGBABBBBBFBAF@@I@GAGCA@E@CAC@@@IAcEAECCA@CACCA@CAEAKFABCBA@EAC@GB@@A@A@IDI@GDYCAM@CE@ABA@ADC@CBEBGAQ@IDCDA@@@@@CBE@AECEEBCLC@EDCBGDE@KDG@GAEAG@GF@DDFHD@@@B@BGHAD@DADABCVFAD@FB@NFB@DCDEFKBIVG@GBE@AAEAGAK@CDGJCBG@ADAF@B@@@@ALERCFEFAJYDSDALCP@HGJCX@BB@BBFBC\\CLC@ABAB@@@DFFADDFFHDLAD@DEAG@C@C@BGCCGAIAE@CHGL@@ABEREL@TBLABADBB@DABA@OD@BA@@PPRJNDHBHF@D@B@D@DAB@DBFBD@B@B@BAD@B@H@FBDBD@DBHAD@HBDAH@D@L@D@JBDBF@L@J@JB@FBHBDCFGJADBJ@JAF@FHCJCDAD@DPDJBBF@JCF@FH@@TLDIDCDAVFD@BBLBF@@B@V@@ABCDAHABHDR\\DBDFBDFCJCFADBDB^VB@fR"],["@@B@rBB@LEB@@M@ACAu@E@CBABAD@D@@@BB@B@@B@D@B"]],"encodeOffsets":[[[123829,33404]],[[124318,33312]]]}},{"type":"Feature","id":"320602","properties":{"name":"崇川区","cp":[120.86635,32.015278],"childNum":1},"geometry":{"type":"Polygon","coordinates":["@@DGHODCfBfBdBDIHO@EEAI@GBAEBIBK@AFEBAGA]@CBAIAK@KB@B@F@B@BA@S@AD@@@VABABA@OBADAF@RBH@rR@@BB@C@AHE@A@CAIAa@AAAAAC@K@G@G@A@@AHcHYFGFABA@CAEEI@A@AD@D@DBD@FATCFA@AGc@A@CBABCFCHCDAPCF@DAPBZBZBD@@M@Q@A@]ECGAKCC@C@A@C@@BAD@B@BA@E@E@CBG@CBBWSMAUEk_@¹AuHaNepEFINKPiGLCLIR¥ĎER@BB@b^BBDDDD@@DFFDDDB@DDFFFFDBB@HBH@FBH@F@HBF@LBNBD@D@F@F@@BB@BBDBRL@@@@DBBB@B@@@@@@@B@@@@BBB@@B"],"encodeOffsets":[[123808,32823]]}},{"type":"Feature","id":"320621","properties":{"name":"海安县","cp":[120.465995,32.540289],"childNum":1},"geometry":{"type":"Polygon","coordinates":["@@RFjJzLJ@LGHK@MCCUaEeQA@]UCACAEBIDEDACCECAQ[GCBABGDCBA@@@U@AE@KAAAC@UECBCDCJSK@@EGE@IDE@AACICOC@CBIDGD@EBE@IAIBCHIDEACAG@EIAI@K@E@CAIAC@K@C@G@CBGAC@GBCAC@CAEAG@A@C@ABA@A@C@EACAA@CBC@A@C@E@AGCGIMOQ@OB@@APCB@BA@CAABCBAAKEBA@E@GD@L]@ED@BED@B@@DBBB@@@BCHABABMEA@AD@BA@A@EAKGEA@ICCAACAOBG@E@IAAEEAIACDADCDADCFI@C@KDI@EDBHCDcCYCEDAJWAQCS@C@@CBABKBIBGAA@EI@CBCDI@IBGDUCSAQGC@E@EICCCC@IFIBC@CIEIE@E@ACAACAGEAKEEGGNSIABAB@@@@CDE@ECFGHGACEG@C@ACAIEKACABEBA@AKCBCS@@@@EDCFIJM@A@AACC@CAICAACACC@AgCK@ECCAENKFBB@RG@EAECKAIEAAEAI@CACAC@CCAEG@CDABCFCHABA@CAECG@GFCBCLFFDF@B@BABADADAJCD@B@JAFAF@D@BAJAF@F@HBFAD@BAD@@EDA@@B@F@HAHAJAD@F@BBB@BADAB@B@BB@@BABBD@BA@AB@BADEL@DADADCF@@C@C@@BABBH@DH@BBJ@BBBBCHEDBLCBBJ@H@FBDBNDNBH@FABADCHGNDBBB@BGJ@B@BDFAFEJ@D@L@DGJABCAAAAACAGAGAAACECAG@AAGGCAGBILC@EBA@EDAF@BA@CJA@@BDD@BDB@AHAF@@FGDBH@HFJ@F@DFFD@@@BLF@@BBD@JALBBLBBB@FADABC@AD@B@J@RBFRDJ@JBNBrAJDXNFDNLPLLFHE@CJDBABABCB@H@BB@DAFRDH@JCFBDBD@D@PABBBBJFFBFBFCDADBHADAEaFADELBL@JBB@BC@@BEDC@EHCF@D@PAJ{FEBABAA@DE@SF@DBD@J@N@HBF@HAFC@@BDB@FDHAB@JK@@NA@BAX@DRDB@B@FCBABA@AB@B@B@JAJAX@RCFDFDDANB@@DAPBDB@AFAJ@LDDBHDBDBD@@BB@BNHJGFC@AFCHABC@CEA@ABABAB@JGBCGUCOACB@BGB@D@B@BF@HFDBB@BHJFAB@BGDAF@D@BDDAJELGDE@CCEBA@ECCEAACAGHEBAAEAIDCB@HAHBBF@@LNDH@FLHHFNFLFNDJBF@DABC@@HAJ@BK@EL@F@B@BIBAL@D@AF@NDFD@¦F@EBE@CC]HBJB@BHB^TRFHDJTL@D@DAFAD@F@DBFBJD@@@@@@D@DBBBABAAGACBEBAB@AA@@@@@@@@@@@AA@@A@@AAAAAAA@@@@@@@@A@@@@@@@@B@B@@@B@B@B@B@@@B@B@@@B@@@@@B@@@@@B@@@@@@@B@@B@B@B@B@@@D@@@D@@@D@D@@@@@@@B@@B@@@@@@@B@@@@@B@@@B@@@@@B@B@B@BAB@B@B@B@@@@B@B@D@D@D@D@F@D@D@B@B@D@@B@@B@@@F@@@D@D@@@D@B@B@@@@@B@@BD@DB@@BBNJ"],"encodeOffsets":[[123810,33423]]}},{"type":"Feature","id":"320611","properties":{"name":"港闸区","cp":[120.8339,32.040299],"childNum":1},"geometry":{"type":"Polygon","coordinates":["@@@AA@AA@@@@@A@@@@@@@AAACA@@@@QKCAAAA@@AE@E@C@C@MAKAE@GAE@G@EAG@GAA@CAEEEECCA@CCECCE@@CCCCAAa]A@@AFQYTEJKZ@@KDIFSA@@K@MAOAOAR`Rp^HPDHJH`^bd@@HFJAJG@@FAPF\\B@@JONMBCJGRMFCBE@G@AAAKKCEBICICC@CDADAD@VLLFBAB@LBH@FD@@H@HGFETI@EMOGGI@BGCI@@"],"encodeOffsets":[[123808,32823]]}},{"type":"Feature","id":"320681","properties":{"name":"启东市","cp":[121.659724,31.810158],"childNum":1},"geometry":{"type":"Polygon","coordinates":["@@¢SŚ|SFEBIHUJMìßR_LWHu^PYÝhNMFUE_FJ¯óhÍ`đnÓpSCIDA@WJGDQFC@AIMDAD[H[L[VC@QLAFUFCBWDaXU@UFYBQDKDGFKDMFC@NRJTDLJRVfFXDNAVAHAFHBDJDNJTJJFTDBRDVL@B@@@@@@BB@B@B@@KAA@@BA@@BHZHT@B@@BD@B@BBB@DBD@B@@@@ABA@@@@BBB@B@B@@@@@@@@@B@@@@@@@@@B@@@@@@@B@@@@@B@@@@@@@@@B@@@@@@@@@B@@@@@@@B@@@BB@@@@@@B@@@@@@@@@B@@@@@@@B@@@BAB@@@@@B@@@@@@A@@@@B@@AHBB@@@@B@@@@@B@@B@@@@B@@@@@B@@@@B@@@@B@@@@@@@@BB@@@@@B@@@@@@@B@@B@@@@@@B@@@@@@@B@@@@@@B@@@@@@@BA@@@@@@B@@BB@@@@@@@@BB@@@@@@@@@BB@@@@@@@@@BB@@@@@@B@@B@@B@@@@B@@B@@@@@@B@@@@B@@@@@@@@@@B@@@@@B@B@D@B@B@D@B@D@@@D@DAHBtBB@B@J@Z@B@BFJFL@@@@HN@F@BAFAD@B@@@@@B@@@@@B@@@B@@@@@BAB@@@@@B@@@B@@@F@DDJBJBFDH@FPf"],"encodeOffsets":[[124462,32894]]}},{"type":"Feature","id":"320612","properties":{"name":"通州区","cp":[121.073171,32.084287],"childNum":1},"geometry":{"type":"Polygon","coordinates":["@@dBO]EaNkPcoKag@A@G@@@@@@@[AEGAOBADCBG@IBMBK@AGwC]@M@@FG@@LA@I@ADAXE@SAE@mA@@@@MA@@@@C@ACCA@B@BSA@@@@M@I@GDA@CC@CCCACBA@G@QCG@E@E@EMMGECCCAEGAEIEACACAC@EEGACGCECCCAA@MACIIQAA@AE@[UABCCGCAAAA@A@CyH[BM@IAI@EBWAA@BKIEDM@MCMBC@@@@@@D@@@@@PBBI@EFABCBABK@AD@@CA@@e@CM@AG@EBCHU@O@EAA@_@[C@YAYAOACBE@ODCBGDEDADAB@D@BHd@BEBSDEBC@CAC@C@@B@BFJBF@DABEBEHGZGd@BB@H@H@L@D@BBBB@BBbBJ@D@BGF@B@DAA@@qQG@QAE@CBAB@PABABUB@@C@@B@TABA@E@A@A@@LBLBJDA^@HBABEF@BALAJBFHAJ@FB@FGPCJcAeAeACDGPCH@@DJAHJ@HHNP@FSJEFGHG@@@ECG@KAA@ABKEUKC@CBCB@DDDDJAJDFLLBB@B@HAFEDQNIHADMNIP@@[AOEEB@@IHIBGE@@ac_]IGCGGO]QoQ_qEKAaEWEOC[EKPMTMN@@@@@@GHABBL@B@B@@@@@@@@@FCLADDDDFFBLDFBLDF@APCT@DHFBFDDFFHDH@JB^J@DBBCFKH@@BB@DDJBB@@BBD@@@H@J@DA@@@AB@DBBBB@D@HA@@B@BB@B@L@DBFAB@DAPC@O@BHJbD@FDJ@FBFBB@CCBC@EDCDBDB@@J@TAFBDB@DABIDK@C@DBFD@DAD@B@@@B@FDDPJABADEB@D@BPBNBB@PBBFDFBBD@JCFCBEF@H@@BBFBDBBIDCJAJB@BFBHVdDRJ@JARCB@DC@CCC@CFAHAJDBB@FBBFBDAFADB@BAFDJCHEFFBHBH@LCF@HCDAFCD@DKFADFBFF@DA@@@@B@DCJCR@HBFADAD@BCB@BAF@@DBNZDHCJ@JCB@B@@@HAD@FBB@DABALEFBDBB@DDDBB@DDBFdFJB@@D@DBF@B@HDHBJ@@@BEEAAAAABAHABCBABAJ@FCFAB@BDFBD@FAHSDENBFBDBDACAB@DAFGPEJCLBFABAFKDAH@B@JAF@J@L@RCdELAVCLAH@XCNARCPAF@B@D@D@JDJ@DCJ@DABEDGDAFAJBDDRAJA`FZBZ@T@XB`@N@LBRBN@FBðN"],"encodeOffsets":[[124367,32981]]}},{"type":"Feature","id":"320682","properties":{"name":"如皋市","cp":[120.566324,32.391591],"childNum":1},"geometry":{"type":"Polygon","coordinates":["@@@SFKFQBA@@HKDGF@JBHBDDAHD@D@H@FB@CBCCKEGCEBCEE@C@@BABAD@DKD[EAAAA@@ADWHI@GDOBKTCZCBIFEDEFQBK@@@@@ABEBCH@DAHIDCL@HBFBBBF@HAH@JULAFEDC@CEA@MEAC@EBDUBABC@CBCHG@A@A@@GCCE@CHEH@FEDGCIBE@ACAEBCBEAAA@EAAICGBEB@DDD@DCDA@QDIBI@CQUcAGAEA@BIDIJCAAACAE@AG@E@AFEDIDC@AACEAEOAA@MAOA@A@CFABCBAOICC@E@A@@@ABC@CECCAD@L@JCBA@CCAEASBI@@@CACACD@FADDDA@EAEAI@ECC@IaAGP@D@BO@CBAAE@C@K@AAAA@@@GBC@A@AACAA@@B@@CBI@G@@@C@AA@@AACI@CAA@@LGDEAA@C]IIAG@GCEECCAEGE@CDSBOE@KCEAKCEACECCBCDK@E@@@@@@@@@A@AAKBAHG@@@@@@NMNSLO@@UA[@gJ]DKBQFuR@BJNBHABSPDF@NKDIFC@O@KFEFEHC\\AJCNEBoNIHbGFCBM@IBK@OD_DEBE@G@O@@AC@[DEBCA@J@FCJENABE@GhBBDD@LHBDBB@DB@D@F@FBDDDHNBFFFBJ@FHBBDCTIVEDIAKJEHAND@BBBB@BGRBNDHDDBHAlHBRHBBADEJKLCD@RAFEBGF@HFFBBBFFHFDFBDBFDL@hD@BDDDBBBJDDBD@BD@B@BINEJCD@F@@T@ADLD@BABAFDBLBJFDB@B@DFHBDGHEHFDF@DC@@@@BABATJHMFHLFFBBHBDDB@B@FJFJF@DADEJ@JDDDDFJF@D@RHTBVDHCJAJ@DCDAJ@@FBBAHAJALAB@DD@T@RDXBBIFCZDdDDCAGFCJ@LCD@J@DEBCDCBCDCJBFBBFJBF@H@PADBBBDD@JFBLHFBB@B@@ABCB@NFBABADG@A@@AACA@@@AFC@AFC^@@KHCF@B@FA"],"encodeOffsets":[[123606,33243]]}},{"type":"Feature","id":"320684","properties":{"name":"海门市","cp":[121.176609,31.893528],"childNum":1},"geometry":{"type":"Polygon","coordinates":["@@pLZA@b`DAa_fY@AOe@ECGAEAICI@C@E@@@A@@@A@@@@BA@A@@@@@A@@@A@@@@@A@@@@@ABCBE@A@EGM@@@@EKEI@A@A@Y@I@AAAAsBG@C@C@@@C@A@C@A@A@C@A@A@@@@@A@@@@@@@@A@@@@@@A@@@@A@@@@A@@A@@@@AA@@@@@@@AA@@@@@@@@A@@A@@@@@@@@AA@@@@@@@@AA@@@A@@@@B@@A@@@@@@@A@@@@A@@@@@@@A@@@@@@@@AA@@@@@@@A@@@@@A@@A@@@@@@A@@@@@@A@@A@@@@@A@@@@@@AA@@@@@A@@@@@AABG@@@A@@B@@@@@@@@A@@@@BA@A@@@A@@@@@@@A@@@@@@@@@A@@@@A@@A@@@A@@@@@@@A@@@@@@@@@A@@@@@@@@@A@@@@@A@@@@@@@A@@@@@@@@@A@@@@@@@@@A@AAA@A@@B@BA@@@@@AAC@CAA@A@AAC@@@AGSGY@AB@@AB@LB@@@A@AAA@@@@@@@AUKQCCAESIIISCMCIGABEBGBUCMEWUeIQCKISMQIJGHADCFOXABDBDBD@ADADADCFABEDC@@BEHCDCB@BA@AD@@CDGJKNQJMJtMFKBO@UCSCaIYKUIaKqWg]}ycFq^_LuBFlBVTNAXDAH@DAF@F@B@@A@ABC@AD@B@D@D@LDHBFD@^@B@R@N@\\@`BB@F@PGVAD@FBHN@@D@fB@@DC@@BALABADEB@FAJOA@@@@C@@@@@@@ADDN@NCNJFALB@XBFAJ@JBN@\\AzG@D@BBBBBHDDDAVB@\\BFB@RBJJBD@NBBDDFDHDBDFH@FBDBDBDJFBFFHDBDDHFNN@F@F@FDH@R@HABBDDD@DDDB@HCJ@N@@@@@TB@A@ADBBDD@@@@@NB@@@@nBF@TBF@BWBCJ@B@@KH@@EN@^@xDBHL@NAJAH@DABCPAHBBF@\\@@@@@@@H@Bbh"],"encodeOffsets":[[124365,32904]]}}],"UTF8Encoding":true}