{"type":"FeatureCollection","features":[{"type":"Feature","id":"321302","properties":{"name":"宿城区","cp":[118.278984,33.937726],"childNum":1},"geometry":{"type":"Polygon","coordinates":["@@FABADADCFGFEDC@ABCBEBIA@A@CAAAAECCAA@@@@EC@@CA@EC@@@@@@A@A@A@@@A@AA@@@@@A@A@AA@@CBEB@@A@@AA@@@AAMLA@AA@ACD@@@@@B@@@@ABCBE@C@I@C@A@A@AAAA@@AAAC@A@@@ABC@CBE@ABEBE@CBA@AAA@CAG@AAA@AA@C@A@@@C@A@@@@AC@@@A@AC@@@A@@@@@AA@@@@@@@@ADA@@A@BADA@@@@@@D@@@DA@AD@@@B@BADABADA@@AADA@AB@@ABAB@@@@@B@@@@@@@@@B@BABA@@@@@@B@@@@AB@B@@A@@@@@@@@BAB@@@@@AA@@B@@A@@@@A@@@@@@A@@@@A@@@@@BA@@@A@@@ABA@@FEFE@@@@BAD@B@DBH@B@BABADABA@ABC@A@A@AA@ACACAAACAA@A@AB@@AB@BABAB@BA@@@A@@@ABA@@B@D@D@D@HBB@BA@@BC@@BED@@@@@@@@A@@AA@@@@@C@@@@@C@A@@AC@A@@@A@@@AA@@AAA@@@AA@@A@AAAFAD@DABBDFDBD@FBFBFDDBD@F@@@BABABADABG@E@C@AAACCCAACCBCBA@CACCAAKCGAAA@AB@@CDK@A@@UgWeMUQ_GMA@@@@@@@@B@@AB@@@B@@@B@@A@@B@@@@@BA@@@@@@B@@A@@@@B@@A@@@@B@@@@A@@B@@A@@@@B@@A@@@@B@@@@A@@B@@@@A@@B@@@@A@@B@@@@A@@B@@@@@@AB@@@@@@AB@@@@@@AB@@@@@@A@@B@@@@AB@@@@@@@@AB@@@@@BA@@@@@@@AB@@@@@BA@@@@@@@AB@@@@@B@@A@@@@B@@A@@@@@@BA@@@@B@@A@@@@@@BA@@@@B@@@@A@@@@BA@@@@B@@@@A@@@@B@@A@@@@B@@A@@@@B@@@@A@@B@@A@@@@B@@@@A@@B@@@@A@@B@@@@A@@B@@A@@CCC@BA@@BA@@@@BA@@BA@@BA@@BA@@@AB@@AB@@@@AB@@A@@B@@A@@@@B@@A@@@AB@@@BA@@BA@@B@@A@@BA@@B@@AB@@@B@@@BAB@@@B@@@B@@@@@B@@A@@B@@@@@B@@@@@@AB@@@@@B@@@@@B@@A@@@@B@@@@@@@B@@A@@@@B@@@@@@@B@@A@@@@B@@@BA@@@@B@@@BA@@B@@@B@@A@@B@@@BA@@B@@@@AB@@@BAB@@@@@B@@AB@@@B@@AB@@@@@BA@@B@@@BA@@@@B@@AB@@@B@@AB@@@B@@@@AB@@@B@@@@AB@@@B@@@@AB@@@B@@A@@B@@@BA@@B@@@BA@@@@B@@A@@B@@AB@@@B@@A@@B@@A@@B@@A@@BA@@@@BA@@@AB@@A@@BA@@BA@@@AB@@@BA@@@@@AB@@A@A@@@A@@@A@AB@@A@@@A@A@@@A@@@A@A@@BA@@@A@A@@@A@@@A@@@A@@@A@@BA@@@A@@@AB@@@@AB@@@BA@@@@BA@@B@@@@AB@@@@AB@@@BA@@@A@@@A@A@A@@@A@AA@@A@@@A@A@@@A@@@AA@@A@@A@@@@@A@@AA@@@A@@@@AA@A@@@@AA@@@A@@A@@A@@A@@@A@@@A@@@A@@@AAAA@@@@AA@@@@AA@@@AA@@@@A@@@@@AAA@@@@@A@A@@AA@A@@@A@@@@AA@@@A@@@AA@@@@A@@AA@@@@AA@@A@@@AA@@A@@@A@@@A@A@@@A@@@A@@@A@@@A@AB@@A@@@A@@@A@@B@@A@@@A@@@CBC@@KA@C@@C@@AF@DABAF@F@BABCF@@@@A@C@C@C@E@[FCBAE@@E@@A@@@CA@C@@BEBCBK@E@C@C@E@G@C@AB@BA@A@E@A@@@AC@@E@A@C@@DI@@B@@@@@BA@@A@@@@@AA@I@@BBB@DBD@B@B@@AD@BADAB@B@BB@BDDDB@BBFDDB@@BB@B@B@BABCFADCDADAD@B@B@B@D@B@B@B@BAB@BAB@BABABAB@@AB@@A@@@@@@@A@@A@@A@@@A@@@@AA@@@A@@@AAA@AAA@@@A@@AA@AAA@BA@ABAC@AAAA@@AA@@A@AA@@@@A@@@A@@@AB@@A@@BA@@@AB@@@@AB@@@@A@@B@@A@@BA@@@@BA@@@@@AB@@A@@@@BA@@@A@A@A@@@A@A@@@A@@@A@@@A@@@A@@@A@@@A@@@@BA@@@@@A@A@@@@@AB@@A@@@@@A@@@A@@@@BA@@@A@A@@@A@@BA@@@A@@@A@@@ABA@@@A@A@@@A@A@@@A@@BA@A@@@A@@@@@A@A@@@@@A@@@@@AA@@@@@A@@@@AA@@@@AA@@@@AA@@@@AAABA@@@A@@@AB@@A@@@A@@BA@@@A@@@AB@@A@@@A@@BA@@@A@BBDDBD@B@D@BBB@BBD@B@DADADABABA@CBE@AB@@@@A@GDE@GDC@GB@@@B@@@BB@@B@@@B@@@B@@@B@@@B@@BB@@@B@@@@@BB@@@B@BB@@B@@@BBB@@@B@@BB@@@@B@@@@@@@B@@@@@B@@@@A@@B@@@@AB@@@@@BA@@B@@A@@B@@@@@B@@@B@@@B@@@@@B@@@@@B@@@B@@@@@B@@@B@@AB@@@@@BA@@@@BA@@@@B@@AB@@@B@@@B@B@@@B@@A@@B@@A@@BA@@@A@@BA@@@A@@BA@@@A@@@ABA@@@AB@@@@@B@@@B@B@@@@@BB@@B@@@@BB@@@B@@BB@@@BB@@@@B@@B@@B@@B@@B@@B@@B@@BB@@@@BB@@@@@B@B@@@B@@@B@@BB@@@B@@@B@@@B@@@B@@@B@@@B@@@@@B@B@@@@B@@@B@@@BA@@@@B@@@B@BA@@B@@@B@@@@@B@@AB@@@B@B@@@B@@@BA@@B@@B@@BB@@@@BB@@@@BB@@@B@@@@@@BB@@@B@@@@@B@@@B@@@B@@@B@@@B@@@B@@@B@B@@@B@@@@AB@@@@@B@@@B@@AB@@@B@B@@A@@B@B@@@B@@@@@B@@@B@@@B@@@@@BA@@B@@A@@@A@A@@@A@@AA@@@A@@@A@A@@@@@AB@@@@@B@@@B@@@B@@@@@B@@@B@@AB@@@B@@@@@B@@@B@@@B@@@B@@@B@@@B@@@B@@@@@B@@@B@@@B@@@B@@@B@@@@@B@@ADCF@@@BAB@FAD@B@BAB@D@@AB@BA@ABGD@@A@CDCB@@@BEHABCF@BAB@BA@@DADAD@DADAD@DAF@BAF@D@BF@@@@@@@JB@BDBLBAD@@@@@BA@@@@D@@D@@@HB@BD@HB@B@@AJDBBB@@@@B@@@B@@@B@@@@@F@J@@@DB@@DBB@@@@DB@@@@@B@@@B@B@D@@@B@BBB@JHDDJDDBBBBBBDH\\@B@@ABEBSDUFQFC@@BABADAD@B@D@D@B@H@D@F@B@BAD@@@@B@B@B@D@@A@DBDBB@BHCLCHCDCHGFEDABA@@@@@@DABABAB@BAB@B@B@B@DBB@D@B@D@B@B@B@DAB@@@DAB@@@B@@@DB@@DBBBBBBBB@D@@@B@B@@@@@@@@@B@@@@@@@B@@@@@B@@AB@@@DA@ABADC@@DCB@DA@@D@DAJALCHALAFCD@D@PAFAPAD@DABABE@E@CAG@GCCCIAGAIAI@E@G@MBIBIFEFIBCBGBCDKDGBIFQBGDGFCDAD@F@FABCBADKDEDAFAHAF@HCNEPCDAHAJAHBJ@HBFBF@DBFABCJILGJELCFAHALCHGFCDELGjSLGFAF@DBBBBD@D@BBDDDHDFBLFHDFDH@FBF@F@FADAL@HADCFEFEHC"],"encodeOffsets":[[121407,34619]]}},{"type":"Feature","id":"321311","properties":{"name":"宿豫区","cp":[118.330012,33.941071],"childNum":1},"geometry":{"type":"Polygon","coordinates":["@@HEJCDABEDGDGDCD@DAFCBA@CAC@ABCDAFC@BB@@@B@@@B@@@@@B@@B@@B@@@B@@@BB@@@@B@@@@BB@@@B@@@B@@@B@B@@@BB@@B@@@B@@@B@@@B@@@B@@@BA@@@@B@@@B@@@@AB@@@B@@@@@BA@@B@@@B@@A@@B@@@B@@@BA@@@@B@@@BA@@B@@@@@B@@AB@@@B@@@BA@@B@@@@@B@@@@@B@@@B@@@@AB@@@B@@@BB@@@@B@B@@@@@BB@@B@@@B@@@@BB@@@@BB@@@@B@@@BB@@@@B@@@B@@@@@B@@@@@@@B@@@@@B@@@@@@@@@B@@@@@@@B@@@@@@BBA@@@@BA@@@@BA@@@@B@@AB@@@@@B@@AB@@@B@@@@@B@@@@@@@BB@@@@B@@@@B@@@@BB@@@B@@B@@B@@@@@B@@@B@@B@AB@@@@@B@@@B@@AB@@@@@B@@@B@@AB@@@@@B@@@B@B@@@B@@AB@@@B@@@B@@@B@@@@@BA@@B@@@B@@@@@B@@@B@@@@@B@@@@@B@@@@@B@@B@@B@@@@@B@@B@@B@@@@@B@@BB@@@@@@@BB@@B@@@B@@B@@B@@@B@@BB@@@@AB@@A@@@A@@BA@@BAB@BABADCDABADADABCBAFADCDC@A@G@Q@ADGDEFMDKBADAPK`BP@B@JBN@P@P@JBBHDFHDTDTBN@RBB@J@DBF@F@D@DBD@BBD@F@D@D@D@B@B@D@H@F@HAD@H@NCHAJ@PCNCF@HAFAF@D@FCDABAD@D@F@H@DBF@BBHAFAHCHCHGFAD@JDHDFFDDDDFBH@HDJDJDPHJDJDPDH@BC@@B@@A@@@@@A@@B@@A@@@A@@@@@A@@@AB@@@@A@@@A@@@@@A@@@@@AB@@@@A@@@A@@@@AA@@@@A@@A@@A@@A@@A@@@@A@@A@@@A@@A@@B@@A@@@A@@@A@@BA@@@@@A@@@A@@BA@@@A@@@A@@@@BA@@@A@@@A@@@AB@@@@A@@@A@@@AB@@A@@@@@A@@@AB@@@@@BA@@@@B@@A@@B@@@@@BA@@@@B@@AB@@@@@BA@@@@B@@@@AB@@@@@BA@@B@@@@AB@@@@@@@BA@@B@@@@AB@@@@@BA@@@@B@@@BA@@@@B@@A@@B@@@@@@A@@B@@@@A@@B@@@@A@@@@@@BA@@@@@@@AB@@@@AB@@@@@@@@AB@@@@@@A@@@@@@@A@@@@@@@A@@@@@@@@@A@@@@@@@A@@@@@@@A@@@@@@@@@A@@@@@A@@@@@@@@@A@@@@@A@@@@@@@A@@@@@@@@@A@@@@@AB@@@@@B@@A@@@@@@BA@@@A@@@@@AB@@@@A@@@A@@B@@A@@@@@A@@BA@@@@@A@@B@@A@@@@@A@@BA@@@A@@@@BA@@@A@@@@@@AA@@@A@@@@@@@A@@@@A@@A@@@@@AA@@@@A@@A@@@@A@@@@@AA@@@@A@@A@@A@@A@@@@@A@@@A@@@@A@@@@@@@AA@@@@@@@@A@@@@AA@@@@@@@A@@A@@A@@@@@@@A@@@@A@@@@@A@@@A@@@@@A@@@@@A@@@@@@@A@@BA@@@@@@AA@@@@A@@@A@@@@@A@@@A@@@A@@A@@A@@@A@@@A@@@A@@@A@@@@@A@@@@@AB@@A@@B@@@@@B@@@BA@@B@@@B@@@B@@@B@@@B@@@@@B@@AB@B@@@B@@@B@@@@@B@BA@@B@@@@@@AB@@@@A@@@@@A@@@A@@@@@A@@BA@@@@@A@@BAB@@A@@BA@@@@@A@@@A@@@@@@BA@@@A@@@@@A@@@A@@B@@A@@@@@A@@@A@@@@BA@@@@@A@@@@@A@@@AB@@@@A@@@@@A@@@@@AB@@A@@@@@A@@@A@@@@BA@@@@@A@@@A@@@@@AB@@@@A@@@@@A@@@A@@B@@A@@@@@@@A@@@@@@@@BA@@@@@A@@@@@A@@@@@A@@BA@@@A@@@A@@@A@@@@@AB@@A@@@A@@@A@@@A@@B@@A@@@@@A@@B@@@@A@@@@B@@A@@@@BA@@@@@AB@@@@@B@@@@A@@@@@@@A@@@@@A@@@@@A@@@@@@@A@@@@@A@@@@A@@AA@@@A@@@@A@@AA@@@@@@AA@@@A@@@@@AA@@@@AA@@@AA@@@@AA@@@@@A@@@@@A@@@@@AA@@A@@@@@AA@@@@A@@@AA@@@@@@A@@@@@@@A@@@@@A@@@@@@@@@A@@@@A@@A@@@@AA@@@@@AA@@A@@@A@@@@@AA@@A@@@A@@@@BA@@@A@@@A@@B@@A@@@A@@B@@A@@@@B@@A@@@@@A@@@@@A@@@@@@AA@@@@@A@@@@@A@@@@@A@@@@@A@@@@@A@@@@@A@@A@@@@A@@@@@A@@@AA@@@@A@@A@@@@@AA@@@@@A@@AA@@@@@@BA@@@@@A@@@@B@@@@@@@BA@@@@B@@@@@B@@@@@B@@@B@@@B@@@@@B@@@@@@AB@@@@@BA@@B@@@@@B@@@@@BA@@B@@@B@@@@AB@@@@@B@@@B@@A@@B@@@@A@@@A@@@@@A@@@A@@@@@A@@@@@A@@@A@@@A@@@@@A@@@A@@@@@A@@@@@A@@@A@@A@@@@@A@@@@@A@@@A@@@AA@@A@@@@@AA@@@@@@@A@@AA@@@@@A@@@@@A@@@@@A@@@@@@@AB@@@@@@A@@@@@A@@@@@@@A@@B@@A@@@@@@@AA@@@@@@A@@@@@@@@@A@@@@@A@@A@@A@@@@@@A@@A@@A@@@@@AA@@A@@@A@@AA@@@@@A@@@@@A@@@AA@@@@@A@@A@@A@@@A@@@@AA@@@A@@@@@A@@@AA@@@A@@@AB@@A@@@@A@@A@@A@@@@@A@@@@AA@@@@@@@A@@@@@@@A@@@@@A@@@@A@@@@A@@@@@A@@@@@@@A@@B@@A@@@@@AB@@@@@BA@@@@BA@@@@@@BA@@@@B@@@@AB@@@@@@AB@@@@@@A@@A@@A@@@A@@A@@A@@@@@AA@@A@@@@@AA@@@@A@@@@AA@@@@@AA@@@@A@@@AA@@@@A@@A@@A@@@@@AA@@@@A@@A@@A@@@A@@B@@A@@B@@A@@A@@A@@@@@@@@AA@@@@@@A@A@@@A@@@A@@@A@@@A@@@A@@@@AA@@@A@@A@@A@@AA@GDEFEFCDGBK@CBEBE@E@EAG@ECGCKEEAGCCCAC@A@CACAACAE@EBKHiTKHCFEDGHKDGBEBKDIFKHIJADEBCAE@EAGAI@GAIBGBCBODMFGDE@GBEBCBCFCLABADEBE@C@CBEDCHAHERAJCHCLADAHADEJEFAJAJ@N@H@FBJBJBHDJDD@HBH@D@FAFABCBC@OBEBOBC@C@EDKBGBKDIBCBC@@@CBA@CD@@CDAB@BCB@@A@@BA@@@@@A@@@@@@@A@@@@@@@@@A@A@@@C@A@AAAAAACA@@CA@@A@@@A@CB@@A@CBA@A@A@C@A@C@A@CAA@A@A@A@ABA@ABABCB@@@@@@ABCBEFGHCDGDKDGD@AAAAC@C@BC@A@A@A@@@@@BC@A@A@E@C@G@A@C@C@ABCBCBA@AD@REVETCFABA@@@AG[ACAAAACAICCCIGA@AAA@@@C@A@A@@@A@@@@@A@@C@@A@CA@@CA@@I@E@@@@@A@@@A@@@A@@@@@AACABI@@@AGAC@@AGA@@C@@@@C@@B@@A@@@@BCKACA@AIA@@@@@@E@AF@JAFCDELCDAFEFEFCBA@A@@@A@A@A@A@@@A@A@@A@@@A@@@@@A@@AA@@@A@@@A@@@A@@@@@A@@@A@@@A@@@A@@@A@@@@AA@@@A@@@AA@@@@A@@@AA@@A@@@@AA@@A@AA@@A@@AA@@BA@A@@@A@@@AB@@@B@@AB@@@BA@@BA@@@ABA@@@A@@@A@A@@@AB@@A@A@@@A@@@A@A@@@A@A@@@A@@@A@A@@@A@@@@BA@@B@@@BA@B@@B@@@BB@@B@@@BB@@B@B@@@B@@BB@@@B@@@B@@@B@B@@@@@B@BA@@@@B@@@B@@@B@@@B@@A@@B@@@B@@@B@@A@AB@@A@@@A@AA@@A@A@@@AA@@A@A@@BA@@@A@A@@@A@@BA@@@A@@B@@A@@@AB@@A@@@A@@B@@A@@@AB@@A@@@AB@@@@A@A@@@A@@@A@@@A@@@@@A@A@@B@@A@@@A@@@@@AB@B@@@B@@AB@@@B@@AB@BA@@BA@@@@@AB@@A@@BA@@@A@@@A@A@@@A@@BA@A@@@A@@@A@@@A@@@A@@@AB@@A@@@@B@@AB@@@B@@@BA@@B@@@@@BA@@B@@@BA@@B@@AB@@BB@@@B@BAB@@@B@@FB@@@@@B@@B@@B@@@B@@@B@@BB@@@@@B@@@@A@@B@@@@@@@@AB@@@@@B@@@@@@@B@@@@@BB@@B@@@B@@@@B@@@B@@@BB@@B@@@B@B@@@B@@@B@@@@@B@@@@@B@@@B@@@@@B@@@B@@@@@B@@@@@B@@@B@@@@@B@@@B@@@@A@@@@@@@AB@@@@@@AB@@@@@B@@@@@BA@@@BB@@@@@@@BB@@@@@@BB@@@BB@@@@B@@B@@B@@@@BB@@@@@BB@@@@BB@@@@B@@B@@B@@B@@B@@@BA@@B@@@@@B@@@B@@@@@B@@@B@@@@AB@@@B@@@@@B@@@B@@@B@@@@@@BB@@B@@@B@@@B@@@B@@B@@@B@@@@@@@B@@A@@@@B@@A@@@@@@@AB@@@@A@@@AB@@@@A@@@@B@@@@@@@@AB@@@@@B@@@@@@@B@@@@A@@B@@@@@B@@@B@@@@@B@@@B@@B@@B@@@@BB@@B@@@@@@BB@@@@@@B@@BB@@@@@B@@@B@@@@@BA@@B@@@@@B@@@@@B@@AB@@@@@B@@@@@BA@@@@B@@@@@B@@A@@B@@@B@@@@@@AB@@@B@@@@@@@BA@@B@@@@@B@@@BA@@@@B@@@B@@@@AB@@@B@@@@@B@@A@@B@@@B@@@@@BA@@B@@@@@B@@@B@@A@@B@@@B@@@@AB@@@B@@@@@B@@A@@B@@@@@@@BA@@@@B@@@@@@@BA@@B@@@@@@@BA@@@A@C@A@CAE@CAEAEAEACAC@EAE@CAE@AAAB@@@BA@@@@BA@@@@BA@@@AB@@@@@@AB@@@@@BA@@@@@@BA@@@@B@@@B@@@@@B@@@@@@B@@@@B@@B@@@@@BB@@@@@B@@@@BB@@@@@@@BA@@@@B@@A@@@@@A@@BA@@@@@A@@@@@A@@@@@A@@B@@@@A@@B@@@@AB@@@@@@AB@@A@@@A@@@AB@@@@@@@B@@@@@B@@@@AB@@@@@B@@@@@B@@@B@@@@@B@@@@@BA@@@@B@@@@@B@@@@@B@@@@@@@B@@@@@@@B@@@@@@@B@@@@@@@B@@@@@@@B@@@@@@@B@@@@@B@@@@@@@B@@@B@@@@@BB@@@@B@@@B@@@@@B@@@@BB@@@@@B@@@B@@@@@BB@@B@@@@@B@@@@@B@@BB@@@@@B@@@B@@@@@BB@B@@@B@@@@@B@@@B@@@@@B@@@BA@@B@@@@@B@@@B@@@@@B@@@B@@@B@@B@@B@@@@@BB@@B@@@BB@@B@@@@@BB@@B@@@B@@@B@@@B@@BB@@@B@B@@@B@@@@@B@@@BB@@@@B@@@B@@@B@@B@@B@@@B@@@@@B@@@B@@B@@B@@@B@@@B@@@@@B@@@B@B@@@B@@@BB@@B@@@B@@@B@@@B@@@B@B@@@B@@@B@@@B@@@B@BB@@B@@@B@@@B@@@B@@@B@@BB@@@B@@@BB@@B@@@B@@BB@@@@@BB@@@@@@AB@@@B@@A@@B@@A@@B@@@@@B@@@@@@BB@@@BB@@@@@@BB@@@@BB@@@@B@@B@@@@BB@@@B@@B@@B@@@@@@B@@@@@@@@@B@@@@AB@@@@B@@B@@@BB@@@@B@@B@@@@@BB@@B@"],"encodeOffsets":[[120907,34992]]}},{"type":"Feature","id":"321324","properties":{"name":"泗洪县","cp":[118.211824,33.456538],"childNum":1},"geometry":{"type":"Polygon","coordinates":["@@BB@@B@@@B@@B@@B@@@B@@@@BB@@@@@@@B@@@BA@@BABABA@ABA@ABA@A@A@A@A@C@A@A@ABCBCDCBCDEBA@A@A@AAA@@CAECAAA@CCACA@@A@ABABC@ABC@@@A@AAC@CAA@AJ@B@@B@@@@@BB@@A@@@@@AJ@@CD@B@F@@@BD@@B@F@B@B@@ABAD@H@F@D@D@F@L@DAFA@AD@B@@D@@@BF@@@BFDA\\EF@D@D@D@B@@@@@DEBA@A@EBEBA@CBE@@@DD@B@@LD@DA@@B@@@B@@@@AB@@@B@@@B@@@BAB@@@B@@@B@@@B@@@B@B@@@B@@@B@@@BB@@B@@@BB@@@@BB@@@B@@B@@B@@@B@@BB@@@@@B@@@BBB@@@B@B@@@@BB@B@@@@@B@@B@@B@@BB@@@@BB@@@@BBBB@@B@@@B@@@B@@@B@@@@BB@@@@B@@BB@@@@@BBB@@@@@B@@BB@@@B@@@@@BB@@@BB@@B@@@B@B@@@B@@@BBB@@@B@B@B@@@B@@@B@@A@@BA@@@@BA@@@@@AB@@A@@B@@A@@BA@@@@BA@@B@@@B@@AB@@@B@@@B@@@B@@@B@B@@@B@@AB@B@@@B@@@B@B@@@B@@@BAB@@@B@@@B@B@@@BA@@@@B@@A@@BA@@B@@AB@@AB@@@BA@@B@@A@@B@@AB@@@@AB@@@@AB@@@@A@@BA@@@AB@@@@A@@B@@A@@@AB@@A@@@AB@@@@A@@BA@@@@@A@@BA@@@@@A@@BA@@@@@A@@BA@@@A@@BA@@@A@@B@@A@@@AB@@A@@@@BA@@@A@@BA@@@A@@@@BA@A@@BA@@@@@AB@@A@@@AB@@@@A@@@AB@@A@@@A@@B@@A@@@A@@B@@@@A@@@@@@@A@@B@@@@A@@@@@@@A@@B@@@@A@@@@@A@@@@BA@@@@@@@A@@@@@AB@@@@A@@@@@A@@@A@@BA@A@@@A@@BA@@@AB@@AB@@@@AB@@AB@@A@@BA@@B@@@@A@@B@@@@AB@@@BA@@@@BA@@BA@@B@@AB@@AB@@AB@@A@@B@@AB@@ADD@DB@@@@AB@@@@@@AB@@@@@@AB@@@@@@A@@B@@@@AB@@@@@@A@@B@@@@A@@B@@@@A@@B@@@@@@A@@B@@A@@B@@@@@@A@@B@@A@@@@B@@@@A@@B@@A@@@@B@@@@A@@B@@@@A@@@@BA@@@@@@B@@A@@@@BA@@@@@@B@@A@@@@BA@@@@@@@@BA@@@@@AB@@@@@@@BA@@@@@@BA@@@@@@BA@@@@@@@AB@@@@@@AB@@@@@@AB@@@@@@AB@@@@@@A@@B@@@@A@@B@@@@AB@@@@@@A@@B@@@@A@@B@@@@A@@@@B@@A@@@@@AB@@@@A@@@A@@BA@@@A@@@@@@BA@@@@@A@@@AB@@A@@@A@@@@BA@@@@@A@@@AB@@A@@@@@A@@BA@@@A@@@@@AB@@A@@@A@@@@BA@@@@@A@@@A@@BA@@@A@@@@@A@@@AB@@@@A@@@A@@@AB@@A@@@@@A@@@A@@B@@A@@@A@@@A@@@@BA@@@A@@@A@@@A@@B@@A@@@A@@@@@AB@@A@@@A@@@A@@@@BA@@@A@@@@@A@@@AB@@A@@@A@@@@@A@@BA@@@A@@@@@A@@BA@@@A@@@@@A@@@AB@@A@@@@@A@@@AB@@@@A@@@A@@@A@@BA@@@@@A@@@A@@@@BA@@@A@@@A@@@AB@@A@@@@@A@@@A@@B@@A@@@A@@@A@@BA@@@@@@@A@@B@@A@@@@@AB@@A@@@@@@BA@@@@@A@@B@@A@@@@@AB@@@@A@@@@@@BA@@@A@@@@BA@@@@@A@@B@@@@A@@@@BA@@@@@A@@BA@@@@@@@A@@B@@A@@@@@AB@@@@A@@@@BA@@@@@A@@B@@A@@@@@AB@@@@A@@@@BA@@@@@@@A@@B@@A@@@A@@B@@@@A@@@@BA@@@@@A@@B@@A@@@@@AB@@@@A@@@@BA@@@@@A@@B@@A@@@@@A@@B@@A@@@A@@B@@A@@@@@A@@BA@@@@@A@@BA@@@@@A@@@@BA@@@A@@@@BA@@@@@A@@B@@@@A@@B@@@@AB@@@@@BA@@@@@@B@@A@@B@@A@@@@B@@@@@@A@@B@@@@@B@@A@@@@B@@@@A@@@@B@@@@@@AB@@@@@@@BA@@@@@@B@@@@A@@@@B@@@@AB@@@@@@@B@@A@@@@@@B@@@@A@@B@@@@@BA@@@@@@@@BA@@@@B@@@@@@AB@@@@@@@@@BA@@@@@@B@@A@@B@@@B@@@B@@@BA@@B@@@@@B@@A@@B@@@@@B@@@@@BA@@B@@@@@B@@@@@BA@@B@@@B@@@BA@@@@B@@@B@@@BA@@B@@@@@B@@AB@@@B@@@@@B@@AB@@@B@@@@AB@@@B@@@@@BA@@B@@@@@BA@@B@@@B@@@@AB@@@B@@@BA@@@@B@@@@@BA@@B@@@B@@@@AB@@@B@@@B@@A@@B@@@@@B@@@B@@@@AB@@@B@@@@@B@@@@@B@@A@@B@@@B@@@B@@@@AB@@@@@B@@@@@B@@@B@@@B@@@@@B@B@@@@@B@B@@A@@B@@@B@B@@@@@B@@@B@@@B@@@B@@@B@@@B@@@B@@@B@@@B@@@B@@@B@@@B@@@@@B@B@@@B@@@B@@@BA@@@@B@B@@@@@B@@@B@@@B@@@@@B@B@@@B@@@@@B@B@@@B@@@@AB@B@@@@@B@@@B@@@B@B@@@B@@@B@@@B@@@B@@@B@@@B@@@B@B@@@B@@@B@@@B@@AB@B@@@B@@@B@@@B@@@B@@@B@@@B@@@@@B@@@@@B@@@B@@@B@@@@AB@@@B@@@@@B@@@@@B@@@B@@@@@B@@@@@B@@@B@@@@A@@B@@@@@@A@@B@@@@@@A@@B@@@@A@@@@B@@@@A@@@@@@BA@@@@@@@AB@@@@@@@@A@@B@@@@@@A@@B@@@@A@@@@@@BA@@@@@@@@B@@A@@@@@@@AB@@@@@@A@@B@@@@@@A@@B@@@@A@@@@@@B@@A@@@@@@BA@@@@@@@@BA@@@@@@@A@@B@@@@@@A@@B@@@@@@A@@B@@@@A@@@@@@BA@@@@@@@@@AB@@@@@@@@AB@@@@@@A@@B@@A@@BA@@@@@AB@@@@A@@B@@A@@@@BA@@@A@@B@@@@A@@B@@A@@B@@A@@@@BA@@@@@AB@@@@AB@@@@A@@B@@A@@@@@A@@A@@@A@@@A@@AA@A@@@A@@@A@@AA@@@A@@@A@@@AA@@A@@@A@@@A@@AA@@@A@@@A@@@AA@@A@@@A@@@AA@@A@@@A@A@@@AA@@A@@@A@@@@@AA@@A@@@A@A@@@AA@@A@@@A@@@A@@AA@@@A@@@A@@AA@@@A@@@A@@@AA@@A@@@A@@@A@@AA@@@A@@@A@@@AAA@@@A@@@A@@AA@@@@@A@@@A@A@@AA@@@A@@@A@@AA@@@A@@@A@@@AA@@A@@@A@@@A@@AA@@@A@@@A@@@AA@@A@@@A@@@AA@@A@A@@@A@@@AA@@A@@@A@@@@@@@AA@@A@@@@@A@@@AA@@A@@@A@@@A@@AA@@@A@@@AA@@@@A@@@@@A@@@AA@@@@A@@@@@A@@@AA@@A@@@A@@@@@AA@@A@@@A@@@AA@@@@A@@@A@@@@@AA@@@@A@@@A@AA@@A@@@@@A@@@AA@@@@A@@@A@@@AA@@A@@@@@A@@@@AA@A@@@A@@@A@@AA@@@@@A@@@AA@@A@@@A@A@@A@@A@@@A@@@A@@AA@@@A@@@A@@@AA@@A@@@A@@@AA@@A@@@A@@@A@@AA@@@@@A@A@@AA@@@A@@@A@@@AA@@@@A@@@A@@AA@A@@@@@A@@@AA@@A@@@A@@@AA@@A@@@A@@@A@@AA@@@A@@@A@@@AA@@A@@@A@@@AA@@A@@@A@@@A@@AA@@@A@@@@@AA@@A@@@A@@@A@@AA@@@@@A@@@A@@@@@AA@@@@A@@@@@A@@@@@A@@A@@A@@@A@@@@@AAA@@@@@A@@@A@@AA@@@A@@@@@A@@@@@AA@@A@@@@@A@@@A@@@@AA@@@@@A@@@@@A@@@AA@@@@A@A@@@@@AA@@@@A@@@@@A@@@A@@A@@A@@@@@A@@@@@A@@@@AA@@@A@@@A@@@AA@@A@@@A@@@A@@AA@@@A@@@A@@@AA@@A@@@A@A@@@AA@@A@@@A@@@A@@AA@@@A@@@A@@AA@@@A@@@A@@@AA@@A@A@@@A@@@AA@@A@@@A@@@A@@AA@@@A@@@A@@@AA@@@@A@@@@@A@@@AA@@A@@@A@@@@@A@@A@@A@@@A@@@A@@AA@@@@@A@@@A@@AA@@@@@@@A@A@@AA@@@@@A@@@A@@@@AA@@@A@@@@@A@@@@AA@@@A@@@A@@@AA@@@@A@@@A@@@AA@@A@@@A@@@@@AA@@@@A@@@A@@@@@AA@@@@AA@@@@A@@A@@A@@@@A@@AAAA@@AA@@A@@AA@@@@AA@@@@AA@@@@AA@@@AA@@AA@@@@AA@@A@@AA@@@AA@@AA@@AA@@@@AA@@A@@AA@@A@@@@A@@@@AA@@AA@@@@@AA@@@@AA@@@@@@AA@@@@A@@A@@A@@A@@A@@@@A@@A@@@@AA@@@@@@AA@@@@@AA@@@@A@@AA@@AA@@@@AA@@AA@@AA@@AA@AA@@@@A@@AA@@AA@@AA@@AA@@AA@AA@@AA@@A@@AA@@AA@@AA@@AA@@@AAA@@AA@@AA@@AA@@AA@@@AA@@AAA@@AA@@AA@@AA@@@@AA@@@@AA@@@@@@AA@@@@@AA@@@@@AA@@@@@AA@@@@A@@A@@@@AA@@@@A@@A@@A@@A@@@@A@@A@@A@@@@A@@A@@@@AA@@AA@@@@@AA@@@@@AA@@@@@AA@@@@AA@@@@@@AA@@A@@@A@@@A@A@@@A@@BA@@@A@@@A@A@A@@@A@@@A@A@@@A@A@@@A@AB@@A@A@@@A@@@A@A@@@A@@@A@@@A@@@A@A@@@AB@@A@A@@@A@A@@@A@A@@@A@A@@@A@A@@@AB@@A@A@@@A@A@@@A@A@@@A@A@@@A@@@A@ABA@@@A@A@@@A@@@A@A@@@A@A@@@A@A@@@ABA@@@A@@@A@A@@@A@A@@@A@A@@@A@A@@@A@AB@@A@A@@@A@A@@@A@A@@@@@A@@@A@A@@@A@@@AB@@A@A@@@A@A@@@A@A@@@A@A@@@A@@@A@@@A@@@AB@@A@A@@@A@A@@@A@@@A@A@@@A@A@A@@@A@@BA@A@@@A@A@@@A@A@@@A@@@A@A@@@A@A@@@A@A@@BA@@@A@A@@@A@A@@@A@A@@@A@A@@@A@@@A@A@@@ABA@A@@@A@@@A@A@@@A@A@@@A@A@@@A@A@@@A@@@ABA@@@A@A@@@A@@@A@@@A@A@@@A@@@A@@@@@A@@@A@@@@@A@@@A@@@@@A@@@@@A@@@A@@@@@A@@@A@@@A@@@@@A@@@A@A@@AA@@@A@@AA@@@A@MGQIQGKEIA@BGTKNKJGFMJIDKDKFICCAECIIGICGAG@E@GBEDI@ECE@AA@@AC@AA@@AACACAGAA@AA[GUEgMUGUMCAE@@AA@@@AA@@A@@@A@@@A@A@@@A@A@@@A@@@A@@@A@@@A@A@@AA@@@A@@@A@@@A@@@A@@@A@@@AA@@A@@B@@@B@@@B@@@@AB@@@B@@@B@@@B@@A@@@A@A@@@A@@@A@@@@@@A@@@A@@@A@@@A@@@A@@@A@@BAA@A@@A@@A@AA@@A@@@@AA@A@@@@@A@A@@@@@AB@@@B@@@B@@@B@@@B@@@B@@@@@BA@@B@@@B@@@B@@@B@@@@@B@@@B@@BB@@@B@B@@@B@@A@@BA@@@A@A@@@AB@@A@A@@@A@@BA@@@A@@@AB@@A@@@AB@@A@@B@@A@@B@@A@@B@@@@AB@@@@@BA@@@@@@@@B@@@@A@@B@@@@A@@BA@@@A@@BA@A@@@A@@BA@A@@@A@@BA@@@A@@BA@@@@BA@@@@B@@A@@B@@@B@@@@@B@@@B@@AB@B@@@@AB@@@@@@AB@@@@A@A@@@A@@@AB@AA@A@@@A@@@A@A@@@A@@@A@A@@BA@@@A@@B@@@B@@@B@@@B@@AB@@@B@@@B@@@BA@@B@@@B@B@@@@@B@B@@@B@@AB@@AB@@A@@@A@@BA@@@@B@@AB@@@B@@@B@@@BB@@BB@@BB@@@BB@@@@BB@@B@B@@@B@@@B@BB@@B@@@B@@@B@@@BB@@@@@B@@@B@@@BA@@B@@@B@@AB@@AB@@AB@@AB@@@BA@GLCDCBGBI@eCO@GBGJ@DBDJPFHBH@FCHKLLHB@HDNFDDB@@@B@@BB@@@B@@@BB@@B@@@BB@@B@B@@@BB@@B@@@BB@@B@@@BB@@@@BB@@@@@B@B@@BB@@@B@@@B@@@B@@B@@B@@@@BB@@@B@@B@@B@@BB@@@B@@B@@BB@@BB@@B@@@@@B@@B@@@@B@@@@@BB@@B@@@@@B@@@@@B@@@B@@@B@@@B@@@@@B@@@B@@@B@@@B@@@@@BB@@B@B@@@@@B@@@B@B@@@@@B@@@B@@@B@@@BB@@B@@@B@@@B@@@@@BBB@@@BB@@B@@B@@@@BB@@B@@@B@@@BB@@B@@@BB@@@@BB@@@@BB@@@AB@@@BA@@@A@@@A@A@@@A@@@A@@@A@A@@@A@@@A@@@A@A@@@A@@BA@A@@@A@@@AB@@@@A@@B@@AB@@@B@@A@@B@@AB@@AB@@AB@@@@@B@@AB@@@B@@@B@@@@BB@@@B@@@@@BB@@@B@@@B@B@@@B@@@@@B@@@B@@@B@B@@@B@@@B@@@B@@@B@B@@AB@B@@@B@@@B@@@B@BA@@B@@@B@@@B@@@B@@@B@B@@@B@@@B@@B@@B@@@B@@BB@@@B@@BB@@@B@@BB@@@BBB@@@@BB@@@@BB@@@BB@@@@BB@@@@BB@@@@B@@B@@B@@BB@@@@BB@@@BB@@@@BB@@B@@B@@B@@B@@B@@B@@B@@@@B@@B@@B@@B@@B@@BB@@@@BB@@@@B@@B@@B@@@@@BB@@B@@B@@B@@B@@@B@@@@AB@@@@AB@@@BA@@@@BA@@B@@@@@B@@@B@@@B@@@BB@@B@@@B@@@B@@BB@@@B@@@B@@@B@@@@@B@@AB@@@BAB@@@@AB@@@BA@@BA@@B@@A@@BA@@@AB@@AB@@AB@@AB@@@B@@@BA@B@@B@B@@@@@B@@@BB@@B@@@B@@@B@@B@@B@@@B@@@BBB@@@B@@BB@@@B@@@B@@@@@BB@@B@@@B@@@B@@@@@@@B@@@@@B@@@@@B@@@@@B@@@@@@@B@@@@@BB@@@@B@@@@@B@@@@@B@@@B@@@B@@@B@@@B@B@@@B@@@B@@@B@@@BB@@@BB@@B@@B@@@@@BBB@@@B@@@@@B@@@B@@@B@@@B@@@B@@@@@B@@@B@@@B@@BB@@@B@@@B@BB@@B@B@@B@@B@@B@@B@@@@BBB@@BB@@@BB@@@BB@@@@BB@@B@@@@BB@@@B@@BB@@@@@BB@@B@@@@@BB@@@B@@@B@@@B@@B@@@@BB@B@@@B@@@@@BB@@B@@@@@B@@BB@@@B@@@BB@@B@@@@@BB@@B@@@B@@BB@@@B@@@B@@B@@B@BJ@F@B@FADAJAFAHCJCF@HCHAbK@@@F@J@R@H@BAPBDBJ@HBB@DC@@B@@@BE@@DIB@HA@@FFANB@DB@@F@FBJBNBJ@LDX@HDZBF@D@B@@@DAHAJ@HABADAFAD@@@@BB@@@@B@@BB@B@JF@@@BBBB@@B@@B@DDDDB@BDB@BDDBBBDD@@B@BDBBB@BBDB@BHFJHPPBBHFBB@@@@DDB@@@@BA@@@@B@B@B@BADAD@B@B@D@B@D@B@D@B@DAB@D@B@BAB@DBH@D@B@D@DBF@DBB@BBDBB@B@@ABKDOD@B@@LZBD@B@@B@DAB@D@JA@@B@B@B@BBB@@@BB@@B@@BB@BB@B@@B@@B@B@@B@DDDB@@@B@@@@@@BAF@DAB@BABABCBC@C@AAC@AAA@A@C@AACCCAAB@@@B@@AB@@@B@@@BA@@B@@@B@@AB@@@B@@@BA@@B@@@B@BABB@@@@BB@@@@BB@@@@BB@@@@@B@@@@BB@@@@B@@@@@B@B@@@@@B@@@B@B@@AB@@@B@B@@@B@B@@@B@BA@@B@@@B@@@B@@AB@@@B@B@@@B@@A@@B@@@B@@@@@B@@@BA@@@@B@B@@@@@B@@A@@B@@@B@@@B@@@B@@@B@@@B@@@B@B@@@B@B@B@@@B@@A@@B@@@BA@@@@B@@A@@B@@AB@@@@AB@@@@@BA@@@@BA@@B@@AB@@@BA@@B@@@B@@@@@BBB@@@BB@@BBBBD@AB@BABB@BBB@@BB@@@B@BBB@"],"encodeOffsets":[[121110,34527]]}},{"type":"Feature","id":"321323","properties":{"name":"泗阳县","cp":[118.681284,33.711433],"childNum":1},"geometry":{"type":"Polygon","coordinates":["@@@@B@@@B@@@B@@@B@@@B@@@@@B@B@@@@@B@@@B@@@B@@@@@B@B@@@B@@BB@@@B@@@B@B@@@B@@@B@@@B@@@B@@@B@B@@@BB@@B@@@B@@@B@@@B@@@B@BA@@@@B@@@B@B@@@B@@@B@@@B@@@@@B@@A@@@@@@@A@@@@@A@@AA@@@@@A@@AA@@@@@A@@@AA@@@@A@@@A@@A@@A@@@A@@@@AA@@@@@A@@AA@@@@@A@@@AA@@@@A@@B@@@@A@@@@@@@AB@@@BA@@@@BA@@B@@@BA@@@@B@@@B@@@B@@AB@@@B@@@@@@A@@@@@AA@@@@A@@@@@A@@@@@@@A@@@@@A@@@@@AA@@@@@@A@@@AB@@@B@@@@@B@B@@@@@B@@@B@@@B@@@B@@A@@@@@A@@B@@A@@@@@A@@B@@A@@B@@@@@@AB@@@@@BA@@@@@@@@B@@A@@B@@@@@B@@AB@@@@@B@@@@@@AB@@@@@@A@@@@@@BA@@@@@@@@@A@@@@@@@A@@@@@@@A@@@@@@@A@@@@@@@A@@@@@@@A@@@@B@@A@@@@@AB@@@@AB@@@BA@@@@BA@@@@B@@@B@@@B@@@BA@@B@@@@@B@@AB@@@@@B@@A@@@@@@@@BA@@@@@A@@@@@@@A@@@@@@@A@@@@@@BA@@@@@@@A@@@@@A@@@@@@@@@A@@B@@A@@@@@@@@@A@@@@@A@@@@@@B@@A@@A@@A@@A@@@@@@AA@@@@@AA@@@@@@A@@A@@A@@@@@AA@@A@@@AA@@A@@@A@@A@@A@@A@@A@@@@AA@@A@@@@@AA@@@@A@@@@AA@@@@@A@@B@@@B@@A@@@@@@@@@A@@@@@A@@@@@@@A@@@@@@@@@A@@@@@@@A@@@@@A@@@@@@@@@A@@@@@AABC@A@@@EAC@A@AAA@@A@@BA@ABA@@ACAC@AA@A@AACAA@AAAA@@@ACACAEECCGCEECCCACACACAAAAC@CAECCEEECAC@ECI@AAAEEAAAC@C@C@ACCAAAACAEAAA@A@@@@@A@@@@@A@@@@@A@@@@@A@@@@@A@@@@BA@@@A@@@@@A@@@A@@@A@@@A@@@A@@@A@@@@@A@@@A@@BA@@@A@@@@@@@@BA@@@@@@@AB@@@@@@A@@B@@@@A@@@@@@@@@A@@@@@A@@@@@A@@@@@A@@@@AA@@@@@A@@A@@@@@@A@@@@@@A@@A@@@@@@@AA@@@@@@@@A@@A@@@@A@@@@@@@A@@A@@A@@@@@A@@@@@A@@@@@A@@@@@@AA@@@@@A@@A@@A@@@@@AA@@@@A@@@@AA@@@AB@@@@@@@@A@@@@@@@A@@@@@@BA@@@@@@@A@@@@@@B@@AB@@@@@B@@@@AB@@@B@@A@@@@B@@@@@@AB@@@@@BA@@@@@@@A@@BA@@@A@@@@@@@A@@@@@@AA@@@@@@@A@@@@A@@@@A@@@@@@AA@@@@@@@@@A@@A@@@@A@@@@@A@@@A@@@AA@@A@@@@@A@@@A@@@A@@@A@@@A@@@@@A@@@A@@B@@A@@@@@AB@@@@A@@B@@@@A@@B@@A@@@@B@@A@@B@@@@A@@B@@A@@@@B@@A@@B@@@B@@@@AB@@@@@B@@@B@@A@@@@@@@A@@@A@@@@AA@@@@@A@@A@@@@A@@@@AA@@@@@A@@BA@@@A@@@@@@@A@@B@@@@A@@@@@@BA@@@@AA@@@@@@A@@@@@AA@@@@@@AA@@@AA@@@@AB@@A@@@A@@@@@AB@@A@@@@B@@@@A@@B@@@@@@AB@@@@@@A@@@@@@@A@@@A@@@@@A@@@A@@@A@@@AA@@A@@@@@A@@@@A@@A@@@@A@@@@A@@A@@@@A@@@@A@A@A@A@A@@@A@AACA@AEE@@AKAK@AA@@CCKAI@@@AFIBABABIBC@E@C@@@@AA@@A@@@A@@@A@@AA@@@A@@@A@@@AA@@A@@@A@@@A@@AA@@@A@@@A@@@@AA@@@A@A@@@A@@A@@A@@@A@@@A@@AA@@@A@@@A@@@A@@AA@@@A@@@A@@AA@@@@@A@@@A@@A@@A@@@@@A@@@A@@@@AA@@@@@A@@@A@@@@@A@@@A@@@A@@@@@A@A@@@@A@@@@@A@@@A@@@@BA@@@@@A@@@@@A@@B@@@@A@@@@@A@@@@BA@@@@@@@A@@@@@A@@B@@@@@@A@@@@@A@@@@@@@@BA@@@@@@@A@@@@@@@A@@@@@@BA@@@@@@@A@@@@@@@@@AB@@@@A@@@@@@BA@@@@@A@@@AB@@@@A@@@@BA@@@A@@@@@@BA@@@@@A@@@@B@@A@@@@@@BA@@@A@@B@@A@@@@B@@A@@BA@@@@@A@@B@@A@@@@B@@@@@@AB@@A@@@@BA@@@A@@BA@@@@@AB@@@@A@@@A@@BA@@@@@@@AB@@@@@@A@@B@@@@A@@@@B@@@@A@@@@B@@A@@B@@A@@B@@AB@@@@AB@@@@@BA@@B@@AB@@@@@BA@@B@@@@AB@@@B@@A@@B@@@@AB@@@@AB@@@B@@A@@B@@@@AB@@@@@B@@A@@B@@@@@BA@@@@B@@@@@@@BA@@@@@@@A@@@@@A@@@@@A@@@@@A@@@A@@@A@@@@@AA@@A@@@A@@@@@@AA@@@@AA@@@@A@@@A@@@A@@@A@@AA@@@@@A@@@@C@A@A@CAA@C@AAAA@@AA@AA@@A@@A@@@@@A@@@@@@@A@@@@@@@A@@@@@@@A@@@@A@@@@A@@@@@A@@@@@@@A@@@@@@@A@@@@@@@A@@@@A@@A@@@@@@@A@@@@@@@A@@@@@@@A@@@@@@@@@A@@@@@@@A@@@@@A@@@@@@@@@A@@@@@@@A@@@@@@@A@@@@@A@@@A@@@A@@@@@A@@@A@@@A@@@@@AB@@A@@@@@A@@@A@@@@@A@@@@@@@A@@@@@@@A@@@@@@@A@@@@@@@A@@@@@@@@@A@@@@@@@A@@@@@@@A@@@@A@@@@A@@@@@@@A@@@@@@@A@@@@@A@@@@@A@@@@@@@A@@@@@AA@@A@@@@@@@A@@@@@A@@@@AA@@@@@A@@@@@A@@@@@AA@@@@A@@@@@A@@@@@AA@@@@A@@@@@A@@@@A@@@@@@A@@A@@@@@@A@@A@@@@@@A@@A@@@@@@@@A@@A@@@@@@@@AA@@@@@@@@A@@@@@@@A@@@@@A@@@@@@@A@@@@@@@A@@@@@A@@@@@@@@@A@@@@@A@@@@@A@@@@@@@@@AB@@@@A@@@@@@@A@@@@@@@A@@@@@A@@@@@@@A@@@@@A@@@@@A@@@@@A@@@@@@@A@@@@@A@@@@@A@@@@@A@@@@@@@A@@@@@A@@@@@A@@@@@@@A@@@@@A@@B@@A@@@@@@@A@@@@@A@@@@@A@@@@@@@A@@@@@@@A@@@@@@@A@@@@@A@@@@@@@@@A@@@@@A@@@@@AB@@@@A@@@AB@@@@@@AA@@@@A@@@@@@@A@@@@@@@A@@@@@A@@@@@@@AA@@@@@@AA@@@@@@@@AA@@@@A@@@@@@@@AA@@@@@@@A@@A@@@@A@@@@@@AA@@@@@A@@A@@A@@@AA@@@@A@@@@AA@@@@@A@@A@@A@@@@AA@@@A@@@@AA@@@@@A@@A@@A@@@@@AA@@@@A@@@@AA@@@A@@A@@A@@@@@AA@@@@A@@@@AA@@@@@A@@AA@@@@@A@@A@@A@@@@AA@@@@@A@@A@@A@@@@@AA@@A@@@@AA@@@A@@A@@A@@@@@AA@@A@@@@AA@@@@@AA@@@@A@@AA@@@@@A@@A@@A@@@AA@@@@A@@A@@A@@@A@@A@@A@@@@AA@@@@@AA@@A@@@@AA@@@@@A@@AA@B@@A@@@A@@@@@A@@@@@A@@@A@@@@@A@@@@@A@@@A@@B@@A@@@A@@@A@@@@@A@@@@@A@@@A@@@A@@@A@@@A@@@A@@@A@A@@BA@@@A@@@A@@@A@A@@@A@@@A@@@A@@@A@@@A@@@A@@@A@A@@@A@@@A@@@@@A@A@@B@@A@@@A@A@@@@@A@@@A@A@@@@@A@@@A@@@A@@@@@A@A@@@@@AB@@A@@@A@@@A@A@@@@@A@@@A@@@A@@@A@@@A@@@A@@@A@@@A@@@A@@@A@@@A@@@A@@@@@A@A@@@A@@@@BA@A@@@@@A@A@@@@@A@@@A@@@A@@@@@A@@@@@A@@B@@A@@@A@@@A@@@@BA@@@@@A@@@@@A@@@A@@B@@A@@@A@@@@@A@@@@BA@@@A@@@A@@B@@A@@@A@@@AB@@@@A@@@@@AB@@A@@@A@@B@@A@@@A@@@AB@@@@A@@@AB@@@@A@@@A@@B@@A@@@A@@BA@@@@@A@@@A@@BA@@@@@A@@@AB@@A@@@A@@@@@AB@@A@@@A@@@AB@@@@A@@@@@A@@@AB@@@@A@@@@@A@@@@BA@@@@@A@@@AB@@A@@@A@@@A@@@@BA@@@@@@@AB@@@@@@@@A@@B@@@@A@@@@@AB@@@@@@@@AB@@@@A@@@@B@@A@@@@@@@@BA@@@@@@@A@@B@@A@@@@@@B@@A@@@@@@@AB@@@@@@A@@B@@@@A@@@@@@B@@A@@@@@@BA@@@@@A@@@@B@@@@A@@@@@@BA@@@@BA@@@@@@@AB@@@@A@@B@@A@@@@B@@A@@@@B@@@@AB@@@@@B@@AB@@@@@B@@@@AB@@@B@@@@AB@@@B@@@@@BA@@@@B@@@BA@@@@B@@@@@BA@@@@B@@@@AB@@@@@B@@A@@B@@@@@BA@@@@B@@@@AB@@@@@B@@A@@@@B@@@BA@@@@B@@@@@@AB@@@@@B@@A@@B@@@@@BA@@@@B@@@@AB@@@@@B@@A@@B@@@@@BA@@@@B@@@@@@AB@@@B@@@@AB@@@@@B@@A@@@@B@@@@AB@@@@@B@@AB@@@@@@@B@@A@@B@@@@@BA@@@@B@@@@AB@@@@@@@BA@@B@@@@@BA@@@@B@@@@@@AB@@@B@@@B@@@BA@@@@B@@@B@@@@@BA@@B@@@B@@@B@@AB@@@@@B@@@B@@@@AB@@@B@@@B@@@B@@A@@B@@@B@@@@@BA@@B@@@B@@@@@B@@AB@@@B@@@@@B@@AB@@@B@@@@@B@@@BA@@B@@@B@@@@@B@@AB@@@@@B@@@B@@@BA@@B@@@@@B@@@BA@@@@B@@@B@@@B@@AB@@@@@B@@@B@@@BA@@@@B@@@B@@@@@BA@@B@@@B@@@B@@A@@B@@@B@@@@@B@@AB@@@B@@@B@@@@AB@@@@@B@@@BA@@B@@@@@B@@AB@@@B@@@@@BA@@B@@@B@@@@AB@@@@@B@@@BA@@B@@@B@@@@ABB@HNR`NVXfVh@@@BCL@DA@@BBBHBLDBBDDDBB@DADABDDBDDBB@B@D@FAHCBABABAB@@E@C@CAECEAEAC@CACEAACBC@EBBB@B@BB@@B@@BB@BB@@B@@@B@@@BBD@@@B@D@@@@@D@@@@BB@@@B@@@@@@C@AF@@AD@@ABA@GAC@C@C@A@@@AB@B@@@B@@ABA@ABABA@@BA@@B@BBBBDBBBDBDB@@B@B@BAD@BABCBABABA@G@CAA@C@AB@@@@EFEF@@AB@B@@@B@@AB@@@@B@@@@@@B@@@@B@@@@@@BA@@@BB@@@@A@AB@@@@@@@@@BA@A@@B@@A@@@@@@@ABABA@@@@@@@@@A@@@@@A@AB@BA@@BCBBB@@CBABCBABA@@@C@@BCB@@C@@@@@@@CBABB@@@CB@B@@@@@@B@@B@@@@@B@@BDB@@@D@@B@@B@D@@@B@D@B@@BBB@BBH@DBB@BAB@DAFAF@BAF@DAD@B@@@BBDBB@@BBBBB@B@D@J@D@F@DABA@@@@@A@@@@DC@BBBB@NKBB@@B@@BB@@@FADA@@BBB@B@@@@@B@@B@B@@@B@B@B@@@@D@@FDB@@FD@@@@BBDDBFBBDBB@B@AJAFAD@BCDEFEHCDCBABEBB@@BB@@@@BB@@@B@@B@@B@@@B@@@B@@@B@@@B@@@B@B@@@@@@@BB@@@@@@@@@BB@@@@BA@@@@BA@@@@B@@@BB@@@@B@@B@@B@@@@@BB@@@@B@@B@@B@@@B@@B@@B@@@@BB@@@@@B@@B@@B@@@@@BB@@B@@@@@BB@@@@B@@@BB@@@@B@@@@A@@B@@@@A@@B@@A@@@@@AB@@@@@@AB@@@@AB@@@@A@@B@@@@@BA@@@@B@@@@@@@B@@@@@B@@B@@@@@@B@@@@@B@@@@@@@B@@@@@@BB@@@@@B@@@@@BB@@@@B@@B@@@BA@@B@@@B@@B@@@B@@@@@B@@BB@@@@@B@@@BB@@@@B@@@@BB@@B@@@@@B@@@@@B@@BB@@@B@@@BB@@@@B@@@@BB@@@@@@@@BB@@@@B@@@@@B@@@@@@@@@B@@@@B@@B@@@@@@@BA@@@@B@@@@@@@B@@@@@B@@@@A@@B@@@@@@@B@@@@@B@@@@@B@@@@BB@@@B@@@@@@BB@@@@B@@@BB@@B@@@B@@@@@B@@@@@B@@@@B@@@B@@@@@B@@@@@B@@@B@@@@@B@@@B@@@B@@@@@B@@@@@B@@@B@@@@@B@@@B@@A@@@@BA@@@A@@@@@A@@B@@A@@@A@@@AB@@@@A@@@@@A@@@AB@@@@A@@B@@@@A@@@@@A@@@A@@@A@@@@@A@@@@@A@@@@@AB@@@@@@A@@@@@@B@@@@AB@@@@@@BB@@@B@@@@BB@@@@B@@@@B@@B@@B@@@B@@@@@B@@B@@@@B@@@@@B@@@@@B@@@@@B@@@@@B@@@@@B@@@@BB@@@@@@@B@@@@@B@@@@@BA@@@@@@BA@@@@B@@@BA@@@@B@@@B@@AB@@@@@B@@@BB@@B@@@@@B@@@BB@@B@@@@BB@@@@@BB@@@@@@B@@@@@@@@@B@@@@@B@@@@@@@B@@@@B@@B@@@B@@B@@B@@@@@BB@@B@@@@@B@@@@@B@@@@BB@@@@BB@@B@@B@@B@@B@@@@@B@@BB@@@@@@BB@@@B@@B@@@B@@BB@@@@@@B@@@@@B@@@@@@@B@@@@@B@@@@@B@@@@@@@BB@@@@@B@@@B@@@@@B@@@@@B@@@BB@@B@@@@@B@@@B@@@BB@@B@@@B@@@@@B@@@B@@@@BB@@@B@@@@@B@@@B@@@@@B@@@@@@@BB@@@@B@@@@@B@@@@@B@@@B@@@B@@BBA@@B@@@@@B@@@@@B@@@B@@@B@@@@@B@@@@AB@B@@@@@B@@@B@@@B@@@@AB@@@B@@@B@B@@@B@@@B@@@B@@@B@@@B@@@B@@@B@@B@@B@@@@@B@@@@@@@B@@@@@B@@@@@@@B@@@@@@@B@@@@@B@@@@@BA@@@@@@BB@@@@@BB@@@@B@@BB@@@@@B@@BB@@@@@B@@B@@B@@@@@BB@@@@@@@BB@@@@@@@@BB@@@@@@@@BB@@@@@B@@B@@B@@@@@B@@@@BB@@@@@@@B@@@@@BB@@@@B@@@@@BB@@@@B@@@@@B@@@@B@@@@@B@@@@@B@@@@@B@@@B@@@BA@@@@B@@@BA@@@@@@BA@@@@@@@A@@@@@@BA@@B@@@@@B@@@B@@@@@B@@@@A@@B@@@@AB@@@@AB@@@@A@@B@@A@@B@@@@AB@@@@AB@@@@AB@@@@A@@B@@AB@@@@@@AB@@@@@BA@@B@@@BA@@B@@@B@@@B@@@B@@@BA@@B@@@B@@@B@@@B@@@B@@B@@@B@@@B@@@@BBA@@@@B@@AB@@@@@B@@@@AB@@@B@@@@@B@@@@@B@@@@@B@@@@@BA@B@@@@BB@@@@@@@@@B@@@BB@@B@@@B@B@@@B@@@@@B@@B@@B@@@@@@BB@@@@B@@B@@B@@B@@B@@B@@B@@BB@@@@B@@@@@B@@@B@@@@@B@@@B@@@B@@@@@B@@@B@@@B@@@B@@@@@B@@@@@B@B@@@@@B@@@@@B@@@BA@@B@@@B@@@@@B@@@B@@@B@@@@@B@@@B@@@@@B@@@B@@@B@@@@@B@@@B@@@B@@@@@B@@@B@B@@@B@@@B@@@B@@@B@@@B@B@@@B@@@B@@@B@@@B@B@@@BA@@B@@@B@@@B@B@@@B@@@B@@@B@@@B@B@@@@@B@@@B@B@@@@@B@@@@AB@@@@AB@@@B@@@@@B@@@@@B@@@B@@@B@@@B@@@B@@@B@@@B@@@B@@@B@@@B@@@B@@@B@@@B@@@@@B@@@B@@@B@@@B@@@@@B@@@B@@@B@@@@@B@@BB@@@@@B@@@@@B@@@BB@@B@@@@@B@@B@@@B@@@B@@@BB@@B@@@@@B@@B@@B@@@@B@@@B@@BB@@@B@@@@@B@@@B@@@B@@@B@@@B@@@B@@@@@B@B@@@@@B@"],"encodeOffsets":[[121666,34799]]}},{"type":"Feature","id":"321322","properties":{"name":"沭阳县","cp":[118.775889,34.129097],"childNum":1},"geometry":{"type":"Polygon","coordinates":["@@xFCKCO]@OA@@@@@A@@@@@@@A@@@@@@@@@A@@@@@A@@@@@A@@B@@@@A@@@@@@@A@@@@BA@@@@@A@@@@@A@@@@@@@A@@@@@@AA@@@@@@@A@@@@AA@@@@@@@A@@@@@@A@@A@@@@@@@A@@A@@A@@@@@@@A@@A@@@@A@@@A@@A@@A@@@A@@@@@AA@@A@@@@@@@A@@@AA@@@@A@@@@@A@@@A@@@@@A@@@@@A@@AA@@@A@@@@@A@@@A@@@A@@@A@@@@@A@@@A@@@A@@B@@A@@@A@@@@@A@@@A@@@@@A@@@A@@@A@@@@@A@@@A@@@AB@@@@A@@@A@@@A@@@@@A@@@@@AB@@A@@@@@A@@@A@@B@@@@A@@@A@@@@@AB@@A@@@@@@@A@@@@@A@@@@B@@A@@@@@A@@@@@A@@@@@A@@@@@AB@@@@@@A@@@@@A@@@@@AB@@@@@@BB@@@@@B@@@@@@@B@@BB@@@B@B@@@@@BB@@B@@@B@@@B@@B@@B@@@@@@@B@@@@@B@@@@@@@@A@@A@@A@@@@@A@@@A@@@@@@AA@@@A@@@@@@@A@@@A@@A@@@@A@@@@@@@A@@@@@A@@@@@AB@@@@A@@@@@A@@@@@AB@@A@@@@@A@@@A@@@@BA@@@@@@@A@@BA@@@A@@B@@@@A@@B@@@@AB@@@@A@@B@@@@A@@B@@A@@@A@@B@@A@@@@@@@A@@@@@A@@@@@A@@@@@A@@@@@A@@@A@@@A@@@@AA@@@A@@@A@@@@@A@@@@@@@A@@A@@@@A@@@@@@@A@@@@@@@A@@@@@@AA@@@@@@@A@@@@@A@@@@@@@@@A@@A@@A@@@@@@@@@A@@@@@A@@@@@@@@@A@@@@@@AA@@@@@@@A@@@@@@@@@A@@@@@A@@@@@@@A@@@@@@@@@A@@@@@@@A@@@@@@@A@@@@@@@@@A@@@@@@@A@@@@@A@@@@@@@@@A@@@ACC@A@@@@@AA@@@@A@@@@@A@@@A@@A@@A@@@A@@@@@A@@A@@A@@@@@A@@@@BA@@@@@A@@B@@@@@B@@AB@@@B@@@B@B@@@B@@@@AB@@@B@@@B@@@B@@@B@@@B@@@B@@@B@@@BA@@B@@@B@@@B@@@@@@A@@@@@@@@@A@@@@A@@A@@@@@@@A@@@@@@@@@A@@@@@@@A@@@@@@@A@@@@@@@@@A@@@@@@@A@@@@@@@A@@@@@@@@@A@@@@@@@A@@@@@@@A@@@@@@@@@A@@@@@@@A@@@@@@@A@@@@@@@@@A@@@@@@@A@@@@@@@A@@@@@@@@@A@@@@@@@A@@@@@@@A@@@@@@@@@A@@@@@@@A@@@@@@@A@@@@@@@@@A@@@@B@@@B@B@@@B@@@@A@@@@@@@A@@@@@A@@@@@@@@@AB@@@B@@@@@@@@A@@@@@A@@@@@A@@@@@@@@@A@@@@@@@A@@@@@A@@@@@A@@@@@@@A@@@@@A@@A@@@@A@@@@@@@AB@@@@@@A@@@@@@BA@@@@B@@@@@B@@A@@@@@@@@@A@@@@@@@A@@@@@@@A@@@@@@@A@@@@@@@A@@@@@@@@@A@@@@@@@A@@@@@A@@@@@@@@@A@@@@@@@A@@@@@@@A@@@@@@@A@@B@@@@@B@@@B@@@@@B@@@B@@@B@@@@@B@B@@@@@B@@@B@@@B@@A@@B@@@@@B@@@B@@@@@B@@@B@@@B@@@@@B@@@B@@@@@B@@@@@B@@AB@@@@@B@@@@@B@@@B@@@@@B@@@B@@@@@B@@@@@B@@@B@@@@@B@@@B@@@@@B@@@B@@@@A@@@@@@@A@@B@@@@@@A@@@@@A@@@@@@@A@@@@@@@A@@@@@@@A@@@@@@@A@@@A@@@A@@@@@A@@@@@A@@@@@@@A@@@@@@@@@A@@@@@@@A@@@@@A@@@@@A@@B@@A@@B@@A@@@@B@@A@@@@@A@@@@@@@A@@@@@@@@@A@@@@@@@A@@@@@@@A@@@@@@@A@@@@@A@@@@@A@@@@@@@AB@@@@@B@@@B@@@@@B@BA@@B@@@@@B@@@@@@@B@@A@@@@@@@A@@@@B@@A@@@@@@@AA@@A@@@@@A@@@@A@@@A@@@@A@@@AA@@@@@BA@@@@@A@@@@@A@@@@@A@@@@@A@@@@@@AA@@@@@@@A@@@@@AB@@@@@BA@@@@BA@@@@@AGGEECAECGCBC@@B@@@@@@AB@@@@@@AB@@@@@BA@@@@@@BA@@@@@@BA@@B@@@@AB@@@@A@@B@@@@@BA@@@@@@BA@@@@B@@A@@@@B@@@B@@B@@B@@B@@B@@B@@B@@BB@@@@BB@@@@BB@@@B@@@@A@@@@BA@@@A@@@AB@@@@A@@B@@@@@BA@@B@@@@@BA@@B@@@B@@@B@@@@AB@@@B@B@@@B@@AB@@@B@@@@AB@@@@@B@@@BA@@@@@AB@@@@A@@@@BA@@@A@@@@BA@@@@@A@@@AB@@@@A@@B@@@@A@@B@@@@AB@@@@AB@@@@A@@@@@@@A@@A@@@@A@@A@@A@@A@@@@AA@@@@A@@A@@A@@@@A@@A@@A@@A@@@@A@@A@@A@@A@@@@A@@A@@@@AA@@@@@AB@@@@@@A@@B@@@@@@AB@@@@@B@@A@@B@@A@@@@@@@AB@@@@@@A@@@@@@B@@A@@@@@@@A@@@@B@@A@@@@@@@A@@B@@@@@@A@@@@@@BA@@C@AACAAA@@AAA@AA@@AAAC@CAA@A@AA@@A@AA@@@AAA@AAA@@ACIAA@@@A@A@A@AAC@A@A@@@C@AB@@A@A@@@A@@AC@AAA@A@@AA@@AAAA@@@@AC@@@ACAAAAA@@AAAAAACAA@AA@@A@@AGEACAA@AA@@AA@@@A@A@C@AAC@A@ECEAAAC@CCAAAAA@ACA@@AA@@@AAA@A@A@@AA@@AAAAA@@AACAAAA@AACCAACA@AC@@AAAA@@A@@@A@@@A@A@@@@@@@AB@A@@A@@@@@@@A@AAA@@@AA@@ABA@@@A@@AAAC@@AA@@A@@AA@A@A@@AA@AA@@A@@AA@@@ABA@A@A@A@A@AA@@@@A@@@@A@@A@A@AAC@@AA@@A@@AA@A@@AA@AA@@@A@A@C@@@ABAAA@A@AAAACAAA@A@A@@@A@@@A@A@@@A@@AAAC@@@@@A@@@@B@@@B@@@@@@@BA@@@@B@@@@@B@@@@@B@@@B@@@@@@@BA@@@@B@@@B@@@B@@@@@B@@A@@@A@@@A@@@A@@@@@@BA@@@@@A@@@@@@@A@@B@@@@A@@@@@@@A@@@@@A@@@@@@@A@@@@@@@@@A@@@@@@@A@@@@@@@A@@@@@A@@@@@A@@@A@@@@@@@A@@A@@@@A@@@@@@@A@@@@@@@A@@@@@@@AA@@@@@@@@AA@@@@@@AA@@@@@@AA@@@@@@@AA@@@@A@@A@@@@AA@@@@@@A@@A@@A@@@@@A@@BA@@@A@@AA@@@A@@@A@A@@@@@AA@@A@@@@A@@@@@A@@@@@A@@@@B@@A@@A@@@@AA@@@@@AA@@@@@A@@A@@A@@@@AA@@@@@@A@@@@BA@@@@@@@A@@@A@@@@@@AA@@@@A@@B@@A@@@A@@@A@@@@AA@@@A@@@@AA@@@@@@@@@@AA@@@@@@@AA@@@AA@@@@AA@@@@A@@@A@@AA@@@@@AA@@@@A@@@@AA@@@@@@A@@@@A@@A@@@@@@AA@@@@AA@@@@AA@@@@AA@@@@AA@@AA@@@@AA@@@@AA@@@@A@A@@@@@A@@@A@@@@@A@@@@BA@@@A@@@A@@@@@A@@@@@A@@@@B@@@B@@@BB@@@@B@@@B@@@B@@B@@B@@@B@@@@A@@@A@@@A@@@@@A@@@@@@@A@@@A@@@@@@@A@@@A@@@@@@@A@@@A@@@A@@@A@@@@@@@@B@@@@@B@@@@@B@@@@@@@B@@@@@BA@@@@@A@@@A@A@A@@BA@@BCD@@ABABCBABABA@ABA@A@A@A@A@AAAAEC@@A@@@A@A@@@A@@@EBA@AAA@A@@@@@@@@AA@@AAA@@@ABA@A@AAA@@@AA@A@A@@BA@@@A@A@@@A@A@A@@@@AA@@AAA@A@AA@@A@@A@AAA@A@A@A@@@C@ABA@A@AB@BA@A@A@AA@@AAAAAAACCC@AA@AACCCAA@AAA@AAA@A@A@A@C@A@AA@@A@AA@@A@@@@@CAA@A@EAA@CBA@@@@@A@@@@@A@@BCBA@@@ABCB@@AB@@ABA@@B@@@@@B@@@@@@@@@B@@@@@B@@@@@@@B@@@@@@@@@B@@@@@@@B@@@@@B@@@@@@@@@BA@@@A@@@@B@@@@BB@@@@@B@@B@@B@@@@@BB@@B@@B@@@@BB@@@@BB@@@B@@@BB@@B@@@BB@@@@B@@@@BB@@@@@@@BB@@@@B@@B@@@@B@@@@BB@@@@BA@@@@@@@@B@@@@@B@@@@@@@@@BA@@@@B@@@@@@@@@B@@@@@B@@@@@@AB@@@@@@@B@@@@@@@B@@@@@@@B@@@@AB@@@@@@@@@BA@@@@@A@@BA@@@@@A@@@AB@@A@@@A@@@A@@@@@AB@@@@AB@@A@@B@@A@@B@@@@@BA@@@@@@B@@@@@@@B@@@@@@@B@@@@@@@B@@@@@@@B@@@@@@@B@@@@@@@@AB@@@@@@@B@@@@A@@B@@@@A@@@@@A@@BA@@@@@A@@@@BA@@@@@@@@@AB@@@@A@@B@@@@A@@@@BA@@@@B@@@@@BA@@@@B@@@@@BA@@@A@@@A@@@A@@@@@A@A@@@@@A@@@A@@B@@@B@@@@B@@B@@@@@B@@@@@B@@@@@@@B@@@@@B@@B@@B@@@@@B@@@@A@@@A@@BA@@@A@@@A@@@@@AB@@A@@@AB@@@@AB@@A@@B@@@@@@@B@@A@@@@B@@B@@B@@@B@@@@BB@@@B@@@@BB@@@@@B@@@BB@@@@B@@@B@@B@@B@@@B@@@@BB@@@B@@@@BB@@@B@@@@@B@@@@@@@BA@@@@@A@@@A@@@A@@@A@A@@@A@@@@@ABA@@@A@@@A@@@A@@@A@@@AA@@A@A@@@A@@@A@@@A@@@A@@@A@A@@@A@@@A@@AA@@@A@A@@@@@A@@@A@@@A@@@@@A@A@@@@@A@@@A@@@A@@@A@@@A@@@A@@@@@A@A@@@@@A@@@A@@@A@@@A@@@A@@@A@@@@@A@@@A@@AA@@@A@@@@@@AA@@@@A@@@@@AA@@A@@@A@@@A@@@AA@@@@@A@@@AA@@A@@@@@A@@@@@A@@AA@@@@@A@@@A@@@A@@@@@A@@@A@@@A@@@A@@@@@A@@@A@@@A@@@A@@@A@@@A@@@A@@@A@@@A@@@A@@@A@@@A@@@A@@@@@A@@@@@A@@@A@@B@@A@@B@@A@@@@@A@A@@@A@@@@@A@A@@@A@@@A@@@A@@@A@A@@@A@@@A@@@AB@@A@A@@@A@@@A@@@A@@@A@A@@@A@@@A@@@A@@@A@@@A@A@@@A@@@@@A@@@A@@@A@@@@@A@@@A@@@A@@@@@A@@@A@@@@@A@@@A@@@A@@@@@A@@@A@@@AB@@A@@@@@A@@@@@A@A@@@@@A@@@@@A@@@A@@@A@@@A@@@@@A@@@A@@@A@@@@@A@@@A@@@@@A@@@@@AA@@@AA@@@@AA@@@@AA@@@@A@@A@@A@@@@A@@@@AA@@@@@A@@@A@A@@@A@@@AA@@A@@@@@@@@@A@@A@@A@B@@A@@@@@A@@@@@A@@@@@A@@@@@A@@BA@@@@@A@@@@BA@@@A@@B@AA@@@@@A@@@A@@@AA@@@A@@@A@@@A@@@A@@@AB@@A@@@A@@@A@@@A@@@AB@@A@@@AB@@@@A@@B@@@@A@@BA@@@@B@@A@@B@@A@@B@@A@@B@@A@@@@BA@@@@B@@A@@B@@A@@B@@A@@@@B@@A@@@@@A@@@A@@@@@A@@@AB@@@@@@@B@@@@@@AB@@@@@@AB@@A@@@@@AB@@A@@@A@@@@@A@@@@@A@@@@@A@@@@@@A@@@@@A@@A@@A@@@@@A@@A@@A@@@@@A@@@@@@AA@@@@@A@@@@@AA@@@@A@@@@AA@@@@@@@@AA@@@@@@@@AA@@@@@@A@@A@@@@@AA@@@@A@@@@AA@@@A@@@@AA@@@A@@A@@A@@@@AA@@@@@@AB@@@@A@@@@@A@@@@@@@A@@@@@@@A@@@@@A@@@@@@@A@@@@@A@@@@AA@@@A@@@A@@@A@@@A@@@A@@@A@@@A@A@@@A@@@A@@B@@A@@@A@@@A@@@@@A@A@@B@@A@@@@@A@@@A@@@A@@@@@A@@@@@A@@@AB@AA@@@A@@@A@@@@@A@@@@@A@@@@@AA@@@@@@A@@@@@A@@@A@@@@@A@@@A@@A@@A@@@A@@@@@A@@@A@@@AA@@A@@@A@@@@@A@@@AA@@A@@@@@A@@@@@A@@@A@@@@@A@@@A@@@@@A@@B@@@@AB@@@@@BA@@@@@@B@@A@@@@B@@@@@BA@@@@B@@@B@@@B@@@BA@@B@@@@@B@@@B@@@B@@AB@@@B@@@@@B@@@@@B@@@@AB@@@@@@@@@B@@@@@@@BA@@@@B@@@B@@@@@B@@A@@B@@@@@B@@@B@@@@AB@@@@@B@@@B@@@@@BA@@B@@@@@B@@@@@B@@A@@B@@@B@@@@@B@@@@AB@@@@@B@@@B@@@@@BA@@@@B@@@B@@@@@B@@AB@@@@@@@B@@@B@@@@AB@@@BA@AB@@@B@@@@AB@@@B@@@@@B@@@B@@@@@B@@A@@B@@@@A@@@ABA@@@@@A@@@A@@@A@A@@BA@@@@@A@@@A@@@A@@@A@@@A@@@AB@@A@@@@@A@@@@BA@@B@@@@@B@@@@@B@@@B@@@B@@@B@@@BB@@@@B@@@B@@@B@@@@@B@@@B@@B@@B@@@@B@@AB@@@@@@@B@@@@@B@@@@@B@@@B@@@@@B@@@@@@B@@@@@@@BB@@@@B@@@@@@BB@@@@@B@@@@@@B@@B@@@@@@@B@@B@@@B@@@@@B@@@@BB@@@@B@@B@@B@@@@@B@@B@@@@B@@B@@B@@@@@BB@@@@@@B@@@@@@@B@@BB@@@@@@@B@@AB@@@@@B@@AB@@@B@@@@@BA@@@@B@@@@AB@@@B@@@@@BA@@@@B@@@B@@A@@B@@@@@B@@AB@@@@@@@BA@@@@@A@@B@@@@@B@@@@@@@@@B@@@@@@@B@@@@@B@@@@@@@@@B@@@@@B@@@@@@@@@B@@@@@@@B@@@@@@@B@@@@@@@@@B@@@@@@@B@@@@@@@B@@@@A@@B@@@@@@A@@B@@A@@B@@@@@@AB@@@@@@@B@@A@@@@B@@A@@@@B@@@@A@@@@BA@@@@@AB@@A@@@@@AB@@@@A@@B@@A@@@AB@@@@@@A@@B@@A@@@AB@@@@A@@B@@A@@@@@AB@@@@A@@BA@@@@@AB@@@@A@@@@BA@@@@@AB@@@@A@@B@@@B@@@@@BA@@B@@@B@@@B@@A@@B@@@B@@@B@@AB@@@@@B@@@B@@AB@@@B@@@B@@@@AB@@@B@@@B@@@BA@@@@BB@@@B@@@@B@@B@@@@BB@@@@BB@@@@@BB@@@@@B@@@B@@A@@B@@@@@B@@@@@B@@@B@@A@@B@@@B@@@@@B@@@BA@@@@B@@@@@BA@@@ADG@OCICICEBA@E@A@A@@BA@@@A@@@ABC@AF@FAHBH@FFH@@B@@B@@@@BB@@@@@B@@BB@@@@@B@@@@@B@@@@@@@B@@@B@@@@A@@@A@@BA@@@CB@D@B@D@DBBB@@@BB@@@@@@BB@@@@@BB@@@@BB@@@@@BB@@@@B@@@B@@B@@@@B@@@@@@BB@@@@@B@@B@@B@@@@BB@@@BB@@@@B@@@B@@@@@B@B@@@@@B@@@B@@@B@@@B@@@BA@@B@@@B@@@B@@@B@@@@@B@B@@@@@B@@@B@@@B@@@B@@@B@@@B@@@BA@@B@@@B@@@@@B@B@@@@@B@B@@@@@B@@@B@@@B@@@B@@@B@@@B@@@@@BAB@@@@@B@@@B@@@B@@@B@@@B@@@B@@@@@@@@@@B@@@@@@@B@@@@@@@B@@@@@@@@@B@@@@@@@B@@@@@@@B@@@@@B@@@@@B@@@B@@@B@@@B@@@@@B@@@B@@@@@B@@@@@B@@@B@@@@@B@@@@@B@@@B@@@@@B@@@B@@@@@@@B@@@@@B@@@@@@@B@@@@@@@B@@@@@B@@@@@@@B@@@@@@BB@@@@@@@B@@@@@B@@@@@B@@@@BB@@@B@@@B@@@BB@@@@B@@@@BB@@@B@@@BB@@@@B@@@B@@B@@B@@@B@@@B@@@@@B@@BB@@@@@B@@@B@@@BB@@B@@@@@BB@@B@@@@B@@B@@@@BB@@@@@@BB@@@@@B@@@B@@@B@@@@@B@@@@@B@@@@@B@@@B@@@@@@@B@@@@@@@B@@@@@@@@BB@@@@@@@B@@@@@@@B@@@@@@@B@@@@@@B@@B@@@@@@@BA@@@A@@@AB@@A@@@A@@BA@@@A@@@@@@BA@@@@@A@@B@@A@@B@@@B@@@B@@@@@BA@@@@B@@@B@@AB@@@B@@@@@BA@@B@@@@@B@@@B@@@@@@@B@@@@@@@B@@@@@@@B@@@@@@@BB@@@@B@@@@@B@@@@BB@@@B@@@@@B@@@BB@@@@B@@@B@@@@@@@B@@B@@B@@@@@@@B@@@@@B@@@@@B@@@@@B@@@@@BB@@B@@@@@B@@@B@@@@@B@@@B@@B@@B@@@@@@@@BB@@@@B@@B@@B@@@@@B@@BB@@@B@@B@@B@@@BB@@ABCLAJAD@DBDBF@@B@@BB@@@@@BB@@@@B@@@@@B@@@@@B@@@@@B@@@B@@@@@@BB@@@@B@@@@B@@B@@@@B@@@BB@@@@B@@@@@B@@@B@@@B@@@@@BB@@@@BB@@@@@@B@@B@@B@@@@@B@@@@@B@@@@@@@B@@@@@B@@@@@B@@@@@@@B@@@@@B@@@@@@@B@@@@@B@@@@@B@@@@@@@B@@@@@B@@@@@B@@@B@@@B@@@@@B@B@@A@@B@@@B@B@@@B@@@@@B@B@@@B@@@@AB@@@B@@@B@@@@@B@@@B@@@B@@@@@B@B@@@@@B@@@B@@@@@@B@@@@@@@@@B@@@@@@B@@@@@B@B@@@@@B@@@@@B@@@B@@@B@@@B@@@@@@@BB@@@@@B@@@@@B@@@@@B@@@B@@@B@@B@@B@@@B@@@B@@@@@B@@@B@@@@BB@@@B@@@BA@@@@B@@@B@@@B@@@@@B@@@B@@@B@@@B@@@@@B@@@B@@@BA@@B@@@B@@@@@@@B@@@@@B@@@@AB@@@@@@@BA@@@A@@@A@@@A@@BA@@@A@@@A@@@@BA@@@@@A@@@@BA@@@@BA@@@@@@@@B@@@@BB@@@@@@@BB@@@B@@@B@@@@@B@@@B@@@B@@@B@@@B@@@B@@@@@B@@@B@@@@B@@B@@B@@@@@B@@@@@@@B@@@@@B@@@@@B@@@@@@BB@@@B@@@@@B@@@@@B@@@@@B@@@@@B@@B@@B@@B@@@@@B@@@B@@@B@@@@@B@@@B@@BB@@@@@@@BB@@@@BA@@@@B@@A@@B@@@@AB@@@@@BA@@@@B@@@@A@@B@@@B@@A@@@@@@B@@A@@@@B@@@@A@@@@B@@@@AB@@@BA@@@@@@B@@A@@@@B@@@@@BA@@@@BA@@@@BA@@@@@@B@@A@@B@@@BA@@B@@A@@B@@@B@@@BA@@B@@@B@@@BA@@B@@@@@B@@@B@@AB@@@@@B@@@B@@@@B@@@@@@@B@@@@@B@@@@@@@B@@A@@B@@@@@@@B@@B@@@B@@@B@@@B@@@B@@@B@@@B@@@B@@@B@@@B@@@B@@@@@BB@@B@B@@@@@B@@@@@B@@@B@@@B@@AB@@@@@B@@@@@B@@A@@B@@@@@@@B@@@BA@@@@B@@@B@@@@AB@@@@@B@@A@@B@@@@@@AB@@@@@@AB@@@@@@@@A@@B@@@@A@@@@@@@AB@@@B@@A@@B@@@B@@@@@B@@@@@B@@AB@@@@@B@@AB@@@@@@AB@@@@@BA@@@@B@@@@@B@@@@@@AB@@@B@@@B@@@@@B@@@B@@@B@@@@@B@@@@@B@@@@@B@@@@AB@@@B@@@@A@@BA@@@@@A@@@A@@@@@AB@@@B@@@B@@@@@B@@@B@@@@@B@@@B@@@@@B@@@@@@BB@@@@@@@B@@@@BB@@@@@@@@@BB@@@@B@@@@@@BB@@@@@@@BB@@@@B@@BB@@@@@@@BA@@@@BA@@B@@@@AB@@@@AB@@@@@BA@@@@BA@@@@BA@@B@@A@@B@@@@AB@@@@@BA@@@@@AB@@@@A@@@AA@@@@AA@@@@AA@@A@@@@@@@A@@@A@@@@@@B@@@@AB@@@@@@@B@@A@@B@@@@@B@@A@@B@@@@@B@@@@AB@@@@@@@B@B@@@@@B@@@B@BABB@@@@B@@@BB@@B@@@B@@@BB@@@@B@@@B@@@B@@@B@@@B@B@@@B@@@@@B@@BB@@@@B@@@@BB@@@@@@BB@@@@B@@BB@@@@@BB@@@@@@@B@@@@@B@@B@@B@@@@BB@@@@B@@B@@B@@@@BB@@@@@@B@@B@@B@@@@B@@B@@@BB@@@@B@@BB@@@BB@@@@B@@BB@@@@@BB@@B@@@@BB@@@@@B@@B@@@@B@@@@BB@@@@@@B@@@@BB@@@@@B@@@@@BB@@@@@@BB@@@@@@@@@B@@@@@@@@@BB@@@@B@@@B@@A@@B@@@B@@@@@@@B@@@@@@@B@@@@@@@B@@@@@B@@@@@BB@@@@B@@@B@@@@@B@@@BB@@@@B@@@@@B@@@B@@@@@@BB@@@@BB@@B@@@B@@@@@B@@@@@B@@@B@@@B@@@B@@@B@HA@BFFFFHDDBFBBAF@NARAJADBH@HBF@F@J@F@H@`@BFDBDJBDB@DABCB@D@JHBEDCD@D@HHHHJI@@@@@A@@B@@@@A@@B@@@@A@@B@@@@@@AB@@@@A@@B@@A@@B@@A@@B@@@@A@@B@@@@A@@B@@@@A@@@@@A@@B@@A@@@@@EAI@I@EBCF@DADBD@@D@H@HBFHFNJ@DBDBBBDBDBBBBDDDDFDJHFBAB@@@@@@A@@B@@A@@@AB@@B@@@@@BB@@@@@@@BB@@@@@@B@@@@@@@B@@@@@B@@@@@@@@@B@@@@@@@B@@@@@B@@@@@@@@@B@@@@@B@@@@@@@B@@@@B@@@@@B@B@@BB@@@B@@@B@@@B@B@@@B@@@B@@@B@@@B@B@@@@@B@@@B@@@B@@@@@B@B@@@@@B@@@B@@@BB@@B@@@B@@@@@B@@BB@@@B@B@@@@BB@@@B@@@B@@@@@@AA@@@@A@@@AA@@@@A@@@@AA@@@AB@@@@@@A@@B@@@@@BA@@B@@@@@BA@@@@B@@@@@B@@@B@@@@@B@@@B@@@B@@@B@B@@@@B@@@@BB@@@B@@@@@B@@@@B@@@B@@@B@@@@BB@@@@@@@@@@B@@@@@@@B@@@@@@@B@@@@@@@B@@@@@@@B@@@@@@@@@B@@@@@@@B@@@@@@@BB@@@@@@@@B@@@@@B@@@@@@@B@@@@@@@@@B@@@@@@@B@@@@@@@B@@@@@@@B@@B@@@@B@@@@@B@@@@BB@@@B@@B@@@B@@@B@@@@@@@B@B@@A@@B@@@B@@@B@@@B@@@B@@@B@@@B@P@"],"encodeOffsets":[[121919,35248]]}}],"UTF8Encoding":true}