{"type":"FeatureCollection","features":[{"type":"Feature","id":"320411","properties":{"name":"新北区","cp":[119.974654,31.824664],"childNum":1},"geometry":{"type":"Polygon","coordinates":["@@@@EB@@A@@@A@AB@@A@@@AB@@A@@@CBA@A@AB@@A@A@AB@@A@A@@BA@A@A@@BA@@@@@@@@@@@@B@@@@@B@@@BB@@B@@@@@@@B@@@@@B@@@B@@@B@@B@@@A@@B@@@@@@@@B@@B@@@@@B@@@@@@BB@@@@@@@@@@@@AB@@@@@B@B@@A@A@@B@AA@@BA@@@@@A@@@CFAB@@A@ABA@A@A@A@@@A@@BA@A@@B@@@@B@@@@@@@@BBB@@ABAFADADC@EBA@AAE@IBA@@BAD@BEB@@@AAA@@@AA@@A@@@@AA@@@@@AA@@@@A@@AA@@@A@@A@@A@@@A@@@@A@@A@AA@@AAA@@ACAA@@@A@@AA@@@@AA@A@AA@@A@@AA@@A@@@A@@B@@@@A@GDCBGFA@@@CBECBADC@@AA@@BA@A@@@A@@ABA@AAA@@@AD@@GI@A@AA@D@B@@A@@A@@AA@@A@@@@@@AEA@@@AA@@AA@@@@@@AB@@A@@@CB@A@@@@ED@@@@A@@@@@@B@@A@ABE@A@A@CA@@@A@B@@CA@A@@@B@BABC@BAC@@A@@@@@@AA@@@@@@B@@@@@@@AA@B@@AA@@@@@AB@AAAA@@CB@BA@A@CEAA@A@C@@@BA@@@BBA@@@AC@@B@@B@@@AAAABBBA@@@A@AC@BA@C@@@A@AB@BAB@BBB@BA@@@@@@@@@A@@@A@@@@@B@B@@@AAAB@@BA@@A@@@@@@A@@@@@@A@@B@@AB@@B@@BA@B@A@AA@@@@A@CA@@A@AA@@A@ABCDCDAD@DBBBDFB@B@J@@DBHFFD@@@@BBNXJNG@QBaAIEMCA@MT@@BB@R@LONA@@B@@CJ@D@@DA@@@@B@DA@@JJHJJLRB@@BB@@@@AD@D@BBDBF@HFJHH@DEFGHCLGJCBE@GD@@@DT@BCD@B@HDBB@@B@HBB@@BD@BADA@BFDF@BB@DB@@@B@@CBE@CB@B@@@@DDHTJPP^JLFBB@PARB@@HEFALBLB@BBBBDHDLADADCBCBCDALJHD@@FGFKFKJE@@DBB@FHDD@@B@DBFC@@AE@CBGDGFOFOBCDCBCJIFCB@DAH@HBN@^CB@D@B@@@DDRDR@FBFIDIf[NIVQLEO[GACAAM@CBEAE@ABEDEBAFCDC@@FC@A@@@@A@@@B@@@@A@@B@@@@@DCMISE@A@@A@@@@A@@@@A@@A@@@@@AA@@@@@@@AA@@@@@A@@A@B@@A@@@@@A@@B@@A@@@@@A@@@@A@@A@@@A@@AA@@@@@A@@A@@A@@@AA@@@@A@@A@@AB@@@@@BA@@@@BA@@@@@A@@B@@@@@@A@@@@@@BA@@B@@@B@@@@@B@B@DGBCFAFACAEKCG@A@GEC@A@@AA@@@@@@@A@@@@A@@A@@@@@A@@A@@@@@A@@@AA@@@@A@@@A@@A@@A@@@A@@@@AA@@@A@@@@@A@@@A@@A@@A@@@A@@@A@@@@A@@@@@A@@@@B@@A@@@A@@B@@A@@B@@@@@@@@AB@@@@AB@@@B@@A@@B@@AB@@@@@BA@@@@BA@@@@@A@@@@@@@A@@@@@@@A@@@@@@@A@@@@@A@@@@@A@@@@@@@AB@@@BB@@@@B@@@@@B@@@@@@@@A@@@A@@@A@@@@@A@@@A@@@A@@@A@@@A@@@A@@@@@A@@@@@@@@@A@@@AB@@@@AB@@@@BBA@@AA@@BA@@@@@@@@@@@AB@@@@@BC@@@A@AB@B@BABA@@@A@CACCC@A@@@@A@A@@@@@A@A@@@@@C@@@CA@@@@A@A@A@A@A@A@AAA@@@A@AAA@AAAAAAA@CCAA@@@@AA@@@@CC@@@@@@CAEB@B@@A@@B@B@@@@@@@@@BADABE@@@@B@@@@ADGDA@EAGBC@ABA@@@CAA@@@A@@@@@BA@A@@@A@A@@@A@@@@@@A@CB@@@@@@@A@@@@@AA@@@"],"encodeOffsets":[[122826,32567]]}},{"type":"Feature","id":"320404","properties":{"name":"钟楼区","cp":[119.848388,31.78096],"childNum":1},"geometry":{"type":"Polygon","coordinates":["@@B@@@BBB@@@DBB@@@@@BBB@A@B@@AA@@@BA@@@AB@@@@@@@@B@@@@B@@@AB@@BABB@@A@A@@@@@B@@@B@@@@@@@@@B@@AAA@ABA@ABAB@@@D@B@@ABDB@@@B@AABABB@B@@@AA@@@BD@@B@AA@@B@@A@@@D@BBBDFB@B@@ADA@@BBBBA@@B@@@@BB@@@ABB@@@@@@A@@@@@@@BB@@@@@@@BD@ABD@BA@A@A@@@BDB@@@A@B@@DBB@B@F@BAB@@@@A@@@@B@@@@@FC@@@@@BDA@@B@@@BA@@@@@@BB@@BB@@B@BF@@@@@@@BB@@BB@@@@BA@C@B@@B@BHJ@@BC@@B@BBB@BA@@@B@@@BAB@@BB@@CDABFDDA@@B@HEDAHCB@@@@@@AB@@@B@@@BB@@@BB@@B@BBB@@@@BB@@@B@@BBBD@@BB@BB@@B@BB@@@@@@B@@@BB@@@@B@@BB@@@B@@B@@B@@@@BB@@@@@BB@@B@@BB@B@@FA@ABC@AB@JAF@BBB@FAD@BCBCBEBA@@AA@A@@@@@@A@@@@@@AB@B@@AB@@@B@B@B@B@BAB@@@BADE@@B@@@@@B@@AB@@B@AB@B@@@@A@A@@@@BA@@@@@@@@@@@@AA@@@@@@@A@@@@@AA@@@@@@@@@@AB@@@A@@@@A@@@A@@@A@@@@@A@@@@@@@AA@@A@@@A@@@@@A@@@@@@@@@@B@@AB@B@B@@AB@B@@@BAB@B@@@BAB@B@DA@@B@@@BA@@B@@@BAB@@@B@@@FA@@B@BAB@BAD@BA@@@@@@@@@@@@@A@@@@@@BA@@@AB@@@@@@A@@@AB@@@@@@@@@@@@AA@CAAAA@@@@@@@@@@@@A@@@@@@@@A@@AB@@@@@@@B@@@@A@@B@@@@@@@@@B@@@BAD@@@@@@A@A@@@@@A@A@@@@@@@@@@@AAA@A@A@@@@@A@@@@@@@@@A@@@@@@@@B@BA@@@@@@AA@A@@@@@A@A@@AA@A@A@A@@AA@A@A@@@@A@@@AB@@@@AB@@A@@@@A@@A@A@@AA@@@@@A@@@@@@@A@A@@@A@A@@@AA@@@@A@@A@@@AA@@AA@A@@@A@AA@@@AAA@A@@AAA@A@A@CAA@A@A@A@C@A@C@@@@@@A@C@@A@@@A@@@A@@@AB@@A@@@A@A@@@@@A@@@A@@@A@@AAAA@AA@@@@AA@A@@AAAA@@@AA@@AA@AA@@A@@AA@@@A@@AA@AA@@@@AA@@@AA@@@AB@@@@AB@@A@@@@@AB@@@@A@@@@B@@A@@@@B@@A@@@@B@@A@@@@@AB@@@@@@AB@@@@@@AB@@@@@@AB@@@@A@@B@@@@A@@B@@@@AB@@@@@@AB@@@@@@AB@@@@@@AB@@A@@B@@A@@BA@@@@BA@@@A@@@AB@@A@@@@BA@@@A@@@AB@@A@@@AB@@A@@@A@@B@@A@@B@@@@@@A@@BA@@@A@@@B@@@A@@@AA@@@A@@AA@@@A@@@A@@A@@A@@A@@@@@ABAB@B@@B@@BA@@@@BAA@BEB@@@@@@A@@ACB@AA@@@BB@@@@@BA@@@A@@@@@A@@@@BA@@@@BA@@@B@@@A@A@B@@AABA@@A@@A@@@@@@@A@@A@@@@A@@AA@@AA@@A@@@@A@@BCA@@@AA@@ADECA@B@AA@@AA@@BA@BBA@@@C@BE@@B@@C@CE@E@C@GAAD@@@@@@A@@A@@@@AB@AB@@@@@@@@@A@@@@@@@@@A@@@A@@@@BA@@@@B@@A@@BA@@@A@@@@@A@ABA@@A@@@A@@@@@A@@@A@@@@@@@A@@B@@AB@A@A@@@@@A@@@@@@@@B@@@@A@@AA@BAA@@@@@AB@@@@@@A@AB@A@CGBA@@A@@@A@@@A@@AAA@CA@FA@@B@@CA@@A@@@AB@@BB@@@BGA@@@@AAA@@AB@@AABA@@@A@@@@@@@@B@@@BBABDBB@@AB@@@@@@@BB@@@@@A@AB@@B@@B@@@@@@A@@@@@@B@@A@@@A@B@@A@@@@B@@@@@AA@@@@@@ABA@@@@@A@@@@A@@@@@A@@@@B@@@A@BA@@BB@AA@@@@@@@@@AB@@@@@B@@@B@@A@@@@A@@@@A@@@@@@@BC@@@B@@AAABC@@@C@A@@BA@@@ABA@A@@@@BA@@A@@@@@@@@@@@@C@A@@@@@@@A@@@A@@@ACA@@@@@@@A@A@ABBB@@CB@@@@@@@@@D@@B@@BB@B@@A@@B@@BB@@@AB@@@@AB@@@BA@@@@@A@AB@@@B@@@@AAA@@AA@AB@A@@@@@@CA@B@@@@@B@BA@@@@A@@A@@@@@AA@B@AA@AA@@BBA@@@A@A@@@@@@@AA@@A@@BE@NTJJBF@BAJP@@@DB@@B@@@BDBF@BAB@@BDFF@@@PBD@@XA@@@@D@J@DBD@HABB"],"encodeOffsets":[[122667,32572]]}},{"type":"Feature","id":"320402","properties":{"name":"天宁区","cp":[119.999783,31.769632],"childNum":1},"geometry":{"type":"Polygon","coordinates":["@@A@A@A@A@@@@@AA@AAA@AAA@@AA@@CAA@C@CAG@CAA@@@@@@@CA@@@@A@A@A@A@@A@@@ABAA@@A@@@AAC@@AEBADALGNEDADCFABAFAFCHCFCAAB@@@@@@@@@A@@A@@@@@@@@@A@@@@@@@@@@@@@@A@@@@@AAA@@A@@@AB@@@@@@@@@@@@@@A@@@@@@@CC@CFIBU@GBCBCDC@EC@@@@A@@A@@@@A@@@@@@AA@@@@@@@AA@@@@@@AA@B@@A@@@@B@@@B@@@@@B@@AB@@@B@@@@@@@B@@@@AB@@@@@@A@@BA@@@@@A@@@@@A@@@@@A@@@A@@@@@A@@@@@A@@@A@@@A@@@A@@@A@@@A@@@A@@@A@@@A@@BA@@@@@A@@@A@@@A@@@A@@@ABA@@@@@A@A@AB@@AB@@ABABC@@BA@A@A@@@AB@@A@@@A@@@A@@@@@A@A@@@AA@@A@@@A@@B@@A@@@@@AB@@@@A@@@@@AB@@@B@@@@@B@@@@AB@@A@@@AA@@@@A@@@AA@@A@@@@@A@@@@@A@@B@@A@@@@B@@A@@@@BA@@@A@@@A@@B@@A@@@@@A@@@A@@@A@@@A@@BA@@@@@@@A@@@@@A@@@@@A@@@@@@@A@@@@@@@A@@@A@@@@@@@A@@@A@@@A@@B@@@B@@A@@B@@@@A@@B@@A@@@@D@B@@@@D@B@D@B@B@B@B@DBB@B@B@BB@@@BBB@B@@BBB@@@B@B@@BB@@B@@@BB@@@@@BB@@B@B@@@B@B@@@@@@@B@@@@@B@@BB@B@@@@B@@B@@@BA@@@@BA@@B@@@@@@B@BBB@@@B@B@BBB@@@B@B@@@@@BBB@@@@@@ABA@@@@@@@@@@B@@@@@@@@@B@@@@@B@BBB@B@@@@@@@@@@@B@B@@@@@B@B@@@@C@AB@@A@@@@@@@@@A@@@@B@@A@@@@@@@A@@BB@@@@@@@@@@B@@@@@@@@@@B@BBDBB@@B@@@@@@@@@@A@@B@@@B@@@@A@@B@@AB@@@@@@@B@@@@@@@@@@@@ABC@ABA@ABA@@@B@@B@@@@@B@@@@@@DAB@@@@@@@@B@@@B@B@@@BAB@@@@B@@@B@DB@@B@BAD@HAFBB@HCBC@@@@@A@@F@BABC@A@@@@@@@@@A@AB@@@@AFADB@@@@@@DD@@@@BB@@@@BBDDB@BBBBBBB@BBB@@@B@BBB@B@B@B@B@B@@@@@DB@@D@@@@@B@B@@@@@B@B@@@@@@BDDBD@D@B@@ABABA@A@@B@B@@AD@@@@A@@B@@@@@@@@@@AB@@BBFB@@@@B@@@@AB@@A@A@@@@@@@@@@B@@@@BB@B@@@D@FC@@B@@@@B@BB@BB@BBDDFHBBADG@C\\GBDDDDDDDBBDBD@ADHBjZJL\\F^AH@JHl@DHLBLHVFBALBB@NKDGAIGMEIIEBEECEAEEA@@CBA@A@A@ABA@@JCDA@@@ACI@@@AB@BAD@D@DABA@@CEAECKCBB@IAA@C@A@A@A@A@AAABABABEBBDA@@@A@@DA@@@AAA@@B@@A@@AE@E@E@AB@A@A@@A@@AAB@AA@ACAACA@A@ABA@@@@EA@ABA@@A@@@@@A@@@A@ABA@@@A@AA@AAAC@CAAAAD@@CAC@@@A@A@@@BAA@C@IC@@A@BBA@@B@BA@@@AB@@A@AAAB@B@@@BA@AAA@AACC@AAAAAA@@A@ABA@@@CA@C@@B@AA@A@@AA@@CBABCC@A@@AA@@@AAB@@A@A@@C@@@A@@@A@@CEJGHE@ECIGAACBG@EBIBCBA@A@AA@@@A@AAA@@A@CA@@G@C@"],"encodeOffsets":[[122915,32536]]}},{"type":"Feature","id":"320413","properties":{"name":"金坛区","cp":[119.573395,31.744399],"childNum":1},"geometry":{"type":"Polygon","coordinates":["@@AB@@A@A@@@A@@@A@@@@@AB@@A@@@A@@@@@@@A@@@@@A@@@@AA@@@@@A@@@@@A@A@@@A@@@@@AA@@@@A@@@@AA@@@@@A@@@@AA@@@@@A@@AA@@@A@@@AA@@@@@@A@@@A@@@A@@@@@A@@@A@@@A@@@@AA@@@@@AA@@@@@AA@@@@@AA@@@@AA@@@@B@@A@@@@@A@@@@@@BA@@@@@@@A@@@@@A@@@A@@@A@@@@@A@@AA@@@A@@@@B@@@@AB@@@@@@A@@@@@@@A@@@@@@@A@@@@@@BA@@@@@A@@@@@@@A@@@@@@@A@@@@@@@A@@B@@@@AB@@@@A@@B@@@@A@@@@@@BA@@@@AA@@@@@A@@@AA@@@@A@@@@@@@@AA@@@@@AA@@@@@@@@AA@@@@@@A@@A@@@@A@@A@@@A@@@A@@@AA@@@@A@@@@A@@@@A@@@@@@@AA@@@@@@A@@@@A@@@@A@@@@@AA@@@@@@@@A@@@@A@@@@AA@@@@@AA@@@@A@@@@C@C@AACBA@CAA@C@@@@B@@@B@@@B@@@@@B@@@@@B@@A@@B@@@@AB@@@@@@@@AB@@@@@@@BA@@@@@@@@BA@@@@@@@A@@B@@A@@@A@@@@@A@@@@@@@A@@@@@A@A@@@@@A@@@A@@@@@A@@@@@A@@@A@@@@@A@@@@@A@@@@A@@@@AA@@@@@@@A@@@@@A@@A@@@@A@@@@AA@@@@A@@@@@@AA@@@@@A@@A@@A@@@A@@@A@@@@@A@@BA@@@AB@@@@A@@@A@@@A@@BA@@@@@A@@@@@A@@@A@@@AA@@A@@@A@@@A@@@A@@@AA@@A@@@@@A@A@@@A@@@A@@AA@@@AB@@A@@@@@A@@@A@@@A@@@A@@@AB@@@@A@@BA@@@A@@@AB@@A@@@AB@@@@A@@BA@@@A@@@@@A@@BA@@@@@A@@@A@@@A@@@@@A@@@A@@@A@@@A@@@A@@@A@@B@@A@@@A@@@@@A@A@@@@@A@@@A@@@@@A@@@A@@@A@@@@@AB@@A@@@@@A@@@A@@@@@A@@@A@@B@@A@@@@@A@@@A@@@@@A@@@@@A@AB@@@@A@@@@@A@@@A@@@A@@@AB@@A@@@@@A@@@@@A@@@A@@@@BA@@@A@@@A@@@@@A@@@@@A@@@ABA@@@@AA@@@A@@@A@@A@@A@@@@@A@@@A@@@@@AA@@A@@@@@A@@@@@@@A@@@@@A@@@@@@@A@@@@@A@@@@@@@A@@@A@@@@@A@@@A@@B@@A@@@A@@@A@@@@@A@@@A@@@@@A@@@@BA@@@@@A@@@@BA@@@@@A@@B@@@@AB@@@B@@A@@B@@@@A@@@A@@@A@@@@@A@@@A@@@A@@@@@A@@@A@@@A@@@A@@@@@A@@@A@@@A@@@A@@@@@A@@AA@@@A@@@A@@@@@A@AA@@A@@@A@@@A@@@@AA@@@@@@@A@@@A@@@@@@@A@@@@@AB@@@@@@A@@@@BA@@@@@@BA@@@@@@B@@@B@@@B@@@B@@@@@B@@@@@B@@A@@B@@@@A@@B@@@@@@AB@@A@@@A@@@AB@@@@A@@@@@A@@@@@@@A@@@A@@@@@A@@@@@A@@@@@A@@@@@A@@@@@A@@@@@A@@@A@@@A@@@@B@@A@@B@@A@@B@@AB@@@@A@@B@@A@@B@@@@A@@@@B@@@@@@AB@@@B@@@B@@@@AB@@@@@B@@@@@@@B@@@@@@@BA@@B@@A@@@AB@@@@A@@B@@A@@@@BA@@@@@@@AB@@@@@@AB@@@@@B@@@@AB@@@@@B@@@@AB@@@@@B@@@@@B@@@BA@@@@B@@@B@@A@@B@@A@@@@@@BA@@@@BA@@@@@@BA@@@@B@@A@@B@@A@@@@B@@A@@@@BA@@@@@AB@@@@A@@@A@@@@@A@@@@@A@@@@@A@@@A@@@@@A@@B@@A@@@@@A@@@@@A@@B@@@@@B@@A@@B@@@@@BA@@@@B@@A@@B@@A@@@@BA@@@@@A@@@@@AB@@A@@@A@@A@@A@@A@@@A@@@@@AA@@A@@@@@A@@AA@@@@A@@@A@@AA@@@A@@@@@A@@AA@@@A@@BA@@@@@A@@BA@@@A@@@A@@B@@A@@@@@A@@@AB@@A@@@@@A@A@@BA@@@@@@BA@@@@@AB@@@@AB@@@@AB@@@@A@@B@@A@@@@BA@@@@@AB@@@B@@A@@B@@@@A@@B@@@@A@@@AB@@@@A@@@@B@@@@A@@@AB@@@@@B@@@B@@@@@@@B@@A@@@@B@@@@@B@@@@@B@@@@@@@BA@@@@@@B@@@@@B@@A@@@@B@@@@A@@B@@A@@@@B@@A@@B@@A@@@@BA@@@@@AB@@@@A@@B@@@@@@AB@@@@@@@BA@@@@@@B@@A@@@@B@@@@@BA@@@@@@B@@A@@B@@@B@@FDHBHCPKHABBAJBL@FABOCG@EDGBGBC@AB@DA@EBABA@FJHX@F@@MHA@DDD@@BABCH@@DJFBDBBB@@@D@B@@A@@B@@@@A@@@@@@BA@@@@BEFCBEAS@@@EB@R@N@FAP@DAHFHHJFH@DFFFD@@CD@BBHBFA@ABEBAD@@@F@@BHDJAD@BCB@DJPBDB@DFDDLHDDDH@BEBCF@B@FJLJF@BFB@@DED@@@DBDB@AB@F@D@F@F@D@@@FCBCDGFGDAD@@@JBHBDAB@FEFILE@C@@HAHAD@F@FAHAF@DBFD@@B@B@FEBG@@N@FD@@BB@@IHMPCFCL@@CFABA@CA@@C@A@@@@BA@AD@BBF@D@@BBD@BB@@BBDDBB@BBB@@A@@B@@C@@@AB@BB@NFDB@@BDHA@@BBNLFDB@H@@@VG@@DGAE@ADCB@B@HBH@BCFEDCHA@@HEFG@@HA@@D@DAFAB@FER@HBJBL@J@@@BB@@HBR@@BLLB@BA@@@G@@DCJ@JANMRAD@@@BABA@EBI@@DC@@AGCIB@NBBCBCJABA@GBQ@EHC@@BCDIBAB@V@DDBDBBHA@@DCBAB@PC@@@E@E@ADCDC@ADKHGD@JA@@@@FA@@@@VAL@NCFCBCBGDK@@BAJEHCBCB@BM@ABCN@DAHEFAHAXAB@@@B@@@B@@A@@B@@@@@BA@@@@B@@A@@@@BA@@@@@AB@@@@@B@@@@@BA@@B@@@@@@@B@@AB@@@@@@@BA@@@@@@@@@A@@@A@@AA@@@@@A@@AA@@@@@A@@@@@@AA@@@@@@@A@@@@@@AA@@@@@@@@@A@@A@@@@A@@@@@@@@AA@@@@@A@@@@@A@@@A@@@@BA@@@@AA@@@A@@@@AA@@@A@@A@@A@@@@AA@@A@@A@@A@@A@@A@@A@@A@@AA@@@@@AA@@@@AA@@A@@@@@A@@BA@@@A@@@A@@@A@@@A@@@@@A@@@A@@@@AA@@B@@A@@@A@@BA@@@@@AB@@A@@@@@A@@@AB@@@@A@@@@@@@@@A@@@@@AB@@@@A@@@A@@@@@AB@@A@@@@@A@@@A@@@A@@@@BA@@@A@@@A@@@A@@@@@@@@@@@A@@BA@@@@@A@@@A@@A@@A@A@@@@@@@A@@@@A@@@@A@@A@@@@@@@A@@@@AA@@@@@@@@@A@@@@@A@@@@@@@AA@@@@AA@@@@@@@@@@@AA@@@@AA@@@@A@@A@@A@@A@@@@@AA@B@@@@A@@B@@A@@B@@A@@B@@@@A@@B@@A@@B@@@@AB@@@@A@@@@@@@A@@@@@@@A@@A@@@@A@@@@@@@@@A@@@@@@@AA@@@@@@A@@@@@@@A@@@@@@@A@@@@BA@@@A@@@AB@@@@A@@BA@@@@@A@@BA@@@A@@@@B@@@@@BA@@@@@@B@@@@A@@B@@@@A@@B@@A@@@@@AA@@A@@@@@@AA@@A@@A@@A@@@@A@@A@@A@@@@AA@@@@@A@@@@@AA@@@A@@@A@@@@@A@@@@@A@@@@AA@@@@@A@@@@@A@@A@@A@@@@AA@@@@A@@@A@@A@@A@@@@@A@@BA@@@@@A@@@A@@@@@A@@@A@@@@@A@@@@@@@A@@@@@@@A@@@@@A@@@@B@@A@@@@@@@A@@@@@@@A@@@@@@@A@@@@@@@A@@@@@AA@@@@A@@@A@@A@@@@@@AA@@@A@@A@@A@@@A@@AA@@@A@@@AA@@A@@@A@@A@@A@@@@@A@@A@@@@AA@@@@@@AA@@A@@A@@@@AA@@@A@@@@AA@@@A@@@@@A@@@@@@@@AA@@@@@A@@@@@@@A@@@@@@@@@A@@@@@A@@@@@@@@@A@@@A@@@@@AB@@A"],"encodeOffsets":[[122546,32368]]}},{"type":"Feature","id":"320412","properties":{"name":"武进区","cp":[119.958773,31.718566],"childNum":1},"geometry":{"type":"Polygon","coordinates":["@@@@@@@@@AB@@@@AB@@@B@@@BA@@B@@@BA@@B@@@B@@A@@B@@@BA@@B@@@B@@A@@B@@AB@@@@AB@@@BA@@@@@@BA@@@@@@BA@@@@@@BA@@@@@AB@@@@@@AB@@@@@BA@@@@@@BA@@@@@@BA@@@@@@BA@@@@B@@@@A@@B@@@@A@@B@@@@A@@B@@@@@BA@@@@B@@@BA@@@@BA@@B@@B@@BB@@@@BBB@@BB@@@B@@BB@@@BBB@@BB@@B@@BBBB@@@BBB@@@@BBB@BB@BB@@@B@@@B@@@@@B@B@@@B@@@BA@@B@@@B@@@B@@@@@B@@@@AB@@@@@@AB@@@@A@@@AB@@@B@@@B@@@@@@@B@@@B@@@@@@@B@@@@@@@B@@@@@B@@@@@B@@@@@@@B@@AB@@@B@@@B@@@B@@@@@B@@@@AB@@@B@@@B@@A@@B@@@@A@@B@@@@AB@@@@@B@@@@@B@@@BB@@B@@@@@BB@@B@@@BA@@@@@A@@@@@A@@BA@@@@B@@@@@BA@@@@B@@@@AB@@@B@@@BB@@B@B@@@@@B@@@B@@@B@@@BA@@B@B@B@@AD@BABA@@BA@@BAB@B@@@@@B@BA@@B@@@B@@@B@@@B@@@@@B@@AB@@@B@@@B@@@B@@@B@@@B@@@B@@@B@@@B@@@@@B@@@@@B@@@B@@@@@B@@@@@B@@@@@B@@AB@@@@@@@BA@@@@@A@@@@@@@A@@BA@@@A@@@@@A@@@A@@B@@@@ABB@@@@@@BB@@@@@@B@@B@@@@B@@@@@@BB@@@@@FDD@DCDAHAV@JADED@@D@@@@@@@B@@@@@@@@@@@@A@@B@@@BB@BB@@@@B@@@@@@@@@@@@@@@@B@@@@@@@@@BB@@@@@@@@@A@BBEDGDEDEBABEBCDCBMFKHCBABBF@@BD@B@@@BB@AB@B@@@BB@B@B@B@@@@@DB@@@@@@B@DBH@DBD@B@DB@@BB@@BB@BBB@BBB@@@@B@B@B@B@D@H@@@DBB@@@BB@B@B@@BBB@B@DAJAFAH@DABBJHFDF@HGFI@DB@@@B@@@D@@@@B@BA@BB@@B@@BB@D@ADAB@DB@@BB@B@@B@AD@B@@D@@AB@B@BB@BBBB@BDDBBB@BBB@@A@@@ABABBB@@@BA@@B@@A@AB@AAB@@@JDD@B@AB@@B@B@@@D@DB@@BCBBDBD@BB@BBBB@@@B@BAB@@@B@@@@@B@@@AB@BFB@@@@AB@B@BDBBBBDB@@BBA@BB@@@@B@BBAF@F@F@@BB@@@@AB@BB@@B@@CB@@@B@ACFABABABABBB@B@B@B@D@B@JBA@DA@ABABAB@@AB@@AB@@AB@@AB@@@@ABA@@BA@ABCBA@AB@@A@A@A@@@AB@BC@C@ADE@ABEBC@A@@BA@@BAB@BAB@@ABA@ABC@AB@@C@@BA@A@@@CGAEAA@C@IACAAHEH@BA@@@@@M@EFKCG@AAGCAG@QFaAGBKAEA@BCBQAAEABEC@GAEA@CAE@CACLCHCOMCA]RCK@IAaASCMAECMEAOAIAAAACEECAEGGCECECIEGC@A@EAOEEAACAGEEGGEA@AAAC@@BA@ADCBABCACAECC@A@ADEDAHEJEFDD@F@FCHEJ@D@RA@GFCAWFC@KBABCEG@CHAF@HFN@AODCDABDDADA@@EGOOMQCGEU@CHMeOABA@CAQGcSKKUyIwB[BGFCZEEFAHY@GUEiHOFgNSNOXET@RNtNTFPBRLDVCHADDD@FOJADKFKBE@GFCBUC@@@@A@@BA@@@@@A@@B@@A@@@A@@@@@@@@B@@A@@@@@AB@@@@AB@@AA@@@A@@@@@@@A@@@@@A@@@@@@@@@A@C@GEDGHOPABOHBN@F@@@@@F@@A@@B@@@@@B@@@@@BA@@B@@@@@B@@@B@@@@@B@@A@@B@@A@@@@@A@@@A@@@@@A@@@@@AB@@A@@@A@@@@BA@@@A@@@AB@@A@@@@@@@A@@BA@@@A@@@@@A@@BA@A@@@A@@@A@@BA@@@A@@@A@@BA@@@@@A@@@AB@@A@@@AB@@A@@@@@AB@@A@@B@@@@AB@@@@@@AB@@@@A@@B@@A@@@@BA@@@@B@@A@@@@@A@@@A@@@A@@@A@@@A@@@AA@@A@@@A@@@@@A@@@A@@@AA@@A@@@A@@@A@@@@@A@AA@@A@@@@@A@@@A@@@A@A@@@A@@A@@A@@@A@A@@@A@@@A@@@A@@@@@AA@@A@A@@@@@A@@@A@@@A@@@A@@@A@@@A@@@A@@@@@A@@@@@@@A@@@@@A@@@AA@@@@@@A@A@@@@@A@@@A@@@@@A@@@A@@@A@@@@@A@@@A@@@A@@@A@@@A@@@A@A@@@A@@@AB@@A@@@A@@@AA@@A@@@A@@@A@@@@@A@@@A@@@@@A@A@@@@@A@@@A@@@@@A@@@A@@@@@A@@@@@@@A@@@A@@@A@@@@A@@A@@A@@@AA@@@@A@@@@AA@@@@A@@A@@@@@AA@@@@@AA@@@@@AA@@@@A@@A@@A@@@@AA@@@@@AA@@@@AA@@@AA@@@@@@AA@@@@A@@A@@A@@@@@AA@@A@@@A@@@A@@@A@@@@@A@@@A@@@A@@@A@@@A@@@A@@@A@@@A@@@A@A@@@@@AB@@@@A@@B@@A@@@AB@@@@A@@B@@A@@@@BA@@@A@@B@@A@@B@@A@@@AB@@@@A@@B@@A@@@@BA@@@@BA@@@@@@BA@@@@@@@AB@@@@AB@@A@@B@@A@@@@BA@@@@@AB@@@@AB@@@@AB@@@@A@@B@@A@@@@@AB@@A@@@@@A@@B@@A@@@@@A@@@A@@@@@AB@@@@A@@@@@A@@@@@AB@@@@A@@@A@@@@@A@@@AB@@@@A@@@@@A@@@A@@@A@@@@BA@@@A@@@A@@@@@A@@@A@@@A@@@A@@@@@A@@@A@@@A@@@A@@B@AA@@@A@@@@@A@@@@@A@@@A@@@@@A@@@A@@@A@@@@@A@@@@@A@@@@@I@CBC@ABC@@BA@MBABA@ABA@EBE@E@ABABC@A@GAA@AAECAAAAA@AAE@A@A@AB@B@@A@@B@@@B@@@@@B@@@B@@@@AB@@@B@@@B@@@BA@@@@B@@@B@@@B@@@@@B@@@@@@@B@@@@@@@@@B@@@@@@@B@@@@@@@B@@@@@@@B@@@@@@@B@@@@@@AB@@A@@@A@@B@@A@@@A@@@A@@AA@@@A@@@A@@@A@@@A@@@@@@@@B@@@@@@AB@@@@@@@B@@@@@B@@@@A@@B@@@@@@AB@@@@@@A@@B@@@@A@@@@B@@@B@@@@@B@@@BA@@@@B@@@@@B@@A@@B@@@B@@A@@B@@@@@BA@@@@B@@@B@@A@@@@B@@@@AB@@@@@BA@@B@@@@@BA@@@@B@@@@AB@@@@@B@@A@@B@@A@@@A@@@A@@@A@@@A@@@AA@@A@@@A@@@AB@@@@A@@@@BA@@@@B@@@@@B@@AB@@@@@B@@@@@BA@@B@@@@@B@@@B@@@@@@@@@B@@@@@B@@@@@@@@@B@@@@@@@B@@@@BB@@@@@@@@@B@@@@@B@@BB@@@@@B@@BB@@@@@BB@@@BB@@@@@@BB@@@@@BB@@@@@B@@@@BB@@@B@@@BB@@B@@@B@@BB@@@B@@@@BB@@@B@@B@@@@B@@@@B@@@B@@B@@B@@@@@B@@@@@@@B@@@@@@@B@@@@@@@B@@@@@@@BA@@@@@@B@@@@@B@@@@@@@B@@@@@@@B@@@@@B@@@B@@@@@B@@@B@@@@AB@@@B@@@@@BB@@@@B@@@B@@B@@B@@B@@@@BB@@@@@B@@@@@B@@B@@B@@@@@B@@@@@B@@@B@@@B@@B@@@@@B@@@@BB@@@@@BB@@@@B@@B@@@@BB@@@BB@@@@@@@BB@@B@@@@@BA@@@@B@@A@@@@B@@A@@@@@@@AB@@@@A@@@@@@B@@AB@@@B@@@@AB@@@B@@A@@B@@@B@@AB@@@@@B@@@@@@@B@@@@@@@B@@@@B@@B@@@@@@@B@@@@@@@@@B@@B@@@@B@@@@@@@B@@@@@@@B@@A@@B@@A@@@@BA@@@@B@@A@@@@BA@@@@BA@@@@B@@A@B@@B@@@@@BB@@@@BB@@@@@BB@@@@BB@@@@@@@@@@B@@B@@B@@B@@@@@@@B@@@@@B@@@@@@@@BB@@@@@B@@@@@@@BB@@@@@@B@@B@@@@@@@B@B@@@@BB@@@B@@@@@B@@AB@@@@@@@@@@@B@@@B@@@B@@@B@@A@@B@@@B@@@B@@@@@B@@@BA@@@@B@@@B@@@@@BA@@@@B@@@@@@@@@B@@@@@BA@@B@@@@@B@@@BA@@@@B@@AB@@@B@@@@AB@@B@@B@@@B@@@@@B@@@B@@@B@@@B@@@B@@AB@@@@@B@@@BB@@@@BB@@@@B@@BB@@@@BB@@@@BB@@@@BB@@@BB@@@@@BB@@@@B@@BB@@@@@B@@BB@@@@AB@@@@@B@@@B@@@@@B@@@@BB@@@@@@@@@B@@B@@@@B@@@@@@@@BB@@@@@@@B@@@@@@BB@@@@@@@B@@@@BB@@@B@@@@BB@@@B@@@B@@@@@@@@AB@@@@@@A@@BA@@@@@@@A@@@AB@@@@A@@@@@A@@B@@@@AB@@@@@BA@@@@@AB@@@@A@@@@BA@@@A@@@@DCJGL@HDHBBAF@JADF@@AB@@@BB@@@@@@B@B@@@B@AA@@BBB@@B@ABB@@@@B@@@@B@@B@@A@A@@@@@ADB@@@@@@@BBAB@@BB@BB@@@@@A@@BAB@@@@@B@@A@@BA@@@@BA@@A@@AA@@@@BA@A@@AA@@@@C@@@@@@@@DA@@AABAB@B@@@@@@@B@BD@@B@@@B@@@@@@@B@D@@@@@@@@@@@@@@BB@@A@@B@B@BA@@B@@AB@D@@@D@BABB@@@A@@AD@@@@@@B@@@@@@B@@B@@@@A@@@A@@@@BA@@@@@@@@B@@BAA@@ABB@@@A@@@@@@B@@@@@B@@B@@@@@B@BA@@@@@@BB@@@@A@@@@@@BA@B@@@B@@@@A@@@@B@@@@@@@@AA@@@BAB@@@@@A@@A@@@@@@BA@@AAACAB@A@@@A@@@@@@B@@@B@BA@BA@@BB@BB@@@@HB@A@@AA@@BA@@B@@@DB@@@AB@@EDBB@BB@@@B@@@B@@@BB@HA@D@BBAB@@@@@@@BA@@@@B@ABB@@BB@@@@@@A@@@@@@B@@@@@B@B@A@@BA@@@@B@@@@@@@B@@@B@@@@@B@@@BB@BAB@@@@@B@@@B@@AB@@@@A@@B@@A@@B@@@B@@@@@@@@@B@@@@@@@@@A@@BBA@@@@@BB@@@@@@@BCHBD@F@F@@D@DA@@@AFD@@@B@AAB@@AB@@BB@@B@ADBCF@BB@@B@@DB@AB@@@@@@BB@@BB@@BB@@@@@@BB@@@@@@@B@@@@BB@BA@BA@B@B@@@A@@@B@@A@@B@@A@@B@@@@@B@@@B@@A@@@@AA@@B@@BDA@BB@@@@@@@FA@ABB@A@@B@@AA@@@@ABABA@@@@B@@@@BB@@@@B@@@B@@BB@@@B@@BB@@B@@@A@@@B@@@B@@AB@"],"encodeOffsets":[[122741,32528]]}},{"type":"Feature","id":"320481","properties":{"name":"溧阳市","cp":[119.487816,31.427081],"childNum":1},"geometry":{"type":"Polygon","coordinates":["@@AA@@A@AAA@@AA@CCAAAA@@@AAAAA@@@AAA@A@@@A@@AA@CAC@A@@AA@@A@CCAAA@AAAAAC@@@A@CAA@@@@@@@AAC@AA@AAAEAC@CACAA@C@A@AAC@AACA@@@@AA@@@A@@@A@@@A@@@A@@@AB@@@@A@@@AB@@@@A@@@A@@BA@@@@@A@@@@@A@@@A@@@@@@@A@@@@A@@A@@A@@@@@@@A@@@@@@@A@@@@@@@@@A@@@@@A@@@@@@@A@@@@@@@@@A@@@@@@@A@@@@@A@@@@@@@@@A@@@@@@@A@@@@@A@@@@@A@@@@@A@@@@BA@@@@@@@@BA@@B@@@@@BA@@B@@@@CBC@C@@BAB@@A@@CQ@@@A@@A@@@@@A@@@A@@@A@@@A@@@A@@@A@@@A@@@@@AA@@@@@@@A@@@@@A@@@@@@@A@@@A@@B@@A@@@A@@@@B@@@B@@@B@@@B@@@B@@@@@B@@@BB@@B@@@B@@@@@B@@@B@@@B@@@B@@@@@B@B@@@B@@@@@B@@@B@@@B@@@BB@@B@@@B@@@@@B@@@B@@@@@@A@@@A@@@@B@@@B@@@BA@@@@@@@A@@@@@@@A@@@@@A@@@@AA@@@@@AA@@@@A@@@@@A@@AA@@@@@A@@@@BA@@@@@@@A@@@@B@@A@@@A@@@A@@@@AA@@@@@A@@@@@A@@A@@@@AA@@@@@A@@@A@@@A@@@@@A@@@@@AA@@@@@@@@@A@@@@@@@A@@@@@@@A@@@@@@@@@A@@@@@@@A@@@@@@@A@@@@@@@A@@@@@@@A@@@@@@AA@@@@A@@@@@A@@@@@AA@@@@@A@@@@@@@A@@@@@@@@@A@@A@@A@@@@@@A@@@A@A@@@A@@@A@@@A@@@@@AB@@A@@@@@A@@@@@A@@@A@@@A@@BA@@@A@@@A@@@A@@@A@A@@@A@@B@@A@A@@@A@@@@@A@@@@@A@@@@A@@A@@@@@AA@@@@@@@A@@@@@@@A@@@@@@@A@@@@@@@A@@@@@@@A@@@@@A@@@@@@@A@@@@@A@@@@@A@@@@@A@@@@@A@@@@@@@A@@@A@@@A@@@A@@@A@@@A@@A@@@@@AA@@A@@@A@@A@@A@@@A@@@@AA@@@A@@@AA@@@@A@@@A@@A@@@@A@@@AA@@@@A@@@@@AA@@@@@@A@@@@A@@AA@@@A@@B@@A@@@A@@@@@A@@@AB@@@@A@@B@@@B@@@@@@AB@@@@A@@@@B@@A@@@@@A@@@@@@@A@@@@@A@@@@@@@A@@@@@A@@@A@@AA@@@A@@@@@AA@@A@@@@@AA@@@@A@@AA@@@@@A@@AA@@@@@AA@@@@A@@@@@A@@@@@AA@@@@A@@@@@A@@A@@@@A@@@@@AA@@@@A@@A@@A@@@@@AA@@@@A@@@@@AA@@A@@@A@@@@AA@@@@@A@@@AA@@@@A@@@@@A@@@A@@@@@A@@@@@A@@@A@@@@@@@A@@@@@A@@@@@A@@@@@A@@@@@A@@@@@@@A@@@@@A@@@@@A@@@@@A@@@@@A@@@@@A@@@@@A@@B@@A@@@@@@@A@@@A@@@@@ABEBC@G@IAAECEIGG@A@G@@@@@A@@@@@@BA@@@@B@@AB@@@@@@A@@@@@@@A@@@@@@@A@@@@@@@A@@@@@A@@@@@@@A@@@@@A@@@AB@@A@@@A@@@@@AB@@@@AB@@@BA@@@@BA@@@@B@@AB@@@B@@A@@B@@@B@@AB@@@@@@A@@B@@@@A@@@@@@@A@@@@B@AA@@@@@@A@@A@@@@A@@@@A@@@@A@@A@@@@@@@@@A@@B@@@@@@A@@@@@@@A@@@A@@@@@AA@@@@A@@@@@A@@A@@A@@@@@A@@@@@@@A@@@@@@B@@AB@@@B@@@@@BA@@B@@@@@@A@@@A@@@A@@@@@AA@@@@@@AA@@@@@@AA@@@@@AA@@@@A@@@@A@@@@@A@@@A@@@A@@@@@A@@BA@@@A@@@A@@@@@A@@@@@AB@AA@@@A@@@@@A@@A@@A@@A@@A@@A@@@@A@@A@@@@AA@@A@@@A@@B@@@@A@@BA@@@@@A@@@@AA@@A@@A@@A@@A@@A@@AA@@@@AA@@@@A@@B@@@@@@@BA@@B@@@B@@AB@@@B@@@BA@@@AB@@@@AB@@@@@B@@@B@@@@@B@@@@@@A@@@@BA@@@@@@@A@@@@@@BA@@@@B@@A@@@@B@@@@AB@@@@AB@@@@@BA@@@@@@BA@@@@B@@@@A@@B@@@@@B@@@BA@@@@B@@@B@@@@@B@@AB@@@B@@@@@BA@@@@@@@A@@B@@A@@@AB@@@AA@@@A@@@@A@@A@@@AA@@@@AA@BA@@@@@AB@@@@A@@@A@@@@@A@@@AB@@A@@@@@@@A@@@A@@@A@@@A@@@A@@@@@A@@@A@@@A@@@A@@@@@A@@@@@A@@@@@A@@@A@@@AB@@A@@@@@A@@@A@@@@@A@@@@@A@@@A@@@A@@@@@A@@@@AA@@@@@A@@@A@@@@@A@@@@@A@@@@@A@@@A@@@A@@@@@A@@@@@AA@@@@@A@@@A@@@A@@@@@A@@A@@@@@@A@@@@A@@A@@@@@@@A@@@AA@@A@@@@@A@@@@A@@A@@A@@@@A@@A@@@@AA@@@@@@AA@@@@@AA@@@@A@@A@@A@@@@@@@AA@@@@A@@@@@@@A@@A@@@@@@A@@@@@A@@A@@@@A@@@@@@@A@@A@@A@@@@@@@AA@@B@@A@@@@@@@A@@@@@A@@@@@A@@@@@@@A@@@@@A@@@@@@@A@@@@@@@A@@@@@@@A@@@@@A@@AA@@@@@A@@@@AA@@@A@@@@@A@@@@AA@@@A@@@@@AA@@A@@@@@AB@@@@A@@@A@@@A@@@@@A@@@AB@@A@@@@@AB@@A@@@AB@@@@A@@@AB@@A@@@AB@@@@A@@@AB@@@@A@@BA@@@A@@@A@@B@@A@@@@@A@@@A@@@A@@@@@A@@@@@AA@@@@@@AA@@@@@@AA@@@@@@@@@A@@@@@@@A@@@@@@@A@@@@@@@@@A@@@@@@@A@@@@@@AA@@@@@@@@@A@@@@@@@A@@@@@@A@@A@@@@A@@@@@A@@@@@@BA@@@@@@@AB@@@@@@@BA@@@@@@@AB@@@@@@@BA@@@@@@@AB@@@@@@A@@@@@A@@@@@@@A@@@@@A@@@AA@@A@@@A@@@@@A@@@@@AAA@@@@@A@@@A@@@A@@@A@@@A@@@A@@@@@@@A@@@AB@@A@@@@@@BA@@@@B@@A@@B@@@@AB@@@@@B@@@@@@@B@@@@@@@B@@@@@@@B@@A@@BA@@@@@AB@@@@AB@@@@AB@@@@A@@B@@A@@@@BA@@@@@@@AB@@@@@@A@@@@B@@@@A@@@@@AB@@@@@@A@@@@B@@@@A@@@@@@BA@@@@@@@AB@@@@@@A@@@@@@@A@@@A@@@@@@@A@@@@@@@A@@@@@A@@@@@@@A@@@@@@@A@@@@@A@@@@B@@B@@B@@@B@@@@@BA@@@A@@@@BA@@@@@A@@@@@@@A@@@@@@@A@@@A@@@@@@@A@@@@@@@AA@@@@@@AA@@@@AA@@B@@A@@@A@@@AA@@@@@AA@@@AA@@@@@AA@@A@@@A@@@@@A@@@A@@@@BA@@@@@@@AB@@@@A@@B@@A@@@@@AB@@@@AB@@@@@@A@@@@@@@A@@@@@A@@@@@A@@@@@@@A@@@@@@@A@@@@@@@A@@B@@AA@@@@@A@@@@@AA@@@@A@@@@A@@A@@@@A@@A@@A@@@@@A@@@@@A@@@@@@@A@@@@@AB@@@@@@A@@@@@@B@@@@@BA@@@@B@@@@@@@B@@AB@@@@@B@@@@@B@@@B@@@@@@@@@B@@@@@@@B@@@@@@@B@@@@@@@@@B@@@@@@@B@@@@@@@B@@@@@@BB@@@@B@@B@@@@B@@B@@B@@@@BB@@@@B@@B@@@@@B@@@B@@@B@@@B@@@B@@@B@@@B@@@B@@@B@B@@@B@@@@@@B@@@B@@@@A@@@@B@@A@@@@@A@@B@@A@@@AB@@@@A@@@@BA@@@@@A@A@@@@@AB@@A@@@A@@A@@@@@@A@@@@A@@@@@A@@AA@@@@@A@@@@@AA@@@@@@AA@@@@AA@@@@@@B@@@@@B@@@BA@@@AA@@@@A@@@AA@@A@@@AA@@@@A@@@@@@AA@@@@@@@AA@@@@@@A@@A@@A@@@A@@@A@@@A@@BA@@@@@A@@B@@A@@B@@AB@@@@@B@@@B@@@@@B@@@@@B@@@B@@@@A@@@@@A@@@@@@BAA@@@@A@@A@@@@A@@A@@A@@@@@@B@@@@A@@@@B@@@@@@@@@BA@@@@@@B@@@@@@@B@@A@@@@@@B@@@@@B@@A@@B@@@@@B@@@@@B@@@B@@@@A@@B@@@B@@@@@B@@@@@B@@AB@@@@@@@B@@B@@B@@@@@@@B@@BB@@@@@@@B@@@@BB@@@@@B@@@@@B@@@@@@@B@@@@@@@B@@@@@@@B@@@@@B@@@@@@@B@@@@@@@B@@@@@B@@@@@@@B@@B@@B@@@B@@B@@B@@@@@@@B@@@B@@@B@@@@@@AB@@@@@@@@AB@@@@@@@B@@@@@B@@@@@B@@@@@@BB@@@@@@BB@@B@@@BB@@@@B@@@BB@@B@@@@BB@@@@@@BB@@@@@@@@B@@@@@@@BB@@@@B@@@@@@@@@BB@@@@@@B@@@@@@@B@@@@BB@@@@@B@@@B@@@@@B@@@@@B@@@B@@@@@B@@@B@@@@@B@@@@B@@@@BB@@@@@@@B@@@@BB@@@@@@@B@@B@@@@B@@@@B@@@@@B@@@@@B@@@@@B@@@@@B@@@@@B@@@@@B@@@@@@AB@@@@@BA@@@A@@@@@A@@BA@@@A@@@A@@@@@A@@@@@AB@@@@@B@@@B@@@@@B@@@B@@@B@@AB@@@@@B@@@@@B@@@@@B@@A@@B@@@@@@@BA@@@@B@@@@AB@@@@@B@@@@@@@B@@@@@@@B@@@@@@@@@B@@@@@@@B@@@@AB@@@@AB@@A@@B@@@@A@@BA@@@@B@@@@A@@@@BA@@@@@@BA@@@@@@BA@@@@@@@@B@@@@@B@@@@@B@@A@@@@@@B@@@@@B@@A@@@@B@@@@A@@@@@A@@@@@AA@@@@A@@@@@A@@@AA@@@@@@A@@A@@@A@@@A@@@@@@@A@@@@@@@A@@@@@@@A@@@@@@@@@A@@@@@@@A@@@@@@@A@@@@@@@@@A@@@@@@@A@@@@@@@A@@@@@@@A@@@@@@@A@@@@@@@A@@@@@@@@@A@@@@@@@A@@@@@@@A@@@@@@@@@A@@@@@@@A@@@@@@@A@@@@AA@@@@@@AA@@@@AA@@@@AA@@@@@AA@@@@A@@@@@@@@@A@@@@@@@A@@@@@@@A@@@@@@@AB@@@@@@A@@@@@@@A@@@@@@AA@@@A@@AA@@@@@AA@@@@A@@@AA@@@@A@@A@@A@@A@@A@@A@@@AA@@@@A@@@@@AB@@@@@BA@@@@B@@A@@B@@A@@B@@A@@@@@A@@@A@@@A@@@A@@@A@@@A@@@A@@@A@@@A@@BA@@@@@A@@@A@@@@@A@@@AB@@@@@@A@@@A@@@A@@@A@@@AA@@A@@@A@@@@@A@@@@A@@@@A@@@@@A@@@A@@@@BAA@@@@A@@@@@A@@@A@@@@@AA@@@@A@@@A@@@@@A@@@A@@@@@A@@@A@@@@@A@@@A@@@@@A@@@@@AA@@@A@@A@@A@@A@@@AA@@A@@@@@AA@@@@A@@@AB@@@@A@@@A@@@A@@@@@A@@@A@@@@AA@@@A@@@@@AA@@@@AA@@A@@@@AA@@@@@AA@@@@AA@@@@A@@@AA@@@@A@@@AA@@@@A@@@A@@AA@@@A@@@@BA@@@AB@@@@@@@B@@A@@@@B@@@@@@@B@@@@@@@BA@@@@B@@@@@@@@@B@@@@AB@@@B@@@@@B@@@@A@@@A@@@AB@@A@@@A@@@@@@@A@@@A@@@@@A@@@@@A@@@@@A@@@@@A@@@A@@AB@@A@@@@@A@@@@@@@A@@@@@A@@@@A@@A@@@@A@@@A@@A@@@@A@@@@@AA@@@@A@@@A@@@@@A@@@@@A@@@A@@@@@A@@@A@@@@B@@A@@@@B@@@@@@@BA@@@@@@B@@@@@@@B@@A@@@@@AB@@A@@@A@@BA@@@@@A@@@@@A@@@@BA@@@A@@@A@@@A@@@AB@@A@@@@@A@@@A@@@@@AB@@@@A@@@A@@@@@A@@B@@A@@B@@AB@@@@@@AB@@A@@@@@@B@@@@@B@@@@@@@@BB@@@@@@@B@@@@@@@B@@@@@@@B@@A@@@@@@@AA@@@@A@@@@@A@@A@@@@A@@@@@AA@@@@A@@@@AA@@@@AA@@@@@AA@@@@@@@AA@@A@@@@A@@@@@@@A@@@@BA@@@@BA@@@AB@@@@@BA@@@@B@@A@@B@@@B@@AB@@@@@@@B@@@@@B@@@@@@BB@@@@@@@B@@@@@@@B@@@B@@@B@@@B@@@B@@B@@B@@@B@@@B@@@@@B@@@@@B@@@B@@@B@@@@@B@@@B@@@@@B@@@@@@BB@@@@AB@@@@AB@@@@A@@@A@@@A@@@A@@@A@A@@BA@@@@@A@@@@@AB@@@@A@@@@BA@@@@@AB@@@@A@@@@@A@@BA@@@A@@@A@BB@@@@B@@@B@B@@@B@@@B@@BB@@@@B@@@B@B@@@B@B@@B@@B@@B@@BB@B@B@@@B@@@B@B@@B@D@B@B@@AB@@AB@@@BA@@B@@@@@B@@B@@B@@B@@BB@@@@BB@@@@B@B@@BB@@@B@D@B@BBB@@@@@BDBBB@@@B@@B@@B@@BB@@@@BB@@@@@BB@@@@@@B@@BBBBB@BB@BB@@@BBB@BBB@@B@@@@B@BB@BB@BB@@B@@@@@@@@B@@@@@@AB@@@@@@@BA@@@@B@@@@AB@@@@AB@@@@A@@B@@A@@@@@A@@B@@A@@@@@A@@@A@@@@@A@@@@@A@@@A@@@A@@BA@@@@@@B@@AB@@@B@@@B@@@@@B@@AB@@@B@@@@@BA@@@@B@@@@AB@@@B@@@@A@@B@@@@AB@@@@AB@@@@A@@B@@@@AB@@@@A@@B@@A@@B@@AB@@@@AB@@@@AB@@A@@B@@A@@@@BA@@@@@A@@BA@@@A@@@A@@@A@@@A@@@@@A@@@@@A@A@@@@@A@@@@@A@@@@@A@A@@@@@AA@@@B@@@@A@@@@B@@@@@@@B@@A@@@@B@@@@@@@B@@@@A@@B@@@@@B@@@@@@@B@@@@@B@@@@A@@B@@@@@B@@@@@@@B@@AB@@@@@B@@@@@@@B@@@@@@@B@@@@@@@B@@@@@@@@@B@@@@@B@@@@@@@B@@@@@@@@@B@@@@@@@B@@@@@B@@@@@@@B@@@@@@@@@B@@@@@@@B@@@@@B@@@@@@@@@B@@@@@@@B@@@@@@@B@@@@@@@B@@@@@@@B@@@@@@@B@@@@@@@B@@@@@@@@@B@@@@@@@B@@@@@B@@@@@@@@@B@@@@@@@B@@@@@@@B@@@@@@@B@@@@@@@B@@@@@@@B@@@B@@@@AB@@@B@@@B@@@@@B@@@@@B@@@B@@@@AB@@@@@B@@@@@B@@@@AB@@@@@B@@@@@@@B@@@@@BA@@@@@@B@@@@@@@B@@@@A@@B@@@@@B@@@@@@@B@@@@A@@@@@@@A@@@A@@@@@@@A@@@@@@@A@@@@@@@AA@@@@A@@@@@AA@@@@A@@@@@A@@@A@@@@@AB@@@@@@@@A@@B@@@@A@@@@@@BA@@@@@@@AB@@A@@@@BA@@@@@A@@@@@A@@@A@@@@@@BA@@@@@A@@@@@A@@@@@@B@@@@@B@@@@@BA@@BB@@B@@@B@@@@@B@@B@@BB@@@@BB@@@@BB@@@@@BB@@B@@B@@B@@BB@@@@@@B@@BB@@@@@BB@@B@@@@BB@@@B@@@BB@@@@B@@@@@B@@BB@@@@@B@@@B@@@@@BB@@B@@@@@B@@@B@@@@BB@@@@@B@@@B@@@@@B@@@B@@@B@@@B@@@@@BA@@@@@AB@@A@@@@@@BA@@@A@@@AB@@A@@@@@@B@@@@@B@@@@@@@@@B@@@B@@@@BB@@@B@@B@@B@@@@BB@@@BB@@@@BB@@@@@B@@@B@@@B@@@@@B@@@B@@@B@@@@@B@@@B@@@B@@@@@B@@@B@@@@@B@B@@@@@B@@@B@@@@BB@@@B@@@@B@@@@@@BB@@@@@B@@@@@@BB@@B@@@B@@@BB@@B@@@@@BB@@@@B@@@@@B@@@@@B@@@@@B@@@B@@@@@B@@@@@B@@@@BB@@B@@@@B@@B@@@B@@@BB@@B@@@@@B@@@B@@@B@@@@@BB@@@@@BB@@@@B@@@@BB@@@@@@BB@@@@@@B@@B@@@@B@@@@@@BB@@@@@B@@@BB@@@@BB@@@BB@@@@BB@@@BA@@@@@@B@@A@@@@@A@@@@@@@AB@@@@A@@@@@A@@@A@A@@BA@@@A@@@@@A@@@@@A@@@AB@@A@A@@@@@A@@@AB@@A@@@@@@B@@@@@B@@@@@@@B@@@@@@@B@@@@@B@@@@@B@@@@@@BB@@@@@@@B@@@@@B@@@@@@@B@@@@@@@B@@@@@B@@@@@@B@@@@B@@@@B@@B@@@@@@BB@@@@@@@@@BB@@@@@BB@@@@@@BB@@@@@@@B@@@@@@BB@@AB@@@@@B@@@B@@@@@B@@B@@@@@@B@@B@@@@@B@@B@@B@@@B@@@B@@@@@B@@@@@B@@@@@@@B@@@@@B@@@@@B@@@@@B@@@@B@@B@@@@@BB@@@@B@@@@BB@@@@@BB@@@@B@@@@BB@@@@@B@@B@@@B@@@@@@@B@@@@@B@@@B@@@@@@@B@@@@BB@@@@@@@@BB@@@@@@B@@@@B@@B@@@@@@@@BB@@@@@@@@@BB@@@@@@B@@B@@@@B@@@@B@@@@B@@@@@@BB@@@@B@@@BB@@B@@@@@B@@B@@B@@@B@@A@@@@B@@@@@@@B@@@@A@@B@@@@@@@@@B@@@@@B@@@B@@@B@@@B@@@B@@@@@@@BB@@@@@@B@@@@@@@@BB@@@@@@@B@@@@B@@@@B@@@@@B@@@@B@@@@B@@@@@@@BB@@@@B@@B@@B@@@@@B@@BB@@@@@B@@@B@@BB@@@@@B@@@BB@@@@B@@@@@B@@B@@B@@@@@B@@@@@BB@@@@B@@@@@@@BB@@B@@@@@@@B@@BB@@@@@@@B@@@B@@BB@@@@@B@@@@@@@B@@@@@B@@@@@@@B@@@@@B@@@@BB@@@@@B@@B@@B@@@@@BB@@B@@@@@B@@B@@B@@@BFC@@XHPFD@HBHFFBPHLDFDDDBDDBLFHDNLTV@BDJFNB@BAFAB@@CBAD@HAHAFCH@PDBA@EAKBIAAGBOLGDGAEC@@@A@@@AB@@@@A@@@@B@@A@@@@@A@@B@@@@A@@@@B@@A@@@@@@BA@@@@@@@AB@@@@@BA@@@@B@@A@@B@@@@AB@@@@A@@B@@@@AB@@@@@@A@@B@@@@A@@@@@A@@@@B@@A@@@@@@@A@@@@@A@@@@@A@@B@@@@A@@@@@@@A@@@A@@@@BA@@B@@@@@@A@@B@@@@@BA@@B@@@@@@AB@@@@@@AB@@@@A@@BA@@@@B@@A@@B@@@@AB@@@@@BA@@@@BA@@@@BA@@@@B@@A@@@@B@@AB@B@@@@@B@@@BA@@B@@@@@B@@@@AB@@@B@@@B@@AB@@@@@B@@AB@@@B@@BB@@@@@B@@@B@@BB@@@B@@@@@BB@@@B@@@@@BB@@B@@@@@B@@@BB@@@@BB@@@B@@@BA@@@@B@@@@@B@@A@@B@@@@AB@@@@A@@B@@A@@@@@AB@@@@A@@@@@AB@@@@@B@@@@@B@@@@AB@@@@@B@@@B@@@@@B@@@@@B@@@@@B@@@B@@@@@BA@@@@B@@A@@B@@@@A@@B@@@@AB@@@@A@@B@@A@@@@B@@A@@B@@A@@@@B@@@@AB@@@@A@@@A@@B@@A@@@A@@@@@A@@@@BA@@@@@A@@@@BA@@@@@A@@@@BA@@@@@@BA@@@@@@B@@A@@B@@@@AB@@@@@BA@@B@@@@AB@@A@@@@@@@A@@@@@@@A@@@@BA@@@@@A@@@A@@BA@@@@@@@A@@B@@@@@@AB@@@@AB@@@@@BA@@@AB@@@@AB@@@@A@@B@@@B@@@B@@@@@B@@@@@B@@@@@B@@@@@B@@@@@B@@@@@B@@@B@@@@@@@B@@@@@B@@@@@BA@@B@@@B@@@BA@@@@@@@AB@@@@@@AB@@@@A@@@@@A@@@@@A@@@A@@@A@@@A@@@@B@@A@@@@B@@A@@B@@@@@@@BA@@@@B@@@@@@@B@@@B@@@@@@@B@@B@@B@@@B@@@B@@@BBB@@@@@B@@@B@@@B@@BB@@@@@B@@@B@@@B@@@B@@@@@B@@@B@@@B@@@B@@@@@B@@@B@@@B@@@@@B@@@B@@@B@@@@@@AB@@@@A@@BA@@@@@AB@@@@@B@@A@@B@@@@@B@@A@@B@@@@@B@@@B@@@@@B@@@B@@@B@@@@AB@@@B@@@@@B@@@B@@@@@@@B@@@@@B@@@@@@@B@@@@@B@@@@@@@B@@@@@B@@@BB@@@@B@@@B@@@@@B@@@@BB@@@B@@@B@@B@@B@BA@@B@@@@@B@@@@@B@@@B@@@B@@A@@B@@@B@@@@@B@@@@@B@@@BA@@B@@@B@@@B@@@@@B@@@@@BAB@@@@@B@@@@@B@@@B@@@@@B@@@@AB@@@B@@@@@B@@@B@@@@@B@@@BA@@@@B@@@B@@@B@@@@@B@@@B@@@@@B@B@@@@@B@@@B@@@@AB@@@B@@@B@@@B@@@B@@@B@@@@@B@@@B@@@B@@@@@B@@AB@@@@@B@@@B@@AB@@@@@BA@@B@@@BA@@B@@@B@@AB@@@@@BA@@B@@@B@@@B@@@B@@@@@B@@@BA@@B@@BB@@@B@@@B@B@@@@@B@@@BB@@B@@@B@@@B@@@B@@@BB@@B@@@B@@@@@B@@@@@B@@AB@@@B@@@B@@@@@BA@@B@@AB@@@@@B@@@B@@@B@@@@BB@@@@@B@@B@@@@B@@@@@BB@@@@@B@@B@@@@B@@@@@B@@@@@@BB@@@@@B@@B@@@@@B@@@@@B@@@B@@@@@B@@@@@B@@@B@@@@@B@B@@@@@B@@@@@@@B@@@@@B@@@B@@@@AB@@@@@@@B@@A@@@@@@B@@A@@@@@@BA@@@@@@@@BA@@@@@AB@@@@A@@@@@A@@@@@A@@@A@@@A@@"],"encodeOffsets":[[122487,32317]]}}],"UTF8Encoding":true}