{"type":"FeatureCollection","features":[{"type":"Feature","id":"321203","properties":{"name":"高港区","cp":[119.88166,32.315701],"childNum":1},"geometry":{"type":"Polygon","coordinates":["@@@KBAJGJEF@JBVHD@@CBA@A@ACM@AAE@@@GAKDAPBB@D@D@FADA@@@B@B@D@D@BB@@@@BDFDFDJDF@FAD@BABCBABA@@HF@B@NDJBB@DB@B@F@D@NBFDBHBJDDBFDF@l@JBd@p@DCFEDCJGBAAA@A@AaABIBEFGJIFCHAF@JIHIHIBA@CKKOKEE@C@EBEDAHDF@`ONCP@RHBKDIEKCMBKJIFE@E@EFEBGCEKOQIOCKCGIIGEBGNIHQBKBEH@HAPIHOHOBM@KEGGI@WLKDK@EEBABCAA@C@CBC@C@G@C@C@A@ABAFC@@@A@AEKAABABABA@ACMAAAAE@AEB@BAB@DADCIGMHGDeJ@E^GFATIFABAB@B@FCDCHG@A@A@CCECCEECEAGGSCQACACEGAACCCEAAAC@AAGAA@AMQ@@@A@@@@DA@@@@agAHCHAHAFAHCB@HADAFAFAH@F@DAF@F@FCLAFCD@H@F@DAFAFCL@DERAFADADCDADADADCFADEHCDCDCFCDCFCDCDKJCBCFGBEFCBGDCBCBGDGBHHDBDBJJD@FFFDDDFDDHBFADAF@@@@@@ABCD@FBBDDAD@FBDAH@DAFAFFDFDBDDBDBFDBDDDBHADADCDGJEFEHAFDHBBFDDB@@@@BB"],"encodeOffsets":[[122731,33186]]}},{"type":"Feature","id":"321202","properties":{"name":"海陵区","cp":[119.920187,32.488406],"childNum":1},"geometry":{"type":"Polygon","coordinates":["@@o@c@IAk@E@ECCAICGACAAE@M@C@E@ACAA@IAMCA@E@@GB@BADABA@ABC@ECECICECE@A@@A@@A@C@C@A@A@@CBEBC@C@A@OACBBL@H@@BF@BDN@B@BAB@DC@UGIAE@IFIHAB@LDF@D@FFBDBF@DBJBBFADKF@FDJBDBDCDGBGFAFAFAFCNADEHSCSGUJIHFR@F@D@F@H@DHDFFBJ@DAF@D@@@F@H@DAH@FAJ@JBDFHDDDDDBDFBD@H@BADEDGBCDCFCHAFADCDCH@D@HDFBDJEFAH@HBH@JEH@HALEJENBH@JANKLEFCRELAPAT@FELELDJDTBJA@@FYHGX^HNJLFAPOFCJLBF@HBDN@VALIDKCGAGBEHCDECKBKRaBIGKBMBQBIAGKGEIGMIQECMGGCEIEEGEDEBADCFA"],"encodeOffsets":[[122891,33212]]}},{"type":"Feature","id":"321283","properties":{"name":"泰兴市","cp":[120.020228,32.168784],"childNum":1},"geometry":{"type":"Polygon","coordinates":["@@EAECEGAEAAEE@GHEFABE@QDCLKFIBCAAQGGABkAGCCCGAMHQ@AAAAAC@BMFGLIJBFCJUDSACGA@EAIEEAEGMCCAC@E@E@CCAA@CAGA@KCCAAHgF@BAFMDI@E@IE@E@E@K@C@CBC@K@IFOJWHKEIIEIEECEIGOEYGGK@AICKECC@@@@ACEAIAMGE@AAEAIAIBKAKCGBC@K@SCM@MCKAG@C@GCCDCFIAMAAAGCEAGCC@CAGAGAI@IAKAICGCICIEIGAACACAGGKKEGCG@GH@DEB@DAAIQaGE@@@@AAMIAC@C@EGBIWEICGEQKFURMJe\\CJEJENoe_I`CLAHCFbh@@@@CB@@@@@B@@NR@BBBBH@BBDBBDFDDBBFHBDBDDRHTBHDFFFDDDF@D@B@BGHCDEDA@A@ABEBSJEB]H@FfIHCNGJHCDCBA@ABA@BFF@BBBBDN@BABABABBBFL@B@B@@EDAB@B@B@D@D@H@DAD@D@DBBADABFFL@LCXKJ@HHLFN@PAPGJGBO@GFGLARAJGHMFAJHHJLDPDRJLPDFAHEF@F@FEFIJALDNFLCJALPHNFPDJ@TAJALUHIPAPATBPDPDXHLFTBPDNCLGJGLILELGLAHAT@L@NBJHAN@HDLDDJDHDD@@@D@FFNCL@P@H@BFDDD@DBDBJ@FBBBJFLBFDFBH@@QAALEFM"],"encodeOffsets":[[123249,33135]]}},{"type":"Feature","id":"321282","properties":{"name":"靖江市","cp":[120.26825,32.018168],"childNum":1},"geometry":{"type":"Polygon","coordinates":["@@yTkVA@OB[BWDG@EAmUeQWKKE_SOOSOcSi[KYgMMCC}FJÏbXFRDHFJJXHA@F@DBDNJBB@@@@HFRbBJCBA@CFG@@HDHFHLLHHDBDBBBJHJFJDHDJDLBJBJ@HBHBDBD@HDFBHDBBNBJBDEDCHDD@H@LBNDN@TDL@D@HALDLBJAJBFBBBF@NHJBFBBD@@@@DDLFJD@BHLZHPFJHDFFFFJJJLFXGPIJEL@D@DAD@L@F@F@F@DBFA\\CD@@BP@H@F@FA`CPCL@JAN@DAHEaJGpMFADMBID[FGFELEP@D@JELC@MCETOBAAGIM@A"],"encodeOffsets":[[123447,32790]]}},{"type":"Feature","id":"321204","properties":{"name":"姜堰区","cp":[120.148208,32.508483],"childNum":1},"geometry":{"type":"Polygon","coordinates":["@@FDF@J@HBF@F@F@F@F@DAF@HAD@FAF@F@DAF@HBFDD@D@FBFBJ@D@F@D@FAF@F@HAHAJAFCFIL@RFTHJFAHCL@HFJLLTJPFNDNBNBHAFE@KNCFBJMAM@E@CLDB@@@@@F@LAJBLCCEACBO@MCECG@ABADCBG@C@G@CC@@E@C@CBCMEAFIEA@@C@@@@DA@ABABCBI@IBABABBFAHCHBJFH@DBHDJANBDAND^H@H@HD@N@@@DKF@DABCBAF@BICO@A@EB@JCB@@AB@DIB@@ABEFCB@FAD@JKHADBHHBBH@DBDFBBHBHBDBBBBBDBBAHI@C@K@CFIBECE@A@AHI@AAACAHMDGBCBA@EAGCMAMAC@E@GAIDAAKFCDGAAAAI@AAG@@CAGBA@AD@D@@@DEBCBC@CFKBC@ABAB@@AACBA@AA@@A@ABABC@AAA@A@EBCBIBG@G@E@AB@FC@@BC@ABCAE@G@EBEBI@A@CBEBE@I@ADCBIBCBCBA@A@ACEEEDKDAHEH@FDDBB@BADGDEBADCO@K@MDEEC@@@C@GCICCCCK@GBMIGMAK@S@GBKBKHKFKJIHKHMDOCSAKEWGOCOCSAOBOBGJKVIBSBI@OCMEOGQGO@MD_PE@GCCBAF@F@DFFPLLL@DABGJGJIJE@GBEDIJEHAFAJbB@B@BBBABIHCDEFCDEBCDABCFHFFFFJHDNHFDJRHNFJLHBHAJARANHLAJQbALDLCFGDAFBHDHCLKJUBM@AC@GAEIKEDOPEBIKGMW]GHEZ@@IBSAICKCKFEFS@OBKBQFEDKFMLIBG@MAIFKFGBG@IFG@GAG@EBIF@FBD@F@FADCDADCDCD@FDFDBPLDLBDBDFJBDFFF@HAFADAFAJCJEDEHEFCFCFAFAD@F@L@F@FBFBF@FBDBBDDBAH@DCBAFCDADADCD@F@DBDBD@D@J@FAFADAFAD"],"encodeOffsets":[[122773,33459]]}},{"type":"Feature","id":"321281","properties":{"name":"兴化市","cp":[119.840162,32.938065],"childNum":1},"geometry":{"type":"Polygon","coordinates":["@@KDIAKBE@@@@@A@KC@D@FBNINEAMD@LEFGBMAMAMCOESIKKEI@GDKBGIESGQEK@EJEDIBGBGBE@E@EBC@E@C@I@EAEAC@C@ECGAE@CBE@E@EBC@GBE@CBE@E@E@E@E@GAI@E@ECE@G@C@E@C@GBEBCBCD@DBLBFBHDBDHCBADEDEDKBEDAD@FADBFAFADADEFEDEFGHAF@DAHBFBFDDD@DDDBFBDFHHFDDBDB@FAFEDCBIBYBGBKDCBCFCDCB@JABDJFFBJIBC@ICMGECE@GBCBEBEBCBCD@BA@ADBHBF@FDDDFHDFDBD@B@DAHEDCD@D@BDDNJBBMHC@@@@B@@DDDB@BBBBDCF@@GFCBABDLAD@@KDCL@DCL@FAFBF@D@D@DCFADGDGAECEEGGCAACGCMAECC@E@GBMBE@E@CBGDCDAFCHAFAFCHAFBFBD@FBFADGDEBADEDADCHCRADBD@DDFDH@H@FBFDDBFBF@NBD@FBDADEFIHABCHAD@D@F@B@@@@@FAHELADADALAF@F@H@FADAF@FCJEJCFIJEFCBCDEDEDIDGHCDEBEBBH@H@L@FADBD@FBFFVH^@@B@F@@L@@BDBBDBDBHDDBBBNH@BFDFF@@JDHH@@FH@DFJBDFD@@HE@@F@@@BB@JBDBBBL@B@H@BB@@@BA@@B@@@@@B@@@B@@@B@@A@@B@@@B@@@@@B@@@B@@@@@B@@AB@@@@@BA@@B@@@@AB@@@B@@AB@@@@@BA@@B@@@@AB@@@@@@A@@@@@A@@@@@@@AB@@@@A@@@@@@@A@@@@@AB@@@@@@@B@@@@AB@@@@@B@@@@@B@@@B@@@@@B@@@@@B@@A@@A@@AA@@@@BA@@@A@@@A@@@@@A@@@A@@@A@@@A@@@@A@@@@@A@@@@@@@A@@@@@A@@@@@@@A@@A@@@@A@@@@@A@@@@@@@A@@@@@A@@@@@@AA@@@@@A@@@@@@@A@@A@@A@@@@@A@@@A@@@@@A@@@@@@@@@A@@@@@A@@@@@@@A@@@@@@@A@@@@@AA@@A@@@@@A@@@@@@@A@@@@@@@A@@@@@@@@@A@@@@BA@@@@@@@A@@@@@@@@@A@@@@@@@A@@@@@@BA@@@@@@BA@@@@B@@@B@@A@@B@@@@@B@@@@@BA@@B@@@@@B@@@@AB@@@@@@@B@@@B@@@@@@@B@@@@@@@B@@@@@B@@@@@B@@@@@@@B@@@@@B@@@@@@BB@@@BB@@@@@@B@@@B@BA@@@@A@@A@@@@AA@@@@@A@@A@@A@@@@AAB@@@@A@@@@BA@@@@BA@@@@B@@A@@B@@AB@@@@A@@@@@A@@@@@@@A@@A@@BA@@@A@@B@@AA@@@@A@@@@@A@@A@@A@@@@AA@@@@@@A@@@@@@@AA@@@@@@A@@@@@@@@@A@@@A@@@@@A@@@@@A@@BA@@@A@@@@A@A@@@A@@@A@@@A@@@AA@@@@@@@@@A@@@@@@@A@@@@@A@@@@@@@@@A@@@@@@BA@@B@@@@AB@@@@A@@B@@@@@@A@@@@@A@@B@@@@@@A@@@@@@@@@AB@@@@@@A@@@@@@@AB@@@@@@@@A@@B@@A@@@@@@B@@A@@@@@@B@@@@@B@@@@@B@@@B@@@B@@@B@@@@@B@@@BBB@@@B@@@@AB@@@@@B@@@@@B@@@@@@@B@@@@@@@B@@@B@@@@@@@B@@@@@@@B@@@@@B@@@@@@@B@@@@@@@B@@@@@B@@@@@B@@@@@@@B@@@@@B@@@B@@B@@B@@B@@B@@@BB@@@@B@@B@@B@@@BB@@@@BB@@@@B@@@@@B@B@@B@@B@@@B@@@@@BB@@@@B@@@B@@@B@@BB@@@B@@@B@B@@@BB@@B@@@B@@@B@@@BB@@B@@@B@@@B@@@BB@@B@@@B@@@B@@BB@@@B@@@B@@@B@@@BB@@B@@@B@@@B@B@@BB@@@B@@@@@B@@@BBB@@@B@@@B@@@B@@BB@@@@@B@@@B@@@BB@@@@B@@@B@@@B@@@@BB@@@@@B@B@@@@@BB@@B@@@B@@@@@B@@@BB@@@@B@@@B@@@B@@@BB@@@@B@@@B@@@@@BB@@B@@@B@@@B@@@B@@@@@BB@@B@@@B@B@@@@@B@@@B@B@@@B@@@@BB@@AB@@@@@B@@@@@B@@@@@B@@@@@B@@@@@@@B@@@B@@@@@@@B@@@@@@@B@@@B@@@@@@@B@@@@@@@B@@@B@@@@A@@@@@A@@B@@A@@@@@A@@@@@A@@@@@A@@@@@A@@@@@A@@@@AA@@@@@A@@@@A@@A@@@@@A@@B@@@B@@@BA@@@@B@@@BA@@B@@@B@@@@BB@@@@B@@BB@@@@@B@@@@@@@BB@@@@@@B@@@@@@B@@@@@B@@@B@@A@@B@@@@@B@@@B@@@@@@@B@@@@@B@@@@@B@@@B@@@@@B@@A@@B@@@BA@@@@BB@@@@@B@@@@@@@B@@@@@@@B@@@@@@@B@@@@@@B@@B@@DB@@B@BABAD@B@D@BAB@BBB@B@D@B@D@B@D@B@BBB@B@FBHBJBFDD@@BB@DAD@D@HALAF@HADAD@D@DAB@B@F@B@B@DBFBB@J@H@B@JDJFFD@@B@@A@ABA@@LBF@B@D@D@F@HBHBHBJDJBHBB@D@FDNHJFLFRLD@BBBAHAD@FAHAD@DAJCDAD@HCDAD@HCD@BAFADADAHADAHAFAHAFAFCFAD@FAFAF@HCHADAD@LCLEHAJCFADAPCBAB@FAD@H@FAF@HAD@D@F@D@F@HAB@@BB@BAFAHCD@B@B@DBB@D@F@L@H@F@D@D@FAD@F@FADA@@@@@AAA@AAA@C@A@A@AAC@A@AAA@@@AAA@A@AAA@A@C@@@AA@@A@@@A@AB@BABC@CBC@@@C@C@C@A@C@@@AAAAC@A@A@ABADCBA@CBCBAFADABADABA@A@AA@@@AA@AB@B@BAB@B@@ABA@A@ABCBA@C@C@C@@@ABA@AAC@CAG@C@A@C@C@CAA@A@CAE@E@C@K@GBG@G@CBABCBCAC@CAGACCGACCEACACACAACC@A@ABABE@G@CAAAAEAA@A@ADC@EBA@AE@E@CD@BAJAB@AA@CCAAA@ABI@AAAEEGCCAAAAAC@E@QBS@GBK@I@GB@E@GGAAA@AQ@IAGDM@IBAF@LEBqDBA@G@A@cHEBCACA[AA@A@AAEAG@AB@N@D@DAD@D@D@BABA@@B@D@B@@CAGAC@@TCBGACEMCAG@I@B@@E@GAAIKIECECK@@P@J@@AACEKEIMBC@C@C@C@EBCBCCCCEA@A@E@AFADABCDEBA@ACCBA@AKGEAAE@ABAFCPAH@@CHCFCDAF@HDNNBBDHLBLBB@PFDBFGDGBE@ECECCCCIEECCEEGEGAEG@WEWCFIAIB[BCCAIGCEIDEFA@QK@EHGAEAAOBEBC@@AAKCIACACAAACGBEBC@GGAA"],"encodeOffsets":[[123008,33469]]}}],"UTF8Encoding":true}