{"type":"FeatureCollection","features":[{"type":"Feature","id":"321102","properties":{"name":"京口区","cp":[119.454571,32.206191],"childNum":1},"geometry":{"type":"Polygon","coordinates":["@@d`BBCDBDFDNH@@@BCFPBRDN@DAR@@C@@@AAQ@@I@A@A@@A@w@G@O@EU@MB@q@EBC@CBA@CBABADAFAHCDAZCrAZBPFVFdNbVNNHNFPHABA@A@@@EB@DCH@HAHC@@B@TGDC@CAAAGACCAGE@ADGBC@@@@@@BCBAJDF@DABA@C@@@AC@AB@@C@CC@@CCAA@A@CB@B@@BB@@@BABABA@C@C@ABA@AB@D@D@B@B@@ABE@@CEEAI@@@@A@@AADKDCBA@C@ABA@@B@@@@@@A@@@A@@@A@@@@@AA@@@A@@@C@A@A@A@@AAAA@CAA@AAI@@AA@A@@@A@@B@@@BC@@DA@@@C@@@@B@BA@@BAB@@A@@BAB@@E@E@AA@@@AA@@@CA@@BA@AB@@A@@A@A@@@A@@@@BA@AAC@A@AB@@@B@@A@@BA@@@@@@B@B@@A@@BA@@@BBA@@BBB@@A@AB@@AB@@@@EAA@@@CAAA@@@@A@@@@BABA@A@@@@C@@AAA@@@A@AA@@@@AA@AC@ABA@@@AB@D@B@@@B@@CDC@ADA@@@A@@A@@A@ABAA@@@ABCAAA@GAC@C@CAC@A@@C@@@A@A@@@ABADADCDC@A@@AAEBCBA@O@@A@@@A@@@AC@@@@A@E@@BA@C@A@CBABA@A@@C@@@C@@@@BABAB@@A@@A@@@D@@CBC@@@AB@@A@@B@@@@GFA@A@@@@AA@@@@@C@@A@@A@AB@@@@@A@A@@CA@@@@AB@@C@C@@B@@@B@B@B@@A@@@A@@@AB@@@BA@CBA@A@@B@BA@AA@@@AC@@BAB@@A@@@@A@A@@EAC@A@@BA@@@@@@@A@A@@@A@@AA@@@BA@@@@EB@AA@@C@@@@@A@@E@@AC@AB@BA@CB@@AB@@BBBFA@@@A@ABE@A@ABAB@@@@@@ADAB@@A@@B@B@@AB@@@@@@@B@@A@@@A@@@@@@D@BAB@D@@A@@BA@@@@BBBBAD@B@@@@B@B@@@B@B@@@@A@@@@@A@@@A@@@A@@@A@@@@A@@@AEAA@GCA@AA@AB@@@@AB@@@AAC@@@@A@C@@CI@@A@@@AAAAA@@@A@C@A@C@CBCBA@A@A@@AA@@A@@@@C@@@AA@@@A@@A@KFYbEJORADABCF@@FFABAB@BAB@BCDGF@@EAA@@@AB@@A@CA@@EBIB@@CDAB@B@@@H@D@BAB@D@@ABA@A@A@@BADAB@D@@BB@@B@LBD@DBDDFFJFJDBBBB@@ADABADMrH@bAtKFABABAFG@@D@B@HH"],"encodeOffsets":[[122388,33027]]}},{"type":"Feature","id":"321111","properties":{"name":"润州区","cp":[119.414877,32.213501],"childNum":2},"geometry":{"type":"MultiPolygon","coordinates":[["@@NqBCBABC@@AAAAICIEEECCCAC@KAA@@@AA@@@CBABC@AB@B@B@BA@@@CBA@A@C@G@@@ABADC@@JAFA@@DBB@@@BA@@B@FB@@HEDC@ABA@ABABAEE@@DEBABCPQFIZaLEB@@@@@@@@A@@@A@@CECACC@@@A@A@@@@@@@@@A@@@@@BA@@@@AA@@@A@A@@@C@ABA@A@CAEAC@E@CBABABA@A@@@AA@@@@A@BBA@A@@@@AA@AD@@@BA@@@@B@@AB@@@@@@@@@B@@B@@B@@A@AB@BAA@@C@BF@@@BGBECAAAAB@@@BA@@@@AAA@@@C@AAA@@@CA@@A@AA@@IFIDCBA@@@@BAAABCA@@@B@@AACBC@@@A@@@@BA@BB@BDDBF@@@@@@@B@B@@B@@B@@@@@@B@@@@BA@@@@@@@@BB@@@B@@@B@@B@@@A@@@@@A@@@@B@@@B@@B@@@BADA@@@A@@@@A@@ABAB@BA@@@@@GAA@CBA@@@@BA@@@@@@@@@C@@@@AA@A@@@@AA@C@A@@CAA@AA@@A@@@@@@@A@@@@BA@@@A@@@@@@BC@@@@B@@@@@@@@@@@A@@C@@B@@@BA@@@@@@DB@AB@@ABAB@AA@A@@@A@A@@@AA@A@@ADAAA@CA@AAA@A@@AA@@B@@A@AB@@@B@@@B@@@@A@BBA@@@A@@@A@@A@@@@@@A@@@@BCAA@ACA@AAG@IBEB@@CBA@@@@ABA@@@@A@A@EA@@A@@@A@@@A@@@@@@@A@@B@@@B@B@@@@@@A@@@A@@A@A@@@@AB@@@@@@@BA@@A@@C@@@BA@A@@@@A@@BA@@@E@C@@@@BAD@B@@@@DB@@AF@@CB@BD@@BCB@BA@@B@B@BA@@@@B@@B@HB@@B@B@@ABC@@BA@@B@B@B@@F@BA@@B@@A@A@ABC@@BB@B@BBD@@@B@BB@@@D@@@@C@AB@@A@A@@BA@@A@BA@A@@@@@A@@@C@EA@@AA@@A@AAA@CBAB@@A@@BCBBB@@B@@@@@@@BB@@BB@@@@B@@@@@B@@B@@@@@BABBDBB@B@B@@@@@B@B@@@@@@@@A@@BA@@@@B@BC@KBA@@BAB@@@B@@@@A@@@CACC@@C@ABM@CBKACBE@A@@JN@PBD@NDF@THFBFBDBJFFDBDDBJPJJJLRT`XlVrJ"],["@@DBBB@B@DA@@@@@A@@@@@A@@A@A@@ADBBADB@B@@B@@B@B@@@B@D@@@@A@@BA@@D@@BBBB@@@@ABA@@B@B@B@B@B@@@BB@@@@B@BBCBBD@BB@B@@@D@B@D@@BDB@@@@JBF@FB@AJK@@@@@C@A@@B@B@@@@@@ABA@BBA@BLBB@@AAA@ADEA@@@BA@@BCA@AA@AABCA@A@@BA@@A@@@@ABA@@@@A@@@AB@@@B@@@@A@A@C@@@@AA@AA@@@@@@BA@@BA@A@@@@@@@A@@@@@AAB@@@BA@A@@@@@A@AA@@@@A@@B@B@@@@@@CB@@AAA@@@@AA@AA@BCBEBGB@@IFGFIAKE@@GJCB"]],"encodeOffsets":[[[122326,33037]],[[122157,32870]]]}},{"type":"Feature","id":"321181","properties":{"name":"丹阳市","cp":[119.581911,31.991459],"childNum":1},"geometry":{"type":"Polygon","coordinates":["@@EDCAA@@@CCEGA@CA@@IFELELEH@@GCKICBADADCDCBKBGCACAA@AKAKAEBGF@@QAOBA@EAIKO]IOGSCC@@@@@ADAF@DA@@@A@@CAA@@ACEAEB@BC@AAC@@AA@G@AA@CA@G@ADC@AS@C@@HCF@DAHIDKHGFE@CGGEI@GAEAC@A@CBC@@@@AA@@QAIKGIII@@CBA@@@@@CB@@@CDI@@@AB@PM@K@QAA@@NSB@NDJFbBRAH@IMMWAA@@@@ECGECA@@@I@AEAACAA@CBCDCDCBAAAGBC@CAI@C@@@@@WB@@AC@O@@EEAC@@BA@AAEAC@@A@@@CA@@O@BI@AAEIIMSBC@IBEAACG@GHKDI@CA@WBGBEBGFCBM@AD@BANA@ADGDIFAB@@CLAHADEDMDK@UB@@@@EB@@@@IBC@GHCL@BCDCD@B@F@F@@ODA@ABCD@@GBAAACCCU@A@ABCJAD@@GD@FAR@HABIBADADMAA@DJBH@@CD@@AJ@FABAB@@C@QBMNIBI@CD@@@H@@ABA@KK@AQ@GA@@AA@@I@K@IAGAQ@EFA@EBCBC@@@GB@@EHGF@@GBCDEFADG@GAA@A@CD@BBFCH@@UH@@G@A@ECMKAA@@GBAC@@CAMEA@ABCBA@ABE@@@A@@DAB@D@B@D@@@B@B@B@@AD@BEBAB@B@@@D@BBD@D@B@B@BIH@F@HFJDDDDLNFFDTAJ@J@HBFDHJRDHBHDF@JCFEFCHBHFHFHDFDDLLBFAFABCJAD@F@HBFHFH@JAD@D@HDDDDFDBBFDFHPDH@@@@HJBF@DD@X@@@AFFDJBB@@@DC@@@@HB@@B@HETKJE@AB@B@DBD@B@BBB@@B@@@B@@BABCBABAB@HAD@B@BAB@N@F@FBLABDDFDDDF@D@B@BBBD@DADADAFCDAHCFEDADABEFCD@FCFBDDHFFDDDBDDFD@TNDBHHBHBFBNDBH@DAFADAFAFADAH@FBFBDDFBFBFDFBTH@DCDEBADEFADDBDFFFDFBBFBHBD@HCDABCHGDCNKD@F@R@J@JANCD@LAHADA@@D@FBB@B@B@DAHABANDB@BDBADCHCFAZDLANCJCNGLEDALEFADCHABA^U\\YDC@@@@@@BCBCBO@E@CCC"],"encodeOffsets":[[122775,32815]]}},{"type":"Feature","id":"321182","properties":{"name":"扬中市","cp":[119.828054,32.237266],"childNum":1},"geometry":{"type":"Polygon","coordinates":["@@HAHCDADAHCDAFEHADEDALIDCDCDEDCDEDCDCFGBCDEBCBCBCDCBCBCBEFQ@CDKBEBE@C@E@GDCBEDK@E@EBE@C@EBGBEBEBC@GDABGBEBGDGBGDEBGDKJ_`fpFMEAQ@QCCC@@A@C@A@]DM@GAG@CBA@EDIJADCDADEPEPCHAH@DBF@@DD@D@FAPADAD@@@@@@CD[Z]VABGBCDEBKFCBKFMHIDMDKBYCEBGDCDABEJAF@JBJBNDJFLDLDJALAHAHAF@DDFJHFBNBH@FBFDDF@D@FCDCFIFGDE@UCQ@SBUJKHIFMHCDQJEFCBCDEDEFEDEDCBCDEBEBGBCBE@EBABMBVhFHT\\JJBBNP^TpJbADAF@HADAFAFAFCDADADAFCDAFE"],"encodeOffsets":[[122695,33078]]}},{"type":"Feature","id":"321112","properties":{"name":"丹徒区","cp":[119.433883,32.128972],"childNum":1},"geometry":{"type":"Polygon","coordinates":["@@ADAFAPDD@BBHAJBLAJBN@J@FDLFFBFBH@HALAN@FBHDTDFFHFBHBHBH@HALBFBDFBF@FCLCJ@@@@A@GLIHCJDFDFBDDDBBDH@L@JAFCDAFAD@HADAF@FADAD@FCFEFCDE@IDC@GBGFEDADCDAFCBEHGHBBB@@B@@B@BB@@DA@@@@@@@A@AB@@@@@BBB@@@@@B@B@@A@@BA@B@@@@@B@@@@@@@BAB@@AB@@@@@@BBB@@B@@D@B@B@@@@@@A@@BA@@B@@@@@AB@B@@B@@@AB@@@BDBBA@BBBB@AD@@AB@@B@CF@BBB@BA@KA@AAB@AAB@B@@@@A@A@@@@B@D@@@@IL@BEAE@IA@@@@CA@AC@A@C@@@A@A@@AACDAAAA@@@@@AA@@A@A@A@A@A@@@AB@B@@A@AA@AC@@@AB@@@B@@C@A@@@A@A@@@@AA@A@BCAABC@@@B@BB@@@@@B@@@@@B@@C@AAACAEBQJGDAJEPGF@@GJ@DCBG@EBEBGBCDCDAD@FBFBN@D@L@BBF@F@DBHBH@DFDLFBBFDDDBDFBDF@D@DADgZQHYLXLPFH@FBD@F@H@FAF@FBN@HBD@N@RAJ@RBHAD@HAF@H@F@D@RCbE@@LA\\@N@IKIIIOCAACECIECAEAEASGE@MCC@OAM@@IB@F@DALBDAN@BAD@@@DDDB@@B@@@@@@A@@BA@AB@LAD@@A@A@@B@@AB@@@@@@@@@@A@A@@@@@A@AAAACBA@A@@@@@AA@@@@@A@@@@@AA@@AA@@@@@@A@@@AADA@AB@@@BADAB@BBB@@@BB@@FBD@@@B@@@@@B@B@@A@BB@@AB@B@@@BAD@@@@@@C@@AAA@@@C@AAA@A@@AD@BAB@B@@@@AB@@A@EA@A@A@@@AB@@AD@BA@A@@@GAA@@@@A@@B@@A@A@AB@@ADA@AC@@ADA@@BE@@CA@@@@@ABC@A@@D@F@@@B@@AB@@@@@@BAB@@D@@@@BB@@A@@@@@@BA@@@@@B@BB@@@B@@@@@@@@A@A@@@AB@@@@@@@B@@@B@@@B@@@FBB@B@@@@@AB@B@@B@DA@@FAJAH@BBB@BDB@DB@A@@B@@@@@@@@BB@@@B@@@B@AAB@@@@@@A@@@A@@BAB@@@@AB@@BB@B@BBB@@DBBCB@BB@B@@B@@@B@B@@@BBBA@AB@BA@@BCA@@@@@@AB@@A@@@@DB@@@@@@@@@@@A@@@@@AD@@@@@@@B@@AB@@@@@B@@@@@@@BB@@BBB@DB@D@B@@B@@B@B@@B@@D@@@@@@@@@B@@A@@B@DAB@HB@@@@B@@ABABA@@@B@@B@@@B@BC@A@@@AA@@@A@@@@@@B@@@@@B@@@AA@@@A@@@A@@A@@@@@@B@@A@@A@@@@@@@@AA@@@@A@A@@@@@@AECC@AAAB@@A@@B@@@D@DABB@@@A@@DBBABB@A@@B@DAJCJE@@BBB@@@DB@@B@BBD@@@B@BB@@@@AB@@A@BBBBFDHA@A@@AED@@@BB@ABAB@@@@AA@@@@A@@@@@@@@BA@@@A@@B@@A@@BCB@@B@@B@B@AAB@@@@@BB@@B@B@BABADAF@D@FBDBB@B@BAD@@@B@B@@@B@@B@@B@@A@@@@@B@@@@@@@@@B@B@@DDDBDF@@@B@@@B@@@@@B@@BB@@D@@@@@@BB@@BB@B@B@DADAD@B@D@B@@@B@BBBB@@B@@@DJ@@@D@B@@D@BB@@A@@B@@A@@BBBB@HDB@FB@B@@@B@@B@@@B@@@B@@@B@@@@@B@@@@@@A@A@@@A@A@@A@C@ABAA@A@@B@@AB@@@@CBA@A@C@@@@B@@@B@@@@A@@@@@@BA@@@A@AB@@@BABC@@@@@@BABAB@F@BAB@@@B@AEAA@@BA@@DAB@@ABAD@@BF@@@@B@@@@@DB@@BFA@@@@AB@@B@@BB@@@B@B@@@@@@@B@@AB@D@FB@@@B@B@@B@@@BA@AD@@B@@BBB@@A@AB@B@DAB@@A@@BA@@B@@@B@@@@A@A@A@@@AD@D@@@BA@@@@DB@@@B@B@@@@BAB@@@@BD@@@@@B@@B@@B@B@HE@@@@@AB@@@BA@@D@DA@@@C@@@BB@@@BABA@A@@D@@@D@@@@BABAB@D@B@DAB@@@F@B@@D@@B@@@B@@@BP@B@DAFABB@@@BCDCDCBAB@B@@@B@B@@@DB@D@DBD@D@HBB@BBAD@B@@BBBAB@@@@BB@@@B@BCD@DC@@@A@@@A@CBA@@B@BAD@@BBB@@@@BBB@@@B@BB@@@D@@B@B@BA@A@@B@@@@@BBDB@@B@FB@@@@BA@@BAB@@@AA@AB@AA@@B@@AB@@@@A@A@@@@B@@AB@@@@A@@BAB@D@BBB@@A@@B@@@B@B@@@@BA@@BAB@@DB@@B@@B@@BBF@F@@@BA@AB@@@BA@AB@@A@A@@D@@@B@@CD@@A@@@AB@@@B@B@@BJ@BBB@DBB@BB@BB@B@B@D@@@B@@@B@@B@@@@@B@@@B@@@B@@@@A@@@AB@B@DABCDCLBB@@@B@@J@FBDF@@AF@BA@A@C@C@A@@BAB@B@D@DABABAB@@A@@AA@A@@D@BBBDD@@DDD@@@BAD@@B@@@DABCBE@ICABAD@@@@@@ADCH@BHFDBBDBHBB@DCDSHA@@@GDGBG@CDA@@F@@@BABGBEOGMMMaUcMUEOEYAqBYDCBGDEBCBABAB@DAB@DAD@F@rNAV@TBPBNBHDBD@DCJ@FBD@@FFJBB@PCFEBABGDI@SAUB@DB@@DFBHB@BB@DBD@F@HAD@BCN@B@B@BBDBDBBBBFDFDBBFBD@JB@@@@B@ZDF@FBHBFDHDDDDBFFBBBFBDBB@@B@F@B@PINAEGUgNABAFAF@DAHAFAFADCDAFCFCFEFCDCDAFERIDCNGJELGVITAR@VDF@HCJEDEDC@E@CCEECEAG@MAEAIGCE@CBEBGBGBKCICKEKCIAMAI@IBEFIACA@MCABGBCBA@A@A@EAC@@@CBGBKBC@MDIBI@Q@E@C@MLCDGHADCBGDC@GAEAAACEEECECABCFEBCFADC@CSGEAECEAEACCEAEAG@CBEBEBCBEBCBG@CAAMAEAGGGCASMC@CEACCCECGECCEAEDC@EDAFCBCBEFGDCBEDCBCBCBC@AA@A@A@CCECCCEACKBEAE@M@A@ABA@C@GBA@ABABADAB@@@A@@@AA@AAA@C@CAA@A@@BIFSLGFA@@@GA@@@@CD@@A@IAECBE@@W@C@@CAEGI@@@@CGGOCEAECACECCGCC@C@IBG@GEAE@G@EBCDIBABEAEKKCCCEEGEGAGDGFEDE@ICEAGCGIQCGAE@G@IBICSEEKMCCCCEI@G@EJG@A@A@A@CAC@A@C@@@ABAFA@ABC@@@A@A@A@@@C@A@CBA@CB@@@F@BAB@DABA@ABA@@D@@@@AB@@@AA@AAACCAA@@AAC@AA@@@CAE@ABCB@@A@@B@D@@@DBB@BADE@@DKDENOJG@@AA@@ECM@@@AHEFA@A@@@ECCAE@GBEBE@C@GBGB@@@DKFEJEFA@CBGAIA@@C@CBEHCHADED@@C@E@E@C@E@A@@BCACA@@C@CF@@EA"],"encodeOffsets":[[122204,32624]]}},{"type":"Feature","id":"321183","properties":{"name":"句容市","cp":[119.167135,31.947355],"childNum":1},"geometry":{"type":"Polygon","coordinates":["@@BFBF@@AF@@BJ@BFBbAFHDFBDABA@@@@@@F@B@@@B@@AB@@A@EDA@C@@@@@AB@BABCBAFAB@BAD@B@@A@@@A@ADABAB@BKFA@AB@BA@KDA@ABDDBD@@CB@@CF@BDD@@LABBBD@@@F@BB@ZDF@BADBJDH@H@D@D@@@B@H@L@DDBDHHF@L@D@DJJBJBB@LHJHDBBA@@BABCBAB@DAH@NCLAB@@@B@@@BBBBBBFD@@BB@@@FBDBB@B@D@B@DB@DF@BBDBB@@BBJDB@BBBB@D@B@LIDA@@BDF@DCDAD@@@F@FANELIH@@A@@@@@GA@@@@IAA@ABABABEDC@KBKDEBA@@@C@EAG@EBACCCA@I@@@EBEBEBILEJ@BAD@JLJ@@H@FB@@DDFFF@HBRFFBLADABC@@B@FBDF@@FBP@JE@@DCFCFCF@D@DDBD@@BLBF@@BDB@B@FCF@@F@F@BEB@@EB@@A@AB@T@BAB@B@@IFIDCEE@I@@@ADDDDFDD@@CN@BCD@@@BBJ@BEH@LEJCF@LAD@@NNJXBJBT@D@@AFA@AB@@E@ECAAA@EFGJAF@BAF@DABGBK@A@OGECA@ADA@A@G@@BBBAFAB@@@@ABCABA@AB@@@A@@@AB@@@@@A@@@@@@AB@@@A@@@@@B@@A@BB@@A@AA@@AA@@@B@@BB@@A@BBB@@@BB@@A@E@A@@@@@A@@BAB@@ABEA@@A@@@A@@@@@A@@B@@@@A@@@@@@@@@A@@@@B@@A@@@@@A@@@A@@@@@@@A@@@@@A@@@@@A@@@@A@@A@@@A@@@@@A@@@@B@AA@@@A@@@@@@@A@@A@@A@@B@@@@@@A@@@CBBAA@@@@@A@@BC@@@C@@@ADFD@B@J@BJDJB@@BDLVJH@B@@@@ADFHDB@@@@DDFDB@@@@@RFRBT@J@B@BRFJEBBD@@B@@BB@HAD@B@NDB@DBD@TFLBDBB@D@B@@BDBDB@BB@HBBBF@DBBBB@FADAHCDAB@NED@F@H@D@B@D@DBD@D@BBH@FBDBBAB@DCBADAD@B@B@D@FBLDBBF@JBDBBBBBBLBBBBDBBBJFFDHFLLRGhYBC@C@CCEEAACCCECAAKEEC@CAGAG@C@EAE@A@K@CAMAE@EBCDCDCHAFAFAH@DA@CHI@@HEFOBIHCRIFADAHI@@LFJBHEJE@@HAFADA@AHGFGDABEDCBCFCHEHAD@JCF@DCFEDE@EBCBC@EBEBC@GBCBEDCBE@I@KCGAACCACCECEDIJGHKB@@@@@DIDK@EAECEEAKAGBG@GAGAEAEGCECSAG@EBMBK@GAGAEEECK@E@IAMBIAKBIAG@ACCBOBEBC@AIEIK@E@ADEFA@ACGCCKGCCCEA@ACIO@CDA@ABCCIAG@@@E@@BCFABAB@AEAG@ADC@@ECEE@CEGGIEGBG@CBO@E@M@QFA@@T@FBDAFE@A@@B@@A@@@@B@@@@@@AB@@@@A@C@@AACAEACI@@DGBA@AC@CCB@NG@@@EGWEIEMCI@ASUMKGCKECAACCCECKCOGEAGEGAC@OEWG@@ED@@AJEAEA@@I@CACACA@@G@ABBFAD@@EDCD@N@@ADAB@@SBIBE@@@AD@BFDBDDHAFCFCBAJBL@BFJ@@@HAFEHABC@EBCBG@EBABAACBSB@@CJ@@IC@B@D@@AFCHKJEJA@A@K@A@ABERCH@@GFE@EB@BGHCDDJCBGAGBGDEB@BANENA@GHO@@@@DA@DLA@ADM@@@ACE@IFEFEBK@O@EEGCC@EBGEGEA@G@AEAA@@A@CD@BEB@@E@AAGOCEA@@BEBIGMAGB@B@BA@BBBB"],"encodeOffsets":[[121837,32532]]}}],"UTF8Encoding":true}