{"type":"FeatureCollection","features":[{"type":"Feature","id":"330902","properties":{"name":"定海区","cp":[122.108496,30.016423],"childNum":54},"geometry":{"type":"MultiPolygon","coordinates":[["@@@@@@B@@@@@@@@A@@@@A@@@@@@@A@@@@@@@@B@@B@"],["@@CBCBADAB@B@B@BBDDBD@@B@BBFBBB@D@BBB@@@B@BAACAABA@ABABAB@@@BA@@@A@CACCAEACACAA@"],["@@B@@@@@@@@@B@@AA@@ACE@AA@@@@@@@@@@@@@A@@@BB@@BDBF@@"],["@@ADBBBBFFDBB@FADADCVU@A@A@ACCAAA@A@@@A@@@AAA@CACACACECACACBAB@BBDABCH@D@F@D@F@D"],["@@FB@@B@@@B@@@@@BA@A@A@AA@@AA@A@A@A@@BA@@B@B@@@B"],["@@@DDDDFFBF@DADE@C@E@CCCE@EBIDAD"],["@@NGLMDCFG@A@CAACAE@E@A@AAC@C@ADADEFKHCBMDC@C@ABABA@A@C@A@AA@@CACAC@CB@BA@BH@B@@DBFBD@DBDBDBNNBBB@DBB@D@BAFCFGFG"],["@@D@@@B@@@@A@ACCAACAA@A@@@AB@@@BBDBBFB"],["@@@F@DBDBFFJBBBBD@D@HADADABABCAEAQACAAC@IAG@C@A@ADCF"],["@@B@B@@AB@AAAAA@ICC@IAC@C@A@@B@B@F@B@BBBB@DBD@B@@@@A@A@@B@@@B@BBB@DAB@BA@AB@BB@@"],["@@DDDBLHHFFBF@F@FEFCBG@GEMEGACGKGEGCE@EDEHENAN@DDH"],["@@B@@BB@@@B@DBFB@@BBB@B@B@D@D@BADAFEFG@C@GAEAACAIAEAEAG@EBE@EAC@C@AD@BCBEFAD@DBDBBDBDBDBH@BBBB"],["@@FCBAAAACMEE@CAEBCBCF@DAF@HBFDDBBF@DBBBF@DCBABC@G@CBA"],["@@@BB@@@B@B@@ABA@A@@@A@@@A@@A@A@@@AB@@AB@@@B@@@B@@"],["@@AB@BB@B@B@B@B@BABA@@@AA@EAA@A@@B@B"],["@@DBD@BA@@@A@C@AAA@@A@CBADAB@@@BB@"],["@@B@B@B@@AB@@A@@@AA@@@A@@@@B@@@@A@AB@@@@@B@@"],["@@DBNDD@B@B@BA@A@AACACAA@AA@A@AB@@AB@BA@@@A@A@A@ED@@@B@@"],["@@BBBA@@@@B@@ABAA@@AA@A@AB@@@B@B@@"],["@@@@B@BA@@B@BABA@A@@AA@@A@AB@@AB@B@@AB@@@@@B"],["@@@@B@@@B@@@B@@@@A@@B@@@BA@@@@A@@AA@@BA@@@A@@@@@AB@AA@@B@@@@BB"],["@@CD@B@@B@B@DCFCJGDCBAAA@@A@A@CBCFKJ"],["@@BAD@@A@@@CAAA@A@CBCDAB@B@B@@DAF@"],["@@D@D@BABA@ABC@CAAA@C@CB@@CD@BAB@B@@@BBBB@"],["@@B@BB@B@@B@B@B@@ABABA@A@@@AA@@A@AA@@@A@A@AAA@A@A@ABA@ABAB@B@@BB@@@BB@B@@@BABB"],["@@DBB@BBB@@A@C@@@AA@A@@@A@AAA@A@@B@BB@@B"],["@@BBB@@@BCBABC@A@CBAA@AA@@A@ABAB@BABADAB@B@@@BD@"],["@@BD@B@@AB@@@BB@BB@@B@@A@A@A@A@A@A@AAAA@A@@@AB@@BB"],["@@BA@A@A@A@A@@@AA@ABA@@BAB@B@B@BB@@BBAB@"],["@@@ABA@A@A@CAC@AAA@@CB@BA@@B@DAD@BAB@B@BBDBD@@B@D@B@B@@@@C@CAA"],["@@BBBB@@@BB@B@@@B@@@B@@@B@@A@A@AAA@A@@BA@@@A@AAAAAA@C@A@A@AB@B@D@D@@@BB@"],["@@B@B@@A@A@C@CAA@@A@A@AB@DAB@BBBBB@@B@"],["@@@@B@@@@@B@@@@@@@AA@@AA@@A@@B@@@@@@AB@B@@@@@@B@@AB@"],["@@@@@@@@BB@@@@@@@@@B@@B@@@@@@A@@@@@A@@@@@@@@@@AA@@@@@@@@A@@@@B"],["@@@@B@BBB@D@@A@@@A@@BA@@@CA@@@@A@@@@@@@A@@@@B@@A@@A@A@@A@@A@A@@@A@@BABA@@@@@@B@B@@@B@B@@A@@@@@@BB@@@@@BB"],["@@@@@@@@@@B@@A@@A@@@@@@@@B"],["@@@@B@BA@@@@@@@@@@@AABA@A@@@@@@BB@"],["@@@BBB@@@B@@@@B@@@@A@@B@@@@A@@@@@@@AB@B@@A@A@@@AA@@B@A@@A@@@@@ABAB@@AB"],["@@GAC@KG@AEEECA@A@IEOGCAABABAAC@CBCHBBBB@BKTC@ABCBBBD@BBABDDDDH@D@@@BBADC@ADBBB@D@BB@DDBDABA@@BABB@DD@DADABB@FBDHAP@D@BCDENG@ABC@MAAAC"],["@@@@B@@@@@@@@@@@AA@@A@@@@@@@@@@B@@@@B@@@A@@@@@B@@@"],["@@B@@B@@@A@@@@AA@@@@@@A@@@@B@@B@"],["@@@@@@B@@@B@@AA@@@A@@B"],["@@A@@@C@@B@@B@B@@@@@@B@@B@@@B@@B@@@BB@@@@B@@B@@@@A@@@@@A@@B@@@B@@@@A@@A@A@@AA@A@@@A@@A"],["@@A@A@@BDB@@@BB@@@@@BB@@@@BBB@@@@@@B@@@@B@@@BA@B@@B@@@@@B@@@@@@A@@@AA@A@@@@@A@@@@@AAA@@A@@@@@@AA@@@@@AAB@@AA@@"],["@@@B@@@B@BD@D@@@B@BBB@@@B@@C@@@AA@@@@@CAA@@@A@A@@@A@A@"],["@@EBADA@@@A@A@@D@@BBB@BA@@@@BBB@B@DAB@D@BA@@@AA@@@A@@A@A@@@AC@A@"],["@@D@D@@A@@@AB@@@@@@A@AA@@A@@BA@@@A@@@A@@BBB@@@@A@A@A@@@@AAA@AAA@EAC@A@@B@B@BA@BB@@@B@@@BDBB@@B@BAB@@AB@BBBB@"],["@@@@@A@@B@@@B@@BB@@AA@@A@@@@A@AAAAAA@A@@A@@@AD@@@@A@@B@@B@@@@@ABA@@@B@A@KD@B@@@@B@NC@@B@@@B@BB@@B@"],["@@H@H@FABEBADAD@FAFCBECGAAACAC@KAGGEGM@C@ABCEGCAKACBC@C@GBCB@BBDDD@FCHCFCDCBC@EAC@CB@FCBA@ABBDAFBBHJFFDDFDD@JCBB@BABBBNHDD"],["@@B@B@DABA@A@@@E@A@AB@@A@A@C@EAAA@I@CDCD@DAH@BBDDDFB"],["@@B@@C@ADABAB@@A@CAACCEACCAA@AA@AB@B@@@B@BABCDAFA@@@A@@B@@@B@B@@BBB@F@@@BB@BB@D@F@"],["@@A@G@C@AB@BBBB@BB@@ABBBD@@B@BCFA@AB@D@BA@AB@BDBD@B@BA@@B@B@@@BBB@DABABC@@B@B@@BB@DABA@ABABBD@BCBABA@A@A@@B@FCBCACCEEAEAEBGDGFA@CA"],["@@HA@CBAD@D@DBFBFC@ECG@CF@B@DCAEJMF@FA@AACBCF@LBLAFG@KBQFYLYDQEQGE[OYGWKMGSKQBUFGBAH@H@HCBEBOHCLFNHHDJAjERATLRPRBFAHEFAHDHDBDDN@F@FAD@D@BBHB"],["@@IMCECE@@@@AACC@K@CBABCHA@CBCJCBA@GAEMQEGIGEECCAC@CBEFCBA@CA@AAA@ACCCAGGa}RQHOJKHGBKBC@E@UAG@I@GAIAECCAGAEBEBCFCHGTEFADC@KBM@C@A@CACAE@MBG@GAEAKGOGECKAC@AACAAAA@A@A@ABA@C@A@A@CBABAB@DABADENIRGN[bIJEBKFGFADAFAF@DBDBFDDDBHDFDBDBDAB@@ABABA@AB@BBB@B@D@DAB@DAFAJCHCDKPCDAF]fIRILURCFAD@HBDLHBBFFDBB@B@BBBB@HBDF@FCPGVGHGPIPGhIjOXCPFbHpHVCHAHCHCBCBCBC@C@C@@JCNEDABCBCDGFIFGFCFCDCH@F@F@DBBBDDB@B@B@DCH@F@BDD@DADEFEFAP@zAFBD@DEF@BC@ECE@@A@A@@@A@@A@ARGXIDABAASD@@ABA@AA@CA@AAC@A@ABABA"]],"encodeOffsets":[[[124824,30955]],[[124909,30789]],[[124763,30776]],[[125000,30713]],[[125027,30716]],[[124972,30702]],[[125111,30698]],[[125040,30703]],[[125039,30683]],[[125077,30686]],[[124958,30674]],[[125078,30682]],[[125027,30664]],[[125048,30669]],[[125064,30698]],[[125068,30695]],[[125084,30691]],[[125064,30704]],[[125079,30702]],[[125081,30705]],[[125081,30707]],[[125111,30703]],[[125130,30695]],[[125033,30722]],[[125022,30700]],[[125011,30693]],[[125022,30689]],[[125015,30677]],[[125001,30671]],[[125007,30678]],[[124986,30663]],[[124999,30698]],[[124986,30973]],[[125015,30968]],[[125011,30936]],[[124961,30933]],[[124961,30930]],[[125081,30847]],[[124995,30904]],[[124821,30952]],[[124826,30950]],[[124827,30956]],[[124871,30917]],[[124817,30938]],[[124760,30819]],[[124784,30818]],[[124789,30840]],[[124810,30816]],[[124867,30838]],[[124897,30786]],[[124906,30823]],[[124755,30788]],[[124802,30809]],[[125192,30787]]]}},{"type":"Feature","id":"330921","properties":{"name":"岱山县","cp":[122.201132,30.242865],"childNum":72},"geometry":{"type":"MultiPolygon","coordinates":[["@@BB@@B@@@@A@C@@@@AA@A@AA@A@A@@@@B@B@B@@@B@@@@@BB@@@B@@@"],["@@@A@@B@AAA@AAEE@@A@@@A@@DA@@BB@@BB@B@@B@@ADAB@BB@@BB@DA@@DC@@BA"],["@@B@A@@A@@A@C@@@A@@BB@@B@@BBB@@@@ABA"],["@@@@BBB@B@@@@B@@B@@@B@@@BB@@@@@@@B@@@BB@@@BC@AA@@AA@@@A@@@@@@@AA@@@A@@A@A@A@A@@B"],["@@B@@B@@@@@@B@@@@@@@B@@@@AA@@@@A@@@AA@@@A@@@A@@B@@@BA@@@@@@@A@@@@@@@@@@@@@@@A@@@@B@@B@@@@@@@@@B@B@BA@@@@"],["@@B@B@B@@A@@@A@@A@@AE@@@AB@@@B@@BBB@@@"],["@@@@B@@@@@@@BA@@@@@AA@@@ABA@@@BB@@"],["@@@@B@@@B@@@B@@@@A@@@A@@@@@A@@A@@@A@@@A@@B@@AB@@@@@BB@@@"],["@@@B@@B@@AA@@A@@@@@@@@@@@B@@@@"],["@@B@@@BB@@BA@@BAA@@A@@A@@A@@A@@BA@@@@B@@@@@B@@"],["@@BB@BDBB@BA@AAA@@AA@@@A@A@C@C@AAAA@A@@@@B@B@@A@AB@@AA@@@B@@B@BB@B@@@@ABB@@B@@@@@@A@A@@@A@@@AB@BB@@B@@B@BAB@@@B@"],["@@@B@@@@@@@@@@B@@A@@@@@AA@@@@@@B@@@@"],["@@B@BA@AAAA@@AB@BB@@BA@@B@@@@@BB@@FADA@A@@A@A@@@@A@@@A@@B@HADCBA@AA@A@@@AAAB@@@@@BA@ABAAAB@@A@A@@@@BAB@@A@A@C@@@AB@@A@AB@@@@@BB@B@@B@@ABA@C@@BBB@@@@@BB@@@BB@@B@"],["@@DB@BBB@@B@B@@@B@BBB@@@B@DB@@B@@ABAACCEEAE@CAAB@AA@@@AAA@A@A@A@A@@@@B@BBB@BBBD@B@B@"],["@@B@B@@@@BBBHFBB@BD@B@BAB@F@B@BAB@@A@AAAAA@A@AAA@A@A@ABAAAAAC@AAAAC@ABCAABE@C@CB@@@DBBB@@BA@@B@DBB"],["@@H@FDD@@B@BB@BAD@@B@B@B@BB@B@@B@@@BB@@@@ABBB@@BBA@A@C@A@@@AB@BAA@CAA@@@@ABC@A@G@AB@@A@@@AA@AAAB@AA@@A@@BAB@@@AA@@B@@@B@B@@A@@@AA@C@@@@BA@A@@BA@@@A@E@A@AB@@ABA@@AA@@@AB@@EBMFA@AB@@BB@@A@A@A@A@A@@BB@B@B@@@BB@@AB@B@@@BB@@@@BBBB@B@@AB@B@@BB@B@B@AA@@B@BA"],["@@B@@@@@B@@A@@@@@@@@@@@@B@@A@@B@@BBA@@@AA@@@@@AA@@B@@@@A@@A@@@@@@@A@@@@@@@@@@@@@@@@@@B@@@B@@A@@@AB@@@B@@@@@@@@@@@@@B@@@@@@"],["@@@@B@DB@@@@BBB@@@BAA@AA@@@A@@@@@AB@B@BAB@@@B@@@@BB@BA@@@@@@@@AA@@@@B@@AB@DAB@@B@@B@@@B@DBB@B@DA@A@@@AA@@@AB@@A@@BA@AA@@AAA@A@A@A@@AAA@@A@@B@BA@A@@B@@A@@@AA@@A@@@@B@@BBA@@BA@A@A@@@A@AB@@B@@B@@@@@BA@A@@B"],["@@@@B@D@B@B@B@D@@AB@@@A@@@@A@@A@@@A@@@@AA@@BA@@@@@@@A@@@@@@@A@@@A@@@@BA@@@@B"],["@@DB@@BAB@B@BB@@@BB@B@@@BAB@@A@@B@B@@@BA@@@@@@A@@@@@@AA@@@A@A@C@A@@@A@@@@@A@@@C@AB@@AB@@@@"],["@@@BB@@@@@D@@@@@@@BB@A@@@@@@@@@A@@@@A@@A@@A@@@@@@A@@@@A@A@@@@BA@@@@B@@@@B@@@@@@@@@"],["@@@@@BBB@@BBB@@@B@@A@@@A@@A@@@A@@CA@@@@@AB"],["@@@@FD@@B@@E@@@A@A@A@@@AA@@BA@@D@@A@@@A@@@@@@@@D"],["@@D@B@D@D@D@BB@@AB@DBDFFBDDBBBBB@@B@B@BAAEB@@@B@BBB@@@@AB@B@@@@AAA@@AA@A@@BA@@AA@@@AB@BAB@B@BCBABA@C@AA@@AB@B@B@@BBBFFBB@@BA@A@A@@BA@@A@@@@A@@AAA@A@@A@@BC@AAAE@A@A@@ABA@A@A@@A@E@AB@DABCBA@A@ACC@A@ADA@A@@B@@IJA@CAA@@@C@A@A@@B@@ABA@@D@B"],["@@BBD@B@@@DA@@BBBBB@D@@A@A@A@@A@@@@A@AAA@A@AC@@B@BA@A@@AA@AB@@A@@AAB@@@BB@B@@@@BA@@BA@A@@B@@"],["@@@B@@B@@B@@AB@B@@@@@@B@B@@@BA@@@A@@B@DA@AB@B@BA@@@AA@A@@B@AA@@@A@@@@@A@@@@@@AAA@@A@@@AB@@@B@@A@@@@@@@A@@@@@@BB@@@@B@@@@@@"],["@@@B@B@@@B@@BBDBB@@@B@B@B@@@B@@@BAB@@A@@@AAC@@@@A@@B@@@@A@@@@B@@@@A@@@@@A@@@A@@@@@A@@@A@@@@@AA@@@AA@@@@@"],["@@@@BB@@@@BA@@@AB@@@BA@A@@A@@@A@@@@B@@A@@@A@@@@@@@AAA@A@@@BDDB"],["@@@@@@@B@@@@@B@@@@@@@@B@@@@@B@@@B@@A@@@@AA@@@A@@AAA@@@@@A@@@@@@@BB@@@B"],["@@AA@@@@@@@@@A@@@AAB@@@@@@@@AA@B@@@BB@@@@@AB@@@@B@@@@@@B@@@B@@B@@@A@@B@@@@@@@@B@@@B@@@@@@A@C@@"],["@@DB@AB@@@@AA@@@@@@@@AA@@@@AA@@@AA@@AB@@@@@@@@@B@@@@BB@@@@@@A@@@AB@@B@@B@@BAB@@@"],["@@@B@@@B@@B@@@@@@B@@B@@@@B@@@@B@@@@@B@@@@@B@@@@@B@@@@@@A@@@@@@A@@AB@@@@@@@@@A@@@@A@@@@A@@@@@@@@A@@@@A@@@@@@AA@@@@B@@@@@@A@@@A@@@"],["@@A@@@@@@@@@DBBA@@@@A@@@A@@@"],["@@B@@@@A@@@@@@@@A@@@@@@B"],["@@A@A@@@@B@B@@@@A@@B@@BBB@@B@@@B@@@@A@@@A@@@A@@B@@@@@BA@@@@@AB@@A@AA@@A@AB@@@BB@@@B@@BB@@AB@@@BAB@BBB@B@B@B@B@BA@@B@@BDBB@@@BA@A@@AA@AAAAB@BC@@AA@@A@@@A@@@AB@@@@AA@AA@AAA"],["@@BABB@@@@@BB@@@@@BB@@B@BAB@B@@@B@B@B@@@B@@@B@@@@A@AAABCB@@@BB@BBBB@BB@ABA@@B@@@B@B@B@@AB@@AB@B@B@BCAAAA@A@AB@@A@EAAG@ABCBAAED@@ABA@@BA@@@@A@@@A@@@@A@C@@BCFAB@AAA@@@@A@@B@@@BA@AD@@@B@B@@@@A@@@CAAA@@A@A@@B@@DDBBBB@@"],["@@@@@@@BA@@@@AA@@@@@@B@@A@@@@BB@@@BB@@B@@@@@@AB@@@@@@A@@@A@@A@"],["@@@AA@@@AB@@@@@BA@@AA@@@@@A@@@@B@@A@@@@@A@@@A@@BB@@B@@B@@@B@@@B@@@@AB@@@@BB@@@B@@@B@@@@B@@B@@@@@B@@A@A@A@@@A@@A@@@A@"],["@@@BBA@@@@B@BB@A@@@@BA@@B@@A@@AAA@A@AAA@@@@@AAAA@A@A@@@AA@@@@@ABB@@B@@@@A@@B@@@@@BBB@@@@@@@@@@@B@@@@@B@@@@@@@@@@B@@B@@B@@@@@@B@@B@"],["@@@@B@B@@A@@@@B@B@B@@@@A@@@@@@D@@@@AB@@@@@BBB@BBB@B@B@BBB@BD@@B@@A@@@@@AB@@@CEC@EAA@A@A@@@AAC@@@AAA@CBC@A@@BB@@@@B@@@B@@AB@@BB"],["@@BDADBDBBBBADBBD@BD@DABC@C@AD@B@BFBD@BABCDAD@DA@B@BCB@DB@D@@@@BDDB@BC@EB@B@B@BBNAD@BADBDDLBRBJAJBHAJ@FBFBLDDBDABCD@F@@A@ECA@AB@BADABEAE@CBABB@BB@B@BAACBC@@B@DBBABAAAB@B@F@BABBHABA@AA@E@C@CCCA@BA@A@@CAKGCEBC@AA@AF@BCGKKEI@AHAF@DBBBBBBCDEBC@ACAAC@EBC@AB@BB@BB@BCB@BBBD@@B@BG@C@@DDFBDA@CDCACCCAGBCB@BCBA@AABAACA@@C@ABCBCAGAACA@@@AACC@CBCBABAAAA@ACEI@CBCB@BCBAA@C@AAACCG@ABADC@C@A@AB@DABC@CGC@ABAF@BC@AAAC@E@AGCEBED@BABA@@AEEEGG@EBCF@BA@A@CDEF@@BDAB@B@B@BDBdFPDTBJB"],["@@@@BA@BB@@@@BB@@@B@@@B@BBB@@@B@@@BA@@@@B@@@@A@AA@AA@@@@@@BABA@@AAAA@AA@ABA@@@@@AA@@A@A@@@@BBB@@@B@BAB@@AA@AA@AB@@A@@B@@@BBB@@@@B@"],["@@AB@@B@@@@BBB@BBBB@@@B@@@AB@@@@BB@@@@@B@@@B@@BA@@BABA@@@@B@@@D@@@B@@@B@@@B@@@@A@@@@@AA@@B@@@@A@@@@AA@A@@@@@@@@B@@A@@AA@@@@@A@@A@@@@@@@@@@@AA@@@@@A@@@@A@@AA@@A@@BAAA@@@"],["@@|BN@DAACBCACBAFABBBDHBDA@AAABGBCDBB@@A@A@A@A@EAAGAOAO@I@UCICIGGEKEG@CBAD@F@ZDLJPFF"],["@@@B@BB@F@@A@@@AB@@@B@@ABA@BD@BBBBB@DBB@BB@F@BBBFBBBBBB@D@F@BAHIB@BCB@@A@AAABC@AB@@ACACAABABGBOB@B@B@BA@A@AA@@E@IEAAA@A@C@CB@B@@BB@@ABA@@@"],["@@@DB@JDDB@AB@D@B@D@DA@A@@@A@@BBDAF@@C@A@A@@@A@@B@D@@@BA@AAAA@@AB@B@@A@@@A@AB@AAEAA@C@A@@AA@C@A@ABA@@@@AA@CBABBB@BABABA@AAAAA@A@@AA@@ACBAB@DBF@F@D"],["@@B@@@B@BA@A@C@A@@@@A@@BAB@@A@ABBB@B"],["@@VPBD@F@DBB@BAAAD@@@BAB@B@BB@B@@BD@DCDE@A@AD@BAA@ACBABAFEDAB@@DB@B@BA@A@AAA@ABAB@@AAAAA@@D@B@@CB@BBBBHBD@BABB@BDBBA@CB@B@@BDBBBABBBB@JC@AB@DDB@BCFADABA@AAAC@AAE@AA@A@CBA@@@CBCDEHIFEBADBBABAD@DDBDD@DC@CB@BBBAAAACAACBC@@ABACAACIAA@A@@AEAGCCA@A@CNSDADBDABA@ECMA@CCCACEASBKBABA@ECA@CDABAAAAAA@ECGACBABA@CCIAE@@B@DBDADG@CAAAC@ADAHBB@BA@ABEBG@Y@[DSAODWJg^[ReLQLODOFAF@B@@AB@B@@CBCDADDBFABB@BB@F@DCDAD@B@@DBDBDF@JCBAACAGBEHEHAH@HFBDCDBDFFHBD@F@DBADBDFFNJHBBAD@@BBDBBBA@CBAB@@ADAF@DBDDAD@DD@FEFEFBFFDAD@BB@B@D@BFDJH"],["@@A@@B@@B@@@@B@@@@@B@@B@@@B@@B@@B@@@@@@@B@@@BA@@AA@AB@@BB@@BB@B@@B@@B@@@@A@@B@@@@@AA@@CA@@@A@@@AB@@@@@@A@A@@A@A@ADCBA@@@A@@@A@@@"],["@@@@@B@@B@@@B@@@@@A@@@@A@@@@A@@@"],["@@@B@@B@@@@@@B@@@B@B@@B@@B@@@@BB@@@A@@@@@A@@@A@A@@@@AA@@A@@@@AA@@@"],["@@@B@@B@BB@B@@BBB@@@@@@@@@BA@@B@@@B@@@B@@@@A@@AA@@A@@@@@A@@@@@A@@AA@@AB@@@@@@A@@@@A@@B@@@@A@@@@B@@A@@@@@A@@@@@"],["@@DBFDHDJ@DABAB@B@@BB@@ABAB@BCB@B@D@@A@@CAC@A@A@@AA@@AA@A@@B@@A@@@EAA@@A@AAC@@C@A@AAEAA@CAA@C@@B@BBB@DAB@DBF"],["@@@@AB@BB@@@B@B@@B@@B@B@@@@@@B@@B@B@BB@@@A@@@AA@@@@@@A@@@A@@@@@A@@A@A@@@@BA@@@@@A@A@@@AA"],["@@@@AB@B@@B@@@B@B@@A@@BBB@@A@@B@@B@@B@@@@A@@@A@@@@B@@AA@@A@@B@@@D@B@B@@@@AA@@@AAA@@@AB@@@AA@C@ABBB@@@@@B@BA@A@A@A@"],["@@@B@@B@@@B@@@@BB@@@B@@@@@BD@@@@B@@AA@BA@A@@@@AA@@@@BA@AAA@@A@@B@@A@A@@@A@@@A@@B@@B@@@AB@@"],["@@DBJBD@DDBDBBD@@BBBB@BAB@B@B@@BB@HBD@@A@@AA@A@@@A@@FB@A@@@AAAAA@@@ABA@BD@B@@@B@@BHBF@H@F@BADAB@@ADABBF@DAB@J@BBD@@A@@BA@@@AC@@@A@@ACA@@ABAAA@@@BA@@A@@@@@A@@@@A@@B@BA@@@@@@@A@@@@@@A@@@@@A@@@@@A@@@@@A@@@AB@@@@A@@AB@@AA@@@A@@@@B@@AA@@@ABA@@@AA@@@A@@@@@@AB@B@@AHA@A@AA@AACAAB@@BB@@ABA@@@AA@@A@@BA@A@@B@BA@@@AA@@@A@AA@@@ADA@@AAA@A@@BA@A@@@ABAA@@AAB@@A@A@AB@BA@A@AA@CAAAAA@@A@A@@F@B@@AAAB@D@B@@AEAEAA@A@AA@AB@D@@A@AA@C@A@@@A@A@@@C@A@AAAABAB@@A@AA@@AB@@AC@@@A@@A@A@AACAAA@@@A@@CB@@AAAA@A@ABA@@@@A@@@@AACBOLABA@CD@BABAFCFAB@D@FABAD@B@D@DBBB@BD@DCDBDBB@DBBDD@DABA@AB@@@BB@BABB@BBB"],["@@A@AB@D@F@BBBCRA@ABBBBBFB@BCDAAAACAA@@B@BB@@F@DBADAFBFDDFBDCH@DBBBDJFB@D@BABA@AB@BBBFAB@B@BBBBBBB@F@@BBD@D@BA@A@AB@@@B@BBB@B@@A@C@AAAAAACAAA@@ADC@@@AAAAAC@GAA@@ABA@A@A@ABAAA@AAAE@AA@A@A@ABA@AD@BA@@@AAAC@@A@ABA@A@AACCACAA@AABCAAAAE@AAAAACACAAC@"],["@@DBB@B@@A@@@A@ADA@ACAAAA@A@@@@B@BB@AB@@@@@B@@@@ABA@BB"],["@@@@BBB@DB@@@@@@B@@@@@@@B@@@@A@@@@CAAA@@AB@@AA@@A@@B"],["@@@@@@@B@@@@BB@@B@B@@@@@B@@A@@@@B@B@B@@@@@@AA@@@@@C@AA@@A@@@A@@@AB"],["@@A@@B@@B@B@B@@BBBB@BA@@B@B@@BABB@@BBA@@@@B@@@BB@BA@@B@@B@B@@@@@B@BAD@B@@@@A@@E@@AA@BA@@@AA@@@@@@AB@AA@@A@AAA@A@@A@@@AA@A@@@AB@B@@@BA@E@A@"],["@@@@@@B@BB@@@A@@@@A@@@@@@@A@"],["@@B@@@@@BA@@@@@@@A@@A@@@@AA@A@@A@@A@@@@@@@@B@@@@B@@@@B@@@BB@@@@@@B@@"],["@@@A@@@@@A@@A@@@@@@B@@@@@@@B@@@@B@@@"],["@@A@BB@@@B@@BBB@B@BABBB@@@@@@@@A@@@@@@@@B@@A@@@@@AA@@@@B@@A@CA@@CC@@@@A@@B@B@@@@@@"],["@@B@@@@@@@@@@@@@@@@@@@@@@A@@@@@@@A@@@B@@@@A@@@@@@@@B@@@@@@@@@@@@"],["@@B@@A@@B@@@@BB@@@B@@@@@@@@@@BB@@@B@@@@@B@@@B@@@@@@@@ABB@A@@@@@@A@@@A@@AA@@@A@C@@@@@A@@@@@A@A@@@@@@B"],["@@@@B@@@B@@B@@BA@@@@A@@AA@@@@@@A@@A@A@A@@@@@@@B@@BB@@@@B@@@@@@"],["@@B@@AA@@@@A@@@@A@@B@@@@B@@B@@@@@@"],["@@@@A@AB@B@@B@@B@@@BB@B@@@B@@B@@@@@A@@B@@@@@BB@@B@@A@@@@BBB@BA@@@@@AA@AAA@A@@@A@A@@@@AA@@@AA"],["@@M@YFCBCBADADCDC@AAAAAAAAEBEBG@CAAAACE@C@ABA@@BBD@@ADA@AACCCAGBCBEFADGBE@CACKCEGC]CEAIAGAGBEBIDID_JGBADAD@FBD@D@FAH@L@F@FDH@J@HCLCJ@DBBDBHDF@F@HCDCDEDCHCH@FBDBDDH@J@LCPEX@JAD@DB@DDBJDJHDHBBB@DABCBALCBC@AACC@E@AA@AACAAAAAABCBCDAFAB@BBBDB@D@DA@A@C@ADAF@BB@D@DBBBBD@JAFCFCFCFAF@FADABC@ADADBD@DAB@BCAACCACAE@KBEDIDCBAD@DAFE@CAAACGAIA"]],"encodeOffsets":[[[125447,31171]],[[125893,31167]],[[125897,31168]],[[125205,31165]],[[125471,31164]],[[125883,31159]],[[124856,31080]],[[124501,31009]],[[125435,30970]],[[125321,30959]],[[125531,30928]],[[125250,30903]],[[125296,31335]],[[125268,31330]],[[125194,31253]],[[125264,31252]],[[125324,31335]],[[125239,31232]],[[125208,31214]],[[125307,31216]],[[125352,31216]],[[125387,31167]],[[125393,31167]],[[125390,31157]],[[125407,31139]],[[125431,31141]],[[125440,31136]],[[125457,31168]],[[125537,30934]],[[125513,30934]],[[125511,30945]],[[125501,30944]],[[125500,30952]],[[125503,30953]],[[125467,30947]],[[125417,30956]],[[125434,30972]],[[125408,30967]],[[125381,30973]],[[125296,31008]],[[125254,30976]],[[125262,30953]],[[125205,30948]],[[125199,30997]],[[125143,30948]],[[125112,30952]],[[125077,30963]],[[125095,31058]],[[125023,31052]],[[124956,31037]],[[124964,31009]],[[125089,30961]],[[125059,30944]],[[125055,30889]],[[125148,30909]],[[125097,30855]],[[125083,30915]],[[124885,31015]],[[124823,31067]],[[124846,31055]],[[124860,31048]],[[124848,31037]],[[124504,31013]],[[124521,31006]],[[124541,31006]],[[124567,30982]],[[124510,30987]],[[124515,30972]],[[124527,30974]],[[124643,30990]],[[124642,30971]],[[125369,31139]]]}},{"type":"Feature","id":"330922","properties":{"name":"嵊泗县","cp":[122.457809,30.727166],"childNum":49},"geometry":{"type":"MultiPolygon","coordinates":[["@@@@A@@@@@@@AB@@@@B@@@@@@B@@B@@@B@@@@AB@@@A@@@@@@@@@@A@@A@@@"],["@@@@E@GDAB@B@BBBDDBB@BAF@@@BDBB@@@DCB@B@B@BA@@@CBABAD@D@FABAB@@A@@AAIAE@CAC@@AAAA@"],["@@@B@@@@@@AA@@@@A@@@@@AB@@@@@@@BB@@@@@B@@@BA@@@@@B@@B@A@@BB@@@@@B@@AB@@@@A@A@@A@@@@@A@@@@@@@@@A@"],["@@A@@@@@A@@@@@@@A@@BB@@@BB@@@@B@@@@@@B@@B@@@B@@@@@@B@@B@@@@@@@@@@@B@@@@@B@@@B@AA@A@@A@@@@@@@@@@@A@AA@@@@@@@@BA@@A@B@@@@@@@@AA@@@A@@B@@A@@@"],["@@BB@@AD@@@@@B@@BB@@BA@@@A@@B@@@@A@A@A@@@A@@A@@@A@@@@BA@"],["@@@@A@@B@H@BBD@B@BCFEJ@B@BB@JDB@B@BA@ABG@@BA@@@@AA@@@@AC@E@A@A@A@EAACCA@"],["@@@@@B@@A@@B@@@@@@B@@@@@@@BA@@@@@A@@@@@@@@@@@A@@A@@@@@@@@@@B@@@@@@@@"],["@@E@EDCFCLCDEBE@G@G@EDGJADBDVTBBBABA@CB@HAD@DBD@FADGFKDGDWAEAACA"],["@@EBADAJCFCBG@GCEEE@ABCJ@F@FBDLHPHFDBBBFFBFBT@BALGBCBIACAAE@EDC@CAAC@EDKDMACCCGAE@"],["@@B@@@@@BAB@@A@@@@@@CA@@AB@@@B@B"],["@@GBEBCDCBC@CAC@IDCBAB@D@BBBDBB@BB@BEF@B@BBBBBDBD@DB@B@BAF@B@DHHB@BBBABA@CBADCHADA@CBCFCD@H@H@D@B@@C@AAACAAA@A@CAAAA@@E@C@A@G@C@C@AA@ABCBAHE@@@AAACA"],["@@G@EBA@@B@BDDBBHF@@@B@B@BBBHBBBD@B@BAHG@A@ACE@AAAC@A@A@A@@@CEA@@@C@"],["@@@@A@@B@@BB@@@B@B@@B@B@D@BB@@B@BB@AB@B@BBB@@@@B@@A@A@@B@@HDBBB@BA@@@AAC@A@@B@H@@@BA@@AAA@CAC@AAE@A@IAC@A@AAA@"],["@@@@@B@@BB@@@@B@@@B@DA@@BA@@@A@@AA@@@@AAA@ABA@@B@@AB"],["@@@@@B@@@B@@A@@@A@@B@@BBBB@B@@BBB@D@@@B@@@@AB@@A@@B@@AA@A@@@@A@@@@@AA@AAA@@@@AA@A@"],["@@B@@@B@@AB@@@BA@A@@AA@@@@@@A@A@AB@@A@@B@@@@@B@@B@@B"],["@@A@A@@B@BB@BB@@F@B@@B@@BA@@@@B@@@B@@AA@@@@AB@@@@@@A@@A@@AA@@@ABA@@@@@A@@AA@A@@B"],["@@@AB@@@@BB@AB@B@@A@@@@B@B@@@BABAB@BB@@BB@@@@@@B@BB@B@BBB@@@BAAA@@BAB@B@BA@A@A@@@AB@@@B@B@BA@B@@B@@@@A@@@A@@@A@@B@BCBAD@BBB@@BAB@B@@AB@B@@@BDC@AB@@@@@@BB@@ABAB@B@@D@@@@B@@@@A@@BA@@B@BAB@BC@A@@@@A@@@@AAA@A@@@@@@ABAB@@C@ADA@@@AA@@@A@@BA@@@A@AAAAA@CAA@@ADA@A@CA@@@@AA@@A@ABCD@@A@A@@@CAA@ABA@AB@@A@@@A@AB@B@@@B@@AAA@CB@@A@@@@B@B@@@@@BE@@@@BBBB@D@@AB@BADBB@"],["@@@@@@@B@@@@@@@@@@@@B@@@@@@@@@@@@@@@@@B@@@AA@@@@@@@@@@@@@@@@@@@@@@@@@@A@@@@@@@@@@@@@@@@@@@@@@@@@A@@@@@@@@@@@@@@@@@@@@@@@@@@@B@@@@@"],["@@@@@@@B@@@B@@B@@@@@@@@@@@B@@@@@@@@@B@@@@@B@@@@A@@A@@@AA@@@@A@@@@@@@@@@@@@A@"],["@@BBB@@@B@@@@@B@B@@@B@BA@@B@@@@A@@B@@@@A@@A@A@@A@@@@@A@@@AB@B@@@DA@@@ABCBA@@A@@@@@@@@@@A@@BA@@@@@@@ABA@@@@@A@@A@@B@@@AA@@B@@@@@@@@@AA@@BA@@@@B@B@@@@A@@@@@@@@@@B@@@@@@A@@@AA@@@@@@@BA@@@BBB@@B@@@@@@@@@@A@@BA@@B@B@@BB@@A@@@A@@@A@ABA@@AA@@A@AA@A@@AAB@@EB@@A@@@B@B@@@@B@@@@@@CBAB@B@@A@@@B@@B@@@B@D@@@@@@@@@B@@B@@@@A@@@A@A@@A@B@@A@@@@B@@@@@B@B@B@DB"],["@@B@BBB@DABABA@AA@A@@A@@AA@@A@@@A@A@A@@@@@A@@@@@@@@A@@@A@@@@@@A@@@A@@@@@A@@B@@@@@@BBA@BB@@@BB@@@@@@@@@@@@B@@AA@@@B@@A@@@@@@B@@B@@@B@@B@@B@B@"],["@@A@@@@@@@@BA@@@@@@@A@@@@@@@A@@@@@BB@@B@@@@@@@B@@@DA@@@@@@B@@@BA@@@@@A@@@AA@@@AB@@AB@@"],["@@B@@@@@@B@@@@BA@@@@@@@@@@@@@@@@@A@@@@@@@@@@@AA@@@@@@@@B@@@@@@@@@@@AA@@@AB@@@@@@@@@@@@@@@@A@@@@@@@@@@@@@@@@@@@@@AB@@@B@@@@B@@@@@B@@@@@@@BA@@@@@@@@@@@@@@@@@@"],["@@@@@@@@B@@A@@@@A@@@@@@A@@@@AA@@@@@@@@@A@@B@@@@@@@AA@@@B@@@@@@A@@@@@@B@@A@B@@@@@@@@@@BA@@@@B@@@@@@@@@@@@@@@@@@@B@@A@@@@@@@@@@@@BA@@@@@@@@@@B@@@@A@@@@@@@BB@@B@@@B@@@@A@@@@@@BAB@@@@@@@@@@@@@@A@@@@@@@@B@"],["@@@@@@@@B@@@B@BC@@@@@@@@A@@@A@@@@@@@@B@@@@@@@@@@@@A@@@B@@@@@@@A@@@@B"],["@@@@@@B@@@@@@A@@@@B@@@@@@@@@D@@@B@@@@@@@@@@@@@@@@@@@@@A@@A@@A@@@@BA@@@@@@@@@@@@@A@@AA@@@@@@@@@@@@B@@@@@@@@@@A@@@@BB@"],["@@@@@@@@A@BBA@@@@@@@A@@B@@@@@@@@@@@@@@@@@@BB@@@@@@B@@@@@AA@@B@@@@@B@@@B@@@BB@@DAD@@@@@B@@A@@@@A@@@@A@@@@@@@@A@@@@@B@@@@A@@A@@@A@ABA@@@A@@@@@@@@@A@@@@@@@@@A@"],["@@A@AAE@CBAAC@AB@B@BB@B@DABB@B@B@BB@D@@AB@B@D@D@D@BBD@@@B@@@BBB@F@FCDC@A@AHEHKB@D@DBB@BA@A@A@A@A@CBAD@BABABA@A@A@C@ADAFAF@B@D@BCD@B@F@D@D@B@DBB@DBF@D@@B@D@DBDFBFAD@BCBA@CB@D@@B@D@DBBB@BAD@BBBFFBDABAB@FADA@CACEACAC@C@A@@ABEBCBCF@FAFABC@AAAC@AC@AAACAC@ADABA@C@AAA@A@@B@D@BCB@ACCA@C@ABA@A@AABC@A@CA@CACBABABE@A@@B@D@B@DC@A@ACAAAAAAAACAAAA@CBAD@BADABA@AAAAA@C@A@OCGEAA@A@CACCAAAABCDAD@BABA@A@AC@ACAC@AB@BBB@B@BCAE@A@@BAB@@CACAC@AA@A@AAAA@@BABABA@ABC@CB@DADDDBDBB@DB@D@FBBBDDBFBBDD@DAFAFBDBF@DADCBE@C@AB@DBB@BA@@@"],["@@B@@BB@BA@@AA@@AA@@A@@@@A@@A@AA@@AB@@@@@@@B@@@@@BB@B@BB"],["@@BB@@@@BA@@B@@@B@BDBB@@@@B@CE@@@AAA@A@@@@@AA@A@A@A@AB@@@@@B@@@@@@@BBB@@"],["@@JB@BBBD@B@BAB@@AA@A@@A@A@A@A@@B@B@B@D@BCBADABA@A@@@AC@A@@AAAA@A@A@AACAABKB@@@@A@CAAAAB@@ABA@C@AB@@@BDBFF@JB@BBB@@@"],["@@@B@@B@@@B@@@@@B@@@@A@@@@A@@@BA@@@@B@@@BABA@A@A@@AAB@AA@@@@A@@@@@A@@D@B@@@@AB@@@BA@A@@@@B@@@B@@"],["@@CDAB@DB@BBBAB@B@B@D@@@BBB@B@@ABABA@@BC@AB@BAB@B@BA@AD@B@BABCAAAAAAE@AD@@@BA@ABABAB@@AB@@AAA@@AA@@@AA@@AB@@@B@@ABC@@B@BA@"],["@@B@B@B@@@@AB@@AB@@AB@@@BCB@B@@@@A@A@@A@@@@A@ABA@@B@@@@A@@A@A@@@AA@@AB@@BD@@AB@B@BA@AB@A@@AA@@@@AAA@AB@B@B@B@@@BABA@BB@@BB@@"],["@@@@B@@@@@BB@@@@BB@A@@@A@AB@@@@@@AB@@@@@@A@BB@@@B@@@@@@@@@B@@@@@@@B@@@@A@@B@@@B@BA@@@A@A@@@@A@@@AB@@A@@@@@A@@@@@AB@@@AA@@@@@A@@@AB@@@@A@A@@BA@@B@@@BA@@B"],["@@@@@B@@@B@@B@B@@@@AB@@@@@B@DBB@@AB@@@@@@A@@@@@A@@CA@@@@@@BAB@@@@A@@AA@@A@@@A@@@AA@@A@@A@AA@@@@A@@@A@@@@AA@@A@@BA@ABBDBB@B@B@@@@@B@@BB@@@BA@@B"],["@@AB@B@B@@@BHDB@B@B@BA@BB@B@@@@@@@BA@@BB@@B@@AB@B@@@@@@@AAE@@@A@@@@@AAA@@@A@@AA@@@A@A@@@C@@A@@@A@@A@"],["@@C@ABA@A@A@A@@@@B@@@BAB@B@@B@B@B@BAB@@B@@@BB@@BB@@A@@B@DBB@@B@@@B@@B@@@@@B@BAB@@A@A@@A@AA@@AAAAA@@AB@BAB@@@@@@A@@A@A@@@A@C@"],["@@H@D@BC@AD@BBB@BBDADADAH@B@@A@A@ABABA@AAAGD@B@B@@ABA@C@KA@@ACA@C@A@AA@CDAB@@ABC@A@AA@C@AAAA@ACA@A@@C@A@AAAACBGF@B@@MLA@A@A@EF@DABBB@B@B@@BB@BBB@@B@B@D@F@D@XD"],["@@fF[@GAUC[BOHOfuDCRGDAN@HARG\\ILET@FCDEHK@AEABCPGBCVIFCH@J@D@BAAE@EBCZGF@FBBBBBDA@CACAGDCBA@AEGAACBKBCB@@M@I@MDKB@ACAMBEDOHQJQNKHEHEDQJ]TEDGBI@e\\y|IRCRCp@FARCZAHGNOZtZ"],["@@@@@@B@A@B@@@@@BA@@A@@@@@@@AA@@@@@@@B@@@@A@@@@@@@@@BB@@A@@@@BB@@@@@@A"],["@@@@@B@@@@@@B@@@B@@A@A@@@@@@B@@@A@@@@@B@@@@A@@@@@@A@@@@@@@ABAB@@@@@@@@"],["@@CDABATA@@@@BAA@@C@C@AAA@A@A@CDA@@AA@A@@@ABAH@@@BB@BB@@@@@B@B@@AB@@@B@BBB@@AB@@@B@@@@@B@B@@@@@@@B@@@@@@B@@@@E@@B@BADCB@@@BBBAD@B@DBBAD@@ADAB@@@@A@AA@@@@@@A@@BA@@@AAA@AA@@A@A@IBKDC@A@@@@@@"],["@@B@@@@@B@@@BB@BB@@@AB@@BB@@B@@A@@B@B@@@@A@@@@@@@A@@@@A@@A@@@@AA@@@@A@@@AA@@A@A@@@@B@@A@@@@@@B"],["@@BDABB@@@B@B@B@@@B@@@BB@@@@BBAB@@@BB@B@B@BABA@@@@AAA@@A@AAA@@AAABAAA@AA@@A@A@AB@@"],["@@B@@@@A@@@A@AA@@AA@@AB@@A@@@A@@C@A@A@@BB@@B@@@B@@BBBDBB"],["@@B@BB@@@@@@BA@@@@@@BB@@B@@@BA@@@@AA@@AA@A@@@@@@A@@@@A@@@@@@@@A@@@@@@@B@@B@@@@@@@@@@@@@BA@@@@A@@@@@@@@@A@@@@AB@@@@@AA@@B@@@@@@@@@@@@@@@@@AA@@@@@@@@@@@@@@@A@@@@@@@A@@@@@@@@@@@BB@@@@@@@@@@@B@@@@@@@@@B@@@@@@B@@@BB@@@@"],["@@A@@@@@@B@@@@@B@@@@@@@@@@@@AB@@@@@A@@A@@@@B@@@@@@@@@@A@@A@B@@A@@B@@@@@@A@@@@@A@@@@@@@@@@@@AA@@@@@@@@@@@@@@AA@A@@@@@@@@@@@@@@A@@@A@@AB@@@@@@@@@@@@@@A@@@@@AB@@@@@@@@@A@@@@A@@@A@@@@@@@@@@@@@AA@@@@@@@@@@@@@@@@@@@@@@@@AB@@@@@B@@B@@B@A@B@@@@@@@@@@@@B@@@B@@@BA@@@@@BB@@@@@@@@@@@@@B@@@@@@@@@@B@@@@@@@@@@@@@@@B@@@@BB@B@@B@@BBA@@DA@@@@@@BD@@B@B@@@@@@@@A@@A@@@@@BA@@AA@@B@@@B@@@B@@@@@ABB@@B@@B@@@@@@@@@@@B@@@@@@A@@@@@@@@@@B@BA@@B@@@BA@@@@@@@@@@BB@@BA@@@A@@@@B@@@FA@@@@@A@@@A@AD@B@@@BA@@CA@@@@@@@AAB@@CAA@@@@@@@@@@@@@@@@@AB@@@@@@@@A@@@@@@@@@@@A@@@@@@@A@@@@@@@@@@@@@@@@@@@A@@@@@AB@@@@@@@B@@@@A@AB@@@@@@@@@@A@@@"]],"encodeOffsets":[[[125643,31573]],[[125592,31553]],[[125703,31538]],[[125610,31532]],[[125387,31502]],[[125329,31479]],[[125608,31495]],[[125785,31436]],[[125729,31431]],[[125745,31432]],[[125513,31380]],[[125220,31372]],[[124537,31340]],[[124506,31329]],[[125062,31319]],[[124505,31307]],[[125072,31297]],[[125620,31590]],[[125643,31572]],[[125693,31446]],[[125730,31529]],[[125714,31535]],[[125702,31547]],[[125684,31550]],[[125674,31529]],[[125600,31508]],[[125586,31510]],[[125613,31524]],[[125373,31477]],[[125368,31430]],[[125367,31425]],[[125355,31419]],[[125420,31408]],[[125467,31403]],[[125455,31385]],[[125396,31360]],[[125364,31357]],[[125086,31313]],[[125076,31346]],[[125008,31331]],[[124897,31529]],[[124985,31449]],[[125413,31487]],[[125411,31468]],[[125330,31504]],[[124643,31303]],[[124493,31316]],[[125610,31549]],[[125569,31558]]]}},{"type":"Feature","id":"330903","properties":{"name":"普陀区","cp":[122.301953,29.945614],"childNum":77},"geometry":{"type":"MultiPolygon","coordinates":[["@@A@@B@@@@@@B@@@@@@A@@@@B@@AA@@@@B"],["@@BA@A@@@@A@@@@BA@@B@@B@@@"],["@@AD@B@BBBD@B@FC@AB@@@B@F@B@@@@BB@FADCBEDCDCD@FA@A@A@AE@GAG@ABA@AAC@A@A@A@BAAAA@A@CBABAD@BABABA@AF@BBD@B"],["@@B@B@B@BA@A@@@A@@AAA@AB@@@BAB@@@B"],["@@@@@B@@B@@@@@B@B@@A@@@@@AA@@@@@A@@@@BA@"],["@@A@@@@B@@@@@B@@@@@@@@@@B@@@@A@@@@@A@@@@@@"],["@@MBODKHEH@D@BBDBBD@BDBZ@FDFBFDX@DDBDAFBB@HBFAFBDBLLB@D@DADGBCACIECE@E@CBADANEJCBC@CACCACAK@C@EBI@C@CEAI@A@@BAAAAA@A@A@ADADCBIBCACECGA"],["@@BDDBFAZENGTKZOPKFADEDC@@@AAAA@E@GD]JWHCBIBGDGFWTAF@D"],["@@C@_NE@S@K@GDSRq~AD@FDHDBFBH@HCDBDBFDH@H@JARKLGBEAGCCECAC@EBEDCRGVED@D@XFF@F@DAPIHGBIAEEEE@UBC@ECAEEA"],["@@@BA@@BBD@DBBB@B@@@BA@@@ACG@@AAA@"],["@@@AB@@A@AA@AA@@A@C@A@@@AB@B@@BBBBB@B@B@B@"],["@@@@@B@@@@B@@@@@BAAA@@@@@@@@A@@@@@@B"],["@@@@@@@@B@@@@@@@@@@B@@@@B@@@@@@A@@@@A@@A@@@@A@@@@B@@@@@@"],["@@B@DB@@BB@D@@BB@@@B@BB@@@B@BA@@@A@@AA@A@@@AB@B@@A@A@AFA@@@A@@A@@@A@AAA@CA@AB@@AA@A@AA@BA@@@@@A@@@BB@@@BABA@AB@BB@AB@@@B@@@@"],["@@AD@B@BBDB@@@B@@@@@B@@@ABAD@BB@B@BA@@@@BB@@BBB@@@BB@@B@@AB@@AA@A@@@@A@@BA@A@A@@@CAA@@A@@@@BA@@A@@@A@E@@@AB@B@@ABABA@@@AB@@A@AA@@@@AB@@AA@A@ABBBA@@@AAA@@AA@@@AD@D@@@BA@@@@@A@@AAB@BA@AB@@BB@D"],["@@AHABED@BAF@@A@AB@L@@B@B@@AD@B@HAB@B@@@@AB@B@@BBA@A@A@A@ABAB@B@B@BABE@KBC@A@GAA@AAAAAA@AB@F@BADABBBBBAB@BA@CAA@AAAA@BAB"],["@@AD@@BBDABD@B@F@@B@B@@CBBB@B@B@B@B@B@@ABA@@BB@@@BBA@@@ABC@@AABEAA@@@ADGBEAA@EB@B@@AAE@@@A@AA@@@AD@@@@A@A@AACBA@@B@D@B@BA@AB@BA@A@@@@BBD@@BBABABAB@BA@@@A@BD@@AB@@AAA@AB"],["@@L@@BB@@@@@@B@@@@@@B@@@@@@@@@@@B@@@@A@@@@@@@A@@@A@@A@@@A@@@A@@@K@@@@@A@BB@@"],["@@BDBDBDGV@DBBB@D@BCDI@CBAB@BD@FBBBD@DBBD@D@BE@C@AB@@BB@@@BAB@B@@@BAAA@@@A@@@AA@A@A@ACCAAAAAA@EICCAAA@C@C@A@AB@B"],["@@@BB@B@@B@BBB@@B@@@B@@A@@BABEBCAAA@A@CBCB@@AB@@@B"],["@@@@@@@@B@@@B@@A@@@@@AA@@@A@@@B@@A@A@A@A@@AA@@@A@AAB@@@B@D@@@@@B@@@B@@@@@BA@@@@BB@@@@@@BB@"],["@@BA@@@@@@@@@@@A@@@@A@A@@@@BA@@@B@@@@@BB"],["@@@@@BB@B@@@B@@A@@AA@@@@A@AB"],["@@B@@@@@@AA@@@@@@@AB@@B@@@@@"],["@@@@@@B@@@@@@@@@@@@@@@A@@@@@"],["@@AB@@@@@BAA@BA@@B@@@B@@@@@B@B@B@BB@@@B@@@@@@B@@BB@@B@@A@A@@@ABA@@@AB@@A@@@AB@BA@A@@A@@A@@@@@@B@@@B@DA@@@AA@@@@A@@@@@A@@@A@A@A@@B@B@B@@@@@@AACE@@@ABCB@BA@A@A@@B@@BB@@BB@@@B@@@B@@@B@@AB@@A@@@"],["@@B@@A@@@@@A@@@@B@@A@@A@@@A@@@@@@B@@@@A@@B@@@@BB@@@@"],["@@@@B@@@@A@@@A@@@@@A@@@@BA@@@@@@A@@@AA@@A@@@A@@B@BBB@@@@@BBB"],["@@@@@@@@@@B@@@@@@@@A@@@@@@@@@@AB"],["@@@B@@B@@@B@@@B@@@BABA@A@@A@@@AA@@@@A@A@@A@@@@@AA@@@A@A@AB@@@BB@BA@@@@BB@@@@@@BB@@AB@B"],["@@B@B@@A@@@A@@@A@@AA@@AA@A@@@AAA@AA@ABA@@BAB@@@BAAA@@@@@@B@@BBBB@@@@@B@@BBDAB@@@@B@@@@@B@@B@@@"],["@@D@BA@@@A@@B@B@@A@ABA@A@@CACAA@A@@@@@AAAAC@ABAB@B@B@@@BA@@@@B@B@@A@@BBBB@B@@@@@BBF@B@"],["@@BBB@@@@A@@@@@@@A@@@@@A@@@@A@@@A@@B@@@B@@A@B@@@@@"],["@@@A@AAAAA@ACAA@@AD@F@BABAAAAAA@@@BAB@FA@ADC@A@@A@GBCBC@A@@A@A@AA@CDAB@BA@ABB@@B@B@@ABBB@B@BA@ABA@@B@BBB@@B@BB@@@BA@@DBB@@B@B@B@@B@@BBDBB@BA@A@@AA@@@A@AD@"],["@@@@@@B@@@@@B@@A@@B@@A@@@@@AA@@@@BA@@@@@AB@@A@@B@@B@"],["@@@@@@@@@@@@@@B@@@@@@A@@@@@@@@@@@@@@@@@@A@@@@@@@@@@@@@@@@@@@@@@@@@@B@@@@@@@@@@"],["@@DADA@ABA@@A@@@AAA@@AA@@@@B@B@B@@A@@B@BA@A@AB@B@@BB@@B@BA@A@@"],["@@A@@@@@@B@@@@B@@@@@@@@@@A@@@@@@@@@@@@"],["@@@@@@@A@@@@B@@@@@@@@@@A@@A@@@@@@BA@@@@@@@@@@B@@@@B@"],["@@AF@DB@NFLFLBJADCDIAGAGGEECG@KBKBADCJ"],["@@FCJAF@D@HDHBX@D@BABEDADGHGHKJMDAJCLEHCDCFIBEDAB@F@F@FABABCBE@A@CAAC@CAAAAC@EBGFG@E@IAICKGKKQAGAI@ECGCGCCAAC@EDGBIBKAIAUGEAG@C@GFIFcZYNQFHbBHDDBDB@BBB@@DABEDAF@DBDDDFFJHFHNRBF@HABIDAD@DGBADAB@D@LDDBB@@@@DFDFJN"],["@@AD@@BBB@BABAD@B@@B@BDBD@HABA@@@ACAEA@@AA@ABAB@B@B@F@BABC@@AA@@A@@AB@@A@A@@@A@@AA@AC@@@CBABA@A@A@ADABAB@BB@@B@BABA@@BA@A@AA@@ABA@@AA@A@A@@B@BB@D@@BB@@B"],["@@AVBFDB^LBBBDFA@AF@RCFCJ@LBJDLDFADEFADA@CCA@CACEBAAAA@C@CFC@CCAIAQAACIIIASCMBQDOHEJ"],["@@IFGH@DBBBBF@D@D@FDF@JCJCHEDE@AA@CECAE@IAIAABABABAB"],["@@@@@A@@@@@@@A@@A@@B@@@@@BB@@@"],["@@A@@BB@@BB@@@@BB@@@B@B@@@B@BA@@@@AAA@@@@@A@B@@AA@@@A@@@@@@@A@@@@@A@@@@@"],["@@@B@@ADCDAB@BB@@@B@@@B@D@@@@@@AA@A@@AB@@@B@D@@@@@@@@A@@B@BABA@@@AB@BC@C@@@@BAB@@A@A@AA@A@@B@BA@A@@A@@@A@@@@A@A@ADAB@BA@ABBBA@@B"],["@@@@@BA@@BAB@@@@B@@@@BA@@@B@@@@@@@B@@@@@@A@@@@@@@@@@@@@@BA@@@A@@@A@@@@@@A@"],["@@ABA@@@@B@@@@A@@@@BB@B@B@@A@@B@@@BA@@AA@@A@@@"],["@@REDDDBJ@FAJENCJABA@C@CBAFCD@BBB@ACBAD@DBDBDABCBEBCDA@CCCE@GDCDA@AA@AAAG@GBE@ACCE@CBCF@J@JALG@AAAA@AA@CBABC@AAAEBCBACBCHIDCBCD@D@DCBAFAFG@CCCI@EBCA@C@C@EA@EAEBAB@DABGDGFGFEBECKDOLQNgXEJAPGHIDK@EHKL@FDDJJNH\\FPAJ@HE"],["@@@@A@@BB@A@@BBBD@@@@A@@@@A@@A@@B@@@B@@@@@B@@A@@@@@@B@@@BA@@@@A@@@A@@@A@A@@@A@@B@@A@"],["@@@@B@@@B@@@B@@@@A@AB@B@DAB@BA@A@AB@BA@@B@@A@A@AA@A@@B@@ABA@@@A@A@A@@@A@@@A@@@A@@@@@@A@@C@ABA@@B@B@@A@@@A@@BBBBB@BB@BD"],["@@EDAB@B@B@@A@@@A@@@@B@BBBB@BA@@B@@@@@@BB@BA@@B@@@@B@@@@@B@@ABBBB@@@B@@AB@@@@@B@@B@@BAB@@AA@@A@@@@@@B@BA@@@AB@B@BABABC@AAA@@ABA@@@@@@A@A@A@@BABA@A@@@AA@A@@B@@AB@@A@@@A@AA@@A@CBABB@AB@@A@AD"],["@@B@@@@@@@B@@@@@B@@@@A@@A@@@@@A@@@@@A@@@@@@@@@A@@@@B@@@@@@@@B@"],["@@EDABBDB@BBBBB@B@DAD@BBDBBBBA@@BAB@@C@@@@BAD@@AAAAACCAAGAC@C@ABABAB"],["@@KDE@GFCD@@CB@D@BBBDADAB@B@@@@BDBB@FCBAFABBABDBB@D@BA@A@AB@DA@@BABAB@AA@@A@@@@AA@AA@A@AAAE@EBA@"],["@@D@D@FA@A@CBE@C@CCAC@E@A@CBA@C@@B@@BB@FDHDD"],["@@@BD@B@D@B@@@DBB@BAFCD@D@B@@A@AB@B@D@DA@A@@B@@A@@AA@@A@@AB@AAAAAB@A@@A@AB@@A@A@A@GBIFCBC@ABA@BB@BA@A@@@@B"],["@@BBDBD@D@DADCBAAA@AB@B@@AB@@AB@DA@A@@AA@@A@CB@B@@A@A@A@AA@@C@C@@B@@B@@@@B@@A@A@@@@B@@@@A@@B@@B@@B@@ABC@AB@B"],["@@@B@@@BB@BB@@@@BB@@@@@@B@@@@BB@@@B@@@@A@@@A@@@AA@@@@@@@@A@@@A@@A@@@A@@@@@@@@AABA@@@A@"],["@@AB@B@BBA@@BBB@@B@@BA@@@BBBB@BA@@@@B@@@B@@@@A@@AAAAA@@@A@@A@@A@A@C@"],["@@BED@BAB@BCACBC@E@ABA@ACAGAC@CC@AEAAA@A@AAECCACBAAE@EBEB@@AAACA@AAAC@@AG@@BA@A@CBCLADBJBB@BABAD@F@HABADBDAB@DLFBDLLD@F@HDDBD@DA"],["@@@@BBBB@B@BB@@@B@@@B@@@BA@@@AA@@@@@@AB@A@@A@B@@A@@A@@@@@A@@A@A@@@@@@BA@A@"],["@@A@ADBBBBB@BBAD@BCDBBBBBBFAF@DA@CBAB@DBBBDBB@B@@A@A@AA@BA@@@@BA@@@BBB@B@@B@BABA@@@@@@@@A@AA@@@@@@B@@A@@@AB@BAB@@A@@EC@@AA@AB@B@B@B@BABA@ABAB@@@@B@BB@B@B@B@BAA@@A@@@@B@@CB@B@B@DAB@B@@@BA@A@@B@B@BAB@@AB@B@B@B@DAD@@A@@BAD@D@DBB@D@F@D@DAD@BBB@BA@CBAAA@@A@@@ABA@A@@@@C@A@ABA@@A@@@A@@A@A@AB@B@@@B@@A@AA@A@A@CB@@@BAA@@A@AB@B@BB@@B@@ABA@AD@B@B@@A@A@A@A@@BC@@AA@A@@AAB@BA@A@@@A@GB@B@@A@AAC@AB@@A@@@@A@@@@AA@A@@A@AA@A@@B@BAB@@AA@AAA@@@A@@B@@@BAB@B@@ABAB@@A@A@AACBC@@B@BAB@@A@A@@BA@AB@@@B@BA@@@ABA@A@@@AB@@A@A@A@ABA@EBEBAB@@@B@@A@A@A@AB@B@BAB@@A@A@"],["@@@B@@@BB@@@B@DBB@B@DAB@@ABABA@AAA@AGAA@A@@@A@@BABCD@B"],["@@@@@@@B@@@@B@@@B@@A@@@@@@A@@@A@"],["@@B@B@@@BA@A@AB@@ADAB@@C@@B@B@@@BA@A@A@A@@@AD@BABB@AB@AA@@C@@@@A@@BA@A@AA@CBADBBAD@@ABA@AA@AA@AB@BA@@@A@@@A@@B@@BB@@AB@@@@A@@BB@@BB@@BA@@@@BAB@@A@@BB@@@@@@BA@@@BB"],["@@AB@B@@B@@@B@@B@@B@B@B@BA@@BA@@BA@BB@@@@@B@B@B@@A@@B@@@BBBA@@@AB@@@@A@A@@@@@A@@B@B@@A@AA@@@A@A@@@@BA@@BA@AA@@A@@@@B@@@BA@@@@@@@@B@@@@ABA@A@A@A@A@ABA@A@"],["@@@@B@@@B@BBB@@@D@@@D@B@@A@@@@DA@BBA@@@AA@@@@A@@A@@@@A@@B@@@@A@@@@C@@A@@@@A@@@@B@@@B@B@@A@A@AB@@A@A@@BA@A@@@@@AB"],["@@B@@@@B@BB@B@B@BA@AAA@AAA@@@AB@B@@BB@@B@@B@@@@AB@@@@@@BB@@B@@B@B@@@B@@A@@BABA@@@A@@@AA@@B@@A@A@@@A@@BAA@@@@AA@@AAA@@@@@A@@@@@AA@@A@@@A@@@@@A@@@@@A@A@@@@BADA@@BA@@B@@@B@@@AB@@B@@B@@@@B@@@B@@@@@@@@D@@@"],["@@@@BBB@@BB@@@@@D@@@B@@@@@@@BA@@@@@@@AA@@@@@@@A@@@A@@B@@@@@@@@AA@@@@A@A@@A@@@@A@@@@@@B@@@@"],["@@@@@@B@@@@@@@@@B@@@@@B@@@@@@@@@@AA@A@@@@@@@@@A@@@@@A@BB@@@@"],["@@A@@BB@@@@@B@@@@A@@@@@@@@AA@@@@@@@@@@@@@@@@@B@@"],["@@@@@@B@@AB@@@B@B@@BB@@@@CAAAC@AAAAA@ABAAAAAA@A@A@@A@@A@@@@BA@@BA@AA@@@AABA@A@@@A@A@@BDB@BBBB@@@BA@@B@ABB@@@B@@BB@@@@B@B@@@B@BBBBBB@@@BB"],["@@@B@@@B@@B@B@@B@@@B@@B@B@@@@A@@@A@@@A@@@A@@@@A@@@@@A@@@@AB@@@@A@@AA@@AA@@A@@@@B@@@B@@@@@B@@@B@@@@@@"],["@@ddBDBDD@BC@CDCDEDARFFBDBBCBCFCXEDEBC@ABADBB@D@B@AD@DHDHADCBBDBAFA@AB@@@BB@@DF@D@JCPGBCAEGCCC@CFCDC@AAC@CBCD@H@DIACCAO@G@ADG@EA@A@AFEH@NAJAHCDEAECCAADCBACC@ABADADG@CEEGAGBGBCACC@CBCBAAEC@E@CBE@CCACAACBCACCAGDE@CEA@C@CFCLANEDC@ECAA@@CDA@GAAA@AA@ADAF@BCAAG@IAGDCFC@AAA@K@KFOREJBD@BADKR@FNNBDBHCHAFBFADEHEBM@QLADFF@JGDGDI@CCC@IHMPANBBBBBB@FBD"],["@@C@C@ADCJADCBC@IGICEBCBGFGBGAEBEDILCF@FDL@FCHKLIFKBCDCDAVAFCDG@G@E@GCGMIGGCK@MJUJC@EBCDAH@B@DFDHJTlLlBDHJFDFDH@NCD@FBFDD@HBF@XNHDFAFABCN[@EBMDOLOTSTIVGJC`[DEBAFSDEFGFEBAAEUaKWCGGEMC"]],"encodeOffsets":[[[125900,30894]],[[125900,30893]],[[125707,30861]],[[125269,30809]],[[125422,30777]],[[125345,30768]],[[125329,30690]],[[125150,30684]],[[125223,30438]],[[124966,30480]],[[124943,30426]],[[125227,30406]],[[125821,30883]],[[125662,30900]],[[125649,30923]],[[125626,30916]],[[125580,30930]],[[125222,30821]],[[125218,30798]],[[125246,30814]],[[125255,30776]],[[125301,30822]],[[125397,30784]],[[125428,30777]],[[125417,30772]],[[125366,30753]],[[125360,30769]],[[125360,30766]],[[125345,30767]],[[125339,30759]],[[125391,30693]],[[125392,30676]],[[125404,30669]],[[125401,30663]],[[125411,30646]],[[125373,30583]],[[125362,30591]],[[125465,30595]],[[125466,30595]],[[125224,30650]],[[125192,30787]],[[125299,30556]],[[125218,30578]],[[125191,30582]],[[125169,30592]],[[125179,30577]],[[125259,30549]],[[125322,30506]],[[125262,30499]],[[125200,30562]],[[125142,30543]],[[125161,30525]],[[125123,30526]],[[125090,30520]],[[125097,30515]],[[125124,30501]],[[125127,30481]],[[125131,30441]],[[125159,30453]],[[124970,30475]],[[124978,30470]],[[124968,30474]],[[125040,30389]],[[125141,30417]],[[125162,30429]],[[125222,30400]],[[125167,30396]],[[125164,30373]],[[125160,30361]],[[125151,30350]],[[125095,30317]],[[125096,30333]],[[125077,30311]],[[125088,30331]],[[125079,30341]],[[125267,30657]],[[125115,30363]]]}}],"UTF8Encoding":true}