{"type":"FeatureCollection","features":[{"type":"Feature","id":"640522","properties":{"name":"海原县","cp":[105.647323,36.562007],"childNum":1},"geometry":{"type":"Polygon","coordinates":["@@BECCGCECA@G@I@GDSFGBG@CAGCE@GACCGGCICCA@KBE@A@A@AG@GCEEEAAC@C@GAKEICAE@C@ADAB@BCBKBK@QB@B@FBLLB@@@@AOWGQCMAMBUAAAAE@ABKBE@ECCCMAEBEFCBAACII_AICECAE@K@ODE@EAWMMEc[KIEGCKACECGAG@IAEAIC_GMCSIK@E@K@IAKCMKG@SJIFKPCBG@A@AEAG@@CAKFIDCBEDEBAAGAKCICE@EAIBG@C@@@IIAIGIMDQDIBQBGGAEDKAGCAKCA@EGAGDEFIDE@CFGFKDIBCFIDEDGDGBGDGBEBGBEBG@G@C@EBK@CBMDK@CG@I@MBKBKFQHMJOHIDK@K@SBOBOBO@O@K@E@CCAIAIBKBIBEKGECQUKQAECOCGOKQGOMEIKGEECAIFADANELIDG@OEOAIDI@GCKGK@CFHJLFLJNLCHGPIPSJI@GCEGCAOBWBWCOIEECEEGCEEAEAG@E@EBIBEBEDGFCFGFEFGFIFGFGLEBCH@BA@@@A@ABC@@@AB@@A@@B@@A@@B@@A@@BA@A@@@A@@@@@@B@@@@BB@B@B@BAB@BABADCBADCD@@A@AB@@CB@@A@ABA@ABABABAB@@@B@B@B@B@F@B@B@BAB@@@@AB@@@BA@@B@@@B@@A@@@A@@@C@C@AB@@CB@@A@A@@@@@A@@B@@@BA@@@A@@@CFC@IAKCMIQEOEQGMCIGKEKIEEKEWMCA@@A@@A@AA@@AA@@@CB@@A@@@A@@@C@ABABADABAHBB@B@@@BAACA@BA@@DBB@B@B@FCDADEBADGDABIBABCBCDAD@D@DAD@BAB@F@B@DBBBDBBDBBD@BBDBB@DB@AB@DABAFABADABAB@B@B@DDDBDDBBBBBD@B@DBBABBBBBDBFBD@D@B@D@B@DADADABADCDABCDCDABCBEBABADABAD@B@BAD@D@DABABC@CB@@CBC@E@E@C@A@C@CB@BABIBCB@@@B@B@DAD@BBBABABC@CDADBB@B@@B@@BC@C@@BA@@B@@C@@@CB@BA@@B@@AB@B@@AB@@A@@B@@@BB@A@@B@@ABA@@A@@AB@BAB@B@@@B@B@@@BAB@BABA@@B@B@@B@B@D@B@D@B@B@B@B@D@BBDB@DBDDB@BABADCDADC@E@E@EBA@A@@@@FABAD@D@D@D@DADAB@DAD@D@F@D@BBH@DBD@DBD@B@FCBADEBA@ABABCBAFCBA@@BAAC@C@AAC@EACAA@A@@A@E@A@@AAABCDABABAB@DAB@BBDBDBDBB@DBDBBBD@F@DBB@B@@@B@@ABA@@BABCF@D@FBFBBBD@DAD@B@DAD@BADADADADADABCBCDCDCDEDABCDCDABCBABA@A@CDABAFCBA@AB@BABABABCBAFADCBABA@A@A@CACAEAAACAAAAA@@ACAAAACAC@ABABA@ABC@CACBE@AAA@CA@ACA@@A@@B@BAB@@@@AB@@A@@AA@A@@@A@ABAB@B@@@B@BA@@BA@AAA@A@@@ABABABABA@A@AA@@@@A@@@AB@B@BAB@B@D@DAB@BA@CBCBC@A@A@BB@DBBDFDBFBDBB@DDF@DDBBDBD@D@B@BBAFABAD@B@BBFBB@DABABABABCBAFADABAD@@BBDDB@BB@BADKJCDE@EAC@EAAD@@ADADADADAD@@E@@B@D@N@D@BABEAC@C@CB@DABE@ADA@C@CACBAB@BBB@BDB@@@B@BADBDDF@NBFDFBB@B@BABADABABCDABCDCDEDCDCDABABAD@BAD@BCFADADAB@D@B@D@B@BADBB@BBBNAHBNBD@DCHGDAD@FBHAFCHCD@D@FDBBHANG^KD@FAF@DDJLHJLNFDD@FDBJDB@@DABG@CAC@CBEBEDAJI@A@@@IBGBKB@D@H@J@F@DABABCBCTOFAFBDBDJDHLNb`ZNDD@DEBEHBDLJRRD@L@DAJCVONCLAHBFHFPJJTHXRPPPLLHJJDAJIDCDCBAHGDAFBF@LDHHFDLFHBH@D@DDBBD@ADC@CBAB@DCLBLBFDBDDF@XCNEJCFGFAB@JHB@DAHGD@B@BBF@DBHFFBDBBBRLJ@XBH@DHFDLFJJHFHDBBEHEJALANDPDBFDHBDBBDBBALBFBLBDB@BAHKJIDGDSDG@@F@FAHANELGLMJKB@FDPNHDD@FGBABAF@F@B@PBH@F@FBFFPFLBPCDCHEDI@MDMDAFBJFDP@PDPFD\\HHF@HDBLBHBDDBDAF@FDDLFJFPRJNCF@BLFJJ@F@D]\\KRDDFBD@FADEFAFDHBD@BDNJJD@B@D@FDBF@F@FABQjY@GIABIJ@LGDS`SAWJK[W@GJEPFNI\\DrcF[C_dWV[\\UGcN_FKz{B_X[BYZKhiBIKYHMDU^QFBXPLDN@L@JAJID@AH@V@NDHFBHBVDJAREFCD@NL@H@DDDJCJELCDMBAJFFBLBPADGFIHIFAF@PAJDLDHDHBFBLDJBJDLDJBHBN@B@@B@@B@DDBD@DCB@BA@AB@B@BJBF@F@DAD@FANAB@BBBBBBDBBBB@F@B@BAB@@AB@BDDBB@DBHBBB@@@B@H@B@BB@B@BABCDEBADEFAB@BAB@@@BC@ABM@C@AA@AC@A@CA@@A@@@C@C@ABABCBABAF@B@D@DA@@BA@A@@B@DAB@@C@A@ABAB@DABA@@@A@ABADAD@B@BAA@A@A@C@C@AAC@EAEAG@E@@ABA@@BAFAB@DCDE@CAACA@C@A@CA@A@@@A@C@A@C@A@@ACA@AA@A@@@ABCBCBE@C@CAC@EDIBC@CB@BABCDIHEDIDA@GDCB@@@A@@BABAAC@@@AAEACAAACBA@ABA@A@A@@A@@AA@@@@A@@A@@A@@ABCBCDABAB@@@B@@A@AB@@@AA@@@ABABADADABEBCDA@AD@@CB@B@@A@A@@@@BA@@@A@@@A@@A@AB@@AA@@@A@@@@@A@@A@@@A@@@CDEDA@CB@@ADEDCBA@E@@@C@C@A@A@@BAB@DAB@FA@@B@FAB@@@DBHDJ@D@DAFADEBCBABA@A@A@@@AD@BADADABADA@A@@@A@AB@BA@@@AAAA@@@@A@AAAAA@@CAA@AA@@@A"],"encodeOffsets":[[108965,37396]]}},{"type":"Feature","id":"640521","properties":{"name":"中宁县","cp":[105.675784,37.489736],"childNum":1},"geometry":{"type":"Polygon","coordinates":["@@hB\\DHBD@BBBFBBDBRHbJH@HBT@FBFBHBH@FBDBDBFAFAH@HAH@NANALBN@XJTJBBH@BAPAJ@LARCJDHANCRCFCB@B@NTBBX@TCPCF@JBF@HDFBBABCAEBC@CBEEECCEGKG@E@U@I@GAIBEAICK@EAECCACCGDC@IACCC@CDAFADC@CDGDCFGBE@CCCIECCACCCBAlABBBBBF@HBHDFLNFFBHFBDDBBJPBJ@FAF@D@B@BF@FCDCDEBAHCLCN@PDX@FAFCHCD@T@L@DAFEDCDAJAFAFCBK@IEGAGBIDMACCAAAE@G@E@EBECCCAGAG@CBEDGJKHGFELKJIFEHEBA@AA@CBCA@CFEDAFCDAH@H@JAHCHCDEFIDCHEFEDCAACAE@ABC@OCEAECACCCAAE@E@EDE@A@CCAA@CAGACECGACAEGCACAAA@CACAE@EAECCGICAG@CCCACACBEDEBGBCACAECE@C@A@E@E@CBC@CACAA@A@@A@AB@@AB@@@B@@@@@B@@A@@B@B@B@@@@AB@@@BA@@B@BDB@DB@@@@@@AC@@@@@@B@@@B@AAB@@AHC@@@C@@B@DA@@B@AA@A@@D@B@@A@@C@@AA@@@@AB@@@B@B@@@AA@@@@@AB@@BB@B@@@@@AA@AB@@@B@B@@A@@BAA@EASAEAA@A@A@CBM@CACCECAE@E@CAAAA@ABABCBEDABC@C@EA[GI@GAECEECCEE@ABCJMDGDGBGCAG@M@G@OBKBKDCACA@C@CCICEBCFCFCHERGJGLCJCLALAJCLGLEJAFBF@HEHAHCDCHGLGHG@GAECIIIEGOGQBáLFC@GBA@AAAC@CAEECCACAC@C@AACCEECAC@GAICEAG@EAGAGAICCAEA@ABABADCHKFGDEBG@ABC@@@@AA@@@@DA@A@@@A@@@@BA@@B@@A@@@@@ABADA@@@AAAAEBA@AB@D@BA@@@AA@AAB@@A@AA@@AB@BABABA@AB@@BB@@AB@DABAFADCBA@A@@A@A@A@ACAC@AHCDAB@BABA@A@@A@A@@@CD@@@@A@@AB@@AAC@ABE@@BAB@BBBB@@B@DABAFCBA@AAAAAAAA@@@ABC@AA@AAA@ABEBA@@BAB@BB@@BA@A@@IECCICC@CAE@C@Q@ECA@E@C@CAGAW@K@GAE@@D@FIJEDKLKHCDAFEDEB@BBBDFBBBD@DBDFDBB@D@LELAFEPCFCBCDC@@D@BADCD@BBBFBB@@BABGHA@ECGIAAAAICMGKECCCECCMKKIKEWSGGECIAGAM@CBE@E@EAACCAEAE@E@GBEACACAB@H@DAFAHCFEBGBCFCFCJA\\@JBL@LAFAJCTGHAHBJ@N@H@JBD@DCBC@I@EFADE@G@IAGEEBIBGJYPWPGLEPCNCJEfcNKNI~@FCFIFGR_PULUh}JMDIJMBCNMC@A@@@AACA@@C@@@AA@@A@CAA@AA@@AAA@@@AA@@@@@AA@@@@AA@@A@ABC@@@AA@@A@ABC@E@ACA@@@C@ACA@ACCA@AACCCAA@GA@@A@ACCCA@CAC@AA@@AA@@AAA@MGAACAAA@@AAA@A@A@AAAAAC@AAC@A@AA@C@A@A@CACAA@AAACGC@@AC@ADEAA@@@BA@C@@@CBA@C@C@ABAB@BA@ABCBA@EB@@AA@@AB@@AA@@@@AA@BA@@BA@A@@BABC@@@FEJGDANGHKBAIKQQAGFW@GCAEAG@AACG@I@MBKDMHOACACAAKNKHMFGBEBE@@@CHCTCHIJGLABA@ACAKAEBKAAACCAGAECCACOBMGBKBCBGHGNCBE@GCAAEAI@ECEAA@I@IAUFQBEDINGJKLMHOJCBABEBCACBEBCBGDEFGJKJIHILEDKDE@GAA@AAAA@CACAAEAA@@@@A@AAAC@IDCBCBA@AA@CDE@CACCCCAIDIDKHEBG@GAKEC@ABABCDABGDC@SDCBABAF@DCBE@GACACCCACAG@GACCAAAAC@C@E@A@A@MIOIOCE@CBCJ@PABABMFCBAD@FDLHJJLPZFLJTBR@HAHCAA@C@CAGAEA@@A@@B@@CDEF@D@DAB@BCBCBE@ABCBA@EBQHCBABEDCBCB@@A@C@AB@@ADABA@@F@BAB@B@H@B@@ADADADADERABCLEB@BC@K@GACECCC@ABCDANCNETGPGL@@@BB@D@FAF@BBNLVTTVBD@B@BAB@DHPBBF@H@BDB@DCDABCH@NBDAFAD@@@D@DBDBDFFFBBHFBBJDJDFBPDFBDBH@HBD@D@B@FCHCLETEFAB@FBJBHBF@F@HBDDJDBBJBB@@BAD@D@BDLFFDFJJBBHBDAD@DBDFJVDPHRLPDBDDDFFFDFDRDHFHLTDJHDXNFBDH@HDJTZFLDJHNLPFH@HABGBCBBJ@JBNBDRLBHFHBH@HCJCFMHIFCB@BA@@@AB@@@@A@@@@BA@@B@@@BA@@@@B@BA@@B@@AB@@@BA@@B@@@BA@@B@@@@A@AB@@@@ABA@@@@@@@ABA@A@@BA@A@@BA@@@@@A@@BA@A@AB@@CB@@AB@B@@A@@@@B@@A@@@@B@@@@AB@@@@A@@B@@A@@B@@A@@@@B@@A@@@@BA@@@@@@@AB@@@@@@ABA@@BA@@BA@@BA@@@@@AB@@@@A@A@ABA@A@A@A@ABA@@@A@A@ABA@@@@@CB@@A@@@A@ABA@A@@@ABA@@@A@ABA@A@ABA@A@ABC@AB@@@@@@@B@D@B@H@B@@@B@@@@@B@DAF@@@D@B@L@L@ND@\\BJ@FBDBDBBBBDA@GB@H@ND@PCB@BBP\\B@F@@@ABCB@@@BA@BB@@EHCDADAD@BBFBBDDH@DBBB@B@@CBC@CBABCB@@IBEBEBGBEBE@EBGBGBE@GAE@CBCAEAG@E@MEE@GAOBEDCF@D@H@J@F@J@BDF@DADAFAD@FCJ@DABEBA@@@A@@B@BBDEB@B@@@BBFB@BBD@HBB@BB@BAB@B@@@BHHBB@BADIFAB@@ABBDBBB@B@D@D@DAD@B@B@DB@BBDBD@BADCBAD@B@BDF@DAF@FCF@BAD@DBF@FDFDF@H@FCF@@ADCFEDGHBDDFDDHJBBBF@DBHANAHCDKJMF@F@FAJAHN@RCHBNAN@L@DBN@L@J@H@N@N@L@NBH@J@JBJ@NBN@FBR@J@HALB@@JDLJ@@"],"encodeOffsets":[[108145,38612]]}},{"type":"Feature","id":"640502","properties":{"name":"沙坡头区","cp":[105.190536,37.514564],"childNum":1},"geometry":{"type":"Polygon","coordinates":["@@A@C@CBC@C@A@A@AAACBA@@BAJEBC@AAAGG@A@@@ABA@AAAA@GAC@AAA@AE@A@@@AFAAC@A@AB@@@B@FABA@CDI@EBCBEBC@CCE@A@I@E@I@G@CDEFCPAHBF@NFF@H@FBDBDAF@HBF@HAHAFAF@FAHAFAFAJA@@DABADAD@DA@@@AAACAG@CCAAAE@ABCBCDCFG@@AAB@@A@@DABA@@E@A@O[AAA@ODC@@M@GHAB@ACAACACAEAI@[AC@@M@K@K@A@C@@BE@C@A@@@@@A@@@A@G@A@C@A@@@@@@BAD@BAB@B@BAB@B@BAB@@@B@BA@@B@B@BAB@@@B@@@DA@@@@B@BAB@B@@@B@BAB@B@B@B@BAB@B@@@@@BA@@@@B@@AB@@AB@@AB@BA@@@@@@BA@@@@@@B@@A@@B@@@@A@@B@@@@AB@@@@AB@@@@@BA@@@@@A@@B@@@@A@@B@@@@ABA@@DA@@BAB@B@@AB@@@@@B@@AB@B@@AB@B@BA@@@@@@B@BA@@@@BAB@@@@@@AB@@A@@@AB@@A@@BA@@@AB@@A@A@@B@@A@@@AB@@A@@B@@@@@BA@@B@@ADAJENGDEDI@GAGEGAGQKACAM@IAIDAHABA@GEGKOGMCIEKSYCI@GCGEAWMGCCIKSEGCGCQCEEECECCCAKOGQCOIUCECAC@CBGAAAIICEEECK@A@CBC@AA@IAAAICCCGAE@E@GAIAEAA@EBSFKFGDEDA@C@C@GAG@CAEAOCEAICICAAGEAAEECECACAC@@@C@EBCBMAG@ADCBCDA@ACG@E@AAGO@CBA@A@AACSUUSMKAAE@EBC@A@@A@@HKHOFSDMBMDCBAD@DDDFHBL@D@@AFADKBAFQBCBCBCBC@@@A@G@ABA@A@EB@BABC@@BAD@B@@@DADAFCBADARGFAB@DABAF@DADA@ABA@C@CFEDC@@@AB@@@FBHBDBD@B@DBBG@GAQISEKOYIKGICK@EBCDANEBABA@ODIDAF@PDPJNJB@B@F@D@D@BBBBDDHBH@DBDBDDDBHBF@DA@CBEBADATCD@HCBADCBABAD@LFHBH@FALGJCJCDBDDBD@DCF@DBBB@DADAJCD@BB@B@B@@B@FBBBBD@DBBBBB@HBF@LCFCJKJGLIHIFEHCDAFADADBFABADAPINGLKHIJMFCRAVEJBJ@B@FBFDJ@FBBBHDF@DAHMHGDALAHABKFIFGAAGCGEIIKEECCGG@WAI@QKAACAEAGECAE@AAA@C@GHCBA@IGA@EBEHIDMFWDE@CCCAAEAKDK@CBADAD@BCC@AACCC@G@GAKEECGGKCE@EACBGHABCDCDIJCBIIKGOKOOWQSGIIEOEGGAKBMDUPIDCBK@C@QQKIACFGFA@CCCYMa_KMCGCICAEAEBSPADADABCBE@I@G@C@A@ALAH@J@@@BIJCBAFAF@DBD@DAHCB@@CAAIECC@ECKMGIIKCCE@EBC@]LMHGBAAECC@C@GDEDGBEAC@CBGHCDC@MAGAMBBDBDDBBBBDBDBB@DDDBD@DBDBB@BBBDBFBBBDBB@BBB@BAB@BAB@D@D@H@BD@D@DAB@DBBL@F@L@HAL@JCD@BBB@@B@B@@@B@BABBBB@@DDD@@@D@@@BB@B@DAD@DAB@D@D@D@B@DAD@FABADADABCFCH@H@JBHFLLDHDNBBF@FBBB@FENAF@@@D@@AFAD@FBBAB@B@BAD@D@D@B@D@DABAD@B@@GAA@A@MHKJEDABCBEBCDABCDCF@B@B@H@@ABC@ABA@AB@D@BBBD@B@@@@B@@@BBB@B@@ABGD@@UJED@@@@B@@BBD@B@B@B@DAB@D@B@B@D@BABABA@C@@@SPA@CDCBCD@@GHABEDABAB@@CCAAA@A@AB@BBBDD@@CBCBABCCAAA@ABAACCAAGGAAA@ADAF@D@B@@@@ECAA@@@@@@CDA@CBCBEBEDA@@@AAA@AAA@ABA@CB@@AA@@@A@@@AA@A@AAA@AAAA@@@A@@BA@@@AA@@@A@BA@@@A@@@A@@A@A@ABCBOH@@@BFJ@@@@GB@BBB@@@@FCB@@@BD@DAF@D@HAJGVADB@HABA@@D@BCB@@B@@A@AB@BAB@BBBB@@D@D@@@B@@A@@B@@@B@BBB@B@B@@GD@@@BBB@@ABC@AB@@@FAD@DAD@DBBCBAFIDCD@DAFAHAL@BAT@BBB@@CBA@CBE@A@KAC@C@C@GBC@A@E@C@G@GBA@A@CBA@CBA@CBC@E@A@ABC@ABABE@EBABA@CBABA@ABABIDEBI@EBEDEBEDEDEDCB@@A@GCAAA@@@A@A@A@@@AAACECCCACAEAAAAC@C@C@CBABABABGDKDIDCB@DFZ@@CB@@E@ABABC@ABA@@@C@EAC@E@A@A@A@@BAB@@@BAB@@A@@AAA@A@CA@A@GAKAA@C@A@@AA@A@A@A@A@ABIHIHAB@L@r@HAFADCDEDGBI@KBCBMHEDIHCD@BBFBFDF@DAFCFEHED@BEDCBEB@@@@A@@@@@@@@@@B@@@@A@@@A@@@@@A@@@@@BB@@@@@@@@@@@@AB@@@@@@@@@@B@@@@B@@A@@@BB@@@@@@B@@@@@@@@@@@AB@@@@@B@@@@@@A@@@@B@@@@@@@@@B@@B@@@@@@@B@@B@@@@@@@@@B@@@B@B@@@@@@@@@B@@@@@@@B@@B@@B@@@@A@@@@@@@@@@@A@@@@AA@@@@@A@@@@@@B@@@@@@@BA@@@@@AB@@@@@@A@@@@@@B@@@@@B@@@@@@@B@@@@@B@@@@@@A@@@@B@@@@@B@@@@@@@@A@@B@@@@AB@@@@@B@BA@@@@B@@A@@B@B@B@@A@@B@@@@A@@@@B@@C@@@A@A@@@@@A@@B@@@@B@@@@B@@AB@@EDABGBCDEBCBCBAB@F@FADCBCBADAD@D@BBHAB@DBH@D@D@B@@@@@@AB@B@@@@ABA@@@BB@BADCDEDEBEBYJEFABCDABC@IBO@ABCB@BAB@BA@A@AA@@AAAAAAE@A@AAA@AAA@@BADABA@@DABADABABADCBCBCBCBABC@AACCECGEE@IAICCAAAAA@EAAICIIEAEAAAAAAEGCECECCAI@G@C@A@OEIACBC@C@@@CAAAAAA@CBCBI@GAA@ABCDCDA@A@@AAA@AEACAC@IBC@C@A@AAAAC@CACBC@C@A@CBABCBAB@B@DAD@@@BKHGJGDCHADAFKVAD@PHTLPDHADBBBBB@DBB@D@HA@@D@@BBD@B@D@DEDABABAB@B@B@B@BBB@BDBDBHBH@FCRKBAB@B@B@B@@@B@B@D@BBBBBFDBFBFBBB@D@DBD@D@D@DBBDBBDDBDDFBD@D@D@J@D@BBDDFDDBDDDDDBDBDAJAB@BBBBBF@BDDBD@D@DAD@F@D@B@@C@C@CAEACAAAEAIBC@CDEBG@CBGDEBIBEBCBADAFADEJADAHBFDDDDDFDJ@JBJBDDBFDFDBFGDIDMBM@GDCDIBIBGBCACAIAG@I@GDE@@@CFCDCDEBQB[@C@ODKBA@A@GAICCAEAE@CACACB@BCDCBGBEDADCBG@GBAAACAAAACAE@C@A@ACACCACCGAIAE@EBGBI@SCIAMBEBEBCBADCB@DAJAFEFEHADABC@C@CACAE@cGICAAAAEAICGACCAACCG@MCCCCEEAEAG@K@GBGBE@_COCKAIAG@I@GAEDADCBCBCBABAB@DBF@BFDHH@BB@FDHHB@@B@@B@BBD@BBFBD@JDFBB@BB@@B@B@B@@@B@@@B@@AB@@@BABAD@BA@@B@@@BAB@D@B@B@DBB@DBFBD@FBFBBBB@@BB@@BBBBB@@DDDDBB@@BBB@DBBB@@B@@@B@BB@@D@DAJ@D@B@F@HA@@B@BBF@DBD@BB@@D@HBFdDNNpVAFHĤH¼FfBþRF~FfBHBB@HFnZXJ@p@T@bJJBDFBBJ@J@NBF@HDZJ@@@@@@@@NHbTr\\FFNLJHHHDBDDLDFBJ@LBJBFDDBRFTHNHPDJBJDJBHFJDDBHHFDFBDBHDFBJFJBJBFBN@J@HDLBLDH@FBJ@JBHDLFHDFBFBJDFBHDJBH@J@L@HBLBJBJ@H@H@FBJBHBHBH@FAL@F@FBJBHBH@JAFAFAN@HAHCDAJEHAHCHAH@BGBI@E@ENELIDCBGBMAG@CAEAAGICCCEACHGFCDEBC@@DE@E@GCECE@EAE@CBC@ADE@EBE@CCE@A@ABCDABC@AACAC@ACAA@"],"encodeOffsets":[[107998,38478]]}}],"UTF8Encoding":true}