{"type":"FeatureCollection","features":[{"type":"Feature","id":"640303","properties":{"name":"红寺堡区","cp":[106.067315,37.421616],"childNum":1},"geometry":{"type":"Polygon","coordinates":["@@@@B@BC@@@A@@AAAC@ABADAD@B@B@DA@@FAFABCDADAJCDABADABCBAD@HAF@FAFADCBABCBACCCCCAAAGIAC@E@G@C@C@CEEACBCBEDCBEJINEFEBEBC@EBCDCBEBEBCBEFEFCBE@CACDADA@AACCACE@E@EBE@EAG@CACBABAFCDADA@CDABAFAFAFAFADADABAFBD@DAD@@@@@@@B@B@BB@@BBB@@@D@@@AB@@A@@@@@@B@@@@B@BBBDBBB@@@BA@@@@@B@@@B@@@BD@@@@@AB@@B@BB@@D@B@B@@B@@@@B@@@BBB@B@@@DAB@@@@@@B@@@B@@B@@B@@@@@B@@BAB@@BB@B@B@BA@@@BB@@@B@B@B@B@B@B@BAB@B@@@@D@@BBB@B@@@@@@@@BB@@BD@B@B@AB@@@B@@@@BBB@DA@@@@BB@@@@D@@@@@BBB@@@@B@@B@B@@@@@@B@B@@@@B@D@D@@@D@BB@@DDBB@@DB@@@@BB@B@BB@@BB@BBB@D@D@B@@@BB@BBBB@@@B@@ADBB@B@@@BB@@BBB@B@@@@BB@@@B@@@@ABA@BD@@@@AB@@@@@@B@BB@@@B@@@B@@A@AB@B@B@@BAB@@@BB@@@D@@@B@A@@B@@@B@@BD@B@@B@@AB@@@@@AB@BA@@B@@@B@@B@B@@@@BBB@BBB@@@B@@BBBB@A@A@@B@BBB@B@@@B@H@F@HBH@D@HBFBDADCFAFAF@FBJ@FCLAN@FBF@HDFBDBD@B@BBB@@@BCFAHCJAJAFCDADBFBFADCFAH@FADAF@D@BAFCHEFCNAHCJ@HAB@BCBCHGFAJBD@N@J@HAJCH@B@HDBBDB@BBBBBD@BAD@@B@B@BBBJRVZFFDFABEDE@EB@BBBjXFDD@FGBAHK~FCoDA@A@@OWACIk@A@@@AA@EAMCQEGAEAC@@BAB@@A@@B@BA@@@C@A@ABABA@A@CBA@A@AACAE@@@@B@@@@CBABA@@BA@A@A@A@@@@B@@AB@@A@@@AAA@@@AB@@@@@BA@@@AA@@@A@ABCAA@@@@A@@@@BAB@@@@A@@A@A@@@@@A@@@A@@@@CB@@@@A@@A@@@@BA@@@@A@@BA@@@A@@@@A@A@@@@A@@BAFADADA@@BA@A@@B@B@@@BEL@D@FAJ@B@BADAD@@CFC@E@GDGBE@IDCBCBEBOBIAECWAKDEBGDCBA@A@ECCAE@CA@ABCBCDCBCFGDCBEBA@C@C@CAACCEEAAACEAAAKKCA@A@A@@B@@@@AA@AA@A@@@@D@@@@A@@@@@@D@@@B@DAB@BA@@@AA@A@A@C@@A@@@@@AB@@@B@@B@@B@B@D@D@B@@A@@@A@@@AB@BAB@@@@A@@A@C@@@@@@@BABA@@@@D@BAB@@ABA@@B@B@@@B@@@@@AA@@BA@@@A@@B@BAB@@@@AAA@@AAA@@A@A@@BCHK@ABAA@AACCCAAACAIEMIACCAAAAA@@VO@AA@AAGCCACAC@QAE@I@E@AB@FAFABA@CAAAC@ECAAAACCEAKC[ECCGCGCKCSEMEKEGCE@E@EDKDEDCJEDCDCDCDEFEDEDEDCBC@CBA@@@@B@B@BCBA@AABA@A@A@AA@A@@@@BAB@@A@A@C@A@A@@B@B@BA@ABE@A@@A@C@@A@C@C@CBABCDCBABA@@A@@@CBA@A@ABA@A@ABABABAB@D@@@AAC@A@CBEB@A@ABA@A@AACA@ABABCBEBC@@CAC@C@EBABAF@B@BABA@AA@@AC@ABC@AAC@AAAA@ABA@ABC@EAACAAA@CBABE@CDEBC@C@AAE@IBCBGFMDE@CBCBAFADCDADAB@@CACAAAC@ABABABC@CA@AC@@@AB@BABA@C@ACA@@ABAAB@@CBA@A@A@@DAB@BAA@@AA@CBA@AA@A@ABABA@CB@B@@BBBBBB@@@@BD@FAD@B@D@B@B@D@@@BA@A@@A@A@AABABADAD@B@B@DADADAFAFAHAH@@ABC@CCAACDEDGDCDC@CAACCBABEDEBE@GBCFGBIBCBEBIFIBE@C@CDABADCDEBGBIBGDEDEBOBA@AA@A@E@CAACECCAAACAC@ABC@CBAACAAAAACACBC@GBCAE@C@EBC@CBA@A@GACA@AB@BA@A@A@A@ACACAC@ECEACCAAEAC@C@GBEDEBI@CACACCAC@GFGFEHGDIDABC@A@C@A@AA@ABABCDCDCDCBAAA@AC@ABABC@AA@@@AB@@CFGHEHGHCFCDADC@ABE@M@E@G@SBE@I@E@CAQEGAE@EAGDIDkNgPcLKBEDMFEDIFAFGNCFEDCFCDAJ@F@H@FBF@DEJMFUFI@]AUBOAEAECAACACAG@ECACACAAACA@A@C@E@EBIBEDEBEBEACAAA@AC@GACAC@E@EBC@E@GAE@EBEBG@E@C@EBEDCBGFIDCBIDI@GBEBE@C@CAEAAAE@E@CBGBGDG@CAGAE@I@EBGBGBEBE@G@GACAA@CACAEACAABA@AB@B@@BBBB@@@BABEBCBAD@D@@BB@@@BADC@@BCACBA@@B@B@B@BEH@BC@@@AAA@AB@@ABAF@BBB@BBBD@BA@@B@BBBBBB@BABEDABCBA@@@AAAAA@AB@@AF@BBD@BA@@BB@@@@@DC@@B@B@@@@BABABA@CBGD@BBDBDB@B@B@@@@BABCDEBABCBA@@BA@@AA@@BABABABA@@BB@@B@BA@BBB@@B@@ABC@A@@BABBFBB@B@@CBAB@B@@@@@BA@@@AB@@@@@B@@@BCB@@@@BB@@@@AD@BAHCFEHGLCDABAB@BFBDBJDHBHBFBH@FBJDHBD@DBFFDDBBD@D@DBDBFDBF@DBDBBB@HAD@EâKRAPHFHJJDJBF@HGHKHGHCDGDGBGFE@EAIBKFKHIDKBKBIDKDIHQHGFEDEDADDFDJ@D@DDBDBLCLAPAH@N@H@DBAHCHCHINAD@BFFDDFFFDHBJ@\\HFBD@D@BAFCDABABAB@BBDBF@F@DBDFBD@DAN@D@B@BBBFTBFBB@AB@@@BA@A@@@A@@BBB@@@@A@A@@AA@@B@@@@BB@@A@A@@@A@@B@@B@@BD@@@@BA@C@@@@BBBA@@@CBA@@@@D@@GD@BA@BBA@@@A@@@@@@@BD@@@@@@CAA@ACA@@@AB@@A@@B@@A@A@A@@@@BA@@@@@A@@@A@@BA@@B@BB@B@DBDBD@DAF@F@B@D@F@FDDBDBHAFAFCDADBDBDDH@DBHJDDBF@FBFBD@DBBDBDBFHDBHBFDBDBH@DBBDDB@F@FCF@F@BBDDBDFDFBPDD@BAF@DBBBCDEFGFCDEJCFGDGDIBG@G@CBEDCBEF@DDBDAB@@BABGFEFIJKLEFGHILCHAF@DBHBHDDFDFAF@H@F@FAJ@H@DAD@F@B@F@D@FBD@FBBBFBDBFBBDDBDBBDDDBDDBBDBB@@"],"encodeOffsets":[[108621,38531]]}},{"type":"Feature","id":"640302","properties":{"name":"利通区","cp":[106.199419,37.985967],"childNum":1},"geometry":{"type":"Polygon","coordinates":["@@BCBA@@B@@A@A@ABAB@D@FAD@BAB@BABAB@BA@@B@@@BADABCDCBE@CBC@ABCDC@A@CB@BABC@ABCD@DAFABADADCBABAB@BAB@@A@A@@@@AA@AA@@@BABABA@@@A@A@A@A@A@@B@@@BAF@BA@A@AAAA@CB@@AA@@@ABABABAF@@ABADGHUB@HDNH@@RIBA@EDCBEBABCFCRKFC@ACCOQAAC@CAAC@ABCNKD@j@J@FA@@BO@@@M@AD@V@HAJA@wBAHA@AAA@@@@AA@AAA@A@AAA@@@A@@AAA@ACA@ACA@@@@AAAA@@@CC@@AAAA@@@AA@@AI@C@E@@@ABCBC@GASCI@SA[@GA@AB@@AA@E@AA@@@ABABA@@ACCICC@A@A@@D@@@B@@@AC@AB@DBB@BA@AAAAACC@@@AD@BAD@@A@AA@A@AAAA@A@ADABCBC@A@AB@DCBABA@ABA@AD@BAFCHABA@A@@@@@@@A@EVGTAJALBDCN@AKh]bQHINSFIDCHCNCNIHGLGD@NAPANEHCPITIFENMNMJGJINKNGaJCFEX]PMTKHIPSDIS[QW@AN[LU@CEKAGAIECeSCAA@ABEHC@ECiWAA@AFAF@FCBACEEEUYIQAA@A@A@AC@ABC@AAAA@ACAAAGCA@G@IDGBI@M@C@IAEBGHADADA@GBI@GDMBEDGFEDABC@E@CBEBG@EBCDEBEACACBEDIBIBGDEBAD@@A@AAA@C@CAEAGCE@EAM@KBEDI@EAE@EBEBCDCBEAGAC@G@GAE@G@A@@@A@A@AAA@@@@B@BAAAA@@@A@@AA@AAA@A@@A@A@@@@A@@@AB@@ABA@@@@A@@BA@@@@AAC@@@A@@@AB@A@@@C@@@A@@A@@BA@AA@A@A@@B@BA@@@A@@@A@@A@A@@@@A@@B@@C@@AAB@B@@A@@@A@@A@@A@A@AA@@AA@@A@A@CA@BA@@@A@AA@AAA@@A@C@C@A@AAA@@AA@@A@AAA@@@@CA@@AACC@@AAC@@@C@C@A@@@@@@A@A@@@@A@A@@@@A@@A@AA@@@@C@@@@@AA@@@@CBA@AA@@@@@A@@BAA@A@C@@AA@@A@@@@@@A@A@AA@@@C@@A@A@ABA@A@A@A@A@A@@@A@@A@@ABA@A@A@@AA@AB@@@A@@@@@AA@@@@A@@@A@@@@A@CB@@A@A@AA@@A@@@@@@AA@A@C@@@AAA@@@BA@@@@C@@A@@@A@@@A@@@@AB@@A@AAACAAA@@@@@@A@@@@B@@@BA@@C@@@A@AA@@AAA@A@@@@@@@C@CBC@EAABCBCBEBEBEBEBABCB@DCBCBEDABABBD@DBH@FAF@F@FDFDBBD@BCBCBBD@DAFEDEFAFADAFAFCDAD@FADAFEFMFIJAFCDAFADBDFF@D@D@D@H@FBDHJBBDBDDDDABADABCDEBEBE@GBC@ABADCBABCBIDCBCBADEBEB@@CBA@A@C@CBAB@BBDBB@@@B@@ADA@@@BBDFBBDBBBDBBDBBDBBDBDBBBDBDBD@DBB@B@BBD@DBD@BBDBDBD@BB@BFBBBBBDBB@DBD@B@BBD@B@DAD@DAFAH@F@B@DADBF@B@FBFBF@DBFBF@DBFBF@D@B@D@F@FBD@B@D@B@BBF@DBF@DBB@FBDBF@D@BBF@F@JBD@F@DBF@D@BBD@FBBBF@BBFBFBDBFBF@DBD@B@DBD@D@D@F@@@@@@@@@DBH@D@D@BBFBD@DBD@B@BABADABEDA@C@A@@B@BCB@B@BABABCBIBABICA@AD@FFNBDB@H@@@B@@BBB@BBJB@DABB@@@BDLBVABGBIBKDGBKDMDIDIDKDGBGBEBCHAHBHHNFHBFH@FBPHFDFDJLLJFFDBDFFBNBHBTBHBDBFDBBDDBBBF@DBD@@BD@@BDDBJBFBFBHFFHDFFDFDBBFBFDDDBBBBHHHLHJBDBB@F@DCJ@L@JDDFBFDDB"],"encodeOffsets":[[108757,38986]]}},{"type":"Feature","id":"640381","properties":{"name":"青铜峡市","cp":[106.075395,38.021509],"childNum":1},"geometry":{"type":"Polygon","coordinates":["@@ZC@@tEB@BCFGHCBCDCBABCDALCJAFAFALCHANELCLCPEFAJCFIACGQUeUiGQt_@@BB@DBDBBBFBD@DBDBB@DBD@BBD@@BBBFBHBBBBBDBArIHP@HBHDCBCD@F@DAFALEHAHCFADAFBDFLHDDDDBB@DBD@FBBDDDBD@BBHFDDHJDBBBDBF@BCACEACACA@CHAFABCCAC@EA@CDADEBCCCCCAABCF@FAFAF@D@BBBBBDBBLADAHAD@BC@CCCAABAB@LCHAFABADA@E@C@GBI@I@C@GD@DADDDFHLFDBBFBHBH@FADADCFCDADAFAFAD@F@DBHBDAAE@CAA@CFAF@DADADCDCBAFAF@D@JAFAJAAGBCBEFIDEJMBEAEACCCIEGAAAGGEOAG@GAC@@CAECEACC@I@KDI@C@EAAACGIGKGGAAAACCECEAAAECECCEEGGEEAEAIACAAC@@AC@@AC@CAEAACCAAECCAGASAGAMAEACECAEEKIIKECECOGEAG@AEEGGMAGBGDGFAHAHALCJCJCNCLCHALCJAHABAAUCK@A@@AACBA@AI@AAA@AA@@@G@A@ACEM@EBCB@JDBAJADABABA@A@ADA@A@AB@D@B@FCBABCBA@A@AAC@CACAE@A@C@CAG@C@@@@@@@@@E@C@CAC@C@AAC@CAEAEACAEAE@AAEAA@EAC@A@CAE@C@EAC@I@EAE@A@CAEAC@EAA@CAE@CAE@A@A@C@AAC@E@E@C@A@CAEAE@CAEAE@CAEAE@E@AAEBC@C@A@EBGBE@CBC@C@AAC@A@AAC@CAAACAAAAAEA@@AACACAC@AAC@CAC@A@AAA@CACACACAAACACCAAAACCAAACAAACEAA@@AAACCAACCCACCACAACEACAEAAAEAC@EAC@E@A@E@C@CBG@I@EBBBDBBDCNAJBHFH@JALEDEBIBCBCDEFCBK@S@C@GDEDEBW@OCM@KDGDABCFCDEDE@@A@A@CBE@EAIIOAACCEAAGEEKMCEAG@GAEAAAAkBABDDBDDDJFDD@DAFEHCDCH@DCDEBCB@DDDBD@JCDDHBDDDBF@FDLBJAFBJ@H@J@V@FLHFHDDFFAF@DADBFADABEAGCE@IAE@ODSDW@AAMSA@A@EDQDMDGBICQDKBI@OBABG@AASIWIM@KAMBMBG@GBG@EBEBCACAEAG@GAEAEAS@GAG@aIQGCAAAAEAAC@GA[CgAFHBJBFBBBF@f@ZDTFVBHBBFBNDH@D@JADAJCD@LAFAF@F@F@HEFAF@F@LDNBHDHBJDJDJBFFHDHBJBHBFBHBNHHBJFJHDDJJDHBFDLDF@DDH@DBDDFFJFFFFDDFDBDFFFFBDBD@FDFBHAF@DAD@H@FAFAFAFADCFAHAF@JAJ@H@F@H@HBFBFBFDHDFDHDFFJDFHHFJFDDHDJDFBDBDBDFFDFDFBF@HCHCDEHCFCJCBEFCFGJEHGLEHCDIJGJIHGLGLEHCDAHCHCHAJENAHCJAJ@JBFAJBHBH@JBH@JBH@J@DFRAHBPHNBFBDDHHFHHBDFFFFLFLDJDNFJFDBLFJHFFB@@@@FBFFJBDBDHNBF"],"encodeOffsets":[[108394,39184]]}},{"type":"Feature","id":"640323","properties":{"name":"盐池县","cp":[107.40541,37.784222],"childNum":1},"geometry":{"type":"Polygon","coordinates":["@@@BAB@@AB@@@@AB@B@B@BB@@@@BBB@@@BB@@D@@B@@B@@@B@B@@@@BB@@@@@@@@@@B@@@@@AB@@ABAD@@@@@B@H@B@DAB@@@BCBCD@@@DBBBBFD@BBB@@HBDBNFBBDDDDFDB@@BD@DB@@BBDBBB@@@DAD@@BB@BAB@B@BBB@DBBBDB@@B@D@B@B@BBBDD@BBB@BDB@@L@@BB@J^DD@BBBB@B@BAB@BB@BDDB@B@BD@@@B@@DBBBB@@ADAB@B@DBD@B@@@DB@B@@@@A@A@@B@@@@@BD@@@@@CBAB@@@D@B@B@B@@@BB@@B@@AB@@@B@@@BBBB@@B@BA@AB@@BB@BBBB@@@@B@B@@@@@B@@NNANELaGOEIFGFGFIHMJKHIJEJEFILGJELCJAJDJANBNB^@VWRWHSXMD@@BB@@BB@@BB@@A@A@A@ABA@AA@@A@@B@@@@DBBBBB@BB@BBB@@@@@@@D@FBHBRFNDFBB@@B@@@BJlBDPX@@@BCBpED}GLABBAB@DBfTFDBJBHFL@DKVM\\@BRXT\\FHlNnPPHLZB@ZE|OnInACD@@HBdCNEEhF`DDXFpPtV\\b`hXvJPDJHZB\\@B]@MBaDC@GEKIA@GJMRADE@\\CHH^CBcCM@GAGCGCCBEFOVAHETCTAH@NBN@F@BBBABABCB@BB@@BBB@BBDBB@@@BB@@B@@BB@B@@BB@BB@@B@BBD@BB@@BBBXfKRAlVB@FHIT°@BGZATDNHRVLEH@DB@FA@@DAF@DAD@FAD@FAFAD@D@BAF@F@DAFAFADADAFAFADAFAH@DAD@H@F@FABAD@DADADAFADAFAF@FAFAD@FAFAFAD@FAFADAF@FAD@FAF@D@DAB@B@B@D@BAB@B@B@B@B@B@BAD@B@B@DAB@D@B@BAB@B@B@B@BAB@B@B@B@B@BA@@B@B@B@B@BAB@D@B@D@BAB@B@B@B@D@B@BB@B@@@@@BBB@@@B@B@@BBB@@@B@@@@@B@B@B@@@B@@AB@@BB@B@B@B@B@B@B@@@B@@@BA@@B@@@BA@@BA@@B@B@BAB@B@BAB@B@@@D@@@B@B@B@D@@@BBB@@BB@@@BB@BB@BB@@BB@BB@@BB@@BB@BB@B@@BB@B@@@@BBB@BB@@BB@@B@@@BB@@@@B@B@BA@@BAB@@AB@BA@@BAB@B@BABA@@@@B@BAB@B@BAB@@@B@BB@BB@@BBBBB@@B@@@B@B@@@B@@@B@@AB@BAB@B@B@@@B@BBB@@@B@B@BBB@BAB@B@B@FAB@B@@BB@D@@@B@BBD@BB@@@@BBBBA@@B@@@B@@@B@B@@@BBB@@@B@BBB@@@BBBDDBBDBBDBBBDDDBBDBD@DABABCBABAFAF@F@DAD@F@DAD@@@DAD@D@D@D@DBFBFDD@DCDABCBADCFCBCBCDABADADCBCDADADAD@DAD@DAF@DABC@ADCBCBCDCBCDADCDCDADADAD@FABAFAF@DAF@B@DAD@DAF@D@FCBADAB@DADAD@FADBDAD@F@D@D@D@F@BADAD@DAD@FABAFADADADADADABCBA@CBABCBABCDABCBABCDADABCDABADADADABC@C@ABEBCBADADABCDAFCDADCBADABCDABABCBABCBABCBCBCBABABCBABCBADAD@DAD@DAF@F@D@F@DAD@D@DAF@BAFABADABCBA@A@@@CHCBABAAACCS]KO@AIOIUAC@ABAHEFEDAB@NCZENCB@BBB@FFDFDDH@XFf@HELMf]qFCDANCVE\\G\\G\\GLAPCDAHENGBAB@B@DADCHE@@D]SqG]KSggK@KDCHCFEDADCFC@AAC@EACBCB@@BD@F@BABC@C@CCEEAAA@@ABCFCDAD@DBD@F@@A@A@C@@G@E@MGKEI@I@I@I@EAI@GAM@KAIAoMIKG]BO@@@@@@@ABGCWCMGOMMQKGEEAIAI@GAGAKAIAGAI@EBIFKHIBG@MAM@CACEAEDEBGDI@CzIF@DA@EAUCCGB_FEAggGECCECCCEAAA@CDE@AGEGCKCCCeBAAAAAAE@IBCBCBCBA@A@A@@@DCFEBC\\eDAJAJAnLFBBAFGBGAAACACAGAGCE@ECMAG@CCGCGACECCCAECMACGGGGKGGEkYGCGCIAKCGGEECG@G@K@S@EBI@I@IAGAGAIMyESM]EI@E@GBCDWAIEICEAKBADG@GHWL[FKLILEBCJC@@@@@@BA@@@@@A@@@@@@@AB@@@@@@BB@@@@@@A@@@@@A@@@@@@@A@@@@@@BA@@@@B@@A@@@@@@@A@@@@@@B@BA@@B@@@@AB@@@@@@A@@@@@@A@@@@A@@@@@@@@BAB@@AB@@@@@B@@A@@@@@@@@AA@A@@B@@@@A@@@@@@@AB@@@@A@@@@BB@@@@@@@@@@@@@@@@@A@A@@@@@A@@@@@AB@@@@@B@@A@A@A@@@@BA@@@@@@@A@@@A@@@@@@@@@@B@@@@@@@BA@@@@A@@A@A@@@@@A@@@@BA@@@A@@@@A@@A@@@@@A@@@@B@@A@@@@@A@@@A@@@A@A@@@@AAE@SFGBECICIAKAEC@C@EJGPGHEB@BABADCDADAHEDCDADADADABADC@@BAD@B@@@BBB@@A@A@@@A@@@@@A@@B@BAB@@@@@@@@A@@@@@@@A@@@@@@B@@@A@@@@@@@A@@@@@A@@@BA@@@@B@@@B@@@@@@A@@@@B@@@@@B@@@@@@A@@@@B@@@@A@@@@@@@@@AB@@@@@@A@@@@@A@@@@@A@@B@@@@@BA@@@@@@@@@@@A@@@@@A@@@@@@@A@@@A@@@@@@@@@AB@@@B@@@@BBA@@@@@@AA@@@@@@@A@@B@@@@@B@@A@@@@@@@@@A@@@@@@AA@@B@@A@@@@@@B@@@B@@@@@@@@AB@@@@@@AA@@A@@@@@@@@@A@@@@B@@@B@@@@@@AA@@@@A@@B@@@@A@@@@@@@@@@@@@@BA@@@A@@@A@@@@@A@@@@BA@@A@@A@@@@@A@@@@@@@@BA@@B@@@@@@A@@@@@@A@@@A@@@AA@@@@@@@@@A@@@AB@@A@@@@@@B@@@@@@A@@@@@@AA@@@@A@@@@A@@AA@@@@A@@@@@@@@@@A@@@@B@B@@@BA@@@@@@@@@AA@@@@AA@@@@@@A@@@@@@@@B@@@@A@@@@@@AA@@@@@A@@@@@@BA@@A@@@@@A@@@A@@A@@@@BA@@B@@@@A@@@@@@@AA@@@AA@@A@@@@@A@@@@A@@@@B@@@@A@@@@@@@@@A@@@AA@@A@@@A@@BA@@AA@@@@A@@AA@AAA@@AA@@@@@@A@@@@@@@A@@AA@@AA@@@@@@@A@@@@AA@@@AA@@AAA@A@@A@@AA@@@A@@A@@@@@@@@AB@@@@AA@@@@@AA@@@@A@@@@@@@A@@@@@@@A@@@@A@@@A@AA@@@@@B@@@@@@@@@@A@@ABA@@@A@@@A@@AA@A@@AA@@@@@AA@@@AA@@@@AA@A@@AB@@@BA@@B@@@@AB@B@@AB@BA@@@@@@BA@@B@@A@@BA@@@@@@@@@AB@@@@@@@@@@AB@@A@@@@@@@@B@@A@@B@@@@A@@A@@A@@@@@AB@@@@ABA@@@@BA@@@@B@@@@@@@B@@@@@@@B@@A@@@@@@BA@@B@@@@@@AB@@A@@@@@@B@@@@@@A@@@@B@@@@@@@@@@@@@@@B@@A@A@@@@@@@B@@B@@@@@@AB@@@@@@@AA@@@@@@BA@@B@@A@AB@@A@@@@AC@A@AA@@AA@AB@@AB@BABA@@@ABE@C@@@A@@@@A@A@@@C@@@A@AA@@@A@@A@@AA@@@@A@@D@DAB@@BB@@@BBB@B@B@@A@@@AC@AA@@A@@ABE@CBADCBABAD@BABA@A@@@@A@A@ABABEBA@CAA@ABCBA@C@GDGBIDEBCBC@A@CA@A@@CACEAAA@AAAAC@AA@@A@@@@B@@@B@@@B@@A@@@@@@BA@@B@@@@A@@@@@@@@@@@@@A@@B@@@BB@@@A@@@@@A@@@@BAB@@@@@@@B@@A@@@@@A@@B@@@@@@@@AB@@@@@@@BA@A@@@@@@@@@@@@@A@@B@@@B@@@@@@A@@@@@A@@@@@@BA@@@@AAB@@@@@BA@@@@B@@A@@@@@A@@@@@@@A@@B@BA@@BA@@@AB@@@@@@@B@@A@@@ABAB@@AB@@@@ABAB@B@@A@@@A@@@@BA@A@@@@@@BA@@B@@@@@@AB@@@@A@@B@@@@A@A@@@@@AB@@@AAB@@@@ABAB@@@@AB@@AB@@@@A@@@AB@@A@@@AB@@@@@BA@@B@@A@@@@BA@@@AB@@@@@B@@A@@@@@@BA@@BABAAA@CAC@@@CACAA@E@C@A@EAC@EAE@C@A@GACAA@A@E@A@A@AAC@AAA@A@@A@@@@@@CA@@A@@@A@@AAA@@@@@@A@@@A@@@A@@A@@AA@@AAA@@@G@@AABA@@@@@A@@@AAA@@@A@@@A@@AC@AA@@A@@@@A@AA@AAAAAAAAAAA@AAAA@@A@A@@@A@@@@B@@@BAB@@A@@BC@AB@B@B@@A@@@@@AB@@AB@BABA@C@ABC@ABABE@A@A@A@AAA@A@CAA@@@AA@@AAAAA@A@@@A@A@@BEBGBAB@@CBAB@B@@A@AAA@@@A@@@@@A@ADCBCFCBABA@A@A@ABA@@BA@@B@@@AA@ACACCG@A@A@ABC@A@AB@BA@ABEBEBA@AAA@A@A@@@A@A@A@A@A@@@@A@@AA@@B@@AB@B@@@BA@ABABA@@@A@A@A@@@ABA@@@A@CBA@ABA@A@@@A@@@CCA@@@A@@@ABABABABABC@ABA@EBABA@A@AA@AA@CA@ABAB@@AF@BA@A@@@ABA@A@@B@BADAB@@AA@AACA@@CBA@CBA@E@A@C@E@EBEBCBE@CBA@E@CBEB@BAB@D@B@B@BADABCDABCDEFCBEBABADA@A@CBCBCB@BA@ABC@AB@@@BABA@ABA@EBABA@C@C@C@ABC@CBCBCBABAAA@AAA@C@@@AA@A@C@AAACAA@CAA@AA@A@AB@BABAD@DADCDADAB@BBB@D@F@DA@A@A@ABABEBABA@@AA@@A@A@A@E@A@C@A@@A@C@C@A@CDADABA@CA@@AA@C@C@CBCAAAA@AACAAAAA@A@A@ABA@AAAC@A@A@ABEFGFCFGFIHA@ABA@A@CAA@C@C@AAC@C@C@@@CBCDCDGFIHEDAB@@A@@A@AA@@BGFABC@ABAB@BCBCDADABADCBCB@@@@CBE@E@C@C@EDEDCBCBA@@BAB@BABABA@CB@@AAA@@@@BCBABA@A@@A@@A@@@A@A@A@@@@@@AB@B@A@@@A@A@@A@@B@@@@@B@@ABAB@DCBAB@AA@AA@AAAAC@@B@B@BAB@B@BA@@@@AAAC@@CAC@EACAAC@@@@ABA@AAAAA@C@@BCDCBCBEDE@CACECCCCG@@AACACCCC@A@@CCBA@ABADABADADA@@AAAAAEAC@C@C@A@EA@ABA@ABEDCDCFABAHBBBB@BADABCBE@IAA@ABADBB@D@B@@@@A@@CAAA@ABKHAHBD@B@DBDBB@BA@@@AAA@E@A@A@E@CAC@C@ABABC@@@AAA@A@CAA@AAAAA@@@ABC@ABABEFABCDAF@BAAA@@AAACCA@AA@AAA@AACACACACCAAACAC@ABAD@DAHAHABCBCBAAA@AAC@EAE@CAECCACAA@AD@BADAFAD@@C@A@CAABABABCBCBEBCBA@"],"encodeOffsets":[[109178,38026]]}},{"type":"Feature","id":"640324","properties":{"name":"同心县","cp":[105.914764,36.9829],"childNum":1},"geometry":{"type":"Polygon","coordinates":["@@@@@@@@A@AAA@@AAAAACA@@@@@AB@@@BBB@BAB@B@B@@@AA@@AA@@AA@@NCTWXGXQ@UA]AMBMCIBIDIFKHIJKFEFIJILGNIJGHEHEJEPFbHFKBMMM@@@A@@@@@A@A@@A@AA@AAA@@BAB@@A@AA@AA@A@@@A@@BA@@@AA@@A@@@A@A@A@C@@BADA@@@@C@@A@@@@@AB@B@@@@@@ACA@@A@C@CAA@A@CB@BA@AACA@@@A@@ACA@A@CC@AAAA@ABA@A@AA@ACCI]A@@AK@@@CA@AAA@ACCAA@A@A@A@C@AA@ACAA@CAA@A@ABA@AAA@@BC@C@@AACAAA@@CAC@@AA@ECCCCCAAMECAGA@@AA@AECAAAA@C@@DCDA@A@@BA@C@A@G@A@@@@BCBA@@BA@@@@A@@@@@@@@@@@AA@@@@@A@A@@@AA@@@@CA@@A@@AA@A@@A@@A@A@ABA@@@@BA@@BA@A@@CBA@A@AA@@AA@@@ABA@A@@BA@A@@A@@@@BAB@@AB@@A@C@@@AAAACC@@BABA@@BADEBEBGB@@C@ADGFE@EBABEBCDCBCDADE@CBCB@D@BAD@BABCDEDABCBC@ABCBCBA@C@C@A@AAA@ABA@A@A@A@@@AB@BC@@@A@A@ABAA@@A@CBA@ADCBA@CA@@CBCBABADADABA@C@C@CBAFCHCBA@A@AEECCACCAAACBABCBCBCBE@@@A@A@A@C@@A@ABABA@@@A@@@A@A@@BA@ABABABA@@@A@AAA@AAAA@@AAA@AACAG@ABABE@@@AAAAIA@@A@@A@@@@EBC@ABEBABA@@@@@AA@@@A@A@@@CBC@CA@@MCGA@@A@@@@@AB@@@@AB@@@@AA@@A@A@@@@@A@@BA@@@A@A@A@A@E@ABA@A@CDEBABCBA@AB@@AB@@@@@@@A@@@@AA@@@AA@@AAAA@@AA@@C@A@E@C@A@ABABA@A@CBC@@AABABABC@@@@@AB@A@AAA@A@A@A@AAA@AAA@AACAAAA@A@A@C@ABCBCFADABCD@B@@BBB@D@B@B@BA@AB@@@@@B@BBB@@BB@@@@BA@AB@@CD@BGD@BABCD@@BB@@@B@@@BA@@@A@@@AB@@@BA@A@A@A@ABA@EFCB@BCDABCBCDAB@BAB@BAD@BAB@BCB@@CBC@ACAC@A@A@ABABABC@A@A@A@ABABABA@AFEBABC@CB@BA@ABABA@@DA@A@@@AA@CAAC@@@@@@@@@AAC@A@@@AA@@A@@@ABC@@BA@@FADA@AB@@@@@@BB@@@B@@@@@@@DCBABA@AD@@@D@@AB@B@@@B@@A@@B@@@@@B@@@@@@@@B@BB@@@B@B@FAD@BADABADCBABA@C@@BAB@@@B@D@FAB@@@BAFAB@B@BA@ADA@CBABADCBC@E@@@@@A@@A@C@@AA@@AAA@A@ADCBE@A@@@AA@A@@BA@AB@@ABA@@@@BA@A@@A@@BA@A@@@A@A@@BCDCDADC@AA@@AB@BA@@@@@ABA@A@@@@@@@@@@@B@@BB@@@@BB@@BB@B@@B@@B@@B@B@BBB@@@@B@@@B@BBB@@@@B@BB@@DBB@@@B@BB@@D@@@BAB@BAB@BABABCB@DABABABA@@@A@@AAA@CB@@A@@@AACAAA@@@ABAB@BABA@A@@BABADA@A@A@A@@A@@@@@AA@@@@@@@@A@ABCBAB@@A@@@@@@@@@BABA@A@@@@@AA@A@AA@@A@@AA@@A@@A@@@@@@@@AA@@@@@@@A@@BA@@@@@A@@@@@@A@@B@@AFCB@FCHAFAFAB@@A@@@A@@@@A@@AA@@@BA@ABA@AB@@@@AA@@A@C@CAC@A@A@@@A@@@C@@AAA@@@AAA@@A@@BAB@D@B@B@B@D@B@BBB@@@@@@@AA@@@A@@@@@AB@@@@A@@@A@@@AB@BADCFADABA@A@A@@@@@A@@@@@@AB@@@@A@@AA@@@@A@@@A@ABA@@B@@A@@@A@@@@AA@@@A@@@@A@@@A@@@@@A@@@@@A@@AA@AA@@@@@@AB@@@@AB@@AB@@@@A@@A@@A@@AB@@A@A@A@@@AA@@@A@A@@@@@A@AA@@@A@AB@@AB@@@BA@@@A@E@A@CAA@AA@AA@@A@@A@@@@@A@@@@@@@A@@A@@@A@@B@@A@@@@@@A@A@@B@AA@@@@@@A@@A@@@@@@B@@@@@@@@@@@BA@@@@@@@AA@A@@@@A@@@@@@@@@AB@@AB@@@@@@@@@@@@@AA@@@@@@@@@A@@@A@@@@@@@A@@@@@@BA@A@@@A@A@@@A@A@@@@@A@@A@@@@A@@@@@@@@@@@@@A@@A@@@@@@@@@@@@A@A@C@C@@@AA@@@AA@AAA@C@@@@@AA@A@A@A@A@A@AA@@@@@ADCBEBABA@AA@@CAE@@@@B@@@@@B@AA@A@A@@BA@@B@@ABA@AB@@@B@@@BA@@BA@ABA@@B@D@B@BABA@AB@@A@AA@@@AAA@@@A@ABABA@CB@@@@A@@@@@AAAA@@A@@@@@@@@@A@@@ABA@@BABCDCBAB@@AB@@CDABABCB@BA@@@@B@@@@A@@@@@@@@@AA@@@@@A@@@@@@@@@@AA@@@@A@@@@@@@@A@AAA@A@@@A@@@@A@@DED@@ABAB@B@@A@@B@BAB@@@@@@@@@@@B@@A@@@A@@@A@@@A@@B@@AB@@@@AB@@AB@BA@@@AB@@@B@B@@@BABA@C@A@A@AA@AAA@CAA@@AAA@A@ABC@CBCBA@@@A@A@@@@@@A@@@A@@@A@@@A@@AA@@AAAABA@@@A@@BC@@@A@ACAC@AAABC@GFEBEBA@@@A@@AAA@A@A@A@@AA@@A@A@A@@@A@C@@@@AA@@@A@@BA@@@AA@@@@@CAC@@@AA@@@CBCBABA@@B@@AB@@AA@A@E@@@A@@A@AAECCCCAAA@@A@ABA@A@AACA@AAA@@@@B@@A@@BA@AFC@A@@@A@@@@B@@@@@@@@@B@@@@@B@@AB@@ABE@ABA@ADEDGBA@CBA@@A@@@A@A@AB@@A@CBA@@@@A@@AA@@@@@@@@@A@@@@@@@AA@@@A@A@@AAB@@@@AD@@@@AB@@@@A@@@@@@@A@@B@@@@@@@@@BA@@@@@@@@@@AA@@@@@@@@@AB@@@@@@@@@@@@A@@@@@@@@@AA@@@@@@A@@@A@@A@@@@A@@@A@@@@B@@@@A@@AC@A@CCIAGCAC@GBIDGBC@ABA@AAEAC@A@A@ABABABABCBC@ABE@@@A@A@@A@A@C@@A@@@ACM@K@CAAE@A@CAA@C@QGEACCA@C@C@CBEACDABE@IBCBCAA@ABA@EBCFABCFADABA@A@@A@A@G@A@@AAGACAA@CAACA@@BA@ABA@E@A@AACAAAAAAAA@MBEBC@CBE@E@IA@A@ABAB@@ADA@CACCCA@@@@AA@M@GAIAKCICIAKCEAGAGCKCICOBE@EBGJEJCHOBKAEAIEABCNKDIFIDCC@C@GMKC@EDQFIBUCGAEACG@M@UBGC@IJIBK@M@KCWOEA]RCVGNLZAJgjYLAZW\\A`y|ELM`Hd[VU\\cXD`E\\qd[CMJOEIF@H\\XILBX_TCTKHI@AJJB@HiZAREBE@E@CA@E@C@AICMIACC@GAECEBCFEBC@EACCLQ^[@C@EIIKE@ADEIMOQIEKECC@EBEACCCGAKACA@GGE[GECCO@OCOIEEACBCN@NCJGFCDODKAOEEEEAE@G@OAA@E@E@ABABEHC@GCOMECA@ILBBBDBDGPCNAL@N@JDHBBH@FBDB@HEXBHRRJLABGLMHCBIHEF@@D@BA@AB@B@@AB@@ABB@@@@BB@@BA@@BB@@FAB@DABAB@@ABABAD@D@B@DA@@D@B@@A@@BBCF@BBD@@HDBDBBB@DBDBB@B@D@B@@B@BBD@BBDBBBBB@B@B@BB@@BBDBBBNHB@BB@@BB@@BBD@DBB@DDBDB@@@HBB@DBDDBBB@DD@BDB@B@D@@DB@B@FAD@B@BB@@B@@AD@B@BB@@B@@B@@B@@@@BB@@B@BB@@BBB@DBB@@@BB@@D@@@DBBB@@B@D@MNADINCJINg~KVOVQ`EHEJED}@MJMLedIFMDODKFOHOXIZAHAJFFBH@J@HCFEB@F@JADCDC@IAG@M@I@GAGBSHIDEBKBK@IA[@IBEDEDADAHEFGDEBCBG@A@DBDBFBHAF@F@FBDBBDFBF@F@DAN@HBJBFDHHXTLFLJNLDDDFDDLFNHJDBBBBHJFDB@HGBA@AA@EAAA@ADCBC@A@CD@DCDADEFOBEFK@K@CAAECAC@CACAACEAA@AFAFCBEDCLGLKFCJI@E@CF@HBL@X@HBDBD@F@B@FDR@D@F@DBD@JDDDJF@@@BABD@@AFG@A@A@A@AB@DADB@AD@BC@A@@AA@@@CBCDAFABA@A@@AAAA@@@ABAB@BADBFBDBDBB@DBHBH@F@FAHAHAFAJ@F@HBDBH@HCHADAF@F@BBFBDBD@F@FAHAJ@JCDAJCHEDAFCFAD@F@H@FAFAF@HBF@D@FAF@D@DBHBD@@BBBDBFBFAFAFCJAFAF@D@B@B@BDBBBDBDFDH@DBDBBBFDFBPBVA^BJ@VENEFI@CAE@E@G@EBIDCDEFCDEHMBEJEFCNEFCLAdKhOlMJCHCFBF@HBRFDBF@J@F@TAH@F@N@F@BAD@BCDCDEHGFGHGDE@@BA@@B@@BADAB@BBDB@BBDADCDCDCBABAB@@B@B@D@BADCBCJGHEFEH@HBDDDDBDBJ@FAFCHAD@D@FBBBDDFBFDD@DBDB@B@B@B@BABA@@BDBHBB@B@DAD@FAD@F@DBHAD@DADBBBBBDBBBDAD@BAD@DBBBDBFDBDDBF@B@B@@BABAPCFCFAHAJAHCFCDABCB@D@DAFEJAJAFADAJEHAD@HAFCFAFABDDBB@DCDCDCHCFBDDB@DAD@BG@GBEBEBCBCBCBA@A@C@CBABABBBB@B@@@@BAB@@C@A@A@C@A@C@EBC@@A@@A@AAAA@AA@A@@DABAB@B@BBBB@DAB@@BB@ABA@CB@@@B@BAB@DA@BBBA@@DB@B@DABABA@@B@@BDB@@DADABAB@BBDBBBD@DA@CBCBCDEBABAD@DCFENAHAD@JBF@B@DADCF@DAFAB@DBBDBBB@FAD@BAB@BBBBBD@BBD@BAD@@BB@@BABABA@E@ABAB@F@DBD@DD@FADABABAB@BD@B@BAB@B@BFADAB@D@BB@@C@A@ABABAB@B@BAB@B@BAB@D@@@BB@BADADCBADAD@D@B@@@@D@BB@F@BAB@@A@A@AB@B@D@B@B@@@BA@A@@B@B@@B@B@BABBBB@DA@A@A@A@@B@DAD@DAFCFCFCFEDCDCDCFCDIFCLCFCF@F@HDLFNFTFLDHDHDDD\\FLDFBDDBBBBFDD@BBDBB@BABE@EBAF@J@F@RBD@DBDBHDBBB@@BUP@@BBBBDBBDNJJFDBBBDBDDBBB@AB@BGLAD@@@B@BB@BB@@BB@B@@A@ABA@@@@B@@AB@@BB@@@@A@@@A@A@@@AB@BA@ABC@@@@@ABAB@@@@@@D@B@@@@B@@A@ABA@@B@@@B@@@BA@C@C@A@A@@@@AA@@@A@@B@@@@@BD@B@B@B@@B@@ABA@CBA@@@C@@@@@@@@B@@C@@@@@@BBBB@@B@@A@@@@B@BDBLLBBFBBDBBFFDDBB@D@D@DABAFCDEHADCDADAD@BDBF@DBFDB@B@DAHCFALCXBFDJBPAFADADAJCF@HAHCF@D@DE@@BCBC@A@ABI@E@CFK@A@@@A@AB@B@@AB@BCBCBE@AB@@@@@@B@B@@B@@@B@@AB@@@@@AB@@@@@BB@@@@@DA@@@@@B@@@B@@@@@B@BB@@@@@BA@A@@B@@@@@BBAD@B@B@@BB@@B@@A@@@@BA@@B@BB@@B@@@BA@@@A@@B@B@B@B@@AB@BADA@@@@@A@@F@DBBBB@B@DAB@B@BABAB@D@@@B@@A@AB@@@BA@A"],"encodeOffsets":[[109144,38321]]}}],"UTF8Encoding":true}