{"type":"FeatureCollection","features":[{"type":"Feature","id":"640105","properties":{"name":"西夏区","cp":[106.132116,38.492424],"childNum":1},"geometry":{"type":"Polygon","coordinates":["@@@A@@@@@ACEAGCEAE@AA@@ACGCIACACAEAECGCGAGCICGCG@@@@@AACAIAGAKCIAE@CAIA@@@@@@A@@@@AG@EAA@@@@@@@A@@AIAC@@@AAI@@A@@@@A@@@@@ECI@A@@@@AC@EAC@A@@@@@@@@AGAE@CAA@@@@@@@C@@AC@A@@@A@AAA@A@AAA@A@A@A@@@AA@@A@@@@@A@@@CAC@A@@AA@A@@@@A@AC@@@AA@@AAA@@@@@A@@@@@@A@@@@AAA@@@AA@@AAAAAAA@AAAAA@AAAAA@AAA@@AAAA@AAA@@AA@AAA@AA@AC@@AA@AAAAA@AAAAA@A@@A@@AAAAA@AAAACAA@@ACAAAA@AAAAA@AA@@AAAAA@AAAAAAAAC@AAAAAAAAA@CAAAAAA@AAAAAAC@@AAAA@AAAACAA@AAAAAAAAA@AAA@AAAAA@AAAAAAA@AAAAA@AAAAAAA@AAAAA@AAAAA@AAA@AAA@@AA@AAAAAAAAA@AAAAAACAAACAAAA@CAAAAAAACAAAAAA@CCA@@@ACCACCECCCEAECCCEAACBA@@BCDCD@BAB@@@D@H@NBBAT@B@@OLIFMJED@BABGHIJILAB@@@L@L±lÓ|JXUNGHADCBCA@@ADADC@@@C@CFABK@ECA@CDIX@D@BBDDBDDDDBB@DAB@DABADAD@DABBHBBFDFDHFDBBBDDBBBB@F@HBF@B@F@B@J@BAF@D@DABADADADADAD@F@D@B@DBFBDBDBBDBFBH@DBBBBBBFBF@BADCBCBCDABAF@D@DCFCBCDEDABAD@B@D@F@B@DABCF@DAD@D@B@D@DBDBDBBDFDDDBBDDDD@DDFBBBDBBD@BAB@DAD@D@BBDBDDBFDBBFDDDBDDFBBDDDDBDBBAD@FABCFCJEHAB@D@B@BJCF@JCD@FAB@BADAFADADAFABAD@DAFAD@D@BAF@B@@@BADAJEDADCBA@@BABC@A@A@@BAB@FAB@@AB@@CDC@A@@B@B@D@BBB@DBB@DGBADABADAHAD@DAD@H@FAJAF@FAJ@DAF@FAD@FAFCFAF@J@FBF@D@H@FADCD@JBF@J@H@F@H@N@H@D@FABAFCHCDAFAHA^OHRFLDHDFDHHNHLXA@D@DBDFBJCFAD@JADAFADAF@DAH@DAD@F@H@P@F@BBBLAB@@@ACACCEAC@AACAEAAAGAAAEAECE@A@AEICIAE@A@@A@"],"encodeOffsets":[[108772,39570]]}},{"type":"Feature","id":"640106","properties":{"name":"金凤区","cp":[106.228486,38.477353],"childNum":1},"geometry":{"type":"Polygon","coordinates":["@@EKEMAACE@A@A@A@@@@@@@@@C@G@C@A@A@@@@@@@C@A@@BABC@ABA@CBC@@@CBA@A@A@ABC@A@ABABC@A@@@A@ABC@A@ABABABABA@ABCBA@CBABAHIDE@@@A@@@AACAE@A@@AACEAAAAK@eDMIC@CDG@C@CC@CA@MFE@EWKGm¡kRwCFCDCFCHEHADABAFADAB@@CBUJBBDFDDBFDFDDDFBDDD@B@@DB@DBBBBBBBDBBBBBB@DBBBBBDBBBDBBBB@BBBBBBBBB@BBB@@BB@BBB@BBBBB@BBBBB@BBBBBBB@BBBBB@BBBBBBB@BBBBB@BBB@BBBBBBBBB@BBBBDBB@BBBBB@@BDBBBB@BBBBBBB@DBBBBBBBB@BBDBBBBBB@BBBBB@BB@@BBBBB@BBBBBBD@@BBBDBB@BBBBB@BB@@@@BBBBB@BBBBB@BBB@@BDB@@BBB@BBB@@BB@BBBBB@@BB@BBBBB@BBBBB@BBBBBBB@BB@@B@@BB@B@@B@@@@@@@@B@@@@BB@BB@@B@@BDB@@@@@@BBB@@@BBD@D@@@B@@@@@BB@@B@@@B@B@BBB@B@BBB@B@B@@@BBD@@@D@@@@@@BB@DBFBH@@@@@@@@@BBD@FBD@@@@@BDJ@F@@@@@B@@B@@@BJ@B@@BDBJ@@@B@@@@@@BB@FBH@@@@@B@@@@B@BJ@DBFDJBLBHBJBD@B@@@@DHDHDJBHDHDHBFBFBDBDDJDH@BB@@BBFDFBHDF@B@@@@@BDEBCFKHKBE@AB@@AB@DAGGE@KA@AVIDABI@A@CBADCBA@ANDTR`SNGBABABA@@DIBA@AFIFMFMDGBEBC@ABA@@@E@E@G@EAI@C@A@AECCECCCCAAEEACCAECCACAGCICA@AAA@AA@AACAC"],"encodeOffsets":[[108813,39426]]}},{"type":"Feature","id":"640104","properties":{"name":"兴庆区","cp":[106.278393,38.46747],"childNum":1},"geometry":{"type":"Polygon","coordinates":["@@@@IK¿EgAC@@AA@AAAACACAAAC@@A@@AAA@A@@AA@AA@@AoYkCCECSKÛMGaSIEA@BLIDILBHADEAACCT@FDTAZKDSPJL[XMGMIMCQIMGIFGDABEBEDEDABEFNLNHPLBBBFDFBFBDBDBBIDEBEDGBEBE@GBGBCBODHLGBAJABC@GBEBCBABADBF@DE@AHC@EB@@AAAAAAAAAACCCCCACCCCCCCCCAAAACA@@AAA@@AAGDABC@ABC@@BA@A@AB@@CGUBA@AF@BAD@B@@BBBBDFBB@@@BBFBD@B@@@B@@CFGJABAB@DABAD@BABABABAB@B@BAD@B@B@@@BADAB@B@BAD@B@B@BAB@D@@AD@DAB@BADAB@@@B@D@@@@@@@B@B@D@H@D@@@@@@@@@B@B@BDFBBFNFLfB^HNJB@DFBDDDBDBBDBFADAD@DBDBDDJDF@DCDGBABCACBCJ@H@DAF@FAH@FDD@BC@EACCCCAACGEACBAFADA@CBC@E@CCCCE@AF@H@H@F@HBDBD@FBD@DCB@@@BA@A@C@A@AAEAC@ACACCAACAACGID@H@D@FAFAF@DADBDBFBDBF@J@@@HD@FF@ACFBBCB@DBFCD@GMFA@@@@BABBFADA@@@D@H@HBDDFFDB@FAFEFAB@FD@BCBA@EBGB@@BB@@A@@BBBB@DDFB@BC@@B@D@DCA@B@@HF@@FB@BCD@@DFDDA@@BA@EBA@@@@D@@C@F\\E@CNAH@F@BA@RADAL@PBB@@BBD@B@BB@FAD@DAJBB@@@BCH@BBBABA@@@BF@DA@AB@D@BDF@F@@@BBBBBBD@@AH@D@JALCNAHDPBBBKXCN@L@FCHCHGJCHAF@D@FBFFHPLDDDRDRFNLNJHJJNJRRFHLNbChM`GHGAgPKZY"],"encodeOffsets":[[109223,39528]]}},{"type":"Feature","id":"640121","properties":{"name":"永宁县","cp":[106.253781,38.28043],"childNum":1},"geometry":{"type":"Polygon","coordinates":["@@IBEBIBC@E@EBABCDCDCBCBE@EB@DBB@DBFCBGACAE@C@EBEBCBCBEDCDCBEBG@GAEAAAECGKCECCCBC@@H@D@JAJ@H@D@FCBABEBGBKDA@ABBBDD@DADC@GBCBKBAAACAAAAC@E@EBEBE@ADBBDDDDADCFCB@DFBD@DBADEBGB@DDBDBFBBDADE@CAAACAGICCGEAAC@CACCAA@EAC@CAACCCCKGCEEACBEBGDGBKFEBCBE@C@ADCDAG@GGOqJABACAAAAAGAEAA@@AC@AAC@CAAAC@CACAEAAAC@CAA@@s`HRVjVfHRBDEJIDEBOFKDKDMFGBKDEBEBIBKDCBADABCDADGDEHADA@sF@@YDDHFJBF@DBDBH@BBB@@@@BDBBDHBD@@AB@BADCDADCFADA@@BCB@BABABCBCDEDCDABAB@DCFADAFAHADABABADABABCB@B@@A@AB@D@BAF@DABCDABABAD@DADBD@BBDBDBDBDFHDDHJBB@B@D@DADABAF@BAB@DABAD@BAD@B@D@D@D@D@BBD@DBFBDCDCF@BBDBDDBDBD@D@B@DAFBDDFDBBDB@DCDADABADAD@DAD@DCDCDADABAD@DAF@DHFBD@HJWDCB@FDL@BADED@@@D@BCBC@@DBDABCHGVMIWÔ{²k@K@K@@BAJKJIHGBA@AFCNIJEPK@@@ABSAA@M@G@C@@BA@ADCDC@AB@DAVIDA@@BABCBEBABCFGDGDEDCDExlQ¢HnLFXF@NEB@@DDDD@H@DCD@NJfCL@@@@ABC@ABEB@VADH@@BAB@B@@AD@BAD@BAHCBB@@BB@BB@BDBBDBDDDDDDDDDBDDDDBBBBBBBBBB@@FAD@BGF@@CAEBCBADAFAHAD@BABIHAGKPCDAHAHAF@FAHAFCFAJCAAACACAECEAEAAOKMGMKFEBAFCFCFABAHCJEGIEIIKECE@IDGDGAGGCGAIGWAIAKEGGGICIEECSMGEIIEG]cKSIOEGGEOIEEIKEGCIAMDMBKDI@GCEKMMKGIGGCEAE"],"encodeOffsets":[[108768,39047]]}},{"type":"Feature","id":"640122","properties":{"name":"贺兰县","cp":[106.345904,38.554563],"childNum":1},"geometry":{"type":"Polygon","coordinates":["@@B@B@D@B@D@B@FANCHAFAB@DAB@D@B@D@D@D@F@F@B@DAB@DAB@BADCDCHGFCJ@FEDAFADADAJCBAD@BA@@BABABAB@BAB@B@FAD@HAH@J@PAD@B@BA@ABC@E@CBA@ABA@CDABABAB@BABADCDAD@BAHAJ@H@F@L@F@F@D@DAB@D@DAJCBAB@H@F@D@B@@A@@@A@@BA@A@@@@@A@@@ADAB@BAB@B@B@D@B@B@B@DDFDHBFDFBJDDBB@B@DCDC@ABA@ABC@CDE@AB@@AB@B@B@B@F@D@BBD@DBB@B@B@BAFADADAFCFCBABADABAB@B@DAB@@@B@@ABCAC@CB@@AB@B@D@B@DBB@D@BBBBFBBBBBBBD@FBH@F@B@B@@A@@@@@ACCAC@A@A@A@ABC@AB@BABABAB@B@FAF@H@FBB@DDDDXENEfDRFBGKSAKnEAK@iHEFCHAPAF@JFJCDAL@D@BCBA@ABA@AAAAACCAAAA@AAA@A@@@CBEBE@CBA@@B@@@D@HDDBFBD@FDD@BB@@BBB@@DBBDF@B@@B@@@BBB@FAL@D@D@BAD@DADABAFADADCFA@AB@B@FAHBB@B@BAB@B@D@D@D@D@B@D@B@B@B@B@D@D@B@BAB@BAD@@ABABABAB@BCBABAD@B@BAB@BAD@B@BAD@B@B@B@B@DAB@B@B@B@DAB@B@DAB@D@B@@@B@DAB@DBB@B@B@B@B@B@B@B@B@B@B@B@B@B@BBJA@O@KEOKIKMEGQQMIIIIGKMEMCQCQCCOKEGAE@E@CBEDGHIDGDG@E@KDMLWAAOAGCMBKDIBC@G@@BC@AAAAAA@@E@E@ACC@A@@BCBE@@A@@ABABAAG@AD@@A@IACBC@EBA@@A@AAC@AA@OAK@CBQBB@@A@EBGDMF@E[D@@@@C@@B@FAB@@AB@CCCE@@DC@AEA@@GE@@@ADB@C@C@AD@@AEACCA@AA@AB@@@AA@@HAFAB@DA@AECA@EBEFEBA@ECCEAC@G@G@C@@CBEBAAAB@@@@EBHNC@EDCAA@ADEABDE@@EGC@@I@E@CAEACACACBE@EBEBC@G@C@HJBDDBBBDDDB@BBDBF@B@B@D@BAB@@A@CDC@EAC@CAGAE@G@G@E@@BDFDD@D@FAD@DCBEBABBDHFBDDBDDBD@FADC@ECG@EBE@CBG@I@ADBDADABCHCDE@ICCCCACAC@CBEBCAAAACCCACCEA@MI]GeABDBD@BBBB@BBB@JDHDDBDBFDDBBDFFBBDDDDDFFD@B@B@DBJ@F@H@F@F@@AB@BADAFCHENENEJ@BABCJ@@ABABABMH_TSQMC@BABCDAB@D@BAJCBUJ@BLBF@HHCBA@@BA@@BAFGLELADCFB@@@@BBFDJFJ@B@BDFBFBFBBBHBBBFBD@BBDDFBDBD@@A@BAKAAE@O@G@E@C@CBG@CBE@CBEBCBIBC@EBIDEAAC@C@CWBGKGMCGCECGEKGQ]PGBEBCBGDEDABEBC@G@M@G@E@G@I@E@IAC@CDEBG@C@E@EAI@E@EBEDEBC@EBE@CBI@EBE@IBEBG@C@CBC@GBCBABCBABCHA@CAA@AAC@A@A@@@@BCD@DA@@BA@EBA@AB@@@B@BADAB@@ABCDCBIFCBAB@@A@E@ABC@C@EBCBC@ABEBCBCBEBCBABA@EBC@IDE@IDBBFBDDDBFDBDDBBDDBFBBBBHBD@D@FAD@DAB@DADABCDAB@BBF@DBDBDBBBDBBBDCBCDCDABCBADAB@F@D@D@DDBFBF@F@DBFFHBDBDBDDDDDDH@F@D@BB@B@BADBDBBDFDDBBDFBDDDDDDDDBFDDBDBDBFBDDBDBF@BBDD@HBDBDBFDBBDBDBDDDDDDBDBDBFBFBBHDBBBD@B@B"],"encodeOffsets":[[108548,39809]]}},{"type":"Feature","id":"640181","properties":{"name":"灵武市","cp":[106.334701,38.094058],"childNum":1},"geometry":{"type":"Polygon","coordinates":["@@CJOTGJSLONW^EFIDbMHMLIJIHMNMNEFSJOJGDMFOBMBC@KHGHMJMDGDCDEJMTGJaRg^BLM@CDKAIBSBUH@F@B@@@@@@@BABGBEDABC@@BAB@BABABCDA@@B@BADADCB@B@BBBBBB@B@@B@BC@ABC@@B@@DDBBBB@BABA@CAA@@BBD@@A@@@C@@@@B@BDDDJBD@@ABAB@B@@BBF@B@@BA@@BHB\\@TBJ@TDHBD@DABA@@F@D@J@@BB@@B@@BBBB@@DD@@B@BB@B@@B@BDB@BDB@BB@@@B@@BB@B@BBB@BBB@@@@BB@BGBAB@xIBGBU@C@@B@N@@AP@@EBI@i@C@MLAD@BBDDBD@BBPRDD@BEDQLEDADABAFCD@FABQJ@@MGGCA@GVCHAB@BE@ABABAB@B@@BB@@DAB@BB@B@BABE@AB@@A@@@@B@B@B@B@B@@ABABAB@@B@@BBB@@@@@B@BA@ABA@ABABCDCBABEBCBC@AD@BADABA@@D@BCDAD@BAD@DAFCDADCBAB@@A@@@ABA@ABABA@ABC@EBC@A@AB@B@B@BA@@@ABAD@@BD@HBHFPHHBBHBJFDDBDBFAFINCFEJAFADBHBFDFHHHJNLLNDF@HCJALCNBNDJFHJLFFPJHFFHJPLT^dFHJJHFTNFDJFJDHHFHBLBJHXBJDHHHHBHCJCF@FDJLFJHJNHRJNDNJNH\\WIKTOLCBYCS@ESDBDFBBCAGJKJCAKB@@EDCBCBADCBABEHAFAF@FABBBA@@D@BCBAB@DAB@DAF@BADADADCDADCDCBCDC@@DCBCDCBCDADCDCBCFCBAFCDAFADADAFAFAFAFADAB@DAFADADAFADADAFCFADABAHCFADABABADAB@DAFADAFADAB@@@D@B@B@B@DAD@D@BAD@D@BAF@B@D@DAF@B@DA@@B@D@BABAD@B@BA@@DABABADAD@BAB@DAD@DAB@D@DADAF@BAD@BAD@F@DADAB@DCB@BADAB@DADADAB@DAD@B@H@DABADCDABA@@DABABABADABA@ABADA@ABABCBADAFCDADAFCDADAFADAFAFAFAF@FAD@FAF@FAD@H@DAF@LAJAHADAD@@CFGUKGQCMBSHY@A¯JSEGA@kUQBLWeAA@AA@@AAC@A@AA@@AAA@@@AAA@@@AA@@A@@AAAC@AAA@AA@@ADABABAAA@A@EAM@MBGDSFSBGPUFEDAHDHDHBN@dDDAG]DG@[FBCNQHIB@LJHFD@bCNA^@@AA[GYCIIOWu_g[asUoOWECCE_FgFDMAc@GC@DmBmJ{PYFA@KYOGmOkMEG"],"encodeOffsets":[[109147,38524]]}}],"UTF8Encoding":true}