{"type":"FeatureCollection","features":[{"type":"Feature","id":"610902","properties":{"name":"汉滨区","cp":[109.029098,32.690817],"childNum":1},"geometry":{"type":"Polygon","coordinates":["@@NGPAR@THJHTJLBPIl]RI\\MTCJKFQNSNKXGHI@AF@DAB@BCBABCBC@AAC@AB@BAD@DAF@DCJCBA@C@A@ABABAH@BA@ABC@AFABABADEDADE@A@CACAC@AB@B@DAF@DABA@ABEBABAB@B@B@BABA@ABA@CBAB@BBBBBBHBB@F@F@DAD@BABC@CDCBCBC@C@A@ABAD@BABABABCACAC@AB@FBDDB@D@BBDBBABABABAHAHBBBD@BB@B@BBF@@DBH@FBDDF@B@@DAB@BBB@FAD@DBD@@@B@B@@AFAD@BDADEHMBMFOFYBEFMFMAMAK@UDOBKLUPcJEBELI@EGEMACEHIFGf[JIFMFODKPOHCNEdQJELMDIHO@OCGAQFEZ_ROPANFR@RIªHABFFBDABCBCBE@@BCBAF@@A@ABA@AFC@AACECC@EAAAAAAAAACCAAC@CC@@A@QCCADCLCJMACCCCAG@I@GDC@AAA@@AA@BA@AB@DCBA@A@@@CBC@ABA@ADABA@C@@@GCCCBAABCJCJCHCFAHAN@H@DADAJCRGCEBGFBBAACA@ACAAAA@A@A@A@CO@EG@OHIMAEOBIBCB@JC@ABA@ABA@ABADABAB@DAB@LCBIAEDC@CHCBC@AA@@ABG@AF@HB@BDBBBBBBBRD@ABGDGDAHCJIDBBB@@BBDAJKFAD@B@D@F@@@BAB@@AB@BCDC@@@@AAA@AAC@A@@AA@B@@ADA@@@@@A@@AAA@BA@ABA@@@A@A@@AAD@DBBBB@D@B@F@B@DABABADA@AFABAD@DCDABAF@B@B@B@BBFBDBBBB@DCBABA@@BAB@DAD@B@@@BA@@B@B@@GFEJAB@BA@A@E@C@A@AA@@C@AP@N@@A@KBOAIBAAG@KAGIBIDOBQB[JQHUNEJKTKHOASGIIKMQEQDOH]@MAOMSCOJIVGTGTOJOECUCSMUUCMAS@IDOFMDQCIGGCGGAQFODSAUEQEOQSGIO@MFMPIBOEKIUOOMMMCKDSEQGKKI]IGGBIHKLSBYCUEIAYCQCKBKKIOCSBSVEFETGNMFOFKLQVGbEHUTGJKTAV@LCL@@@BBBBD@F@D@DB@D@FBBB@DGBE@EB@FABGDABFDD@D@@DADC@A@GEC@EFABCBIAC@GECGAC@@@BQBABA@A@GBC@A@CACAACACACBAAA@A@AA@ECIAABO@GAGDC@A@C@@BC@A@A@ABA@A@ALEBG@SA]IOSG[QMWBMTIRCDEBAB@@ABOHMNAAAMBICA@@CDCLC`ATGHEDG@B@DHFJDF@FGBICGGIG@@A@@B@LFHGDGFG@GCGKEIK@U@@B@BAHBHBFBD@BBB@BBDDFBBDFDBD@FDBJBB@@KL@@@FHAHIBCB@D@B@@DHFGFCBBF@FEDCH@BFBBDFBHA@@J@DBDBDFDHBF@@BB@BAB@@A@C@A@@BKHO@UCQBODQTQPAXJDHMHGLFFLBPGROLQAaA[B]@WDWRybGHKNARBTFRV^LL@@@@JJVLFBJDPMJILILCPA^AXFZDTDPFJBXFJ@RFPDLHFJBJ@J@T@LBLFLHP@NEPAR@dNLJRCVKNOHMDUPSJ_DeJQLGL@PFVH^DTNRXNZ^P\\@ZGRB\\VRTNJP@RHTZT\\VVV@TMHQD[B_@E@IBC@C@K@C@MFC@C@C@C@CBC@GFCBEDG@C@CBADCJAFMNCDGDKHEBEBGDMJAJHHLFPHFRCNCPFNHFLBH@P@R@TLFFFLHDXVRDLCJD"],"encodeOffsets":[[111296,34074]]}},{"type":"Feature","id":"610922","properties":{"name":"石泉县","cp":[108.250512,33.038512],"childNum":1},"geometry":{"type":"Polygon","coordinates":["@@B@FAHADBBBABCBADADAHBDAD@DDBJBHD@CDCDG@E@ACADBH@ACCCBKH@D@LHFFDDFDDAJBXHN@REVERCPBTHFHZLNFPDNBHCJKLGFODKBOAIGMKIIIAE@CDGJGDCNCMXELAPGHENINERAXBNBLEROL@JFZVLHN@JKLMNKHERI\\KNGJMJQDQBI@KCKCQAC@CDGLKJGZMPG^KSWSOIECKEQGKCIMMKGGIAEEWAW@WAWESEMIKOGmU@I@GBAFA@@@CCGAA@ACC@@EGEEEGCEAABABABA@KKOII@EGQCAAAAAEE@AAA@AAG@ADG@@@A@AB@@E@CBAB@DC@ABAA@CAMCAC@@AAAAAAAAA@CCAAA@AAAACCAA@C@A@AAAAAA@AA@A@AACCCAAACAEAAAC@AACAAAA@AAC@CBECEC@E@GBIBEFWDGD@@AAACEMAG@C@EBCDEMFABAABCACAA@DABG@EGKKKEK@C@EBEDCBCDIFCBABA@ABADABAB@BCFA@ADADA@CBABE@AAAAA@@AAAAA@C@EBABA@CDK@EGS@AICACBCCEEGCAA@CAAAAA@@AAAAKGE@K@IDCDC@EBCAG@CAC@A@AB@BAFB@FLGJKAEEKGK@@FJLFLMCE@ILABH@B@EFCHLDDFBFEHG@UPIXETCRW^MLKNCZDXPRRHXRTRRXDVBPE^BVHPJLFPIVAF[\\GXKRIJQTG`ALHZNRFhARATDXMZANDNTJHJEPCDE@CAEBCFAD@AAEA@CAC@E@EAGCCC@C@CACAACA@BABEHDFHFBB@D@@_NOJKBCDDBBD@JAFMHCDA@ACC@CBCD@BADA@BDDD@BCBCBC@ADABEB@@ABB@BBD@BB@B@BDBB@BA@@DADABDARLV\\^@BAD@D@D@B"],"encodeOffsets":[[110646,34105]]}},{"type":"Feature","id":"610923","properties":{"name":"宁陕县","cp":[108.313714,33.312184],"childNum":1},"geometry":{"type":"Polygon","coordinates":["@@AA@AAABA@C@AAAAACEAABULSLIJ@bDBV@TKV_PWFUBSI[MWMUGMQGOCIBCDGLKTUDSM[[KMGMKMMKMEiJOBKK@MNINEDCH@FBDA@ABAFC@A@ADILGAEIEMBAA@@CCGCCACCAAAA@CBE@A@AGI@AAGACAAGCA@CGYaSUOMSMSI_AWDiFYHUJ_HaIOIGKBKJ[DWIOMMYQWMKGEK@CFOL@QS]MMMYCYA]AOAWBOFSJMLGL@JBLHdVFX@TIRSLOFGBKAMAGCKICKDQCWUGCEKEESKQ@O@G@KAGEEMDODMEQOGKEGGBINIHCFAFALGHCDCNMBEDIBCDAD@H@FCDAHED@DAD@B@ACCAIAAAACA@GDAAGAG@AAEACBC@K@E@CAE@C@KBKJI@SB[EMCOGQCSGOGSGOEUISA]LOHYNIHKLCH@DBDDRDL@LAJCRIRINMH[LQJGFMLKNILM@KGYUIEK@QPKFMAWAQBMFMJGFOHKBWFNMDCDIHCH@DBFJJLJHNBJAPCLEPKHILGDMAOCMEYKEGSGOAQDUFQFM@WGIACBECCCEEKGC@G@ALDDBDG@CADB@B@FCHCD@DGCIACA@CBCACBGBCBCDABAAACAGBEBA@@BBBABC@CACBALCF@B@@@BAJBHFJBFFFFDFBD@B@BBAFEHDDB@DAJHJBDBFDDHFHNNDBD@H@D@@BBHBBD@BB@D@B@D@B@DBFB@GHMLHHZLPLVGLKPEDD@RBD@DDBHHPRFPE^MTQHUPSLURSTYDWDSJOVFVHTAZIVA^PVFZOPIRFZAXJRERINIZBTJN@H@B@BABABCJBBBAB@FBDDDFLLHDFBHBD@F@HAH@JA@@HCFELEFEH@FFBBDDBBB@D@FBDDDCHCHAHC@@DCBAD@FBDBDBDADADAD@JBDBFAFADADBFBDBBB@D@DDDBBBFBBD@HCHCFBDA@@D@BAFDDDBDBD@@B@D@HAFAB@D@B@D@F@HDBB@BBDDFDDFFDDDDBDBBFBBD@BABDDJBJDRHFDDFFBF@LAREH@D@@@DBBBBBBBHDHBDBDFDDBD@DDDFBD@FDF@FBBB@BAB@DBDBBD@JAJAHBH@HBB@BADABCBG@EDCBAH@LAFAB@BA@A@C@@@ADAFEB@@@DCBABCDAL@BBDHBFB@HBHDJDHBHDDBDBD@DBFJHHHBHF@@DDFDFDDBDAD@DAJDDBDBDBH@JGPCBAB@FAPCHAD@DBB@BADABAB@F@H@@AB@DAFAH@@ABA@C@CBA@CDAD@DABADCBCBCBC@CBABAD@B@D@B@F@D@D@DAB@DBD@FAD@DBDBBDBDADAFABADAD@@BBD@B@BDFDBDDDDBB@DBDBBD@BBFBD@@AD@BBDBBBB@BBDBBB@FBDBBB@D@DADAF@FDBB@DBD@HBDBFBHBFBFBHDDDBBBDDDB@D@@CDADAD@D@F@D@BAFAD@D@DAHBFBD@D@D@D@FADAB@@AAABA@CB@BAHA@@D@D@D@DBDDD@D@D@D@BBBDD@BBB@FBB@DBJFDBDBB@DABABAB@B@F@DBF@D@BABA@C@A@C@CAEAEACCC@C@ABCDEBABABADADADCBAB@HEJCDCB@@B@FDDDFB@DBBBD@FCB@D@BBBBBBDBBBDBB@DBB@@DA@BBB@B@BAFEB@B@BB@@BBBDB@DBB@D@DBB@DDB@D@@AB@DABABAD@B@DA"],"encodeOffsets":[[111453,34628]]}},{"type":"Feature","id":"610924","properties":{"name":"紫阳县","cp":[108.537788,32.520176],"childNum":3},"geometry":{"type":"MultiPolygon","coordinates":[["@@EAUKII@@@@KKU]EQASBQLMHGzaXQXC^@\\AbBRBPKHQAOEKKEGHGNICBWRORSPCRAVDP@LG@AB@D@B@@@BA@AAA@@AECGCECACAI@@@GBEAACEA@ADGFC@EAEDAHEGE@CA@C@A@ADGJGB@E@@LK@@AAAIECC@CACEAACEAC@AAA@AACAEAGBG@A@A@AACDGHCGEEI@I@GFKLYFIBQBS@MEUlA]eudQwHQBABA@@BCDA@@DCDCBAB@B@BA@A@@@A@A@@BABC@AB@DA@@BABAB@BABCB@BAB@@CBABA@ABA@@BAB@BABA@@BADEBABAB@@ABA@@@ABABCBA@@@ABA@A@@BADB@@B@F@BAB@@AA@@AAA@A@@@A@@@AB@@AB@B@B@BAD@DA@AQSEAA@AAC@A@CAAAAAACEI@AAAAC@E@CA@@EAAAAC@AACC@A@C@@@CBA@A@A@@AA@@@AA@EAEAECAACBC@C@A@C@@A@@A@SQMWBE@E@A@AAA@A@A@A@@BA@A@@BAB@BA@@B@BAB@DAB@@AB@@ABA@@@ABA@ABCB@@ABA@C@@@A@@@A@A@@AABCAA@AA@@AAA@AAAAAAA@AAAAAACAAA@AAAA@AAAACABA@A@A@@BC@A@ABA@A@AB@@A@AB@@ABAB@@@BAB@@@BA@AB@@ABA@ABAB@@ABA@ABA@A@@BABA@@B@@A@@BABA@@@A@ABA@ABA@@BABA@AB@@A@A@A@@@A@A@@BA@AB@@ABA@A@A@A@AB@@A@@BA@@B@@AB@B@@@BAB@BAB@@AB@BABAB@@ABA@@BA@C@A@ABC@@@C@@@C@@@C@CBC@@@A@A@A@ABA@@@ABA@@BA@A@@@C@A@A@@AA@A@A@A@C@@@ABA@@@ABA@C@A@ABA@@BAB@@AB@@AB@@AB@BA@@BA@@@ABA@@BA@CBABCBA@@BABA@ABA@ABABA@@BA@AB@@ABA@A@ABA@CB@@AB@@@BA@AB@BAB@@@B@B@B@B@BB@@@@B@BB@BB@@BBB@@@BBBB@@@BBB@@@B@@@B@BA@@BAB@@@B@B@B@B@B@@@B@B@D@@@BAB@BA@@B@BA@@B@B@@@B@B@@AB@B@BAB@@@BABA@CBA@A@A@@@A@A@AAA@A@AA@@A@ABA@A@@BA@ABA@@BA@A@AB@@ABAB@@@B@@@B@B@B@BBB@B@BAB@BA@@BA@ABAB@BABA@AB@@ABA@ABABA@A@@AA@@@@AA@@A@AA@@AAAAAA@AAA@A@A@C@AAA@A@AAAA@@A@CAA@A@@@ABA@A@A@ABE@A@A@@@A@A@@@A@@BA@@@A@@BA@AAA@A@A@A@CAA@A@@@CAA@A@@AA@ACAA@AA@@AAA@AA@@@A@@BA@@@ABA@@BA@ABA@@BA@AB@BA@ABA@ABA@A@ABA@ABA@A@A@C@C@@@A@@@AAA@@@AA@@AA@AA@@A@@AA@@AAA@@@A@@@A@A@@@C@A@@@CA@@A@@AA@AAA@A@A@@@A@@@A@ABA@@AA@ABA@A@A@A@A@A@A@A@A@A@A@A@A@A@@@AA@@@AA@@A@AAAAA@@AAA@@@AA@@AA@@AA@@@AA@@AAA@@@AA@@A@AA@@A@@@AAAAAAAAAA@A@C@C@E@@@ABA@@@AB@@A@A@@@A@AA@@A@AA@@A@@AA@A@@BA@CB@BA@@@ABA@A@@@A@AB@@A@@@AB@@@B@@CD@BCB@BA@ABA@AB@BC@@BA@ABABA@@BA@A@A@A@@AA@A@@BA@A@@BA@ABA@AB@@A@AB@@A@ABA@A@ABC@ABA@@BA@@BAB@@AB@BA@@B@BAB@BA@@BA@@BABA@@BA@@BA@@@AB@@ABA@ABABA@C@C@C@A@CA@@AA@@AAAA@A@@A@@AA@A@@@A@@@@AA@@AA@@A@@@A@@@A@A@@@@@AA@@@A@@@A@@@A@AA@@@@AAAAA@AA@@A@@@A@@@A@@BA@@@A@A@@@A@A@@AA@@@@A@@@A@A@AB@@A@A@@@C@A@AAA@AAA@@AAAA@@AAAAA@AAA@CA@@AAA@@AA@AAA@AAA@AAA@AA@A@A@@@A@@@A@AB@@A@@@A@A@@A@@AA@@@AA@@A@@AA@@AA@A@@@AAA@@@C@A@@@A@@@A@@BA@@@AB@@@B@@@BA@@@@BA@@BAB@B@BA@@BA@@BA@@BA@A@@@A@A@ABA@@@A@@@ABC@ABABA@@BABA@A@@D@F@@BBDD@BPLPDLH@NITGJIVOTMHYTEFEVK^CLMXIHINARBHFFH@NEJGJ@FDE\\]tEXLNVDR@^CXKRKTALBBHMNHLLAF@VLHJJFJHLFPHTJZ\\LJLFPDDJFPGPCFGJKJKHIHKP@JAN@HMVGNMLMJKLQLSJMDM@GHCJDFLBHAHBF@ZEZGLANILC^@LHBLAHEPEV@LBHABAFCD@B@BAB@BJIJEVK`KR@XLNNLNJDR@LAJAT@PHHLFFJPBFBABBDFBBBFHFFB@BE@@BHBFEFABB@J@FCH@FBHHDBDAFBF@BABCDB@FDBAP@@FCD@@AB@BFD@H@HBJHJD@@EFABEAEB@BANBNT\\@`HrnJVPDBLDBHA@GH@J@NCJCFKDERE@AB@@A@@"],["@@K@[FFJHLHDH@HEHCEG@K@A"],["@@A@MHCD@@JHHHJDHA@ECEEICGA@"]],"encodeOffsets":[[[111153,33562]],[[111279,33324]],[[111290,33318]]]}},{"type":"Feature","id":"610925","properties":{"name":"岚皋县","cp":[108.900663,32.31069],"childNum":1},"geometry":{"type":"Polygon","coordinates":["@@\\EL@B@DCNGB@H@FCHGBSD_DKDC@@DBAJBNBBNMPGBA@@BAFADCJQNSXARNH\\PT^JTBH@FABKB@B@BAB@B@D@@AD@B@D@HCHBP@BAJBFDB@@B@BBBABBDBDBDDBDBB@D@HAB@B@BARA@A@@BDDHHFD@JBDABAFED@HFB@D@BC@CC@C@ECBAHCBA@EFAF@HA@CAAEAC@A@@C@C@EACAA@A@@DK@KBULSHIVSFGHaRULKPENEHMFSFETUTAPDLJALZQNAXDVJRARIJILQRMNKNOBMEYGOBOPELGFIEMGECMFQFGHkJMVMrE^@RFRFLEDKFKDSIIQGQAOIMQCECEKIMCM@MAII_cGIAOAM@MESQMgBKCMJMPGPGLIDGEIMeCM@GAKBGAIAGEMEIAEA@A@C@C@C@AA@A@@BCDCDABCBCDCBADABABABA@ABAAAACCDGDMHCBKBC@ABEFIJGHIJEDA@@@CCA@A@GBSHCBEHCBABC@E@C@MDEDCBGFCBCBA@E@A@CCA@A@GDKFA@E@CAECCAC@C@ABMHGFEDC@A@E@C@EAC@O@E@G@EAGCA@A@IDMFGDABCB@DADCB@@ABA@C@A@A@CBA@@BC@AB@@ABAB@@AB@B@BA@@BABCB@@AB@BAB@BA@ABA@@BABAB@@ABAB@@AB@BAB@@AB@B@B@@@B@BCDIHGFEDCBA@A@A@@@A@ABA@A@CBA@A@ABC@ABA@@@CBABA@ABA@C@AB@@A@C@A@A@A@A@C@A@A@A@C@A@A@A@A@ABA@C@@@A@@@AB@@AB@@ABA@@BA@A@AB@@ABA@@@A@A@CB@BABABA@@BABAB@BAB@BABABA@A@C@ABABA@@BA@ABABA@@BA@A@@BA@C@@BA@@B@B@B@B@B@B@BBD@@@D@B@B@@@BABAB@@@@@B@@@B@@@BBB@BAB@B@BABA@@BABA@@BA@ABA@ABA@@@ABA@AB@@CB@@A@A@ABA@AAABA@A@A@C@@@A@AA@@A@A@A@A@AAC@@@AAA@@@A@A@A@A@A@A@A@@@A@ABA@@@A@A@A@A@A@@@A@A@AAA@A@@@A@AA@@A@C@@@A@A@A@@@A@A@A@A@A@A@@@A@A@@@A@A@A@A@C@ABA@AB@@@@AB@BAB@@@BAB@BA@AB@@ABA@A@@@A@CBA@ABAB@@A@A@AB@@AB@@@B@D@@@B@B@@AB@@@@ABA@ABA@@B@@AB@@@BA@ABBDBB@BBBBBB@BBBDBBBB@BBBBBBB@BBB@BB@@BBBADBB@@@B@B@@@B@@@DAB@BA@AD@BAB@B@@AB@BA@@BA@CBA@ABA@@@ABA@AB@@@BAB@@@B@B@BBB@B@B@FAFNXTRB@@@@BD@B@D@D@DABBFDFBFBB@@B@@BB@@@B@BAB@D@@@D@BDDBBD@BBBB@FB@@D@FBDBB@BFJBDBBBBDBB@D@BBB@FBRT@BCBC@ABA@A@A@@BA@@B@@@B@@@BBB@BB@@BA@ABE@A@@@CAAB@@@BAB@B@@ABADAB@B@@AB@BA@ABABCFAB@@ABABA@AB@@AB@BABAB@DA@ABA@ADABA@ABAB@@CBA@@BADAB@@@B@B@@@BABA@A@ABCDCD@@CBAD@@ABABGRRxcfvB^kFV@NATAREJKZEL@H@JFJHFGDCHBD@BV@L@"],"encodeOffsets":[[111259,33327]]}},{"type":"Feature","id":"610926","properties":{"name":"平利县","cp":[109.361865,32.387933],"childNum":1},"geometry":{"type":"Polygon","coordinates":["@@KCMCIOA]KUUKGIBQB]BGGKMAO@IGGKCUBMHSLUDQ@SEOWcEMDIJKPGRKFENMLQHODKJQFGBKBGOKGMSMSOgSMC_IW@YCSBUKWMQ@GFUBKCEGAWEImOYGSEQMISDYFUF]VwFQZUBG@GEMKOMYCIEEGIBIFIFIDMDKHMDIBIDGCCEAIBIDKHGDQJI@IAOCGAKCIAGACICG@IAECCCCDG@EAEAEEEEGIEEEMBUBO@KCMAKCMGCECCNININEHE@GAEECIBK@EACBECAAAABCDC@CAAE@EACACCCA@BADA@E@A@@@ADA@AFABBD@B@BEDOLQN@@GJGDIDQH@@EDKFEBIDA@E@C@EBABABCFADKNEFCDGBCDA@IHEDEFABADCDCDEDBDBBAB@BABABABCBABCDADADCBCDAD@@@BBBD@D@D@B@B@BFFJFNBHBJAHBL@HDNNfFJCHKJOHOHINDNALNhRFT@NBNBPHJ`dJJNBN@NDLJDFDFNRPJRBRHJJCTELCLKFQEQE]@qFUNINGlEHERDNHFFNEJKHOFAPHPFZANMPMLQNKRIJQJQBUIWCMBYRDLDRBZFJDVAZKTGLAJHH^JLJHLFRCTDLNNPNVPLJPFJANONEP@HJRTFPFRBVCTEPBRHHHDJHRDNCPEJCT@NBVDNVDTDVPFPIHSHSJUPITDPNNB^@PGRCRFLNJJTHPBLGLSFIVMRG\\IRAPAJCJANA\\MTUVO^KVKHIFWDSNKRERB^@`I\\O\\KXCJ@NA"],"encodeOffsets":[[112196,33261]]}},{"type":"Feature","id":"610929","properties":{"name":"白河县","cp":[110.114186,32.809484],"childNum":1},"geometry":{"type":"Polygon","coordinates":["@@QSEKCGKGWAMJOPKLQJUDW@WCIGAOHIBOAMGISGKIMKUMQG]MSAW@UFOLY`GLSFMGS@KHKHQH[HYBaAqSOEmCS@]DmNWDSBYLQJOLCDOTKJSTMJOFQBQHOLORAFAJG^ERANAPBP@NKXOXHJT@PFNHFNCJCBON@XBJDLFPLHNHC\\SRJLXELCH@RDVJXJLFXFPANANGRGTGNCNDLLJBJANDDFEFDPBHDJ@DJZBFFBJDH@FBFBH@H@F@@@DDBFJTBFDDD@FBFAF@DCFCLIFCF@D@HBFBJ@P@DAHADAFCFEFIFGDADAD@DBD@HAH@HBD@JBJARCH@F@JBHBH@D@DCDCFIFCHCLCJAJ@HDF@H@BCBCDGDGFCDAHELEJCH@RCPCPEPIHCJCHCJEHGDEDEDMBCFCFAFAJBHBB@D@AEDEEIIMEEEKAIFKJGHEN@NHH@FCBIHW@gCQ@KEOGUAODMHEHERSLGFQLQJEVMFECKGEOGOE"],"encodeOffsets":[[112830,33401]]}},{"type":"Feature","id":"610927","properties":{"name":"镇坪县","cp":[109.526437,31.883395],"childNum":1},"geometry":{"type":"Polygon","coordinates":["@@NAJCLBLDLALCNEJMNM@KEKKUIQEY@IDMFULQJKNEPSHIBGEMCUEIGIIKKMIOGOEWAUHYT]JEFCHEJMHKHGFIFK@K@KAMCKIKEGIAIAIAE@GAIAACAGCMIS@IDGJCFAJAHEHGDIJODQFMFKFMFIDIFKFKDOCGCEKDQBIAEAGAE@EGIIIMCM@GBIBGDKAIAG@CBAB@DCLADCBABA@A@AC@ECKCCAAACEACACAC@@AAA@@@C@CBABA@A@CAC@CAAAA@E@E@CBEBGDABA@A@EA@@A@KEKCGACAA@A@CBA@A@A@GCKCG@AAE@A@AC@@CAA@ABKDEBCBGAE@I@C@A@@@AA@E@AA@AA@@OBGAABA@@BABAD@@@DA@@BA@ABE@K@CAC@@AA@AACBE@C@GAEAA@CBA@ABAAA@CA@ACE@ABEAA@@AAAAC@GAM@I@C@CCC@A@IAEBG@SDMBA@G@EAUBO@W@IBQBM@GBE@CDKDABABA@A@C@CL@D@HDNBH@D@DABCBABE@EBCD@@BBBB@FABAB@BC@G@MBC@ABA@AB@D@@@DABBB@@BBF@FBB@@BBFBB@@BBJ@NDHBBBB@A@ABABELAH@DBH@F@B@@ABABE@GBKBEBA@AAA@@@GFIDEDABE@A@AAC@CAC@EDSHGDCBC@A@M@O@@@CBAB@B@@@B@BAB@B@B@B@BHLFLBF@BDBDDDBFBF@BB@DCDADBBBBFDDAFBL@JAFDBF@HGFMFMJMJDDDFNHLDNBLDP@VANAFFJFFHFFBFBF@FCHDDDDBF@JDHDJHBJBLDHBPDJBJ@RIHCLGJCJAFBDDCHAJCJGNCLCNEJEJAJHJFFDJNZLPFN@HAHYVERUxE^EVCZJTRNTFZHnPFJBXFHLDVAHER@XNVLTAZDX@`JNDhTTPTNHNPL"],"encodeOffsets":[[112180,32999]]}},{"type":"Feature","id":"610928","properties":{"name":"旬阳县","cp":[109.368149,32.833567],"childNum":1},"geometry":{"type":"Polygon","coordinates":["@@FCJAHEPETEP@^@LBLAJ@N@PCPELETGPCNAJELQLGFBDHJFLDFCDMJEF@RBLFNHNDJ@P@V@TE^BNBNEFGHGFGHANCLEJETGJELEJ@TGNIfIJ@FEBE@KAOGWCc@YAOE]I[IWCO@aKWE]BAHCHEDEDCDEDEDCBABCBAHILGHAD@H@FDDBHHFDFDAEIY@CCIAGCOFECEMCIBIAKKMCMDSHQHMHMBOBWEKEWIUIQCG@KDWFIKTQD[MGKGEOCKAI@WPMDADIEMMGOES@GIPWLW@MAOBOBMFQH]BIBEPQPKRGRAPENITSLIPSK@KBKAWGYAW@aCsAMEIGGWH[NQNMHUOSWMaK[EQKEG@]KMGGMBI@WD[L[P_J]@QAQFMLCTEXGJUL]LUPSV[NMBBH@LBHABBJAP@L@BM@O@@B@DB@@B@B@D@F@BABA@IBEF@HA@A@@@AB@@A@C@CBA@AB@@ABABCDA@AACAEAAAA@A@A@E@ABCBCDC@ABEB@BCBABABCBA@E@A@C@A@AACAC@BB@@@B@B@@AB@BABB@BB@@@B@@@@CB@BA@B@@BB@D@BBB@BB@@@@CDADA@@BA@AB@@E@C@A@C@EBILCBAA@@AACAIJGDCBCHAH@BQCAAAAAACA@AGAE@@BAH@BB@@BADGD@DCDBFAJKDA@CBA@ABCBAB@BAB@BAB@BIDA@ADAJFPNBGJ@PFHP@@D@B@B@BBBBBBDB@BDABEAAHDFQHIDCBCBG@M@GBEBGDIDIDADBBDADD@H@@@DABCB@BAB@BAD@D@@@BABCDA@@BABB@@BB@BBD@HCJ@H@DBDDBDINKDCDDBRDB@@@DDD@BBDDBBBBBBBBFBD@FDBD@BED@BAB@B@BE@ABAD@@AFADADCBEAAEGB©QJQ@MEOBQPY`EFBRDH@PGPCJKNIFcRMFGDOPCLEPENIJe\\EHGJDFNBHF@FKJAFIFOdKVALCP@VBLBNENENAFEZEPANGNCFCBADBBBDBBBFBDDDB@B@F@DBDBBBBBBDD@BADABEB@DAHCDAD@BB@BD@BBB@BBD@DBDDBBBDB@FDPNJNPTJLPHHBJALEJUJI^YPIPQLGPIXAF@B@F@LBDBD@B@JAD@D@BBFAL@DDLPFJFEBBBDBBB@DCBAD@BBDDB@DBB@BBDBDBDB@DB@B@DBB@@F@DEB@@PJP@LALIZaPGPDbHZBRERGPMLUNQLIPCNDZNNHPDR@fBP@TBZB"],"encodeOffsets":[[112066,33948]]}},{"type":"Feature","id":"610921","properties":{"name":"汉阴县","cp":[108.510946,32.891121],"childNum":1},"geometry":{"type":"Polygon","coordinates":["@@D@D@D@NED@L@D@D@JAF@`@\\ARCNG@SUU[UYSGS@QIOSMUQA[HQ@YO[Y]WMMQCSG]EU@OHKRKfI`CTIVONCPGLMDUIQMK@cBQFO@MGOEKAK@K@S@IAIEIKGOCQEI@WEIAOESCYCWE]BOBKDKJIJONIC@@@BA@@BQFCFELIDMDI@G@@HGBCAAKOCIUqm_G[@MSMAABA@BFAFEB@FC@GIAI@G@GEC@ABA@@DC@EO@ABECA@DCBA@AAEBEACGCAG@EDG@E@IAAEBEFGA@AF@@AEAGEAEAACEAAABAEIOEEGKOGS@IBKBQ@ICKMMMWKQ@_LULIFIJ@B@BBB@DABBBCFAL@NDF@FIFKFKBSBABBFNHHJALDHABA@@BGJ@BABAD@BABABA@CBGBABAD@B@BAB@B@BA@IHEF@BE@ABABA@ADAB@D@D@B@DA@@BABIBABA@ABABC@ABCBBBBB@@BBBBDBB@DBFHDFADBDJD@BHT@FCL@DABAB@F@DBBBB@BB@BBBBF@BADAB@BCBCB@DE@ABABABCBAB@BADAJEDCDAFCFAD@L@LFLLFHH@BA@CBBBDADBBBANECFAD@F@DBHFNBDBB@@HCXCFEJAHAF@D@DFAF@DBD@BBBBBBD@BBDBBBFBDBBDDBD@B@BBBB@BBBB@B@B@DBBDDBBBBB@BBDDB@BBBBBBBB@@BDNDDBB@AB@BCDA@AB@D@FA@@B@B@@CH@BBH@BBB@BFFBBBBDBHR@FJJLP@LABABABBBDFFHFFFH@@DD@BBBDH@D@@EBAB@H@JnVPHJLFNFTBX@XBXFXBFHJLHNNDJHLFRDLJFTPTXTBVJPFTHPHTHRDPHND\\FTAJ@LILAD@F@DBF@L@D@DAFBBBH@HBBBHCB@BDBBJBDBBDA@"],"encodeOffsets":[[111257,33951]]}}],"UTF8Encoding":true}