{"type":"FeatureCollection","features":[{"type":"Feature","id":"610203","properties":{"name":"印台区","cp":[109.100814,35.111927],"childNum":1},"geometry":{"type":"Polygon","coordinates":["@@DCDCJEJAB@DAD@D@B@B@B@FADADABBNBB@DADBB@B@@@@A@@AA@A@@CA@@@A@@@@A@@@CAA@@@@AAA@AA@CAEA@@A@ABA@A@A@@@A@AAAA@AA@@AA@AA@@AAA@AAA@CAA@CACA@@CABABA@C@A@A@CDGDIBCBCBA@A@@AC@E@C@CACBC@AB@D@JAD@BA@@@AAAAAAC@A@@@@NAB@DABABAB@@@@@DD@@B@BADABAPGDAB@D@B@DBDDFBBBD@B@DCDGBIDG@C@AB@@AB@BBFBB@DCDADEBA@@D@F@D@DABAHGBEB@@@B@FHBFFFDFB@B@B@BABA@ABC@ADAB@D@BAB@@ABA@CAA@AB@B@@CAC@A@ABC@CBABCJC@A@@@C@AAA@AAA@ABA@C@AA@@@AC@ABADCD@BADABAB@DAH@DC@AAG@C@A@@DAHC@@@A@C@I@CFCBCFADAFBFBF@JFBDDDBBD@B@@A@CBG@CAAEMEUEI@CAABA@@HEBABCBA@ECM@CBG@A@AB@B@B@DBB@H@D@DBHBH@B@DBFH@BBDADBJ@DBBB@DBDAHABAD@F@DBB@B@BCHIBC@CBAB@LCNAPABBB@BD@B@FBBBFBBDBBBB@DAB@DBFBB@@BBDAF@D@B@@DBDAFADCDAHABCB@F@F@FAH@B@@@@BIPAH@DBJBJ@DABIRADCBCDCBAD@DAHAJ@F@B@B@B@BBBPCHABCDGDABABAD@B@BDBF@J@DBBB@@ADMFO@ABADANED@J@B@BB@FCLAF@D@BB@D@BBB@@B@B@F@BBFBFBF@F@H@H@BABA@ABBB@BB@DBDDBB@@AJCJCHEH@BBBDDJBDAFGDIHEHE@CBABAR@J@HEBABCDO@IBSBGBCDCHGBABADQB@BAD@L@D@B@DABCBGDC@@B@F@D@B@FEDCBCBEBCHCDCBE@EFGDAB@D@H@FAD@FCFGB@B@D@HDHBB@D@D@HADAFBJDLHRFDBF@DAHGBA@AGO@ABABADADAD@D@B@AE@CAACEAC@ADCFK@ECKAM@GAC@EF[@EACACQE@AAEAECGACA@MDEBC@ABADAJCJ@B@@ADAHABA@C@C@EBCBABCDC@CBEBEBE@E@AACCCC@@A@@@EFABC@C@A@A@CBCBC@A@AAAAAAMCICECC@I@MAK@IAUCEAEAAAAB@B@J@BCFGFEDGBGBC@C@AAAA@ADCBCFADCDE@C@CAAAAGECEIMGEAEAECCACAEBE@CA@AAEA@@A@@D@@KFA@EAICKECAC@KBE@EE@C@EACICEEDSGEECBA@@@@JIHG@AAAEE@AC@K@EBA@E@KGCAIBA@ABCBGAACACCGAE@AEAE@@@@A@A@ABA@@AAC@EBMBEDKHA@A@ECECoJIB@BCF@B@B@BNHBDD@F@JBHDDDBDEPEHIHGBWFGBEDABL@DBFNFPJJB@DALMFBLDR@LBFJBLAN@FCBG@CDCDAF@DHLEDWBA@IBEBCBA@EAGCC@EAAACIMCCCACAAA@ABAA@AACA@A@@BADABKDADAPCFEH@B@@AFKLUZIT@HBLCREHCBAFCD@DBLCHCBE@AAEIC@C@AD@HABE@@B@BDJ@FCFGDW@IDOBIAEAABADAFCBECABCDCDCAEKIIKAI@A@CBABA@C@CBE@CBAJBHAJDFHHJHJFFHBP@HABEDCDAB@D@B@D@FAL@BBDDFB@@B@B@FCHAFCDCBCBC@C@A@@@GAKECCFsAGGE@@ABAB@@@B@@@B@@B@@B@@A@@B@BA@@B@@@BA@ABAB@@@B@B@@@B@B@BAB@@B@@BA@@@@@@B@@A@A@@B@B@@A@AB@BA@@@ABA@A@AB@B@BA@@B@@@@A@@DA@@BAB@@@BA@@@@@@@@BA@@ACACA@CAKACA@AA@@A@A@EFKHEDIFAB@BBBFHFNJJBB@DABA@I@QBGBE@EDCF@JCJGFAF@D@DBDBDDFZH@B@F@JADEDAD@D@DFHJFJBB@FAHAR@FBFDFDDDDDDBF@D@FDFB"],"encodeOffsets":[[111538,36212]]}},{"type":"Feature","id":"610204","properties":{"name":"耀州区","cp":[108.962538,34.910206],"childNum":1},"geometry":{"type":"Polygon","coordinates":["@@HE@CDAFQBC@AFCLBHPBFLFHFLAPGLK\\QPMLELON_DKKKIGGAORUPOFECCAHCT[BKCC@CJCL@HBFAFIHYN[LSDSAIAGEEKC]BUAUEGI@CAA@ADG@C@EBABADABADCBCBC@A@CBAAAAAC@A@A@CAEC@ABABG@ADABCBAFAD@@@BCBCBCDCB@B@B@FDFBBBD@B@B@FADEDE@A@C@@BEBABAB@FBD@BBB@DCBADADBFBB@FBDAHAJABAB@DCHEFE@EBGDKBEBEHGFCBA@A@ACAKEAA@A@AFAFCBA@AAAAAC@C@AAIEECEAEAGACBCBC@AACA@A@C@ABCAAAEAC@EBCBC@AAAAAA@C@ABCFABC@AB@DADADA@EBGBM@A@CAACCAECEAICEAG@EBG@CACAA@E@C@I@E@E@UGAAEGAABWBUHIDEDMBOCIACAMK@GBEFCFCBE@I@O@M@GBQHA@C@A@EIAEAAA@EAGBE@EAA@@A@AFCBCBC@C@AAEAAAAA@C@E@E@CBEDEDADCBIBG@I@C@CB@BA@G@A@@DA@A@C@CAGCECCCACAAKAG@EAACCEA@A@CBAB@DADBBA@AB@@@@@BB@BA@@@@@B@@@BAB@@@B@@@@D@@@BB@@@@@B@@C@A@ABA@@B@D@B@B@@@BAB@B@D@B@@@@BB@@@@@B@@A@A@CC@@@@A@ADAB@BED@BAB@@AB@@A@ACAAA@A@@@A@@BBB@B@@BB@B@@CB@@A@@@@CA@@@CB@@@BABAB@@@BA@CBC@ABA@A@A@@@@@@BDD@@@BA@C@A@A@CB@@@@@B@B@@@BAB@@BB@@@BA@@B@@A@A@ABA@CBABBBBB@B@@ABAB@@C@AAA@@@@@@BBB@DB@AB@@@@A@@@@AA@@@A@@B@@@BA@@@A@C@A@A@E@KAGBEBA@AAEACAE@SEC@EBCBKBEBABAHABADA@EACBC@AB@DABABA@C@CCAAA@ABCDGN@D@@ADCBCHCD@D@H@BABCDEDADCD@D@LATGNEJADEDEFADAJAHCLEJABA@A@E@A@CBCBCDK`IdGFIHGDE@GBC@ABADCDEDEFCFCDAFAH@DDBDDBBDF@BFFNJRNDD@DFLBDDDFDBLDJDDBDBB@@@B@@@BC@@@A@C@AAA@@BABC@A@A@C@@AA@ABA@AACCGC@@ACAAG@IHAD@DHDD@F@D@FBHFDLDBHFB@LBPFD@F@B@HAFAB@@@BBBDDHB@HBF@F@B@B@BBBD@B@B@@CFADABCLCF@B@B@HBF@B@@@@A@GCCAA@EAG@A@CBABADEHAD@@@DDFLPB@@@F@F@F@BB@B@@BBB@B@@BBBADBD@B@BAB@BBB@HBB@BB@B@D@B@@@@@BBAB@BBBBBB@B@B@HALCB@@@BB@BADBD@BON@B@BBBHHJJDBB@BAJEB@D@B@DBBDBB@BBN@B@@B@BBJAD@B@BB@@@D@DB@FDB@BB@F@DDBHTFDPHHHFDDBBD@BAD@F@BBDDJBDBDFDDDBDPDF@DAF@BBBBBBDFBBBBDAF@F@B@DBFDD@F@FBDBB@D@FAHGB@B@B@DBDDDBLDBBBDDJ@BBBB@FCF@D@D@BBFFDBDBFBL@HAHBCEACAC@C@CBEHEDI@IDEFCF@HARAJ@B@BA@CAAIIEMEGAA@ABAJEFCLGFEB@B@@@BBB@BDBL@DDBDB@BB@@A@@@@@@B@@A@@BA@AB@@CB@@@@@@AB@@A@ABAB@B@BA@@B@@ABAB@@@@A@AB@B@@@@A@@@@B@@AA@@@BA@A@A@A@@@A@A@@BABAB@@A@@@AB@@A@AB@@@@AA@@@@A@@@A@@BABA@@HFBHEtDDLFHB@@B@D@D@DADADCBEDG@E@A@AA@CEAC@ABK@E@C@A@CBADCFCBA@GAOEGIEIGGGCEBIAGBIDAF@DAD@B@BADA"],"encodeOffsets":[[111568,36030]]}},{"type":"Feature","id":"610202","properties":{"name":"王益区","cp":[109.075862,35.069098],"childNum":1},"geometry":{"type":"Polygon","coordinates":["@@EFGFCDA@ABIBGBCBEAA@EACACBABCDA@AAC@EAA@ABABAF@@@D@BCFCFEBA@A@C@AAEAECA@A@A@CDADADAD@@C@EBABADCB@BAHAB@BFDDBB@B@D@BBBBAB@D@BADADCDABCBABAB@F@DCH@BBB@DHJVFVB^ALDFFBHBJCTKTM\\GZEJEBGAK@ID@DDDALS\\GDDBFDPEVOPQHBJHLLCLM`KPKFON[RKLOHKBGEKEAEGOKAED@BADERCB@DGFB@J@LBJJFLDBDCDCBAFDDABEBCBAFBJBPAJCX@HCDE@ECI@A@AF@BA@GBCD@D@FJBBF@DADGAK@CDCBEDAFGDQAK@GJSVYLKBE@@@AFGDEBOBCLCBABC@AB@B@BD@BBBBAB@BBBDDDNDDJBBFBD@HDFBB@DAFAJAB@XAFCGK@CBEDCDCH@DA@EBMAKEIKAQ@KCEAKNCBA@IIEOEMCAK@BAFCHAXEHAJGFGFOACCCGCIAE@C@ACMG@A@A@ADE@AJApIEACEAGIIAAGACCC@C@A@CDC@G@CAAA@AAEEEEEGCEAA@C@CBA@AA"],"encodeOffsets":[[111703,35798]]}},{"type":"Feature","id":"610222","properties":{"name":"宜君县","cp":[109.118278,35.398766],"childNum":1},"geometry":{"type":"Polygon","coordinates":["@@B@BABKDABABADBB@BB@BBF@BBDB@B@D@BAFCDE@ABC@EAAGEGAGCCAAA@ABAB@DADBFBDBB@BABA@A@AAAAASIA@AA@@@ABA@@DAJBJ@H@FADA@@BA@CAAACeSAA@A@A@@BAD@D@FADADBD@D@B@@@A@KKAA@E@@B@B@JBBAB@BABA@E@EACAEIICEAC@A@A@AB@BATCDABABA@A@AAAEEAC@A@ABAFALELCBA@A@A@AEGAA@ABC@A@A@AEAEC@@@A@@LC@@DABABA@CA@ECGAA@AA@ABCPIBCBC@AACKKECGCCACAC@A@EDEDC@E@G@C@C@CCCCCAA@A@A@AFCB@@A@A@GEMEEAKMGEGEEAC@GBKHGDA@AAAA@ABGAA@ACAE@EAEECCAE@EBCBG@A@A@CA@MACAAAAAAICG@@AAC@ABE@C@CAA@AACAAAMAKCECEACAS@GAEAKEKGGGIGEAA@MBC@@A@EGFGFCJEHCBIACCAA@AFGDGDIBI@@AACCCAA@@AAABAB@BA@A@G@G@EAEAEAE@A@E@A@AA@AAC@A@@A@CBEDK@EAAA@I@C@MFCBAB@BEPCN@BA@AA@C@IAEACA@C@ABABCBCHADGBODAA@A@A@A@A@EBIBG@CBCDADCDABCJQBA@CAIAI@CBGJO@A@@A@G@EBE@E@A@ADGBCBCDEBCBCA@@@A@CBEAC@AA@EACAA@CBA@AACAAAAEAA@E@AACA@AAOBMBKDA@AB@DADGJADA@A@CAE@C@ABGBCBCAA@AA@CAIBCAC@AEGCAA@G@GACAC@G@A@CAA@A@A@@B@BAH@DDN@FABADABGF@@ABBB@DFJFVFNBB@DAH@D@BA@C@AACCACIEE@EAEACBEBADED@D@J@D@B@@GDCB@@@B@DBH@BCDG@CBA@ABCBABC@CDAB@BBD@@B@@B@DAB@BBB@BBB@B@D@@@BIDADAB@DAD@B@BBD@DA@A@@BBB@DAB@BA@ABC@A@CB@BAD@BABABA@A@A@CEEEAEEGA@@@A@AFGHABCBC@E@C@@@ABCFCBCDA@EAAAA@@BA@@B@DCHAJCHCDA@C@AAEACCCAA@C@A@CBOHABCBABA@@@CC@@@@A@ABABCBA@MB@@@@@BBDBBBB@B@@ABC@IBC@A@@BADBD@D@D@FBD@@@BABADADCJCH@D@B@B@DABABDB@@DBDBB@DBB@BBB@BB@@BBB@@BB@@BBBBBB@@@B@B@B@BAB@@@FBDBB@@BBB@B@@B@DB@@B@@@@@@B@@DB@@@BBB@@@B@@A@A@CACBA@MAAACBCBEBA@A@A@C@C@CBA@IBIFCDCDNPHJDLBHFJHFPJNLFBD@BBBD@FAH@@RHDB@BBBAF@B@BBBHFFFHF@@@@@BABGHEDAD@BBB@BHFFDBBBBBL@BBDFD@B@F@DBFBDFHHLBDNHHDBBBD@HAH@B@B@DB@BBL@HBDDBB@B@D@BB@@@DAD@B@BB@@@B@BABADAH@B@B@BNLBBFBDBFDDBBB@B@F@D@@BBB@FBFAD@RGF@FAHBF@F@BABAD@B@B@BBDBDFDFFFBBNDDBDBBBBB@FBDB@DBD@D@FAB@BBB@FHBBB@BBD@NAD@F@H@FBFBDBFDBBH@ZFL@D@F@HAF@H@DBDADCHIFKDCBABC@C@CAADGDCBBFDBBB@BA@A@CAGBCBAVcHEDAB@J@^GX@P@FDD@DAB@H@D@DCD@BABBHDD@D@D@D@HAJAHAF@DBFDFDDBF@L@L@F@FABAD@F@LDF@LAN@HAF@HBFAD@DC@CBCACA@AA@@BADAF@BABADEHCDADALAB@B@@@BDDH@BBBHDDBP@"],"encodeOffsets":[[112076,36364]]}}],"UTF8Encoding":true}