{"type":"FeatureCollection","features":[{"type":"Feature","id":"450202","properties":{"name":"城中区","cp":[109.411749,24.312324],"childNum":1},"geometry":{"type":"Polygon","coordinates":["@@@CK_CGCCEEAEEGGKIKCEEEIFCBC@GAEB@BAH@B@BA@@HADA@A@C@mCAA@A@A@CCCCGCCGACAE@EBC@CDEHAHNB@@@@LDJBD@@BBbHp@FAHAFALBJFFHFHFJBN@N@VARBDBHDDDFJ@FJXBFJJDBJFH@B@H@B@DAD@HCHGBKAIAE@@KCAACAAAGEEI@CEG@AAG@C@CBK@E@GBK@C@E"],"encodeOffsets":[[112130,24943]]}},{"type":"Feature","id":"450204","properties":{"name":"柳南区","cp":[109.395936,24.287013],"childNum":1},"geometry":{"type":"Polygon","coordinates":["@@BGFGDCD@FA@C@AAA@@C@@A@A@ABIBA@A@@AAEAA@@CAG@@BAB@@AB@@@CC@@AAB@AG@@@@BAD@@A@A@A@@@AD@B@@CAC@AAC@@@@@AB@@ABC@@BAFC@@BA@@@AAC@AA@A@@@@@@A@ADC@@@AAA@@@A@A@@@AGCABABE@@BA@ADABCB@BABC@AB@@BBDB@B@BAB@@GCCAACA@C@@@AC@@A@A@@@A@@@@@BD@@@BAD@@@@@B@BABB@DDBBAFCFCDEBED@@@@EAA@@@@@CAK@EAE@CAGCEAAA@@@@@@EAGACACBEDGDIFGBIHGBC@CBABAD@BAD@FAF@H@JAFAHADCBEBGDGFABCBC@G@E@E@E@E@E@CAECECCAAA@ACEACAEEACAA@C@@@A@C@AB@DAH@BAFAH@HADCDCDAB@B@B@BBJ@DAHAH@DADAB@BB@HBJBFHHJBDDD@DAB@DCHAF@FFHDBF@F@J@DBB@FFDBB@B@FAFADAFAD@DBDBF@LBLBFBDBB@B@@@@A@AB@D@AIDIFEJAJA^E\\EPGNCNCXITIFCDEBE@KAS@I"],"encodeOffsets":[[112026,24902]]}},{"type":"Feature","id":"450203","properties":{"name":"鱼峰区","cp":[109.415364,24.303848],"childNum":1},"geometry":{"type":"Polygon","coordinates":["@@DBBBLD@@BFBJALGHGDC@CB@@@@BDB@@B@@A@@B@B@@@BB@@BB@@B@@A@@@A@@@A@@@@@@B@B@BA@@BB@B@@A@@@B@@@B@@B@@AB@@@@B@@AB@@@@B@B@@@@@@BA@A@CA@@@@ABBB@BBB@@A@B@@@B@@B@A@@@@BA@@A@@BA@@A@@@A@A@@@@B@DB@AB@@A@@@@@@@BB@@@BDBB@@@AB@B@@@@BB@BADB@@@ABAB@B@@@BCDABAB@@@DB@@BA@AB@BAB@B@@BBB@B@DDBBB@B@B@F@FBBFDBD@FDFBFBFDFDFHFF@DDDHFF@BF@FBDBFDDDDFADABEDA@@BCHEBMHIJCF@DBDDFHFPFPJNFLHRHJJBHBDAFEDEDTDHCH@NHLATKTWRWJSDSHUAUISW_OIGKAKDKBKBQLMVMTAlIfOLKL_AUQ]SUQAOD_XKBMGQaQ[I@IHO\\KFQAQCEGAMIEMDMDWRI@OGYIIKGOAMFI\\SHIAMEKc]YOBJ@BCD@BB@DBBF@B@BAB@BE@AAC@BG@CAAAC@@ECCCACAEA@IBG@A@@A@AECAEAAKMEGCE@ICAE@C@E@CEAEEGCCIAEAAAACAC@@C@CFABA@AACA@CBA@C@C@AC@E@GAKDE@CDCB@B@D@BABC@CAABAACACA@@CBCDAB@DBDDHFFBB@B@BADC@@@ABABBH@B@@@@HD@B@@@B@B@@BB@B@@CD@B@B@@@@B@B@@BBD@B@@AB@@EDAB@@AD@BA@@B@@@@BD@BBD@DA@C@@B@@@B@B@BC@AB@@@@BHA@BB@@DD@@A@@BA@AB@@BH@DB@FBBB@@@BABAJ@B@B@BD@@@BB@B@DF@DBHBDDDHDD@D@B@BBBnDD@B@B@BC@GB@@A@ABG@AFAHBD@DAJEFFDFJLHLFHBFFFDDDHL`@D@F@DAL@H@FAL@D@DBH@BFH@DFJHFBB"],"encodeOffsets":[[112140,24991]]}},{"type":"Feature","id":"450205","properties":{"name":"柳北区","cp":[109.406577,24.359145],"childNum":1},"geometry":{"type":"Polygon","coordinates":["@@G@A@G@IECAIIAEIW@EEICCGCCAQAUBM@M@IAGEGEEEAIBKBEBG@EGoAa@AC@IAKC@@@@MA@JBT@LAFCFEDSJWJMDMDOH[F]FIBIBEFCJBJ@FJLJVDJDV@LAJCJAHE\\D@FDB@B@DFDDH@DBF@DDDFBJEFA@CDCBABAFCFCD@B@L@DABADADCBA@ABA@CDC@CBCBEBABC@ABGHGHABABEDGBEBABABADCLADA@AB@D@DBHBB@BB@D@F@DBFDHJ@BBD@D@DCHADAFADEDAB@@@BBBB@BB@@@BB@BBB@B@BBD@B@BBFAB@B@B@FCB@D@B@BAB@B@BB@BDDBBB@H@JCJEFAJCHAFADCJGPKFA@@@ABA@@CCAAC@AAAACCA@@ABE@A@CB@BC@AB@@@BA@A@GCE@ABABADAD@BA@@@A@AB@N@F@@@BBBBBDDB@@BBAB@BAB@B@@@BB@B@@@BAB@@@BBBB@@@B@@B@@@@@BA@@@@B@BBBBB@BAB@DBD@B@B@@@@AB@@@BB@@BBB@@AB@BA@A@@C@@A@A@AB@BBD@B@@ABC@@B@H@@@@A@A@C@@BABA@AAAAABC@AB@BADADA@EAC@@H@JB@BB@DBB@DADAF@BAB@BA@ACC@AA@CCA@AB@@@B@B@@DB@@@@@B@@A@C@ECC@AB@@A@A@AAAAC@E@A@@@A@G@CBA@A@@@@@@A@AD@@A@A@@@AB@@@@@BB@@B@DCBA@@B@@@BB@@B@@@@A@CBA@AA@@@AA@A@A@@B@@B@@FA@@@AA@A@@@BC@@@AACAC@EBA@CBBB@B@D@B@@@B@DCBA@AB@B@B@BAHEBCBABC@A@AAEA@@AB@@AB@DB@@@@BA@AB@B@FDB@BA@@@@CA@@A@@A@@@A@@B@DBB@BA@BBDB@BBD@DAFC@@DCBADA@BDDHJBBB@BBJHB@D@DCBC@@@A@A@ABABA@A@C@AAABA@CBABC@AB@@ABA@C@A@ABA@@B@B@DDB@BABB@B@BB@B@@@@A@@B@@@B@FABA@@@@@@@A@@@A@@@BA@A@@AB@@A@A@A@@@@B@@@B@@@B@@@@AA@@AA@@A@@@A@AB@@@@AA@AC@@@@A@"],"encodeOffsets":[[112137,25016]]}},{"type":"Feature","id":"450222","properties":{"name":"柳城县","cp":[109.245812,24.655121],"childNum":1},"geometry":{"type":"Polygon","coordinates":["@@BCBKBCBCAE@A@GHUBCH@FBFBFADA@C@EAC@CBCDAD@HDBBBBD@DAHAF@D@B@VBDADC@ABEBC@AAG@IBAB@DBFADAD@HBD@B@@C@CDCJCBALBPAP@F@DDHFFDDDHDFFFDHDFDHHFDDBBDDHBFFFBBDBDFDBPNB@D@BCBEAGAEEICE@CBEDADABBF@D@BCDE@G@AACBCD@@EDEDCBCB@BAD@D@DCBAB@B@FF@BDALIBADAD@D@DBDDBBB@JC@@JFDBB@BBDAB@B@B@@AB@AABAB@@@B@@@BD@BBBB@@AB@JAJ@B@BB@BDBD@H@B@BBB@F@B@B@BDJFB@BB@H@BDBDBB@D@@ABCDCDAFADCDA@ABABCACAC@C@GAAAA@C@CBCBADBD@F@BABCDG@EC@AAAC@CAACAC@EFA@C@E@GCAA@ABA@ADE@A@AECCCE@C@AA@@@CBA@A@AA@E@ABCBA@CAA@CC@AHCD@BAB@BA@A@C@C@EACGECECEAA@CDC@@ACECIECC@CBC@CAAAACBAAAA@CEI@ADCFCJEDEDAFAHGBADEBADCLCPBPFR@NAL@H@HEDE@K@KBGDEHCJAJ@FBH@FCBCDCBGAK@IDGBEHEJALIFCFCBEACAGIIQGKGMEOIOEGECEAC@CDEJINGFADG@AB@FCBABCCECCECCAEAE@@AEECGCCE@GECECEAEAECE@EACECAA@E@E@A@AAACA@C@AAA@AA@A@ABA@@BAB@@CA@@A@ABCBAD@@A@A@AB@B@@CAABA@@A@@A@A@@B@@AAAC@@A@@A@@@@@@@BA@@BCAA@@@@@@B@B@@@BB@@AB@@@AB@@@@@B@AA@@@A@B@@@AA@AAABA@@@@DBB@B@@A@@@@A@A@@@@@BA@@@A@@A@@BA@@@@@ABEBA@@@A@@@@B@@A@A@@A@AAAABA@CCA@A@@@AB@B@B@DAB@BA@@BADAB@DABBB@B@D@BABAB@B@B@B@@ADCDC@A@IGAAA@AAGICC@ACBABCD@@EDCBC@AAA@AC@AABA@CAA@@@@B@@@BB@@@DB@@@@ABA@ECA@A@@BAB@@@@CAA@@BA@@BB@BF@B@BADABADGFABA@A@A@@BABCDA@@@A@C@A@A@AA@DAB@FBDBD@B@@AD@@B@B@@B@@EB@@@AA@@@@B@BBB@@B@@BAB@D@B@@A@@@AA@@A@@@ABCDA@@@AA@@@@A@@B@@@B@BC@@B@B@@@@B@B@DAH@B@@@B@F@D@BBBBB@B@@@BAD@FDD@B@@@@A@@@@CA@@@A@A@@BAB@DDB@@BDD@BABA@ABE@CBCBA@CAA@@AIAG@@@BD@FCBCBABA@@BADBBBB@BABAB@@@D@B@B@@G@A@@@AD@BA@C@AAA@@B@B@BD@@@@BABA@@BA@AA@@AA@@A@@B@@A@A@C@CAA@ABA@AAAAA@@@@@AB@@@@A@@@@A@@AAAA@@A@AB@@A@A@@A@@@ABA@ABAAA@@CAACAAAA@@E@M@A@@B@B@@ABC@CBABAB@BDF@H@BAB@@A@@BADA@@D@BAF@BB@DDBBBBD@BBDD@@AB@B@@EBOLIHCDEBGBIDEBIFIDG@A@AACC@AAAA@A@ABA@C@A@EDA@A@A@EBAAA@C@AAA@A@AAA@@A@@AAA@AA@A@@BAFCBCBEBCDG@C@CAC@AGIECCAE@C@A@@AAAAG@C@CBAB@BCDKBCBABAFAHAFCBABAHGHGBAD@BAFADADAD@DCB@BAB@DABCBCBA@C@K@ADCDEBEBADADCB@FEAICECCE@CAG@CCCEA@A@ECC@AHE@C@@ACCCGIEE@OAOGOGMQIEE@C@ADCDEBCAGCE@C@@@@A@BCAA@A@BB@B@@AAA@AAA@@BDDD@BBKJABBDA@ABA@C@@AA@CBC@AACGA@CAA@CBCBC@C@C@A@ABABAB@DA@A@GBCD@FBFDDDHADGDGBM@IBEFADAFCBA@GH@BBF@@BB@BADAB@BHJDFCBQHKDGNCHADA@AAAAEI@CAABG@CAAA@GCAAA@ACCEAAAAE@CAIEC@E@]K[KKB_`@EAcKNkUq@MNcbaDGBEJAJFFBD@BEBCBAFAHADGDI@ECIEGE@CFC@CCAEAUXCJG@IFCJDJFDDJBL@H@FBFBDHHPAP@RBXHTNVHHL@FAFEFIBCDAFAF@HHLHHFDHFRJHFJDJDLAH@JBHHFHFNBDHHFDBHCFEDGBEFGJCHALANENGFIBIHCH@HFNBHHHFEHAP@LBHBBFEBEDEFADJHFBH@JBPBLFFFDHDLFNDLHDPFJH@FDLP\\FLLLJDLAL@N@PDJDJHHBH@JAHCHEBEBKBI@GHEJCN@J@LEHIDED@fbJRL@LANBLBJFJBJAF@J@HBFB@@@@B@D@NAB@D@DBBB"],"encodeOffsets":[[111846,25420]]}},{"type":"Feature","id":"450221","properties":{"name":"柳江区","cp":[109.334503,24.257512],"childNum":1},"geometry":{"type":"Polygon","coordinates":["@@F[BGDIBI@KCUCIIUIK@EC@A@@B@B@@A@A@CAEAKAKAE@CACAC@EBCBEBEBA@A@CAEEA@CAI@E@E@CAEG@EBEDG@CBA@CCCACGIEGIAGAA@@ABABC@CBGBG@CAI@A@A@ABADCDCBC@GBGBE@ABG@CBAD@B@@@D@B@DBFBBFBDDF@BBBDBFDFDDBF@F@F@F@F@H@D@DABAHEHCFADABCBGBE@I@GBE@EBC@ABCBADAD@HAJGHAJEHCFCDADBHBFB@@@@@@BBFBHDDBF@FBL@DB@@@@B@FB@@@@FCFADCDEBEAACCA@BA@A@A@@@@BC@A@@AC@@@@B@@@B@B@@@BD@@D@B@BDDBHD@@BA@A@ACAAA@@BAD@BA@ADABABCB@@AF@BABA@@@@@AAGBABA@@D@BC@A@AAAEECGAC@CBADCDA@@DBDBBBBADBD@BA@A@C@ADADCF@LCHBF@D@@B@D@DAB@DDBBBB@BADED@@@BDBDBBFBJBDDFHBFDFF@D@F@DB@JDFFHLNBBBFFD@B@BB@H@JAB@BFBDDDFD@@BDBB@DAHD@BBF@@ABA@A@AAECAA@@ADC@AAIBCBAHEBADDDBBBDAFAFCDEDADCDEBE@ABCDCDAHCFE@@NFHDHBHCDCJBHJlYNvFB@@@@B@@@@@FBdWRWvGRaGOACAa@ACIGAIBIDE@I@KCIEEEEAGAI@GDMBCDC@M@KGIAIAGCCACICQEWG[EMGWIGKIKGOEKCOEKBI@QIIEKCQ@K@IAMECECGAIGEAAAC@EBI@EACAEACCAAC@ABEBABAACECAA@ABAB@DBFDB@BADABAB@@C@@AGFAFCBCCC@CAECBCA@CAAA@AADGAGIB@EAGBCCACBECEDIHKBACAACBA@A@BADA@CD@FA@EAAAB@ABA@@DB@@AECCG@EECB@GECC@@@IGEICIGSOQMEM@C@K@MAcLIDEAC@ICBGO@GCCBADADABNLGHGAG\\BF@@A@C@AACEIFJJENDHIBEJMDIB@FFDCBAF@FAHAD@D@BCLIBAFCBI@@@IBMHMLCHDHDR@PEJELGJMHSFMDMBK@KDKDKDKEEEICCIHQDKCGEGEEECUBEAOCKAIJEHGFGBG@GCA@@@CCCEE@A@@@C@EBA@@B@DBF@B@@ABC@ABAB@DBJANGPAB@BABADA@EDCBCF@@A@@@A@@@@A@CBA@C@AA@@BCBABA@CCICE@CBCBEBA@ABM@IBCBAHLLLFHFDH@BCDGBGFIFQHKFI@IBI@KDIFIJILILIFKBIBIDEBA@@@C@KDKAMAICGAI@GBCDENGL@LAFADCJEHIHGFOLGHCDAJFP@NCNGLCJBDDDFBF@HFDFAHALCLOJOPQA@F@F@TDPDTBVAN@TBPFJDFDJ@HAHAFEPENBHLLJHLDNB@@HBBBHBD@F@B@D@FCDADADBDDBDDBBDBDBDB@D@BAF@BABC@EDCDCF@BA@CBADA@@DB@B@D@D@B@BBBBF@BBHFRATENAJFLLFPBTBRDNHHNBLAXGTGLKPFB@`_LA\\L^LF@D@JFDBF@BBBBDFBDB@BBHDB@BB@DAHBB@DFJBBBBB@BCDGHMLCRGDACEGI@ABABC@AAA@@AE@AHGB@DABEBCFEJAN@HAHCBCCGCCAE@EDCHAB@B@@CBABABAB@D@D@D@DADAB@DBB@DHBBD@DAB@@BD@B@BAB@ACBALIAAC@CC@AB@BBB@BB@@@AAAB@B@DB@A@B@@D@F@HDDBFADCBCD@F@JFNRPHPHPBF@JFDHDD@BD@F@BG"],"encodeOffsets":[[111941,25040]]}},{"type":"Feature","id":"450224","properties":{"name":"融安县","cp":[109.403621,25.214703],"childNum":1},"geometry":{"type":"Polygon","coordinates":["@@CE@A@E@C@AC@A@E@GACA@C@AHCFAHE@A@ABC@CCACC@C@C@CAACCCEAAEE@A@A@ABCBAFADABABABCAIAAAAC@AB@BCHCBC@GC@A@I@KAGB@@E@@DGDM@UA[C_@UCMEIIKMKGIEEAI@IDIAMCEGKCEAI@KCKIOMOMOIKIMMKMGSGICGAEGEIBQESGUEIAEAEFGFELGNKLIDGDIAQIKEEGECC@IDQDMCMEKGOAG@@BAAC@@DKBUAACC@A@E@C@AB@BAD@DAB@B@@A@A@@AAAA@@AAGBA@CBCBGF@@A@A@AA@A@GAAE@CAEAE@A@AC@IAAACBCAC@IBC@CBCDE@A@G@ABAHADCDCBC@A@AE@E@A@C@EA@@A@@AAA@C@C@@AEBEBA@CDCFEDADA@E@QBOAABCBC@CAAAAE@C@@A@CBAF@D@BABC@AAAKICA@A@ABC@@J@BA@C@CAACCCAA@@AAC@ECGAC@K@C@EBA@AAACACAEBA@C@CAAGACAAA@CBEFCBE@ECCACAC@G@CAC@@@AAKAEAEE@EACAEAE@A@C@A@E@GACCEACBA@@@@@A@@@ABAAC@EDIBIDEAA@AA@ABCBCBC@C@EAGEEECIACCAEDA@AB@@ABABA@A@CAEA@BCBCDEBCBCDAD@BC@A@CACA@A@GAAA@IEACA@A@E@A@AAA@G@C@CA@AAAA@I@IBA@@BA@AA@AAC@@A@@@A@ABBBA@@BA@A@A@CBAAA@CAIE@@IDA@AACCCAC@C@CBABKJCB@AEEA@A@ABCDC@C@ABA@ADCDCF@FC@ADBD@B@HCFADC@E@AACBCBAF@DDFFJBFBHAFADC@A@OMCACECAAAEEAECGACCAECGGECGCECEEGCCCECGECCE@O@OBKAABIDCD@D@DA@C@GAC@CBEBCAA@AB@JBH@BADAF@BCDCBUAA@C@E@GBCBC@AAAAGCC@CBAD@DBD@F@DCBEBEAEAG@ADGV@H@BBFADADALADAD@B@FBBBB@DAF@D@@@FBDHFDBDF@B@B@H@DBL@@B@BDDFHDFDBBCDCDCJAD@DBBBBF@D@B@@B@DFL@F@BC@CBEBEBCF@FDLDRDV@L@L@LBH@BDBBBD@JAJ@P@HBDBB@DDBD@FAF@FBHBBBFHFFDFFHFLDJD@B@BADBHBDJBBB@BDJDD@B@BABCBADAFGHADBDDDBBBFJFBBHJDFBDBHAHBBDD@FAF@DBDBD@D@HBF@DABCBCDADKDIDGFED@BBDDDFBDBTDJDFBJB@@BBBFADEHAF@BABBDABAD@BDBBD@BCJGFOJGJ@DDJADBD@DBDDDD@JBDDFB@BBBD@FBB@@@FBBB@BA@@D@FADB@ABA@GBCBAD@FEFA@C@CBA@MIA@EBE@C@C@ADADCDAHAFCDEDEBI@EB@BBBBDBFBDDDHDJBJBHBDBF@HAHBHBBFCDBHDLDFFDHDJ@J@BBHNDHDFHJFFFHDFDDH@HJDDHDFJBJDPADOFC@ECC@CCGCC@ADCFGFMPABCBAD@BBBB@@BJHJFHDDBBDADCRALCJ@HAF@BBBJJDBDBF@VAFBH@BAFBJFD@DAFCBCD@D@FDDHDDFBB@F@LCNCBABABIBCHAB@@E@G@EBCB@FDBFHBDBF@DCNCD@FDFBB@F@DBJJBHBDDHABCDADBDBDHHDB@FBFBHDDDDBBABCB@DDBJDFBFBDD@D@DAFCDADDDFDFDBB@B@DDDBBDFDBBB@DBBBJ@LBBBBFDDBBDDBBBDD@DBJBBB@D@D@J@J@J@DBDA@@BDJJHFFDLHRDPFLFNJLLLLHTFTHNJJLFLBJBN@NBLBLFNBLDN@LAP@LBJBHBHBFFF@BEDEHEHIBIBIDEDCFCFCJEHGDIDI@IBGFIDEBEBG@E@C@IEAECEEEICOAKAGCMAC@CAG@CBEBCDAD@@A"],"encodeOffsets":[[112403,26050]]}},{"type":"Feature","id":"450223","properties":{"name":"鹿寨县","cp":[109.740805,24.483405],"childNum":1},"geometry":{"type":"Polygon","coordinates":["@@B@D@DA@@D@FALBLBLFJFJHLHLBJ@NCLCLEJGPGHAL@LBJALCNIHCJAR@P@JALEP@NAFBBAFABAFEDAD@FADBDFBFDL@@D@B@BAD@BBDDB@DABAD@@BBBFDFDBB@@BA@EBGAGBABADAFCBABAB@BEDCDCD@HBD@BBB@BAB@DBDBDBF@@FBB@BB@D@BABAFAHADABAB@@C@EBE@EBE@A@ADCBA@AACGECABQACBEFEFAD@DABA@GFCBAB@D@BBFD@BDDD@D@BAB@D@DAD@F@DBB@BD@BAD@BA@@BBDHFDBBDDDB@B@@AAC@CBE@CFCBCDCBCBA@E@@BE@G@CAA@@CAC@@@AABC@CBCAACC@A@AAEAGAG@EAE@CB@F@HDD@F@DA@ACGBAFADABABAAE@E@EBABAD@P@FBDBDB@BBD@BABADBBFBHBB@HKBCAECCAABE@E@GFKACBCHCDAHAJ@LDF@DCD@DCDC@GBEDCBAD@D@D@DBDBBDDBF@H@DBBDBB@D@BBBB@FADADB@@BBBF@BBDBHDDB@BB@@B@B@BA@@@ABCBA@AB@D@BBB@@@BA@A@AA@AA@ABAB@B@B@BABA@A@CBE@ABA@@D@B@DA@A@@@CAA@ADCB@DAD@@A@@@AAG@ADADAD@BBHFBBD@DBB@DBBDB@D@HABABABA@@B@B@D@B@B@FKB@@AB@BBDJBBD@FA@@@A@ADEBA@@FDB@B@BAB@DEDAD@HBDDFDDBDBFABC@ABCDCDCBCBGAEAAAACA@@KEA@CBC@EBE@CAACAC@E@EDADCDC@GAC@CAA@CDAHKBC@C@EDA@ACAAAAEBEDI@C@AAC@ABCDADABA@E@EBEBE@EAAGCCEAACCEACGAACCAAC@C@CBC@C@ACBA@AA@A@CB@ACAABE@AA@ABAB@@AAA@AF@BCBC@AAAAEACAC@ABEDCBC@A@CCCA@EECE@ABCDCDC@AAEGKCCIE@@EEGEAAMBC@EDI@CAEGAAA@C@ADCDABEFA@GDA@EAEACGAGBCFG@CAC@A@A@C@E@C@CCAIGCAACBGAAAAGCAA@AAEAEEIAEAEAC@GAGAAACBABC@@@ABC@MBE@G@EAAGEAEAAACAA@ACMGIQGIAGEBIFIJEHEBCAK@KBMFMDABCKGEI@CHGDEAACAKBQI[SGCGAIDIFEDK@MAKEKIGGGGEGCCECIAIAMBKDCBOJCDAB@DDFAH@FEX@DB@DBFAHBFAHCHADBFBFBBDAFAFCFADCFAD@DBB@@@BABCBA@EAEB@BADADABA@C@CACCCACAA@@B@D@D@@A@@@A@ACCG@@A@C@AACE@@GCAAEM@K@A@AA@ABABA@ABA@CAA@EBA@A@E@CA@@G@G@I@GA@A@A@CFG@C@C@CAAGCEAGAE@C@CBCBA@GEMEGAEDCFAFCBCAEEAG@ECEECEEAG@GAAEAECCAECEECEEEEEGCIAIAIBGBEBHPQbuHXQcXEA@@@@A@@@@@EAMukZGIIACDGDGAGCME@@EFGDCBCDAD@BAFCFCDCBCFEDEBCBAACACCABGFABADZPd^FLBNGJ[TEJBNHPJLZJPHJ@XQNCNCJFBNFHRDRBLEP[JGJ@R\\RbNHLA`WPCRBTVR^BVK`KLePkJSBUNKNARALCLBLHLPJX`JTBVGVCTITQXSXSLKBMGG@GDSCKJIBGFAFCH@JBLAHCDADEDG@EAI@IBGDCFAH@L@LCFGFG@K@MBQ@OEOAKDCDABCFABGHEBCBCFIFEDCD@BFJ@DBBBBDABBBB@DAD@DDDJFFDBD@@CD@DBBDFDFHFBD@F@D@D@BABA@ABC@GD@BDDB@DBB@DABAF@B@@B@BAB@D@@BBD@F@DDFD@B@BCF@BAB@BBBHDF@D@B@FED@DBBB@DBDBBD@@FCHADABE@C@CAABAD@D@DBBBB@H@DBDBDADABFBDBB@B@BABA@@BAB@FCDBBDDJFFHFFBD@D@DADABAB@@BBBCFAJCJ@FBDAB@B@@@B@@@@ABBDDFBD@H@F@B@D@BBFBFBD@FFFFBLBBB@@D@DBH@D@DBDBFDF@DAFEDAB@BBBDBHDBD@B@FADBDBBB"],"encodeOffsets":[[112252,25432]]}},{"type":"Feature","id":"450225","properties":{"name":"融水县","cp":[109.252744,25.068812],"childNum":1},"geometry":{"type":"Polygon","coordinates":["@@HAJ@FDFDF@D@HAFAF@BDBDDJB@D@@CBCDALEFCFAB@FBDBDAF@DDDBFB@@BBBBDBD@FCB@DBBD@DFBBABCBC@G@@KKCCACBAFABA@AE@EA@A@CDAH@FBFBFDFC@A@CAEBEBGBCACCE@@BEBCFAFABA@IBCBEFCDEBIBAFAHCDCDCHCFCBAD@FDFAFCLODCH@DBFHBJAFADABCBEBCBABC@@@E@AB@@@B@B@D@DBFBBFBBB@DBD@@@BBBB@ADADADCD@DA@C@A@@@@BDDBB@@D@@ABAHCDAX@PDDDBDBAAIFALAHBHBHBBAFAD@BCBAB@BC@E@EDADBFDDDBBHEFCDEBAD@BCBEAECCOKEECAAGCACAGG@A@CDCFAFCDAJ@FBFBJAFAJ@HAD@FBDDBBB@BAAGAKCIBE@AFAF@FBPEBFBB@BDBAD@FA@@D@FBB@B@BBBD@DADAHAJCFCBC@CBAD@BAACAA@EFIDEAAAADCDBHBBCBEFEFCHEDAFAD@H@DDFFDFFHJHJBN@NCJELEPOLOJSHSFKDGFQq³ACAGBAJCBA@@@AAC@CDKDAH@F@DBBABCAEBG@CAAC@C@G@ABA@ABABABA@@A@A@A@A@AA@@B@AA@BA@@CAAA@GAACAAAAAAA@@@ABA@ACCAA@A@@B@AAGB@A@@@CBABA@CAAABABAAAABE@A@CBEA@C@A@ABCA@@ACCAC@@A@CBA@E@ABADADABCBC@CBABCBAAC@A@C@A@ACCABMDKDE@A@EACCCGECC@C@ADEDCBC@IEEAABG@EAUBE@CACAIIAA@ABE@GDIBKDQBCACCAGCIEIG@AA@AA@ABCDABANOHEDEBCD@HDDDD@FDD@PEBCCOAIEIGCCCGIG@CCCEEGEEGICECGGMAAI@I@GCECCECKAGDCAEGAGAGBE@CAGAIAIAGCCCACAEACAA@AFAJ@FAFCDCBEBGDCBCBCD@D@F@FAB@NJB@DAD@B@FE@EBCDAHAB@BAA@BC@E@CB@@AAAEA@@A@EAC@AA@AEACCIAC@CCAC@CACBCCI@CHIPIHEDI@AACCA@ABCBAACBA@ABEFGBCAEAA@@IAEAICSCCAEACCAC@AFCHEJCLCBCDCDABA@CAE@G@CACAC@CBE@ECCAABGAGACCEGIAAIEAEAACCACBCHGBEBCDABA@A@ACCCI@AAAIAACAGBC@A@AICKCGEEEECGEAEAAAG@EBE@EACCCA@CAGAO@I@IBC@AACA@AAG@K@K@KCUCQCK@EDEFAFADAD@@A@EEK@C@AA@C@E@AAAA@CBCDIDCDCAAECGCCEACA@@@AK@C@G@A@ACECAGEAC@E@@@CBE@CAAAA@E@ABCAACAC@A@MBC@A@@@@@EAGAI@E@IBIAIEKAMAKBK@FPMX[A@@AD@HBLDLDDFHDFCDCBEBADAJA^DHBDDBFBF@HBD@BDFHBH@HADEHGFGBGHC@@HCDCDCBKPKLGDMAMAIAAIDQ@EMCOGSI_C_A[C]FYBSJKVCR@PHRNNLHNFNJRNNNPJPJPJNFHFFNJTJHHHDTCNDJFFHHHHDLDVDTFV@RETGXGTAPALGRKNKHIHMVENIHI@EEIGMMIMKIOIKGK@KBKHM@EECGCK@MCQGMQOMKOCIAIBEBIHGFI@IAKAM@KBAHBDFLDHGJIFGCSKMEMCQBMRKJIBECCCAA@CACAC@CCGGEEGKI@EAE@EAC@CAC@A@@AA@@A@@@A@ABUBE@EH@D@H@FABE@C@CDAACAG@G@GEICGACBG@IFGHA@EACE@A@E@IBGKIIC@CAACACC@CAAA@CBEBCBA@@BBBDB@BC@K@ABACA@AAEDABE@E@ECC@CBABA@@DCBCBABAB@DA@AAAACCCCA@C@A@BB@D@BCBCFCFBBFD@BAL@FRAB@AB@FBB@DAB@@BBBBCBAB@FBBFDDTDD@DDHLAF@D@B@@ABAAC@CFED@B@BBBDBF@H@F@BBD@BBDBBBD@DGDIDIHEFGBIBCDADABA@E@CF@HADE@CAIFEAEAC@ADSTAF@X@HFHCBEHAFCFAF@FFLBF@FC@AB@DBJADCFAF@JCD@BBF@BAFEFKHEFIDC@@@@J@LAF@FBDBDBBBB@DBBBDCFCR@BDDADAAG@AB@@@DABCD@@ABAFAD@D@BFDFDCB@DFFBDADAFAF@BBB@DBBC@EBEB@BDDDBBBC@CBCF@D@D@B@DA@C@A@C@C@C@O@A@ADA@C@@BAHABADAHBBDBB@DD@DBFBBJB@BDHEFADBF@J@@ADBFHJBFBJHLBHBDBBTWFEJCF@BBAFAF@DCDAHC@GAC@CBB@BB@@AB@@@@AF@BA@@BA@ABA@CB@@AAA@@@A@@B@@ADAB@B@@@B@@FBJAHBD@@DABAFDFBBFBHHDBABAB@D@DDFDDDBHDDDDBDBFAFAB@B@BB@D@DBBFADAFCDBDHBBB@BADCBADADCLGJCH@@DAD@NAHCDGBGDONABEBCDK@AB@DBFDFFDBDEH@DCDAHDDDBD@FB@@ABE@ABABCHDBBDDDF@HBFAFCLAB@BBBB@DA@@DBB@@AB@BB@@BF@B@@DABABABBBBB@B@@ABA@A@C@C@AB@BBBBBAD@BDDBB@BBBBHBFHARFD@DCHADBF@HFDDFFBDABDBRBT@FBDBF@FAH@D@DBDABADABC@AE@@ABA@@DBLALAHABCA@CA@@@A@AB@B@BABA@@B@@@@AA@@A@A@A@@A@AAA@A@@BABA@@@A@A@@A@A@@@A@ABA@AB@@@DBB@@A@A@A@A@A@AB@BA@@@A@@A@A@A@@@A@@@AE@AB@DADAFADABAHEDCAA@ADCDCCAAC@ABABCBA@ABAAAEAEBA@A@AAA@CAAC@C@EAEAC@CACEC@ABAF@FADB@@@@BA@A@@B@BA@A@@BA@@@@@AB@AA@AB@@@@@B@@AB@@@BB@@B@@@@@@@@AB@@@@@AA@@@@B@@@@@@AB@AAB@@A@@@A@A@A@AB@DCBAFABCDEDCBABBB@DHDL@FBBB@DBBFBB@FBBBBBABADCF@B@DB@@J@RB@@B@B@BBB@@@BA@@@@B@@@@@@F@@@@A@@@A@@@@B@@C@A@@@@@@B@B@@BBB@B@B@D@@@BAD@@@BB@@BBB@B@BBB@B@BB@@@@@ADCBADAF@B@FBFBF@HBB@B@@ABAAKCG@AFCHAD@JBFDFBHAFBFDD@LHBDFFDBB@BCHAFBFDJBHADCFEHCDAHADEBADA@E@IBEB@JDJ@F@F@HFFCBGHGHAFGFENCHGFAFDBDHFDBBBHFHF@@BB@@@@BAB@@@A@AA@@@@D@BABA@@@@@@@@AAA@@@@@BA@@B@DBJFFHRRHAFAH@B@BDBF@B@FDB@@@@B@B@B@@@BBBBBB@B@@@@A@C@ABGBIBEDEHCFC@EDEDOBCDEFAF@DATARCF@HBD@DAB@DD@DBDFAFAFBBA@EAE@AD@BDDCBEDGBCD@FBDDDFDF@DBAD@B@H@DDFBD@HBBJFBF@FDBBBBBBD@FDLJFFJDDFBDBDBDB@DADAFCPBFDFHL"],"encodeOffsets":[[111697,26338]]}},{"type":"Feature","id":"450226","properties":{"name":"三江县","cp":[109.614846,25.78553],"childNum":1},"geometry":{"type":"Polygon","coordinates":["@@GCCAAAAEEEIEIEKEGCEC@@@@AAEOEQCYEW@KBEFGHENGNEPGRELAHEJIDG@IDSDKHGHELCLAJCDE@IIMGMGKGKAIIK@SDIJEDAD@BAFBB@@AB@@E@ABABAF@D@BAFGDCDADE@AACCCIAECAGCCEAECCACEAECKCIAEGICACAMBE@EACA@CACIGAEGKIIIGEEAMAIE@EEGAGAIAKAO@KBM@KCMAKEKAMAM@IAKAKEIIGMESGSKKKKMIKEOEQCKGECGEIIAC@@CBCAI@I@I@C@C@A@AAAI@CCCAACAACCAECAAAA@KAIAA@CAACACEAACC@C@AAAECECCCBCDCBE@C@CCCEAEAICCA@CDABAAACCCCAGAE@ECAGGACACBCDCBACGACAGIICAE@A@EAECC@MDCDE@CAGAAEECA@AD@F@H@FA@GBADAJABDD@B@B@D@BBDABADAB@DADADCBCBAB@B@FAB@D@BD@DBBD@@DBBAB@D@B@AF@D@BAFBBBBBABABB@DABAB@D@@@BHABBA@@@@BBBDD@BAB@B@@BBBBBBDBBB@HBBDB@@ABB@@B@AB@@B@B@B@B@BB@BABABAB@BAH@D@D@BB@DAHBFADABCAE@G@CBCL@DBD@B@@ABIDABBHBDr´ERCHELGTITKPOPKFIFMDM@IAIGEGCEEECCG@C@EBCBGFEDEFAFADGACACDBBBBCFEJ@FBBBDABC@AB@DADEDIDGBCBCBC@AA@A@AAA@E@CB@@EBCCA@AAAAEOFEAE@EB@BAFDJBLBHABA@AACCEAC@GBI@EBIBEAEAI@CBEDEBCD@D@BHHDBDBBHDBFFPLDDBFAFADC@ABCFEDGFAACCECCACB@F@FADA@ABADC@EBABGAGAGAKBEBBJABACCCOCW@CBGDAB@BC@@@AACC@A@@B@D@B@@CDCBCBCBCA@AA@A@@AC@CAAEAAAAE@C@C@A@A@@BAF@@@D@BADAFADABABCBEAIEGCAG@CDKPEDEBECC@ABEDGDCDCDGDEBABAJCFEDAFAD@JABEBEBADAF@@DFBDADAHAFBF@D@BEDECEAEAG@CB@D@BFBF@@BABEBABBDDDLL@@@HADADABEA@CACCAA@EDC@CAAAAA@@EACACCE@CBCAEAA@EBEDKFCBAD@DC@A@CIACACE@EBGBC@E@ECECI@GBB@OLGBIDGBEBABA@B@@B@@@@@@@@@@A@@@@@@@AB@@@@@@@@B@@@@@@@@@B@@@@@B@@@@B@@@@@@@@A@@@@@@@AB@@@@@@@@B@@@@@@@@BA@@@@@@@@@@BB@@@@@B@EBO@C@AA@GAGCCACCCEAE@E@EF@H@BCA@CAAKHIDGDEBABEACABC@A@ABEBC@CCAEAS@ECAC@CAIAGCCCCEEECEEGCGACCAGA@@BA@@@A@AA@@@@@@BA@@@@AA@@@@@@BA@@@@@@@A@@CA@@AA@@@@A@@@@@CC@A@A@@@AA@@BCAA@CB@@A@@D@@A@ABA@@@@AA@@BAB@@A@@@AB@@A@A@A@A@@@A@@BABA@CACAAA@AA@AACAGAEBKDMDCFABDJADAFAFAJ@JBLDDB@B@@BF@HEFDFDAD@JBBJFFDHDL@DDDBB@BDDDD@LCFCAC@C@@BAB@H@J@JDBB@DGFABBDDDDBD@DCJ@FBHD@@AJDDLNFHD@D@B@DCDAB@B@AD@B@@B@@@ADEHEHCHCD@@HDHHD@DAFCDABBDBBADC@@BDBD@FBDDDDBFALDB@BBB@B@JE@@DAF@FBD@@@B@B@B@FCDCDADANCDABADADAB@FADAB@@@BBAD@F@DBBBFJLBB@@B@PAD@BB@DCDAF@FDFD@DCDAH@HBFBFDB@D@H@F@DAD@JEBCFGDCFC@E@GACDEAABCAGGGEGECCG@ABEBEDABCHIDCDCFED@D@HFDLBBBBALBBF@B@FBDDDBBABCFAD@DBDBDDBDFFFJBD@BE@GBEBED@DBFDDBB@BCBIDGBGDAD@BHFBDDDDBD@FAFAJAJCDAFGFCFCFEBEACCIBEACACEC@A@CBCDAFABAACBCBABAAC@EBC@CCKAABAD@FCFAB@B@D@VBFAB@JEJEHEF@HBBEBKBAF@D@FAFAF@F@HEF@H@FFF@DCHAHBHFFDH@FDEJ@JHBL@J@D@J@PABB@DAH@DBH@D@DCHAFABGDKF@D@FDDFDDD@FABCDED@FBDFDHFBDBH@FBF@B@DAFAH@JADBPDD@BBBAH@BBBHDJBJ@JCJBHFBDHNBHDFFFJLJLHP@JAPBJFFDBHBLDNFNLJJLTFLBPCLGLEHODMBIFAFFFFDPJLDRJXLRJPHLJJLDJBRDLDDFDHAHCLGDGFIFCJEBCBEAEFEJCLAJ@LDHBDDFNDNLJRDL@TAN@L@TFLHJJHJNLNFRDJCLGDG@M@I@KBEFEJAH@B@F@D@FBDBD@D@DADCBADCD@D@D@DA@A@CAI@C@@D@FADBD@DBBBBBBDAB@B@D@BBDDBDDD@D@BADEBCBCDAD@HABABA@C@C@ADCFE@CACIK@CBCACAAEECAAECEACAACA@K@AAACBC@CBG@CDCDC@A@AC@EBC@GEEAA@E@C@CAAAAE@EC@A@A@CACAGAA@CFCBCBEBAFCFADABABA@AAA@AAA@GB@AA@AA@CDEBC@CCCEAABALIDAAAC@AABGAA@AH@D@HDB@H@D@LFFDD@NEFANDHBBBL@HBHBD@H@F@LBD@DBB@B@@AAA@CAC@GAG@A"],"encodeOffsets":[[112400,26498]]}}],"UTF8Encoding":true}