{"type":"FeatureCollection","features":[{"type":"Feature","id":"620602","properties":{"name":"凉州区","cp":[102.634492,37.93025],"childNum":1},"geometry":{"type":"Polygon","coordinates":["@@A@@CAEAGAI@I@EAK@MAIAKAEBGBC@ADCBGDGBIBKBKAGAG@@AC@YBO@ABABAB@BABABABADCBEBEBEBE@EBC@C@AB@@AB@@CBK@CBA@A@A@CBE@EBA@CBCE@GAGAEAKEICKCGCGCKEICKEGEOGMGGCQEICICMEMGKCICEAMGIEIGKEICMGEAIEICOGICGCIACAKAIKICGCECKCOIGCKCECICGAMEKCGCGCICICICOEKAKEMGMEGAGAICEA¹SiCQAAMBMAC@MBCNmhO@A@A@C@C@@CACAACAE@CCO@E@CACCAG@EAE@E@GDEBCBG@EBI@E@EAECCCCECCGACAO@KAEAECEAWCEC[YEIAKCGCCEA@ABK@K@E@EACAAECCACGAACCCCCAACCEACGKAACEEGCAACGIACCEGGA@CEEGEGEECCCCGICACECCAEACAAEACBAB@GAGACCAIKCCAACAAA@A@EAAECCACAAA@C@C@CCCCECICEAE@E@ADQBEACACIEECACACAC@EBEBCDEHCBCCEGKCGGGACACCGACCCCAEAA@CBADCHABCDAD@D@JABCDCAKEcOGAKCEAEC@HABABCBAACA@AACBG@CDCDA@AACAEAACDGFIBE@CCCAC@AFAH@D@DEDCDAFBDFDDBDD@FAJC@SFQBC@MDEDILIJIZCHEDCAEG@EEICCC@A@EFEFCF@BDBFFFFF@B@CD@DDF@BBF@DCDEBADCDADEDEFGJABCBC@CBAB@HAFAF@FDBBBBDBD@D@DABCHADABAH@F@DCBGFMBGBCFCHBFFFHBJ@BAFIBEDCB@BAFCH@RBNFFBJLLLNDF@DCBC@AB@D@F@JBFAFAFCDADAD@BBBF@B@BDBFBDBDBLH@@B@FB@BAB@BABCFCFCHAH@JBFDFFHHFDBFCB@B@@DB@BBB@D@BBD@@@BB@BCB@B@@DD@@@B@BBB@D@DAB@B@B@BBDDD@DEHEFCDEBGFEFCHCDEDC@GCMAEAE@@@AB@@BD@B@DADABCFABABAD@DADCDEFAD@FABADEBA@CAE@CBC@G@AD@D@DA@A@EAAAAAC@C@A@ABADAB@ACA@@AC@AAA@A@EAC@AC@GACACACCAACBCDCACA@C@CACCCECCAGAG@G@GBCB@DBDDFFD@D@BA@C@A@@@@BBBBBDBF@D@BBDBDBDFBBB@BB@B@@ABA@C@EBE@CACAC@AB@BBD@B@DCBABC@CD@BBDBBDDFFBDFBBBBDABCDCBAFCHABA@ADCBC@C@CAA@AACCA@CAAAAAA@AB@BAB@D@DABABC@CBCBEBCB@@@B@BBBBHBB@H@D@DAB@BADA@@@CAAAOAAAEAGCECMG@AAAAA@@ABC@ABABEBCBGFCB@BBD@DAB@@G@A@CB@D@BFDBBDBB@B@FHFD@DABABDD@B@@CDABEBCDAB@BBBBB@D@BAHABE@A@CBABE@A@@@@D@BBBBB@D@BAB@BAF@DCBC@A@AACAEECCEACCCA@@ABBB@DDBHDDDBDDBFBFBF@D@HDBDBB@DAFAFAHCF@D@BA@CB@BAD@BCB@BAFAFABABABCF@BBDDDJ@H@B@DF@B@BAD@DAFAD@F@BGHGDEBGBIDMBG@GBE@CBA@AB@BAD@B@B@B@BABE@A@ABADCBABC@ICA@CEAAACEAMCCAA@ECE@CAECCAE@CAAA@A@CACAA@CCAE@ABAB@D@@CDEDC@E@ABABA@CACAABA@CBCBC@AAAECACCE@C@GBKAE@IAM@GACACAEAA@ABCBC@M@C@C@@EAA@@AAC@C@EBG@G@CAEAC@ACAA@@AA@ACGAAA@CAA@@@AA@CAA@@A@O@EBABA@A@@D@BICB@AFCDEAICG@GCG@GCGCGAEAE@EBEBEDEBCDEFAFAFCHAFCDADCDCDEBCDEDCBEFCD@FBFFFBDDJ@FAD@DAFCDCDEBGDEBG@E@EBEBKCIBEBEDCFEFIBC@GBE@E@GBC@IBI@E@GBG@GDCBADBDBDPFD@FBJBJBPDH@JBLBHBLDHBLFHFHFFFHDFBJDHBFBDDHDHFDDHDJ@FDHDJDJDHDHJ@FADCBGBE@GBI@KAG@KAG@EBE@GDEBCBE@E@CDCJ@F@FDB@BABDFDBDDBB@BAB@@C@A@AB@@CBABCBA@AACECCE@EDDBFBBBFB@@BDBBDABBBDB@@AFCB@BB@BB@D@D@@@BBDBBBBBFAFCHBDBBDDFFBFBJBFBDBJJFD@@D@DA@CHCDCBEBAHDDFBBCBA@BB@@BB@@@@BAB@D@@@AB@@BBB@BDB@BADCDCBA@AB@B@DBFD@CBCHADBDHBFBDBJBDBFDHBJ@FDFFFFFBDDHDHFJGDCBEDDDDBD@FBJBH@FFDBH@DB@@@@@@FBLDJBLBNDFBLBHBF@LBL@JDFBHBJBJBJDFDHBLDF@J@HAJ@HADAJ@FAL@FBLATIFCHIHA@ACEBIBCBCACDCFCH@NAL@LBLDFBBBHLHL@BBDFHBBDBFBFBLFDDPJNJJLB@BFB@@@B@@BDBB@@B@BB@@@BAFBBB@@B@B@@AB@BBB@BBD@@BD@@B@@@B@@B@@@B@@@B@BB@B@BBB@@B@@@BB@B@B@@DDBBB@B@B@@B@@BB@BBB@B@@B@B@B@B@B@DAD@@@B@BB@@DAB@@@B@FD@@B@BA@@BA@@B@D@DA@@BA@ABAB@B@B@@A@@AA@@@AB@B@BB@@B@@ABAB@D@DAB@BA@@D@@@@AB@D@B@DBBAB@B@FAFBD@B@BB@@B@BAD@F@D@B@FAH@B@BBB@BABAB@B@B@B@@AB@@@FEBAB@@@D@D@FATILCD@BANBPAD@J@N@FAH@D@BAD@BAD@B@B@B@@ADB@@@@BDB@B@B@B@@@B@@@@B@@B@@@B@B@@@BBBBB@@BB@B@D@BABDB@BB@B@BB@@B@BDBBBBBBBBDBBB@BBB@@B@BA@@BB@BBBB@B@@@BD@@D@B@D@@AB@BB@DDBB@FBDBBB@B@D@BBBB@B@BABCB@B@DB@B@D@B@D@BBDFB@B@AE@ABA@C@CAEAC@CFEBAACACAC@ADCBCDADBTFB`S`@fAL@Z@L@ĀEǠC¼¡JCRITIPGRKHGRMbKNKFCD@FADAFBHDHFLFFFJDHBHDHDHDJAJC"],"encodeOffsets":[[105851,39004]]}},{"type":"Feature","id":"620622","properties":{"name":"古浪县","cp":[102.898047,37.470571],"childNum":1},"geometry":{"type":"Polygon","coordinates":["@@e_YS]S[WY]M_O]GS@SLYNEBMC[DWQy@@BABEBCDGBG@A@CAA@CAAE@KFG@CACAECCEGSGQACGGACAEDEBC@EAC@CBABADAFATGHEHCLIDABADCBC@CGIAKACACBADAHEFGFCBC@CECCCAEAGEMAEAEACEBABANADE@E@CACAAC@CBCDCDADCDGDI@A@GAA@G@A@C@AA@A@EBABA@EJGBEAEEEICKGCGGCC@CBCFCHGFCHAHAHABC@CECEAACCCECAAIEGAEBEDC@CACAE@C@ABCBGFEDKBE@CCESAMQQIcKcI]GWS_KG@@G@IBGCEACCAAABABCDG@EBIFABC@QAM@M@IDIDKBIDM@KFEDEBI@GDGDC@CD@HBF@FFHBDHFJHJHDF@H@FADCDEBCBEBGDI@CDGBIAE@IAICKAIA@C@A@@@A@A@G@@BA@A@@CEAAA@@@CB@@CAE@@@CDEDADCDGHABBDDBDBBB@B@FABC@A@C@EAA@@@AB@DA@C@ABABADEHABA@AB@@A@ACA@CAA@ACCEC@A@@@A@A@C@CBEBA@C@EBG@A@A@C@A@@@A@A@CAA@IBA@ABG@EAA@GBEFCB@@ABEFAF@BAB@@E@ABCFABAJ@BCF@D@DAJBB@BABABC@A@EAA@CBCBA@GBIBE@OBO@MBKBODIBOFMDKBKDGDEDEHABGHADEHCF@BCFA@ABC@CBC@GBABA@BB@BB@BDB@AD@BBBBB@BBBBD@BBB@B@B@B@BB@DF@BHDB@B@B@D@@@B@BB@FBH@BBDB@@B@@A@ABI@E@ABC@C@@@A@A@A@AB@@CBCBIDIBMBIDIFGHGFKJGHGJIHGDIBKBQ@KAOEIAEAGAEEEECECGAEGCGGIEIEMEIAKEMAE@GBEBGDEBIFIDK@M@IBU@SCS@[AKBO@SBGAMEMAICK@OCG@IEEEACAG@EAC@GBE@GBCDIFEDCFCHELCJGFCDE@ECCGAKAMAOAK@IACAMCO@C@EKACCCCCCG@@E@ABABCDEBEDE@AD@J@BCDABCDEDABADAB@@@BABEBC@A@A@@B@BABA@AB@BAD@@CF@@@BBB@B@@@D@@@BA@EBCB@@BB@B@BADEB@B@BBB@B@@ABBD@B@DADAHAHADCHEFEBI@OCKCOCMEKCIDAFCDCFDFDFFHDDJFJHJFLHHFHHJDNHFHDDDHDHCDE@EBG@IBG@G@G@ECKACAE@A@AC@ACAEC@ACAQ@EBEBG@A@C@A@EAEAEAE@A@A@ID@BCBE@CACAAA@A@AAAABA@AFAD@F@DA@A@KGEEAA@AI@A@A@@BDB@B@BABAD@FBBBDBDBDBDDFDDBDD@BBB@FBDBDDBDDHBDBDHHDHHLDFADGDCFADAF@FBDBDBDFDJFBDBDAFCR@B@FBFDFDJDFDD@D@D@DBBDBDBFDBB@F@BBBDBBBDDJLDBBDBH@HBADAFBBBBDBFDDDFDBHJDDDDFFFHFHDFB@HHDFBDHJBDDBFHDFBBHLBDDFBDDBDDDDBBDHDBFDBBBD@F@F@LAL@BFBDDDHBLFJ\\ZFDXDFBFDFBLBP@DBHBDDDFDDFDFBF@J@FAH@DAFAHCF@F@FBH@DBBD@D@FDP@DBFBDDBDB@@@D@D@B@BgPMnAD@NBDANBNRBjDºTFBJDHBHBNFNHLFLBPFJDJDJDHDHDLDNFHBJDFDLDHDPJLDFDHDJDJLLBDBJBHDJDPHJDJFFBNHJDLFJHJFNHFBJDLDNHNFJDJDRFHDNHPHHFLFJDLFHDHDLDJDLFFBHBHBF@@A@GB@@A@A@@@@@C@CBA@ABEB@@A@A@A@@BA@A@ABA@@BA@A@AAA@@@CBG@@@A@@@@@CDMBEBC@C@G@A@A@ABA@G@A@@@@B@BAB@B@D@LCrMQXGREVED@²_Ði@@PCJALCJALCJAPCHADCFCHGÌ³À©xmJO@A@@HI"],"encodeOffsets":[[106343,38537]]}},{"type":"Feature","id":"620623","properties":{"name":"天祝县","cp":[103.142034,36.971678],"childNum":1},"geometry":{"type":"Polygon","coordinates":["@@@@A@BDDDDD@BB@@@DB@@BBBD@@@B@@B@B@D@@@BA@@B@B@@@B@@BB@@@@B@@B@BB@@@@B@@@BBBAB@@@D@@@BAB@@@B@B@B@B@@AB@@@B@@@B@@@B@FADABA@@B@B@D@@BDB@@BBB@B@@@B@B@@@@@B@@@@@@@BB@@B@FBNBFBDAD@D@@@B@@@@@BB@B@B@@@BB@DAB@D@D@FBB@DBBB@BFDDF@@@@B@@@BAB@@@FA@@B@@AB@@@@@B@@@@@B@@@B@@@FBB@BB@@B@BB@@B@DAB@D@J@@@B@B@B@@@B@BA@@B@B@B@@@B@BB@@BAB@B@B@BA@@B@@@B@D@D@@@BAB@@@B@@@DAB@@@D@B@@@@@@@B@@@@@@@@B@@@BAB@@@BA@@B@@@B@@@B@@@B@D@@@B@B@B@D@@@B@@@@A@@@@BA@@B@B@B@@@BAB@@@BA@A@ABA@@@A@@B@@@@A@@B@@@@A@A@@@@@A@@@@@AB@@@B@BB@@@BB@@@@@B@B@B@@AD@@AB@@A@@@A@@@A@@@ABA@@BA@@@@B@B@@@@@BAB@BABA@ABABABAB@@@@@B@@@@@B@@@@@BA@@@A@CBC@ABA@@@@@@@@@A@@@@@@@@BB@@B@@BDBB@B@BAHADADCBAD@@BB@@@B@BABA@ABA@A@A@A@@@AA@@@@A@AAC@CAA@C@A@CB@@A@A@C@@@A@A@@BA@AB@DA@@@ABCBCB@@A@@@AB@@A@@@@D@@@@@BA@@@@B@@@@ABCFABA@AD@@@BA@@@@@ABA@@@A@@@A@AB@@@@ABABCDCBCB@BEF@BAB@@BB@@@DABC@CDCB@BA@CDABAB@@@@A@AAA@AA@@A@ABC@@BA@A@ABCBA@A@@BA@CAC@AAC@CA@@A@A@ABA@A@@BA@@@@@A@@@ABEBCBABA@@BAA@@A@@@A@@@@@AB@@A@AB@B@@AB@@@BA@AB@B@@AB@@@DAD@@@B@@@BABA@@B@@A@@@@B@@@B@@@@ABA@@@A@AB@@A@ABA@@@ABA@A@EBC@GBA@A@AB@@@@AB@@@B@D@B@D@@@BAB@BA@@BAB@@AD@B@BAB@B@@@B@B@BBB@B@@@@@B@@@@@BA@@@A@@@A@@@A@@@AB@BABA@@@@BA@A@A@@@A@@@AB@@CBEFEDCBA@EDCBCDABABCD@@AD@DBDB@@BBB@BHHBDB@@B@@@@@@ABA@A@CBA@@@AB@@AB@@@B@@AB@@A@@@A@A@AB@@@@A@@@AB@@A@A@@@A@@B@@A@@@A@A@AAA@@@AB@@AB@@AB@@ABA@A@@@CB@BA@@BA@ABABA@@@A@A@IAAAA@@@A@A@CB@@@@@@A@@BAB@@ABA@A@A@A@EBA@A@@@A@@B@@@B@@ABA@C@CB@@A@@B@@@B@@@BA@@@A@@@ABA@A@A@A@AB@@@BAB@B@@ABA@C@CBA@CBA@@@A@@B@@ADB@@B@B@B@@A@ABA@@BCBABA@A@C@A@@@A@@@A@EFCBCBCBABA@A@C@A@A@@BA@ABA@ABAB@@@B@@@@BB@B@@@@@BABCBC@ABA@C@@@A@@@AB@@@B@B@BBDAB@BAB@BBD@B@BBB@@@DBH@@@B@@ABC@A@C@A@A@C@A@A@C@A@C@A@ABA@C@A@A@C@A@C@@@A@@@AB@@A@@BA@AB@@A@@BA@ABA@@@AB@@AB@@ABA@CB@B@@A@@@AB@@A@@B@@AB@@@@@BA@A@AB@@AB@B@BA@@B@@A@A@EBA@A@CBA@CBC@ABA@C@A@A@ABA@A@AB@@A@A@ABA@C@AAA@C@ABA@A@AB@@AB@@A@A@AAA@A@E@A@C@A@@BA@@@CBABCBABABCBABAB@@@BBB@BBB@@BB@B@B@@AB@@@B@@@B@@@BA@AD@@@@AB@B@B@BA@@B@@ABCBCD@B@HADABCBCDABIDCBOJSJUJEBCBC@ABCBABABABCAA@CAGAEAA@C@A@CA@@A@@@ABA@@@AB@@A@@B@@@B@F@D@FBDBB@@BBBB@@BBB@B@@@B@@@B@@@B@@@@D@F@FBDDDBB@BBBB@DB@BB@@BB@@@@BAB@@@@A@@B@@A@@@@B@@@@@BB@@B@@@BAB@@@BAB@BAFBDBFDDB@DDDB@BBBBBDDBB@B@@AB@BA@AB@B@BABA@A@ABA@C@AA@BABADADABCBA@CDABA@A@AB@@A@@B@B@BABAB@BAB@B@BA@CD@B@BBB@BBB@DA@@B@@A@AAA@AAA@A@AAC@A@AAA@A@@@ABA@@@A@A@@@@BA@@@@BA@A@@@A@A@AA@@AB@@A@@@A@AB@@A@@BA@@@AB@@@B@@@B@@@BAB@@ABA@@@A@@@A@A@@BA@@@@BB@@B@@AB@BBB@@@BBBBDBB@B@@@@@@@@@@A@@@A@@@A@@BCB@@AB@@ADAB@@@B@B@B@B@@@@@@AB@@A@@@AB@@AB@@@@A@@@C@A@A@@A@@A@@@A@@@@@A@@@A@@@@@A@@@@@@@AF@B@BABA@@@AB@BA@A@A@ABA@@@@BAD@D@BA@A@@@@@@@@@A@@@@@@@@@B@DBDB@B@D@BDBFDB@BBDDBBDHBDBF@B@DBB@BABEFEH@D@BFLDJ@F@D@D@DB@HBF@BB@@@B@B@D@@BBBBD@BAFAFAB@B@@@DDDDBB@@AB@@AB@B@BBDBD@@ADAB@D@BBB@@BB@@B@B@B@FBBBB@@@AB@BABAF@BHDDDFHFFHNFHDFDFBDBFDFBDDDFFBDDFBHDDFBFDJDJBFBFFFDFFBDBF@F@FBH@HBDBFBFBHFHHFHDBDJDHFHDFDHDHDLDFDBBBDDF@BJD@A@CB@B@BAFAP@B@@@BB@DBB@@B@DBB@BBDH@BBB@@BBBDD@FBDBH@H@FAD@D@BB@@BB@FD@D@N@D@DABAB@FBDBDBHBN@JBF@LBHAD@F@DDDBBFBBD@DADAB@BADBDBB@BABAF@D@FCDC@@@CBABAF@DB@DBBBD@D@BBBDBF@DBFDDBF@FDB@DBNDFBBDBBDFB@JDD@BADABCBAB@F@BA@A@A@A@ABC@ABAB@DAF@HAH@NAJCHAFAHCHG@A@EBCBE@CBC@A@ACEA@G@I@CCAC@ADEBABABABEBE@ADA@ABC@ADAB@@A@CDEBGBEBE@CAAACGCC@E@EAEACAACCCGCCA@CAABA@@DBDDFBDDFFDBBBB@D@DA@CBE@ABA@A@CAAAA@A@C@@B@F@BADAB@F@BABG@A@CAAAA@ABADCFABADC@@@ACCBABA@CECEGA@A@CAAAEC@A@CDAB@H@@@BA@CAC@ADAHEDAFABABAD@BA@@BBBB@BNHFDHDFBBBPBBBDB@@B@BC@ABA@C@C@GAAAGAA@A@A@@DAFADADAD@BABA@C@CBA@ABAB@BBBBDBB@DDBBB@DBD@D@DABCB@BADGBEDADCBAACAAEAACEECCAAAC@ADCD@BADA@C@AAC@ABAD@DBDBF@FAD@B@BA@@@AAAA@AACECACAAAC@E@CAAAAA@A@@B@D@B@@A@CECCEAC@CDAHAH@H@HBDBFDDDBD@D@DDBDBDCDABBDDDBDBHBD@@BBD@F@BBB@BBD@@DB@BBABCBAB@D@D@BBBBFBB@B@@C@CBCH@D@DAF@DBB@FABCBA@EBCFEDCBC@CBCBABADEBABC@C@AAC@@BA@@F@FBNBHDD@FCDCDGFEHEFADCFEFG@CCCAC@A@A@ABA@C@CAA@A@A@@CC@@@ADA@AAA@@C@AAC@A@AAA@@CA@A@EDCAGEEGCEAE@IBGDGDEDEBA@ABA@AEAA@@@KGCACAEACA@A@AAEAAC@CBCBEDEBEBIAE@C@A@@BADCDE@MCKKIKEAMEQAG@EDABA@CDAFEJABI@GAEEAEDGDEHANAHEDA@C@EBGBABCDGBA@C@CACACAACA@EBEBE@GBADAD@DABAHIFEFCBCDCBCFADC@CAE@ACE@CDCA@E@EEEECA@ADEFEFEB@D@DDFJ@FFHDBFCDGJYJIJKFCNCD@RATED@BI@ECCCAECACBEDCFC@C@CBGBED@DBDDF@JAHEDCBBBFBD@BCBCD@DAHBD@BDBBBDABABA@GFDFBLDHBdPLFDBDCBA@I@CBCDCBADGBCDAAAC@ACCCCEACACACACAA@EBCBA@A@ACA@AB@B@J@@BBBFFLHB@B@@C@EBCBEB@BABB@B@BBBDBDBF@DA@AJCB@B@F@FBFBFBB@D@B@H@FAFAR@DB@BFDDB@BBDB@F@DBLBFDH@H@H@JAH@FAF@DCCGCGCCEGMGICGGGEKGIEIGIECCEGCECEDEDCBEJCLDNFPDLDPDJ@FAFEDGBCBGBGBC@C@AACBA@@@AAA@A@AFABC@A@AAA@@DAFAB@@A@@@C@@@AAA@A@@DE@@BC@ABAB@BA@A@AB@B@D@FABA@A@@BABCBAFCDCBADC@A@IBCF@FCFADCBABAF@@@DHDDDDBDFLD@P@NDDBJBL@PBNBLBHBDD@FCFEDIHKDGFEDCDEFCJAD@HAF@HBD@FBHBDFFJFH@PDL@JDNBNFHBTAP@LA\\BT@TDV@JAN@L@JCJEFAHCFAHAF@NBLFJBNFJFJFHHHDBFDHDFFFFFHBFBJBPFLBR@LAJAHCJGHIHGLIHEHGJEJCNAJAJCDADA@@BAB@B@B@@@D@D@BAF@J@BAB@@@@AA@AC@AAG@EAAA@@@C@A@A@A@GC@ACEA@@A@A@A@AAA@AACAA@AAAAA@ABCA@ACA@@AAAB@BAHAD@DAD@BAB@DE@ADEFGBCHGBAFGFCHCLCLANCPEJAPCLANAP@PAF@JAHAB@DADAB@FBB@D@BABA@AAABI@C@CDE@ABIBADEBAF@@@BA@ABEFEBA@@DAFEHAB@FBH@BAB@JAB@DBB@B@@@B@D@B@B@H@FAD@B@FADAD@B@B@@@B@D@DFBDB@DBB@BDB@@@BAB@BAFGBCBABAD@B@@CBA@@B@FBD@B@D@BA@E@AAACACAACBAHGDCBCFCDC@@F@DB@@DA@@B@BBDF@@@BAB@@@H@B@B@@@B@DJBLBJDJBF@JBHADCJ@HCFADAFADCBC@E@GCEIGIGGEACEG@EAE@GDCD@HCHCJ@FAFCLEN@JCLAJCJCN@N@RBD@BAJEFAH@DCBABA@@DCFAFCDEFG@C@O@ACODGBKAGCCCEICIGAEAEA@EBKDSHKAEACECEI_EGGGGEGICCGAACAAAABABAD@D@DAJKHKFGFGBC@@AAACAC@E@AACBA@A@A@AA@@AA@A@@AA@AA@A@A@@AA@AAAAAAA@@@@A@@@@A@@@A@@A@@@@@AB@@A@@AA@@@@@@@A@@@A@C@A@I@E@E@GAAAA@A@CAAA@@A@ABC@E@A@@@AA@@A@@@@@A@@@@@A@@@@@@@@@@AA@@@A@@@AA@@@@@@A@@@@@A@@AA@A@@@@@@@@BA@@@@@@@@@@A@@@A@@@@A@@@@@@@A@@A@@@@@@@@@@A@@@A@A@@AA@@@@C@@A@@@AA@@@@@@@@A@@B@@@@@@@BA@@@A@@@A@@@@@A@@@@@@A@@@@A@@@@@@@A@@@@@@@A@@AA@@B@@A@@B@A@A@@@AA@@@A@@B@BEBEBEBG@GBEBCDE@CD@BABA@CAA@C@CDGHCDEBGBE@ABABAJ@BABCBAD@BCBIDSBS@WBQAY@YAUA_EiKEAE@A@@C@KACAK@I@@ACAA@CAAAAAAC@A@@@@CBEBC@CB@DAD@DAFAD@D@B@BA@AB@BA@@BB@B@D@D@BDFDFBDF@FBF@D@F@DABCBA@E@CAA@A@O@E@A@AB@BA@AA@@AA@BC@AAA@A@@AA@AB@@AD@@AB@@@D@BABADCBA@A@@@A@CBAFCFABABA@ABAB@DABBBB@BBDBDDBDB@BBB@BBBDBB@BAB@@AB@B@BBHBLBLDD@B@@@@BCBCF@BBBBDHBB@@AD@BAD@D@D@B@BFBBD@DBFB@@BB@BAF@@@BB@B@BB@@@D@BB@D@BBBBBBDBD@B@BABAB@BC@G@ABC@AB@B@JCBA@@B@@@B@@B@@B@@@B@B@@@B@BB@BB@BB@@B@B@B@B@B@BA@AB@@@B@@@B@BA@@@BB@@BBBB@B@D@@@@A@@@AB@@@BA@@@A@@@A@@BAD@@ABABABAB@BABA@C@AB@@AB@@A@@@K@E@A@@BA@AB@B@B@B@@B@BBB@@B@@ABI@E@GBC@A@A@A@A@@@A@@B@@@B@@BB@BB@@B@BBD@@BB@BBB@@@@@B@@@B@@BB@@BB@@@B@@@@@@@B@@@@BB@@@B@@@@ADEDEB@@ABA@@@@B@DAB@@A@@B@@AB@@@B@@@@@@@@A@@@A@@@A@@@A@@@@BAB@@@B@@@BC@AB@@A@@@BB@@@@@B@B@@@@ABA@@@E@ACA@AAACEAA@ABA@A@A@@AAAA@AAAAAAA@@AAA@AAAA@AA@@AA@A@A@A@@@@AAAACAAAA@@A@@@A@ABA@@BA@@B@B@@A@A@A@AB@@@@@@@@AB@@AB@@A@@BA@A@ABA@@@A@@@@@@@A@@@A@@@@@@B@@A@@@A@@BABCBABA@@@@BA@@@@B@@@@@@A@@@@@A@@@@B@@@B@@@@@@CBAB@@@@A@@A@@@@@A@@@@AA@A@@A@@@ABA@@B@@@@@B@@A@@B@@A@@B@@A@A@A@@@CBAB@@@B@@@@A@@@AB@@@@AA@@A@@@AA@@A@@A@@@@BADE@E@EAECEAAACCCCCIGEGCC@EAC@CCAGAGAC@CBC@EAKAC@E@CAE@EBCBEAECEAE@E@CBADCDCBEDABAD@D@D@BCDABCD@DADABCBAB@B@BBBB@BB@B@L@H@H@DBBBD@BCDC@C@C@CB@@AB@B@BB@@BB@@@@B@@A@@@A@AB@DAB@@A@@@A@@AA@AB@@AB@BA@AB@@AAA@@@A@ABA@A@AAA@A@A@@@@B@B@@EBCDBD@J@L@DAD@B@B@BAB@@A@A@@AA@@AA@@@AB@@@B@@A@AA@@@@@@A@@@ABA@ABC@A@A@@A@AAA@@A@A@A@A@@AC@@AA@AA@A@@A@CBA@CAA@AC@AAA@@A@A@ADCDCBE@CBC@ECAAC@CAA@CAAB@@@B@B@DA@CDC@C@@@ABA@AC@@CCA@ABA@A@A@C@AACAAC@AA@@@EBEBEDEDCBEBCBBD@BDNDDJFLJHHDHFHBDBD@@D@B@BB@@CDGBIBKDE@GCGCKIGCAAEAE@C@C@@@@AB@@A@@BA@AA@@AA@@CB@@A@AA@@@A@A@@@AA@@@AA@@@A@CBA@@BABAB@@A@A@@@A@@@ABA@C@E@A@CBA@ABABAB@A@@@GBC@C@CACCAGAE@M@GACBEBCFAFBFDJBD@BABGBE@EAC@C@@@A@CBABCBA@I@IBAAAA@A@AAA@AA@CBCBGDIBGBC@E@G@A@A@AAA@C@ABA@A@AACCCAEACBG@GBCACAEAGAC@E@C@A@@@AB@BADCF@BBB@D@B@@AD@@CBA@@@AA@AA@@AA@@@AAA@A@AAABA@ABA@AAA@CAAAA@AACBE@CBEBA@@@AAAAE@E@ICEAIAG@EAGAGAI@C@C@ABKAG@IBC@C@CACCEAE@@AAC@A@ECCAACCEEE@A@CBE@E@A@ABCB@@A@AAA@@@CBCBE@C@C@ABE@EBA@@@A@C@@AA@CAA@AAAA@@AA@@@@@A@@@@AA@@A@@A@@A@@@@@@@@@@@A@@@AA@@@@@@A@@@@@@A@@@@@A@@@@@@@@@AAAAA@A@A@AAA@AA@CACCEAAA@AA@@@A@AACACAAA@AAA@A@AA@@A@@@A@@DABABA@AB@B@BAB@BCBA@AAA@A@A@@@@BAB@BABAB@BADA@@@A@A@@BADA@ABAA@@@AACCA@ACAA@@B@@A@@BABA@ABABA@AB@@AA@@@AAA@A@A@@AA@@@@AA@@@A@@@@@C@A@@@A@A@A@A@CAA@AA@@AAEAAA@@A@AA@@@A@A@@@@A@@A@@B@@A@AAA@A@A@AA@@A@@A@A@A@A@A@@A@@AAB@@A@@@A@@AAAACA@@A@AB@@AA@@@@@A@@A@@@A@@@AA@@A@@@A@@BA@A@@@@@@A@@@@@AA@A@@@@@A@@@A@C@A@ABADABABCFAB@@@@AAAA@@A@@@A@AB@BA@A@CA@@C@AACBA@@BABAAA@@AABA@A@A@@@E@A@A@CA@@@AA@A@@@AAA@@AA@@AB@@ABCBABABAB@BCB@BADC@ABAB@@AB@BAB@DAB@D@@@DABA@AB@B@B@FA@ABA@@@AB@BA@@BA@A@A@@@A@ADA@AB@@A@@@AA@@A@@@@@@AA@B@@A@@@@@AAA@@AABA@ABA@EBAA@@AG@@@AA@A@KICE@A@A@AB@BAD@DAB@DBBBD@DABCDCDABCBE@C@C@CACACACAACAEGAAA@AAC@A@EBA@CAAAA@C@A@CBEDABAD@DABABAD@BAB@@ABAAA@A@AA@CA@AACACBC@ECCAC@CAAACEC@A@A@A@ABADABG@@@EBCAC@A@C@AAC@EBC@A@A@AAA@AAC@@@E@A@AAAAAAA@CCCCC@@A@AAA@@AAA@A@C@A@A@@@@B@@@@DBB@D@@@BB@D@B@B@BB@@BABA@A@ABAB@DAB@BA@ABA@A@@@@@A@@@@@@@A@A@@@AB@@CHAB@BABA@ABCBABABABAB@B@@AB@@ADAB@@@B@@BB@B@@@BABC@CBABCDCB@BADA@@@ID@@AB@B@D@BAB@BA@@@AAAAAAA@@@AAA@AB@@A@@BAB@DAB@BABABEDCBAD@B@@@BBBBB@@@@ABA@A@KCA@A@@BA@@B@@BB@BBB@@AB@@ABCBABCBA@A@ABA@A@@BAB@@@BB@@BB@B@@@@B@@@BCBCBAB@@CD@BAB@DABADABABABA@@@AAAACAA@AAA@A@ABA@@B@@@B@D@@@B@B@B@BA@ABC@C@C@C@@BA@AB@@@BAB@@AB@@A@@@A@C@ABC@ABA@A@A@A@A@ABCB@B@@AB@@AB@@A@A@AAAAAA@@A@A@AB@@ADAB@BAB@BADABA@ABA@A@@@C@@@ABABADABAB@@AD@B@DAB@B@@@@@BAB@D@@@BCBCBA@@BA@AB@@AB@B@B@D@@BB@B@@DBBD@B@B@BABCF@DA@A@C@A@ABCDC@ABG@C@ABA@CDABC@C@A@E@C@C@ABC@AB@DAD@BBFAD@BA@ABE@AAC@AAA@E@@@A@ABABCBC@EBA@AB@@AB@B@B@BBB@D@F@BAB@BA@@@CB@@A@@@@AAA@AA@CAA@A@AB@@C@EA@@A@ABABA@AB@@A@@@ABA@A@@@A@AAAAAAA@A@A@ABCBABCBCD@B@BA@@B@@ABCBCDEB@B@@BBD@DBJBHDDDBB@BBF@FAF@DBDBDBB@@DDHFFBDB@@HFBDFDBDDFDBBBB@B@B@BBBBB@@BD@FDB@@B@DAB@@@B@@ADABCB@@@BA@@B@BBB@BABADCD@@@BA@@BABAB@B@B@FDFBB@DBD@DBB@@@@@B@@A@@BCB@@A@@@ABA@@@ABAB@B@B@B@D@BABBD@B@B@B@BA@AB@BAB@@@@"],"encodeOffsets":[[104949,37969]]}},{"type":"Feature","id":"620621","properties":{"name":"民勤县","cp":[103.090654,38.624621],"childNum":1},"geometry":{"type":"Polygon","coordinates":["@@BACIEUAMCIAKCICMAICKAKAICICKEICKEIEKEICIEKCGCEHGFGJGHIHGJKFGJIHIHGHIHIJGJKVWJMJGHIHIHGHGJKHIHGHGJIHIJIDEFGBCBEDGLWDKDIFIDIFKDIFKDKDEBE@AACEOCIEKCGEI@EAECG@CBEBIDKBI@KBE@GBKAEAA@EBE@E@E@CCCEMACKSCGIQEKEGAAAAACC@@A·o}UU}@CÅ÷±ãʇŻÓïA@BCHCDCHGHGHEFGFEDEHGHGDEFEFEHIFEBABCBGDGDEDGDGFGFKDEFGHIDEDCDGDGDEBCDIB@BABCBCDE@CBEDEBIBE@GBGBIBKBI@IBGBKDI@IBCBEBKBIDMBODMBKDIBI@IBEEEGCMECAECMECAGAABCCE@EAKCEAICKCKCGAKEICKCSEKEKCKESGSGICMEKEMECAICAAIDIBGCGCGCGAICEEKEGEGCEACBEBC@EDMLaLQNGHQLOHSJQJID»¢ǟDÿFK@Y@K@eB_@_TASECACBADCD@BBDBDBDABEF@DBDBF@D@DAB@BBFA@A@CEAAC@A@C@A@A@@C@ADABA@A@AAAAAC@A@A@AAAC@EAACCA@@ABA@@@C@A@CC@@A@@@AAAAAA@@AB@@A@AA@AAA@AAACAAAAAACA@A@AA@@A@AAAA@ACABC@A@A@@AA@AAAA@@A@A@@@A@@@@A@@A@@@A@A@A@A@AC@@@@CA@BA@A@A@C@ABC@ABC@G@EBBBBBAN@HEBBB@DAH@J@DAD@B@BRDBEDAF@HDBBDCBAD@J@D@D@FBFFFFDDDHBH@F@J@JBH@H@F@FBPCJAFCBAHCH@FEDGBEAABB@BD@BABCFADAD@DCJADCBABE@IBABAD@HBF@HDJ@L@PBLFPDPAJ@HADABTFZIReF£DABI@I@gAOCEBG@E@G@KBE@®CB[JÅr@B@NCBEDUP_jOLIXETM^GHaNABAFCVCVADEFBBAFCDEFEDEDEDEFCBGFIFKFIDGFGDCDCDGJ@F@F@F@F@HBNBHDJ@FDLBJBHBJBHBH@F@HBJ@HAJ@J@JDJ@L@BBJDF\\`Z\\YÄCNYPDH@@@@BBDFftLuD[JSHaJkHWFOAWD]Ľv¥jOj·NoHC@EBI@eDSBMBACDETMlgVOÌÃ@@uXEFA@KJQJ[J@@ABGJKLABOPSRKJIJKJGJIHGJCBCDMNEDIJGHEFGHCDEDEF@B@BFBH@FBNDNDPBNDPDJDLDJBLBJBJBJ@JBJBTBNBPBNBTBNBLBLBJ@JBHBH@FB@@B@D@F@HDHBLDLFFBJBLDFDLDLBHDLBNDF@HBJBNBLDLBFBLBLBHBJBDBHBHBF@LDJBF@HBHBHBF@LBRDNBLBFBB@NBNDLDJBJBLBLBFBJBLBH@HBHBHDF@JBHBFDFBLFHDFDLFJHDBJFJFFDJFRJJFFDFDFBFBHBJBHBJBPDNBNDFBLBNDF@LDRDLBHBFBHBFBFBHBDAHCJCLEFCJCHCFCFAFCHEHCDAHEHCHCDAFCHCFCFCJELEFALGJEFCFCDCJCFCFADCHEHEBAFAJEFAHCHCFAFAD@F@FBD@DAJ@FAFAHAF@NALAF@LANAFALANAHAHAJAHAFAJANAF@LCNAH@LCLAFALATANAJCF@LCNAFANALCH@LCNAF@LAJCHAJ@NCFALANAFALANAD@FAFAFAHAFAJCJAD@FAJ@HAHAH@FAFAJ@FAJAH@NCL@JAD@F@JAFAJ@F@JAFAF@F@FADBF@D@BBFDFDDFHFDDDDHFFDDBFBFFFDFDDDBBFFDFDDBDDBHFFF@BDDHDHFDDDBHFFDFDDBJHFDDBFDHFJFBBDDFDFBFDFBFFBDBDBBBBpDx^BBBBrBBBB~hBBæÂ@BDBDDDBHBFDHBHBF@JDFBJBPDH@HBHBH@FBD@FBHBFBFBDBF@HBFDF@F@HBJ@HBNBL@FBJ@JBFBDBJ@FBDBDBFBFDFDFBB@D@HBFBNBPBBBÌX¸fÚtĂtDBLDJBFBH@LB@@J@J@NAN@P@N@P@PAN@D@|C^@FANATENCNC\\GNCLCNANCPENCLANCNCNCNCLCPE@@"],"encodeOffsets":[[106589,40366]]}}],"UTF8Encoding":true}