{"type":"FeatureCollection","features":[{"type":"Feature","id":"620403","properties":{"name":"平川区","cp":[104.819207,36.72921],"childNum":1},"geometry":{"type":"Polygon","coordinates":["@@AJ@LFJHHDDBBH@LDNB^FDAHALAJCPCLANCR@JFLVB`@^H^H^ZJ^@^HVTBD@BEDCLADCFAF@D@FADABABAD@BBBDBJBD@FAD@HAHADAB@LEL@HALCHCHED@B@@BB@DDDHDBB@J@BA@ABAB@F@B@BBHFBBD@D@D@B@DB@@D@@@@AB@@@B@@BB@@@B@DC@@B@D@@@D@B@B@B@BB@@BBFA@@B@BB@@B@@@BAB@@@DDB@B@DA@@FDB@@@@@B@@AB@B@DBJBBBB@B@@@DAD@D@FBB@D@D@B@DBFBF@DBBABBJ@D@D@DA@@B@D@DABABBDBB@HBD@HBHADBB@D@BABABA@CAA@EBABC@@@C@C@@DC@AB@HBFDB@BBLJJFLBFBDAHCB@@A@AACCAAA@C@CBEBEBAB@B@BA@EBC@ADE@C@C@ACCCGCCAA@C@ABA@@F@@@HAB@F@B@BBDBLHDBHBFBD@DBFBF@H@FABAFCFADCBCBABC@C@G@G@EBE@GAEACCEECEGEECECACA@@AEAECG@ABC@CBIBCBE@@@AAGAEEIA@QGSIAGDIPI^IZMZM`C^@^C^E^G^@N\\JDNEXQJKBMA]PYZOK[F]TU\\I^G\\FXTPZ\\N^B]ºyCAACACAA@AAABC@A@A@C@A@CBABCBCDE@ABC@ABCBABADCDCFCDCDCBADCBABABCBA@A@AAACEAE@MCEACBC@A@A@@CA@AAA@ABADADBD@B@BCF@BA@CDAD@D@FBBA@A@C@M@C@AF@@@BCBCBCBCBC@@BCFBD@FBF@DCLIBC@AAAA@CCAA@@BCBABCBEDABABABABA@CAAAE@A@ABCBABEAAA@C@C@CAAACCE@CCA@CAEACACEAA@CAAB@B@D@DADAB@@ABA@C@C@ABA@A@ABA@@B@@@@@BBB@B@BABABABA@@B@B@BBB@@AB@@A@A@@@ABABAB@@@B@B@@BB@@@BA@@@@BA@A@AB@@@DB@BDBB@BBF@DADBD@BAB@BABAD@DBBBBBBD@@BBBBDBBBFBDBDBB@B@B@BADABCBEDABABABA@ABAB@DABEBADCB@B@BADABADCDCBAFCDCDCDCDABABCBCBCBCBC@ABC@C@ABC@CACAAAE@E@CDEBA@AB@BA@@@A@@@AAA@C@EACAAAC@CAAACACAC@ABA@CBABABADCBABB@@@B@F@BB@B@DBFBD@BBD@D@BB@AB@DABEDABABAB@FABCDA@E@AAC@CAC@CAG@A@C@E@CBC@CBABC@C@C@C@CBCBA@E@@B@B@FAF@F@D@BCDCBCBA@ACAAC@CCAAAC@A@A@A@A@C@A@C@A@A@@@@A@AB@BA@ABA@A@@@A@A@@@ABA@ABA@@@BB@BA@@@AB@A@@A@@@AB@@@BA@@@ABA@@@AB@@ADA@@D@@@@AB@@AD@D@@AA@@@@AAABCDCD@BABAAA@ABC@C@A@A@@DAJABAECIACBEFCFCDEFGFGHIHCBCFGBEAGCGAIEEEIAMCK@G@E@O@G@IBE@KFAFCFCFCBIFCLCHCHCHEJAFAFA@@@AA@@@@A@@B@BA@EBA@A@CA@@A@A@A@A@@@CAC@@@AB@D@H@BCB@B@B@@CB@B@B@B@DAB@D@BA@CBAB@B@BA@@@E@CDAD@B@BABCB@B@F@BCLEDIHE@IAGACAA@ABAA@@ABA@A@@@AA@@A@CBA@AB@BCD@@@BA@A@A@@A@@@E@@ABADABCBCBG@ABA@@B@@AHABCBCBA@ABCB@B@BADA@OLEFGFONCDCDCD@FABA@@@CBE@EBEB@B@@@BBFABAJCBCHCFABCDCDGFCBC@A@C@I@CBIDCDIHEF@B@F@LBDFF@B@B@B@@EBE@GBG@CB@BCDADABC@EBA@A@BACG@ACAEAEAG@C@IFIFADABKBG@G@MAABG@CBC@A@KBYPWP]D[PYN]H]D]I[KUS[MI@C@AAA@CCCAA@A@A@A@A@A@@AA@A@ABCBABAB@DABBF@D@B@DABBD@DBN@B@B@DABBB@BBF@BAB@HAB@B@BDH@B@B@B@BCFA@@BA@CAE@CBEBC@A@@BA@CBCDADCDABADABA@A@@BABGLABADAF@D@F@J@BB@B@BBBBB@@B@J@FBD@D@@CDAD@F@FADABBFBF@D@D@BABIHABCBCDCBEBCBGDGHCBCBA@EBEAIAA@ABEHEH@DAFAHKFIDABEFABAH@R@LAHEDCBEBI@I@E@CACAG[EOKUGUACEKAA@@MDEBKDWDKFGBAHAF@NAFEDMBCBcXEFKHKFEBGFEDAJGJABCBGDGHA@eU[K]CGB@A@@@AA@AACACA@@CB@@CBEFABABC@AJABCBCBABABAD@BCDA@ADABAB@BA@@@G@A@@@@@@F@@ADA@CBEB@@A@AACAA@I@A@@@AB@@A@ABCAA@ABA@@@A@@@A@A@@@A@A@A@A@A@@BA@ABA@ABA@A@A@A@CAA@EBA@A@@@AAA@A@@ACAC@A@A@@BA@@@ABC@C@C@AACACACCGO@A@A@A@A@AAAAAA@@@A@EHAB@@AB@FAB@D@DBF@D@D@B@BDFBB@B@FABADABAD@BAFCHABGBADC@CBCDA@CBA@@B@B@@BBB@DBB@BBBBB@@@@B@B@B@@BB@BBBBFA@@DA@@B"],"encodeOffsets":[[106921,37733]]}},{"type":"Feature","id":"620422","properties":{"name":"会宁县","cp":[105.054337,35.692486],"childNum":1},"geometry":{"type":"Polygon","coordinates":["@@SFMBUBEBEDCD@DBF@D@D@DCBEBGBE@E@EBGBAFGF@FADADA@GFGBGBC@GAEAC@GFEHCFCHAH@HBHBF@FBF@HBHBFAB@F@HBBFDHBJAF@@B@@BD@HBHAD@DBHBNBBHHHZHR@F@@@@@@AH@@@@AB@DHHBD@B@@DHHFDDFDBFDDDHAD@JBJBH@HAH@HAH@J@H@NBJ@HAJ@JCNADAHCFEFEBGDEBEDIDGDGDGDIFKDEHEDCBGDEDIFEDEDEDIBIHGDEFCHCD@FBFAFCJ@FCHEBGDIBEDEFCDAF@FBHBFBF@FAD@H@HAFAHAFCFCFEHCFKBG@K@IBKBK@IDIBGFADBFBDBDBD@D@BABCACBA@EDEACD]LA@EAC@CBC@G@CBCF@D@JDFD@BDBD@FDB@DAJEDC@CBKDGBGDCFABCBEBABCBEB@@ABBD@H@DCFGJCDCBC@CAA@GDEBCBCAACCCCFGLCFCFGFEHADEFEFEFGFCDGBMD@@@@@@IDMDQFADBP@@@@@@@BBB@@BBBD@@BAB@B@@@B@@BB@DD@@@@B@@@B@B@@@@B@D@@DB@@BDBB@BBBDBD@BB@@B@@@BAD@B@B@D@@@BB@BBBFB@B@BABBD@B@B@@IBIFEDA@A@C@@@@B@@AB@@@@A@A@E@AAE@C@A@A@AAA@C@A@AA@@@AC@A@EA@@AB@@@@AAA@A@AA@@A@A@@B@@A@A@@BA@AAEA@@A@ABA@A@@BA@@BADAF@B@@@@C@A@@@A@A@C@@A@@AAA@EAAAABCB@@AAA@ECCAAACAAA@@@A@@A@AA@@A@@AA@@@@AA@@@@@CA@A@@@@@A@@@@@@@A@@@@@@@AA@@@A@A@A@@@AAA@A@@@@@A@A@A@A@AAA@A@A@@@@AA@@@@@A@@@@B@@A@A@@@A@@@@@@BB@@@@@@@@B@@@@@@A@@@@BA@@@@@A@A@A@A@AAA@AACAEAC@AAGACAA@@@A@AAA@AAA@A@@AA@@@@@@@@A@@@@@@A@@@@@@@A@@@@A@@A@@AA@AA@@@@@@A@@B@@A@@@AB@A@@A@@@@@A@@AA@@@A@@BA@@@A@@@@BA@A@A@A@@@A@@@@@A@@@A@@@A@@@@B@@A@@@@@A@@@@@A@@@A@@@A@@@@A@@@@AA@@A@A@A@ABA@@BAB@@AB@@ABA@@@@BB@@B@@@BA@@B@@@B@@@@@B@@BBDB@B@@BDBFBD@BB@@BBBBBD@JBFBDBB@B@@BAFAF@BAD@DAB@B@@@@A@@@@B@@@@@@A@@B@BB@@@@@BB@@@@B@B@@@B@@BB@BBBDBDB@BBB@@BDB@BB@@@@@@@BB@@@@@B@@B@@@@@@BB@@@@@B@@B@BB@@B@BADBB@F@@BB@@@BD@@@@@B@@@@@B@@@@@B@@@BBB@@@B@BB@BB@BBB@BBB@B@D@B@@@@@BBB@@B@@B@@B@@B@@@B@B@@@B@@B@@@BB@@@@BB@@@@BB@BD@BADADAB@B@B@B@B@@@@BB@@@@BBBBBB@@BBABAF@BABABA@@BA@@D@B@@ABA@@B@B@BAD@BBBBBDDHDDD@@BB@D@D@H@@DJ@HAF@B@@@BHJDDB@@B@@@B@@@@ABAB@@@B@@@@AB@@CB@BA@A@A@@@A@GBEBABA@@AA@@@@@A@@B@D@D@BB@DB@@BB@BBB@BD@@BB@@J@@D@FBD@@@B@BBDDDBFBLDHDDBFBLBLDLBL@HDJBJFNDFBJHPLLDLHNHJDJDLAPBL@LBNDJDHFLDFFXHPFZPVHNLTLJHLHJFJJJHHFJJ@@@B@@@B@B@@BBFB@B@BBBBBBBB@A@AB@BB@B@@@FBBB@D@B@@BBFDB@BB@B@B@@B@DBBBFBBDD@D@BA@CBABABC@A@CFAFEDAB@D@B@BA@ABQBCB@B@DBLFJBNFVFLBR@DALBDBBB@B@B@DDBBDBHFHDDFFN@JDF@PBPDJ@LBH@D@FA@@@A@CAEAEAAAA@A@@@@B@DBD@@@FBFDB@B@B@@@@BB@B@@@@BBB@@BB@B@@DBDB@@BAB@B@DEFCB@B@@@BAB@@@BB@@DBBDJHB@B@@A@A@AGEA@@CA@AAA@@@AA@A@ADAFGB@@A@A@@JBJ@J@JAHCLARGRAXCHAHBF@FDFHBH@L@N@HDFDDFBF@NCF@DALAN@LBHBAB@B@BB@BB@@@@@BF@B@@B@@@FBB@B@@D@DB@@@BAFABABA@@B@@ABA@CAM@@@A@@B@@@@BBB@DB@@DBBDB@@BDBD@@@BB@@@@@@@@@AB@@AB@DB@@@ABAD@B@B@@B@B@B@BB@DBB@BBB@@@BBB@BB@@AB@B@@@BA@BB@@DBBB@@D@BBD@@@@@FBBBFB@BD@F@B@BBD@B@@D@@BB@B@@@BCF@@@B@@BDDBBBBBDD@@ADCB@@@DABBB@@D@B@@BB@BA@@@@@B@F@D@BB@B@B@@@BABADABA@@B@DBBBB@@BD@@@@B@D@J@@@F@@@BB@B@B@@A@@DC@ABAB@DAB@@@BB@@B@B@BA@@BBBAB@DBHBJBF@JGFCDK@A@E@ADABA@A@ABCDCF@@@B@@A@ABADAB@@A@CBA@C@A@A@ADA@@@A@ADA@A@G@CBA@@D@DB@@B@B@B@B@@@DBB@B@FAB@@A@AB@@@@@BB@@B@BEBEFIDGDGDGDKJEDADEDEBELEF@JAH@P@F@H@L@NDJBFFJFHBHDFBHADEDAJGHGHEFEDCDEFEDAJBFD@ADAD@B@D@F@F@D@DA@@DAD@BABA@C@CBC@A@ABCBABCBAFADABADCDCBADCBCBABCBC@C@A@C@A@CACAEACAAAAABCAA@C@AAAACAACCC@C@A@ABABABCBABEBA@CBAA@@CAAAC@AACCAAAACAA@C@A@EBA@ABC@C@CBCDCDABAJABAHCBCFABCDC@E@A@AAA@CB@@ADBBB@A@@@AAABGBABCBABA@@BA@CAC@A@@@CBAFIDGBEAC@A@@FCFA@A@C@A@CDADCDADADABADCDA@CA@AAAAACCCACCKAI@@A@@@A@ABA@A@A@@@@BA@A@@@@@A@BABCBABE@C@AAA@@ACAC@CACACACCC@A@A@AAA@@@AA@@@CB@@AA@A@@@@A@@A@@@@A@@@CBA@A@AA@@@@A@@BA@@BAB@@A@@@AA@@@AA@AB@@AAA@@@A@@@@B@@AB@@A@@@AA@@@@@@ABCD@@@BABCBC@@@C@CCA@ACA@@CA@@@A@ABAB@@@BA@@@AA@@A@A@A@A@A@@A@@AA@A@A@@A@@B@@@BAB@BA@@BA@@@AAA@@BA@A@C@A@A@@A@A@@AA@AAACC@AAAAA@A@@A@CACCAAA@@CAACAACACEEACAA@@AAA@@@A@@@@B@@AB@@A@@B@@@@ABAB@@A@@@@@AAAAAAA@A@C@A@@AAA@A@C@E@C@A@AAA@@ABAB@B@@AA@A@A@AAA@AA@@BA@@BA@A@@AA@C@A@CAAAAACC@A@CAAA@@@ABA@@AAAAAECACAA@AA@@A@A@A@@@A@@BAB@BA@CBABA@A@@@@A@C@A@A@A@AB@@A@AAA@@@AAA@@@A@AA@@C@@BA@@AA@@@A@@@A@@@@@@BA@A@AA@@@A@A@A@@@@AAA@@ABA@A@@@AAA@@@AA@@@B@@@@A@@@@@@@AA@@@@@A@@A@A@@@A@A@@BA@@B@BA@AA@@A@A@C@ABE@@AA@@@@@A@@@@@@@@@@A@@B@@A@@@A@@@A@@@@A@@@@@@@@@@@AB@@@@@A@@@@@@@A@@@@@A@@A@@A@AA@A@@@@@E@CBKBSCM@IBCAECU@AACCAAEAAAAACBEDCDAFEDABCBA@A@EBI@GBEBEBACAC@ABE@ECCAACBGFIDIBEBCDABEHEHAJEF@FBBDBBDABCHEHCD@HAFBDBFCHCJCBCHGDG@C@E@AACACAAGBCDABCDADCACCAAAAEAGCCCBCBCBCDC@ABCDQ@CAAACAA@CDAF@DBDBDB@AQSCCACBABCBCBABEBABAFAFFFLFLDFBDFDJJDDFDFBD@D@BCBG@EBAB@JJFBDABC@G@GBC@C@WBKBCDCBCBCFADBF@DBHCLGBEAC@CAOCI@G@GD@F@DDBBFDFBDADABABCH_BEDADCFAB@EAECGAICGCKAGCCECECE@EBKDGDIHGFGFGHIHKDGHIDGDCDCDEDCFGDEHCFEHEFGDCFEFEFEBEBE@CEAEAC@A@E@CACAA@A@AFABA@AAAG@AA@A@C@A@ABCDC@CBEAGCCACA@ABC@C@A@E@A@CDC@C@CACACAC@C@C@CAAEE@CBCBE@A@E@A@CAAIAE@I@G@IACEAGAE@GEEGCICGAIAIAGAG@GCGG@EAGDEFEDCDEBG@CGCIAKCIAKAKAEBI@GDEDEBCBC@E@E@AACAGICAEGONCDEAAEIEMGCBA@CBAD@DEHEB@DABADEDC@EACAAACCEGCEMGAAEEECGGK@EBILCBG@GBI@G@KACC@@@@AAICGCICGCCEEGGCEEGECCGEGCCECCGEGAK@GBGBKFCBEBEBE@EBE@GCEEAG@A@@C@KDC@C@CA@CBABEBABADABABEAAAC@C@GACA@KAG@I@GAO@KBE@EBCHAFAFAF@FAFAF@FAFCDCD@B@B@B@BABOBMBGBA@A@AA@ABEAC@ACAA@C@CBCDCBC@A@C@EC"],"encodeOffsets":[[107552,36302]]}},{"type":"Feature","id":"620402","properties":{"name":"白银区","cp":[104.17425,36.545649],"childNum":1},"geometry":{"type":"Polygon","coordinates":["@@@A@A@@A@@AAC@@AA@AA@A@C@AGFUPYH]B[G]OY@CC@CA@BC@E@@@@@AAACCA@C@C@AAAACAEAIBMBCBCBAHCDE@@BAFCBAFCBADAFABCB@B@@@@@@ABA@A@@B@@@BA@A@A@AAAAC@@@ABABABAFA@ADCB@B@B@D@@@BB@@BABA@A@A@AB@BA@@@I@A@ABABA@A@A@A@@AA@@BADCBCBCBABAB@F@@AB@@@AA@@@CA@@A@A@ADC@A@AB@BAB@@@BAB@B@B@B@BADEDCBCBAB@@@@ABGBA@@@ABA@@BC@EBA@ADC@A@A@@HCB@@@BAB@@A@@@@B@BA@@@C@@@AFABADAB@@@@A@@@@@A@@@A@ABAB@FABAD@@@BA@@B@@@D@B@@@B@BB@@B@B@B@BAB@B@@A@A@@B@BA@A@AB@D@@@@@@A@AB@D@@A@@@A@@@@@AB@B@@@B@@@B@@B@@@BB@BA@@BA@@@@B@BA@@JK@AB@@AB@B@B@BA@@BA@@B@@ABG@AB@BA@@BABIDE@AAA@ABI@G@ABADC@AACgOGI@A@GBEBGBCLKDCDCBE@ABCAEAAAAAAA@IAEAE@C@G@AAC@CACAAAC@E@EAGACAA@C@C@E@C@AAAACAA@A@E@IDCBA@E@A@GBE@C@A@A@A@AACA@AAEAGAE@CAACAEAECECCACAAACAG@G@GBGBC@E@EDEBCBEBCBE@A@E@CAG@ICEAABA@A@ABA@A@E@A@AAA@CACAA@@@@@AAGCCCAC@EBADCBA@ABAACACCAM@KBE@C@CAC@A@A@CH@BABCBE@C@CAGQAEEEA@CAC@CAC@AAAAAA@ABC@A@CAC@AAE@G@CACC@CACCCAEAIEEAA@CA@@@C@AACACACAA@A@@@ABC@CAAACAC@CAA@A@@@@@AA@@@@A@C@AA@@A@@@AB@@A@@BA@A@@@A@@B@@@BA@@@AAA@@AAA@AA@AA@@@AA@A@B@@A@@@ABCBABA@@@ABA@@@CBCBABAB@@C@@@@@A@@B@@A@@@B@@@B@B@B@B@@BB@BB@@@@@@@BCD@@AB@@@B@@@B@B@@@B@@AB@@@@@B@@BB@B@@@B@@@@@BB@@B@D@BB@@@BB@@@BB@BD@BB@@B@@A@@@@B@@A@@@@B@@BB@B@BB@@BBB@B@@BDBD@BFDBBBD@@@@@BA@CBA@A@A@A@A@A@A@A@AB@@A@@@A@A@@@AB@@A@@@@B@BBB@@B@@B@@B@@B@B@@@B@@@B@B@@ABA@A@@@A@@B@@@@@BBB@@@B@@@B@BA@C@@BA@@B@@@DB@@BB@HDDBDBD@DBBB@@B@@BB@DB@BB@@B@B@@@B@@A@@@@@@@@B@@@@@@AB@@@@@@@BA@@@A@A@@B@@A@@@@@@@AB@@@@@@A@@@@@A@@@@@@@@@A@@@@@@BA@@B@@@@@@@@@@@@A@@@@B@@A@@@@@@@@@@@@B@@@@@@@B@@@@AB@@@@A@@BA@@@@@@@A@@B@@@@@@@@@@A@@@@@@BA@@@A@@@@@@@A@@@@@@@@A@@@@@@@@@@@@A@@@@B@@@@BB@@@@@@@B@@@@@@A@@@@@@@@@@@@BA@@B@@@@@@AD@BA@@@@B@@A@@@@@@BA@@@@@@B@@@@@BA@AB@@@@@@A@@@@B@@@@@@@BA@@@@@@@@@A@@BABAB@BAB@@@B@B@@@@@@@@@B@@@B@@@@@B@@@B@@@@@@@B@BBB@@AB@@@@@@@@A@@@@@@B@@@@@@@@@@A@@@@@@@A@@@A@A@@@A@@@@@A@@@@@A@@A@@A@@@A@@@@@@@@@@@@B@@@@@@AB@@A@@@AB@@@@@B@@@@A@@@@B@@@@AB@@@B@@@@@B@@@@@@@@@@A@@@A@A@@BA@A@@@A@AB@@@@@@@B@BA@@D@@@@@BA@@A@@A@@@A@@@A@@@@B@@A@@B@@A@@BA@@@@@@@@BB@@@@@@@A@@B@BA@@@@BA@@@@@@@@B@@@@B@@@@@@@@@@B@@A@@@@B@@@@@@@@@@A@@@@@@@@@@B@@@@A@@@@@@@@B@@@@@@@@A@@@@BA@@@@@@@@B@@@@@@@@BB@@B@@BB@@B@@@@@@@@@@@@@B@@A@@@@@@@@@A@@@@@@@@@A@@@@@A@@@@B@@A@@@AB@@@@A@@AA@C@A@@@@@A@@@A@@@@@@@@@AB@@@@@@@@@@BBBB@@@BBDADAD@BAB@@AB@B@@@B@@@@BB@@@@@@@BA@@@AB@@@@@@@B@@@@@B@@B@@BA@@@@B@@@BBB@B@@@@@B@@@@@B@@A@A@@@AA@@A@@@@@AB@B@@ABA@@@@@A@@@@@@BB@@@@@BB@B@@@@@@@@BB@@@@BB@@@@@B@@@@@@@@@BA@@@@@@BBB@@@B@B@@@@@B@@@@@B@@A@AB@@@@@@@B@@@@@B@@@@B@@@B@@@@@B@BBB@B@@BB@@@B@@@@BB@@B@B@B@BB@@@A@A@@B@@ABCD@FADA@ABABAB@B@B@B@BCBCBCBCBG@C@ABABCBC@ABCB@@@B@BABA@@BAB@BA@@BBDDBBB@B@@@BAB@@AB@B@BBB@B@B@DBBB@@F@BBD@D@D@BB@@BBB@@B@@@@@BB@@@BBBBD@@@@B@@@@@@AB@@@@B@@BB@B@@@@BB@@@@BB@@@B@BBB@@@B@@@BC@A@A@A@AB@BABAB@B@BB@@B@B@@BBBD@@B@@BA@A@@B@DBB@B@BBB@BB@B@BB@@@B@B@@BB@BB@@B@@B@BB@@B@@B@@@B@@BB@@B@@@BB@@BB@B@BBB@@@@@B@@ABA@@@A@A@A@AAA@A@@@A@ABA@E@GAE@C@AB@BEBABA@BBBBBB@@AB@B@@A@A@A@CAA@A@A@@@@@AB@BA@@BC@A@@@AB@AA@@@AAAB@@A@@@AA@ACC@@A@A@A@A@A@@@A@A@ABA@ABABA@CBC@CBC@A@A@ABABADA@ABA@A@AB@B@@@B@B@@@B@@A@@B@@A@ABA@@@A@@B@@@B@@@B@@@B@@A@@B@@BB@@@B@@@@@@ABABAB@@@B@@BB@@@B@@A@EBABA@A@@@A@@@@B@BBB@BB@B@BB@B@@BB@@@B@@@@@B@@BB@@@BB@@@@B@@@B@@@@B@B@@@@@BB@B@@A@ABA@ABABCBCBEB@BA@ABA@AB@@A@CBA@@BA@@B@BA@@BCB@@ABA@A@@B@B@@@B@BC@ABCBCBABA@@B@D@FABA@ABGBCBA@A@ABA@A@ABA@A@A@@@A@@BA@A@@@A@BB@@@B@@@BBBB@@BB@@B@@@B@@A@ABC@@@ABA@@BA@A@A@@@A@@@@BB@@@BBB@@@B@DD@@BB@@B@@B@@@@@BBD@@@B@@@@AB@@@B@@@@@B@@@@@@@@@@@B@@@@@BB@@@@BB@B@@@B@@@@@B@@@BB@@BDDD@B@@AB@@A@A@A@@BAAA@@B@@AB@@A@@B@@@BA@@BABA@AB@@A@@@A@@BA@@B@@ABA@@@A@AB@@@B@@B@@B@@@BA@@@AB@@A@@@AB@@A@@@@B@@@B@@FDBB@@@BBBB@DBD@DBB@DBBBDBD@FBDD@@B@@ABABCB@D@B@B@BBD@DA@@@@B@@@@@AB@@@@@B@@@@B@@AB@@@B@BB@@@B@BB@@@BBB@D@B@B@BBB@BBB@B@@BLJ@DBBB@BBB@B@B@@@BBBB@@BB@@B@B@FAH@D@D@B@BB@BB@@D@@B@@@@@B@@ABA@A@AA@A@AA@A@A@AA@AA@@@A@@BA@@@ABAB@BC@A@@B@@@@BB@F@F@BBB@BABB@@@B@DB@@B@B@B@B@@@BBBBBBBAB@D@B@@@BB@B@BBDBBBB@B@@@@@@@@B@@AB@B@@JDDBDA@@N@@@BAB@D@FABAB@H@H@D@D@BBB@@@B@@ABAB@B@B@B@BB@@@B@@@B@BDD@@B@B@BAB@B@@@@BB@DB@@@BB@@BD@DAB@@@B@@@@B@DAD@@@@B@B@J@B@@@@@BAB@@@B@BBBBB@BB@@@B@B@@B@DCDABA@CD@B@@@@@@B@B@@DA@@@B@@@BD@B@B@B@B@BB@@@@@AB@@BB@@@@B@@B@@@B@@@@@BBD@@BB@@B@@D@@@DD@@@B@@BB@B@@DB@@@@@B@B@@BB@@@@@BB@@B@@BA@@@@B@B@@@B@@@BBB@B@B@BBB@B@@@BB@B@@@ABB@BB@@@@B@@B@B@DBB@B@@BB@@@F@n@@@BABA@@B@B@@ABBBBB@B@B@@@DBB@B@BAB@B@JBDB@@@@@@B@BAFB@AB@B@B@@@B@@@@@B@B@B@B@DAB@B@BAB@B@BABA@@BA@ABADABAB@@@@@B@@@B@@@B@HG@@BB@@D@FBB@BAB@@@BCB@B@@AB@@A@ABAFE@A@CB@@AAAAAEACA@@ACCCAA@AACAC@@@AACA@@@@AB@@AAA@ABA@@BABAB@B@BAB@@@@@@A@@@A@@@ABA@@AA@@@AB@B@B@B@B@@@FCB@@BD@BB@@B@@@B@@B@BB@@@D@FBB@@@@B@@BA@@@AB@B@BB@BDAB@@@B@BB@@BB@@BA@@BBB@@@BA@@B@@@@B@@@@B@@@@@BA@B@@BB@@@AB@@@@B@BBBB@@B@@D@D@@@DA@@BB@@B@@AD@@@B@B@B@B@@@BABC@CDABAB@"],"encodeOffsets":[[106785,37613]]}},{"type":"Feature","id":"620421","properties":{"name":"靖远县","cp":[104.686972,36.561424],"childNum":2},"geometry":{"type":"MultiPolygon","coordinates":[["@@BBBBBB@@BBB@B@@ABA@ADABAP@JAD@BADCBAFEZIFAFAFCDCBC@AAA@@B@BA@@@@@ABA@@@@@@@A@C@CAG@CBAAG@A@CBCBCDADABC@E@EBADADAFADCHABAFC@@BA@@@A@@A@@@@@@AB@@@@@B@B@@@D@@@@A@@B@@@@@@AB@@@@A@A@AB@@@@A@@B@@A@A@@@@BA@@@@@AB@@@@@@@@@@A@@@@@A@@B@@@@@@@@A@@@@@A@@@@@@@A@@@@@A@@@@B@@@@@@@BA@@@@B@@A@@@@@@@A@@@@B@@@@@B@@B@@B@@@@@@@@@@@B@@@@@@AA@@@@A@@@@@@@A@@@@@@@@@A@A@@@A@@@@@@@@@AA@@@@@@@A@@@@A@@@@@@@@@A@@B@@@@@@@@A@@@@BA@@@@@@@@@@A@@@@@@@AA@@B@@@@A@@A@@@@@@@@@@@BA@@@@@@@@@@@@AA@@@@B@@@@@B@@@B@@@@@@A@@@@@@@@B@@@@@FADAFC@AFCFGDEBE@CCEAEAE@ADCJGFCNGDALAJ@HAFCDCBCBE@G@q@KBAJGJGBAB@B@B@B@B@@BB@D@B@LBHBB@B@@D@BBB@BB@@@BA@A@@BA@AB@B@B@F@D@FBD@@@B@BAD@BABAF@@@DA@@EY@CDAJCLCHCBABABADAD@D@D@BBBBBFBDDDFDBDBB@@B@B@B@@@B@BBHDB@@@DAFCFCFCFAFCFAJ@FAJCBABAB@BADAB@BAFAF@BABAD@BAB@F@D@DAB@DAB@DAB@B@HAH@D@F@B@D@HAD@D@D@LBB@F@DAB@DA@@AA@ABS@ABKBGBE@CDCJCBEDAAA@CBC@CBC@E@@BAD@BA@@AA@A@@HC@@@A@AAA@A@A@@@AB@@@@A@@@C@CA@AA@ABA@ABAB@@@@AA@ADC@@@ABGBA@BCHUBI@G@CBE@CAC@@A@ED@@@@AA@AHA@@@@EI@A@@PGDABAB@B@@@@B@@@B@@ABB@@@B@@B@@AB@@@B@@BBBBB@BBB@B@@B@@@B@@BB@@DAB@BAB@BBB@BB@@B@FCFADADAB@DC@@@@@@BBFD@@@@@A@CBEBCB@BBHHBBDDBBBAB@BBDDBADADA@@CCAA@ABAB@B@BBDD@@BABAFCBAHG@@DCDADCB@TO@@D@B@BABA@A@C@A@A@CBA@C@A@A@AAC@AA@@@@@FCVI@@HCBA@@@AAA@A@@@A@@A@C@AA@A@CBAB@BAD@BA@@@G@A@ADEDCBADCFADABAFCLINGB@B@HB@@@ABCBA@C@C@A@C@CBC@A@ABAAA@EBCBE@@@C@@BEFM@EAAEAE@AACMCGKKGEIAG@G@EDADCBCBABEBC@CBA@C@C@C@A@CBC@CBA@A@@A@@@C@@CC@CA@AABA@A@A@@@A@AA@AAC@IDK@GBK@E@K@AA@CBA@C@CACG@C@C@A@ABA@ABA@AAA@CAAAEACAAA@AAAAC@CACCC@CAAACACAA¹z^]A[MOYWS[E]H[JSVE^L\\YPOZB^ANILWRMFICM[]@]H]F]D]@_DYNYN]JOJCJBHTJRHB@FJBFBH@B@@AFADAJ@DAD@BDHBFBF@@DBDBDFFFFHFDDFBDBF@HAF@F@H@H@DADABADCDEBEDABEBG@E@EACAC@EAGACAKGCAAAA@E@A@GB@@E@@@AB@B@DBBDDDHDD@B@D@DCF@BAD@FABA@A@ABAFAF@D@DBBDBBD@B@BA@GDCBEAKAIEKIAAA@ECGAA@@BCD@@@D@D@@ADAB@FBB@DABABABC@A@CAGBGAC@GAA@CAAAABCBC@A@@@CBC@C@I@AAABCAE@EACAA@C@C@A@EAC@C@CB@@A@A@AAIACAA@A@@BA@@@@@A@EC@@CBA@A@CC@@A@AB@@A@@@AAA@@@EBAA@@AAA@A@A@C@@@C@A@@@CDA@@@A@@AA@@@A@@B@@C@@@CAA@C@C@C@AAGEAAA@E@A@AB@BABI@A@CACGCCA@@AA@C@GFGDKDGBK@KFA@CBGBGBC@EBC@IACAAA@ABCBABABC@E@CBEDEBCDKFC@AACUS]G]@YIG]G]@]A_KUIEQ@MDKBODIDKBGBCB]EMAKCG@AACCGGEI@KBIA@AB@@AB@B@BAB@BAB@@AAA@@@ABA@AB@B@B@BAB@@@@A@@B@@BB@B@@A@@@@@@BADAD@@AB@@C@AB@@@@B@@B@@ABAFABABC@CAEJ]ZYdABIBMBEAA@CAA@CA_QAAA@AAE@S@CBAB@BCBDJ@BB@RJHL@J@DAB@BAB@D@B@D@d@BAD@BAB@DA@CHAD@TBBPZBB@DB@@DBD@B@R@DABIN@@EDGDIBQBEBCBG@CDADAF@HAJEHEDABCBABAB@BB@B@BBBBBB@B@D@DAD@DBB@BADCD@BBBDBB@B@D@J@DBBD@DAJCD@DBBDDDBF@H@F@@BBDAHGP@BBDDBHFFJBD@DADAFCH@JBDDFHBP@FAFCJGJEJCNCJ@J@DBBB@DABEDGDGDKDEDCDEJAFAHCFCBE@C@YCC@EBEBEFCD@D@DFHHHHBTFLDXHJBH@HCLCF@JAF@DBFBBBBDDBFBD@HAD@B@HBDBB@H@LLDFFDFBB@DAB@D@D@DAFED@B@HDFDDDD@PCHADAR@NBHDHDDDJDDBFJDFBD@FBL@DBBDBF@TEJAFAD@BBBD@B@BIHABAD@DB@BBB@HEBCDABA@@DB@BBBBBBFDDFDD@B@BADA@CDCDAB@B@@BBFBDABELAF@BBDB@D@HAHAPED@B@DBDBBBBB@FABADGFABABBBBDBBB@B@B@FAFAHCHA@@JDDBDBD@D@DBBBHFB@LBHDDBDDBCCGKOGS@OBCLUBEBCDGHCHILG@A@@BC@C@ABADABADAB@D@D@DADBD@BBBBB@D@D@JAD@DBFB@BBB@BB@B@DCDCBAB@HBJ@DADAB@BBBBDB@@D@D@DAJBPFB@D@H@J@DBFDFDHDBFBBBBFBFBJJJDBB@FBBBBDBJDJBF@HFFDDDBBD@BADADADADABCBABABCBA@CB@BABC@AB@BBB@BBB@F@"],["@@BAFGB@@@B@BBBB@B@B@B@B@BHPDDDBDBBBD@D@D@BA@@B@@AB@B@D@DB@BB@B@BB@@B@B@FAB@DBB@B@B@B@BAB@BAB@@AB@B@B@B@B@@@B@B@@@B@@@B@BAB@DBBAB@@@BA@@B@J@B@DBBBB@@@FADAB@BC@@@E@@@@B@H@@@B@@ABABABCB@DC@ABCBABADADABABID@BABAFEDA@@DA@@DBDBBBB@@B@@@BHA^D\\LfVB@HGHCDABAHIBIFCHEFALELGFEdWDANAFCBE@MBEBGHALEXCLCFANC@@BBFLBDHVLVFPH\\DBDBF@J@J@FADAFCBG@K@QBGBAFEBAJCLEBGBE@CFGFGBAB@JBFBFAB@DADAHGHCDAFADADCDABAJGBA@A@C@CAEAEBABC@E@EBCDC@@@CAC@E@I@AA@AAAAA@A@@A@I@E@CBEBCBAHKBA@AB@B@BABCBADCBCDCDAB@@AB@D@FADAF@DBB@@AB@DE@A@A@A@ACG@A@ABA@GBA@AAE@AAABA@C@A@AAM@CACBA@C@A@CAEBA@CBABADABAB@B@@BB@B@B@B@B@B@DBDDB@BBD@J@\\NVT\\L^J^C^GZM\\O^CXOZOLAB@D@DAH@BANBH@H@LABABCJEJED@H@FBFBDB@BDHABB@B@FAD@BABCDC@ADAH@HAF@FA@@@A@A@AEEAC@K@E@AFEJGDCJCDAJ@D@B@D@DAHEDCDCBADEDGDABIBAAE@A@@@AFAFAF@DA@@B@BA@EDCDCDCPMHEFEPKB@BC@A@ADABAB@DADABABG@@@AB@BAH@DADABABCBA@I@C@A@@C@@AA@AACAA@@@ABCBABAB@@A@A@A@@A@C@E@A@@@@ABA@@AA@C@@@AABA@C@@DABC@@CCAAAACAAC@@@A@@DE@A@@@AAA@@@CA@C@AAA@E@C@@AEAAAEA@@@@C@AAC@@@AACA@@AAB@@A@@@ABA@@AAA@AA@@A@AAA@CAA@@A@A@A@AA@A@C@AB@B@@CAA@@BA@@B@@@@@@@@AA@@C@CA@AA@ACCA@@CAA@AA@@@@@AB@@@N@DBB@BA@@@AB@BABABE@A@@CAC@@@@AAA@E@@@AA@E@@A@@@@AAA@@A@ABAGAKAM@KBCBE@MDE@EACCCE@G@M@KAGEGECE@GAGBWDQBQHKBGDIBI@I@IA@@@B@BA@EHCB@B@BBB@@B@BBB@@DB@HF@B@B@BA@A@IGACCA@@AA@@A@AB@@A@A@EDCFA@A@AB@@CACA@@@AAA@@AA@A@@A@A@@A@@A@A@A@ECEA@@C@CAA@@@@@@BBBBBBFBF@D@B@@EBC@G@KAI@OCOAE@ICM@EECCEGAGACCA@C@A@AAACAKACBQ@KAUEMEIAKECAA@A@ADAR@BABA@C@A@CBEFEB@D@BADABAB@DABC@C@ACEAAACAA@@@@A@AAAA@ECAA@@@A@CAAEA@@A@A@@ABAB@A@AAAAAA@A@AEAAA@@@A@A@@@A@@IIGEIGIIIEKGIGSKMKUGYOOEWGEEKCGEICMCKAK@OAKBICICMGKGKCOKIGEAMCIEIAGCK@KAKCKAEACAGCKCEACACCAAA@@@C@EAC@@@@IA@@AC@@AAA@AAA@@CAA@@A@C@C@AB@@@@@B@@BB@BAFAHAB@@@B@B@B@@ADA@@BA@@@@@A@@BABA@@@@@A@@@@A@@@@@ABA@A@AAA@A@C@A@C@C@C@ABAB@@@@ABA@ABA@AA@@A@@A@@ABA@A@@@A@A@A@@@A@@@@@@@A@@@@@@@AB@@AA@@A@A@@@A@CA@@@@A@@AA@A@@@@@A@A@@@AAA@@@@@AA@@@@A@@B@@@BAB@DAB@DCHABADAJCFADABABAD@@AB@BA@@BABA@AB@BAB@B@B@@BDAB@DABBD@BB@BB@@B@B@@@@BB@@@BB@@F@DBB@DBBD@@B@B@B@BBDDFFBB@@@@BB@@B@BB@@B@@@@DBD@B@B@@@B@@BB@BB@A@@B@@@@@B@@AB@@AB@@@@A@@B@@@@@B@@@B@@@@@BA@@@@@@@A@@@@B@@@@B@@@BB@@B@@@@@BB@@B@@@@@@@@B@@@@@B@@AB@BA@@@A@@@A@A@@AA@@@@@@@A@@@@B@@AB@@AB@@A@@B@@@@@D@@@D@BAB@@@@ABA@A@@@A@@@A@A@A@@AA@@@@@ABA@@@@BBB@B@@@BA@@B@@A@@@@@@@@BA@@@@B@@@@AB@@@@@@@BA@@BB@@BA@@@@@@B@@@@@B@@@@@@BB@@@@@@@@@@AB@@@B@@@B@@@B@@B@@@@B@@@@@@@B@@AD@@@B@@@@A@@@@@@B@@@B@@@B@@@@@@@B@@@@@B@@@B@@@@ABABAB@@@BA@@@@@@BA@@@@@AB@@@@@@@B@B@@A@@@@B@@@B@@@@@BA@@@@@AB@@@@@@@B@@@B@@@@@@@B@@AB@@@@@@ABA@@BA@@@@@AB@B@B@@AB@F@B@B@D@BB@@@@B@@@B@B@@B@@@@BB@@@@@@B@@AB@B@@@@@@BB@@@BB@@@@@@B@@@@@@@B@@@@AB@@@@AB@@@B@@@B@@@@@B@@@BA@@D@B@@@BAD@B@@@B@@@@@B@@@@@BA@@@@@@@@B@@@@@@@@@B@@@@@B@@@B@BB@BB@B@@B@@B@@@@@@AB@@@@@@@@@@@BBB@BB@@B@B@@@BB@@@@B@@@@@@@@@@@B@@@@@@@@@@@B@@@@@B@@@@@B@@@@@@@B@@@@@@@B@@@@B@@@@@@B@@@@BB@@@@@BBB@@BB@@@@@B@@AB@@A@@@@@BB@@@@B@@@@B@@BBAB@@@B@@@@@BA@@@@@@@AB@@@@BB@@@@BB@@@B@@@B@@@@@BA@@@@B@@@@AB@B@B@@B@@B@@BB@@@B@@A@@@A@@BA@A@@@@B@DBB@@@B@BB@@BB@@B@@@B@@@B@@A@@B@@@BA@@@@@@B@@B@@@@@@@@@@@@@BB@@@@@B@@@@@BB@@@AB@@@B@B@@A@@B@BB@@BA@@B@BA@@B@B@B@B@BAB@BAB@B@@@B@@@@B@@@@BB@@@@@@@@@@B@@A@@@@@@BA@@@@@@@@B@@@@@@@@AB@@CBAB@@@@AB@BA@AB@@A@A@@@A@@BA@@B@@A@AB@@@@@@@@AB@@AB@@A@@B@@A@A@@@A@@@A@A@@AA@@AAA@@AAA@@A@@@AA@@A@A@A@@AAAC@@A@EAA@EACAA@CA@@AA@@A@@@A@@@@@A@@@@@@A@@@A@@@A@C@AAA@@@@AAA@A@A@@A@@@A@@@A@A@@A@A@A@A@CAAAA@GCC@CAAA@@@@A@@@@ABABE@A@A@@BA@A@@BA@@AA@@@AA@AAC@AAAAA@@@AECAAC@@@@@AA@@@@@@@@@@@@@AA@@@@@@@@@@@B@@@@@@A@@@@@@@@@A@A@A@A@@@A@@@A@@@@@@B@@@@@B@@A@@@@B@@A@@@@@A@@@@@ABA@A@@@A@@@@@A@@@A@@@A@@@@@@@@@@A@@@@@B@@A@@@@@@A@@@@@@@A@@@@@@@@A@@@@@@BA@@@@@@@AA@@@@@@@@A@@@A@@@A@@@ABBFAD@BAFCDCDKLADAHAF@H@BHJhPBD@BCDAB@B@HAJ@BBB@BCFAJAB@@ABA@@BAH@BA@@@AB@@ABA@A@A@@BA@@BIL@@ABA@@@@@AB@@ABA@@A@@@AA@@@A@@@A@A@@B@@@@@B@@@BC@A@@B@B@@@@C@A@@B@BABA@@@@B@BA@A@ABA@A@A@@@AAA@@@A@C@@@A@@@AB@@C@ABEBA@AB@B@B@@@B@@@@@B@@A@CBABEB@B@@@D@@ABA@@@@@@BA@AB@@A@GD@@@B@BCD@BAB@FAD@@AB@B@@ABAH@B@@A@ABADCDCFABA@A@A@A@AB@@A@ABA@@B@BCD@B@B@BB@@D@@BB@@A@@BE@A@ABABADADCDAB@@BB@@@B@B@BABAB@B@B@J@@ABA@@B@B@BABAB@@AA@@C@A@A@A@CD@BEBABABAB@B@@BDBB@B@B@BAB@@A@@@@BAB@B@@@@A@A@ADEBCBABEDABEDAB@@CFGDABADADANBJBFBDBB@B@D@DDBBDBB@@@@F@D@@ADBD@@DPZH^A\\G^OZEVBHD@B@B@@BBB@@BD@BB@@@@B@BB@B@D@H@B@BAB@@A@A@@BA@A@@B@BBD@@@BB@@AB@B@@@BB@@@@BAB@BB@@@B@B@B@B@B@@@BAB@B@BA@AB@@@@@@B@B@B@@@@@@DA@AB@@B@B@@@B@B@BBB@@@@BA@@@BB@AB@B@@@@BB@@@B@BBB@B@@@BB@@B@@@B@@@@@BCB@@@B@D@@@BB@BBD@BBB@@@B@BB@@BF@BB@@@@BA@CD@BB@B@@B@@@BD@BAB@@@BBBBB@BBB@@@BADABAB@@ABA@@BAB@@ABC@@@ABE@@@@@CAA@A@@@@@A@@@@B@BA@A@A@@BCAA@@@@BA@ABA@ABAB@@@B@@@D@BADE@A@ABADC@A@@@@@AB@@@@A@@B@@@BA@@@A@@@@@BB@@@B@@@B@@@B@@DB@@@B@@@@@@AB@@@@@BB@@BAB@DB@@B@@@BBB@D@@@DBB@B@@@BF@@DBB@BBBB@BB@@@B@D@B@B@BB@@B@B@@AB@@@@F@BB@BA@@BBB@B@BAB@@@@B@@@BB@@@B@@@@@BB@@BBFAB@@@B@DDBDBD@F@@@DDLDD@BBFBJDH@BAB@@BBDDB@FB@@@@@B@@@BAB"]],"encodeOffsets":[[[107317,38125]],[[106933,37667]]]}},{"type":"Feature","id":"620423","properties":{"name":"景泰县","cp":[104.066394,37.193519],"childNum":1},"geometry":{"type":"Polygon","coordinates":["@@@AAE@CBABADADADABCFCHBJ@H@JBLBPD`DF@HAHAL@H@FBFBDFDDNDH@DDBBDDHBJDFBBBBBJDdHF@DBDBD@D@BABCFGFEBEBI@CDABCDAFAFANAJBTDJ@HAFAF@JBHBDDDBBDBDB@D@F@DBBBBBBDBBHAH@DABCFCHADADC@ADADBDBF@FBDBJDHBB@B@LAPCD@\\@RAFADCDCDE@@F@HCJ@H@JBDBDBHAJAJADCHCN@NAJCHCAEECECCAACAI@ICICECCCCAEBGBCFIBCBEBCDAFAJAFAHCDAH@FADCD@JAFBBBDBFBDBD@D@@@@A@C@EBC@C@CACCC@AAEAAAAA@IBCBCACACCCCCAECCCAAC@I@C@C@C@EACCCAACCAAA@C@C@CAC@C@CAAEAEACAAEAAAAC@A@A@@@A@A@A@A@ABQLEDG@GACACA@AAA@A@A@A@ABABABAFC@C@C@AAC@AC@@@GBC@A@CAA@AAAACCCAGCKAA@GEAACAC@C@CACAIC@@GBGDEBEBA@A@A@AAACAABABAHEBCBA@EAAAACACAA@C@OFGBGBC@A@AC@ABEFKBAACAE@AA@A@CBCD@DCBABA@C@ECCCAEAAAA@ACA@@ABCBADGFA@AAA@@CBCBAJG@A@AACAAC@EBIBSFE@CAAA@CAK@EACCEEICAICCCGCGCMAQ@CBGBODC@CCECGCA@C@EFCBC@C@A@CBA@EAECCEKKG@A@CAGAA@C@GBC@EACAACAAEACAE@IBE@KDGDG@IAWGKCSEGAGGEG@C@CDCFEFAFAD@ZDD@F@DADEBGBEFIDCFCLCHCHCFCBA@CAACAI@I@MDIDIFIHEDEBO@GACEAC@IDGBEBC@CACEIGECAAC@AHOBGAC@AE@G@E@CACCAA@CDCBI@CACCAI@C@A@A@CAAA@ADCBC@AAA@CBC@C@C@AAAAAAAA@A@@ABABADABAFCFGBI@GBEBCDCH@DAFARAJAHCFC@@JMBA@C@Q@AAC@CA@@CAAOYAA@SBCDGB@@CBA@ABC@A@c@C@A@CBA@ABA@C@IGKQIA@@ACIDA@ABADAT@F@BBB@BB`RDBB@DBB@FBNAJABAZc^YFIDBD@BABABEBA@@@AA@@@@@BAD@@@BA@@BCBC@A@@@@B@@@@AAA@@@AB@@@@@BA@A@A@ABAB@BA@@B@BB@@BA@ABA@A@ABA@@BAB@@AB@@CB@AEAA@AAA@@@A@A@A@@A@AAAAA@CAA@AA@@@A@AB@DAB@DCDAD@BCHABADGBE@ABCBABCBA@E@AAACE@A@A@C@CAE@C@CBA@EBA@@BA@A@@@A@@@@EAA@CCAA@@BA@ACGAIAE@ACCCK@C@@@EACACCCA@@@A@EBAA@@AA@@@@A@@@A@@A@@@A@@A@ABA@A@AA@@ABA@@A@E@@A@@BA@A@@@AAA@A@C@A@@@A@@AAAAAA@CA@@AE@@A@A@CA@@C@A@AA@@A@@@CAA@AB@@AA@@@@A@@B@@@@A@@@A@@CA@@@A@@@A@@@A@@A@@@@@B@@AB@@A@@@@B@@A@@B@@@@@BCDAB@B@BCFABC@@@A@@@A@AB@BAB@BAB@@@@BBAD@@@B@BABA@@@@@@B@@@@@BBB@D@@@@AF@B@@AD@BA@AB@@AB@BA@ABCBAB@@A@AAA@AAAA@@A@ABC@@A@@@AA@A@@ADCB@@A@@A@@AAE@@AAA@@@A@AAC@AAA@@A@@@C@A@@DA@A@@@@@A@@@AA@@A@@@AAA@A@A@@AA@@@@@ABAA@@A@@AB@@@@AA@A@A@A@@@A@AA@@BCB@@@@@@@A@A@A@@@@A@@BABA@A@AB@@A@A@A@A@A@@@A@@ABA@A@@A@@A@@@ABA@@AA@@C@AAA@@@@BAB@@@B@BA@ABA@G@C@A@A@A@ABCB@DADAB@@A@A@A@A@@@C@@BA@@@AA@@CB@@C@C@@@@AA@AA@A@A@@A@@B@@AA@@@AAB@@@@A@@@@@@A@@A@@@AB@@A@AA@@AB@@AA@@AAA@@@A@CB@AAAA@A@@B@@AB@@@A@@A@EAC@@@A@@A@AA@@@A@@@AAC@@AA@ED@@A@A@A@A@A@@B@@BB@@AB@B@@@B@@@B@@@@A@ABA@A@ABAB@@AB@BBB@BA@@B@@B@BD@B@@BDBD@BBBDDBD@@DBFBBBBB@BA@@D@BEFAB@B@BA@@BA@A@AD@@A@ABA@EAC@@@AA@@GHA@@@A@@@A@@@@@A@ABCBAB@BAB@@ABABA@A@ABA@A@CBA@A@A@A@@@@@A@@@A@A@A@@BEAABA@@@@@@@CAIAA@A@ABA@A@CA@@A@A@A@AAAA@BA@A@@@ABAB@@m@E@@@A@@AA@A@CAA@A@@@@A@@A@@AAA@B@@@AAA@@A@A@AAA@A@A@AA@@A@@@A@A@@@@@AB@@@AA@@A@@@@AA@@@A@A@@@@CA@@@AAA@@@A@@CC@@C@@@@AA@@AC@AA@@@@A@@@A@@@@A@@A@@AA@@B@@@@AAA@A@A@A@C@@A@@@A@@CB@@@A@A@@@@A@C@@DABCBCDA@@@@A@A@@AAA@AAAAA@@@A@AB@@@@A@I@A@A@@@@@BC@C@A@@A@@@A@CBC@@AA@@A@@CAA@@A@@A@A@ABA@A@@@CC@A@A@@@A@@AAA@A@A@A@AB@BA@@@A@AAC@C@G@G@A@ABEBC@A@AB@@M@@@CBCAIC@@@ABA@@@A@@@@@@A@A@AACAAAA@A@@A@@@A@CBAAAAAAA@A@@@A@A@A@AA@@C@A@@AAABA@AAE@E@A@@A@@A@@@@BADA@AB@B@@AB@@@B@@BBB@@B@B@BBBB@B@@B@BAB@BA@@@@@A@@@@CA@@AAAA@C@C@G@EBA@A@@@AA@@AAAA@@A@A@A@AAA@AA@CKI@AA@A@AAA@AAA@A@C@A@AAABA@AB@BBB@D@BB@@B@@@B@B@BDB@BBB@@D@BBB@BBBB@H@B@BABABA@A@AAC@C@C@CBCBA@CB@BA@A@AB@@@BBB@@@BABA@@B@DBB@@BBB@@B@BABEF@@A@A@A@AB@@AB@@A@AB@@CD@BABA@@@AA@@A@A@@@A@@A@@CAA@A@@@@@ABAA@@AAA@A@ABA@@BABAD@B@DA@ABABAB@BBB@BA@@BBB@BBBDBHBFBD@DBB@B@@B@B@FAFAF@BABABA@AAA@AA@AAA@BA@AB@@A@AAA@@@C@@@@@@B@B@@@@ABA@A@C@A@@@A@@@@@A@@BA@@@@B@@AB@@A@@A@@A@A@AA@@E@AA@@A@@@A@@@AB@@A@A@A@@@@@AA@@A@AB@@@@CAAA@@A@@@A@A@@@A@@BA@A@C@A@A@A@@@A@@@@B@@A@@@@DAB@@A@A@CD@B@@AB@@ABA@ABA@A@AAA@AA@@A@@@A@@AA@@@@A@@B@@A@@@A@@@@@A@@@@@@@@@@@@@A@@@A@@@@A@@@@@@@@A@@@@@@@@A@@A@@@@@@@A@@@@@@@@AA@@AA@@A@@@@@@@AA@@@A@A@@@@A@@@A@EDA@ABEBAF@@@@@B@@BB@BBB@@BB@@@BB@@BAB@B@BA@@B@B@@A@@B@BA@@B@@@@AB@B@B@@@B@@@@A@@@AA@@@@A@ABA@A@A@@@@@@BAB@@@B@@@@A@@@AA@@@@A@A@A@@@CDABCB@@A@@BA@@@A@@@A@@@A@AAA@@@A@@@@B@@@B@@@BA@@@@BA@@@CBA@CD@BADADAD@B@@AB@@@@@@@@@@@B@@@@@@@@@BB@@@AB@@@B@@@@@@AB@@@B@@@@A@@@@@@@@@A@@@@@@@AA@@@BA@@@A@A@@@@@@@@B@@@@@BA@@@A@@@@@A@@@@@@@@@@@AAA@@@A@@@@A@@@@@@@@@AA@@@@@@A@@@@A@@@@@@@AAA@@A@@@@A@@AAACA@@@@@@@@@@@A@@@@@AB@@@@@@A@A@@@@@A@@@@@@@@@A@@B@@@@@B@@@@@@@@AB@@@@@B@@@@@@A@@@@@@@A@@@@@@@@@@@AB@@@@A@@@@@@@@@@A@@AA@@@@@@@A@@@@A@A@ABA@@@A@@B@@@B@@@B@BA@@B@@@@ABC@@BA@@@@B@@@B@@@B@@@BA@@@@@@@A@@@@@A@@@@@A@@@@@@@A@@B@@@B@@@BAB@@@@@@A@@@@B@@@B@@@@@B@@@@@BC@@B@@A@@@@@AB@BAB@@@B@@A@@@@BA@A@@B@@@@@@@B@@@B@@BB@@@@@@@B@@@@@@AB@@AB@@AB@@A@@@@B@@@@@@AB@@@@A@ABC@A@ABABCBA@C@A@@@@A@@@@@A@@@@@A@@@@@@@A@@@@@@B@@A@A@C@CBA@A@A@@@A@@@A@@@@@AB@@A@CB@@@@A@@@@A@@@@@@@@A@@@@@@BAB@@@@A@@B@A@@@@@A@A@@@@A@@@@@@@@@A@@B@@@B@@A@@@@@A@@@@@@@@@@AABA@A@CBA@CBA@C@C@CA@@C@A@C@A@ABA@ABC@A@E@A@C@A@A@@BABA@@B@@A@@@AA@@A@@BA@CD@@AB@@@@A@@A@@@@@AA@@@@@@@A@@B@@AA@@@@@AA@@@AA@AA@AAAAAAA@AA@CA@ACACAAACACA@@A@A@@C@@BA@C@@@C@A@@@@@A@A@AA@@A@AB@@ADA@ABCBABA@A@A@CBCBA@A@A@A@@ACA@AA@A@C@A@A@A@@@@BB@BBB@@B@BAB@F@DCDAJEJ@DABABA@ABA@@BA@@@A@C@A@ACA@AAA@A@A@A@@@AB@@AB@D@B@@@@CBA@C@A@A@@@A@A@A@@A@@@@CAABABA@@B@B@@A@CBE@E@ABAB@BA@A@ABABA@CBABABABABADAD@BCB@@@B@@A@@A@@@@AB@@@@@B@@@@AB@@@BB@@@A@@B@@@B@@@@@@A@@@@@A@@@@B@@@@@BCBAB@B@@BDBB@BB@@@B@@@@@BB@BB@@@@BB@@@@@@B@@@@@B@@@@@@B@@@@@@@B@@@B@@B@@@@@B@@B@@@B@@@@@@@B@@@@@@@@B@@BB@@@@@B@@@@BBB@@BB@@@BB@@@@B@@B@@BB@@@BB@@BA@@@A@A@@@A@@@A@@@EBA@C@A@AB@@A@@BC@@@A@@@A@@@@@A@@BA@AB@@A@@BA@@B@@A@A@AB@@@BA@ABABABCBAB@B@B@BAB@BABABABCB@@AD@BADAB@BBBBF@@@DADEH@B@@AB@@A@A@A@A@BB@@@D@BADA@@B@B@B@FA@@BA@AB@@A@@@@BAB@@AB@AA@@A@@AB@@CB@B@B@@A@@@A@@@A@@BA@@D@BABA@@B@@A@@B@@@@A@A@@@ABA@CBABA@AB@BABAJAD@@BBFLB@@@B@B@B@@@@@@B@@@@BB@@@@B@@B@@@@@B@@BDBDD@@B@@@DADBB@B@@B@BBBB@@B@@B@@B@@BB@@@BA@@@@B@@@@B@@@B@@B@@@@@BBBBBB@BBB@@@B@BBBB@@BB@B@@BB@@B@B@BABBD@B@FBDBDBB@@ADEHEHGLILCBC@C@ABABBBBBBDHBDDHJHFHHFHJ`DFDFFBLBTGLCFAB@BFBFJHJDDFDDBHALCHDP@B@P@DEHCFEDEBCD@@BBDDFBHDJAH@@@LHT`HXJ^LdJdRRBNFTDDF@LAFCHEDABAD@F@DBDBD@FCFAHBJFBBFDDDBDFBFD@DADGBGBGBEDGHEDAD@DDDHHHDDLFJFFFBHAFIB@BAFAB@B@@B@D@B@HBB@H@BCJCHCDCBCDAD@DBDDBDBF@F@BCBMBAFABDBFBFFNBHBFDDFD@DADEDEHGFCBABBDBDBLHJ@DADCDABCBKJGDGFSHEBCBABAB@DBD@FADCFBFBDHHBDHRHTDFFDDBDBH@LEF@BB@DBB@D@BAHCHADAFAB@@RzCXD\\ANMFKZ@THTP^N`Z^\\X^TZTf`BCJKHIHKFEFGDCFCJCHCJELELGPELEPILCLGFAZO¾Ô©BALEXONINEHENGJENILEJGPILGRITKFCB@®J\\LDBHBJDFBjP@@BA@AB@"],"encodeOffsets":[[106791,38327]]}}],"UTF8Encoding":true}