{"type":"FeatureCollection","features":[{"type":"Feature","id":"620921","properties":{"name":"金塔县","cp":[98.902959,39.983036],"childNum":1},"geometry":{"type":"Polygon","coordinates":["@@@š@AQG@@]MCA[M]MGCWK]M]M_O]MCA[MIEYKICAAECCCGEECAACCCEGECCAACCCAAACCACAAAAAACCCCCAACAA@AACAAACAAAGACAECKAECO@AGS@CEQAAES@CEQCGAICIAE@AAAAAECGCWQKIGEKGKGIGECECCAEAECICECEAICGACAC@EAGAG@I@MAM@GAM@IAO@I@GAC@O@I@A@I@QAA@@@A@ACCAAEAA@CA@k_SUgUuSSMeMQISIOEOCiQmOSE[MMIOGIAOCMCQBI@MDIFEFGFIDQBOAKCEECK@@@@JEHALIGAGAEAG@K@IBIAK@EAG@G@IAG@CAG@GAGAIBKAE@GAE@EAGAKEGCCCGCECIAKGICGAICG@GAGAG@IAIAE@I@G@E@KAGAG@GAI@IAA@AFEFKLA@EBGBAA@ACEAAC@@@AA@@CEACAAA@A@ABA@@AACCEAAEACC@AQaIGUCMMBKNkxMFEFC@OAK@CCEACBEFMJAFCB[@IDIBSBI@G@kWGIEAWGCA@@A@GDAB@B@DDJDN@DAHEJAD@DBFAF@FCFEHAHEJADED@DCFGDE@C@G@G@E@GBI@IBI@GAIBK@K@I@MBM@IBEBE@GAG@EAIBE@KCGAGAI@E@E@GBEBEBGDGBGDIBGDGBGBGDIDEDGDGDEBEBG@E@GA@@AAA@C@IAEAO@E@A@C@AAGCAAE@ABA@@@CD@BAAIACAE@A@ABCDIFA@@@AB@FAB@@ABEBEFA@A@A@E@E@AAABA@@BCBABA@A@@@AA@@AAA@@@CBEB@@A@@AACAAAACACAA@A@A@A@GEAAA@A@@@CBABABA@CACA@@@BCDCD@D@NADAFCBEBEBGBKFIFEBEFGFGJILABEBEDCBABC@OAAAA@IEECABMBA@@B@B@DA@@BABABC@CBGBMDIBOBG@I@C@GAIAEAAAECAAEAEAC@K@GBGAGACCCA@CAA@C@A@@AAAAICGAGCECICA@CAG@UBI@A@GDCBC@ABEDCDA@A@IBA@GBABA@@AC@AAGCIAECEAA@EAA@C@EBABA@@@AAAAA@M@C@I@IAI@OACBE@GDA@A@C@G@IBA@GA@@AB@@@@@BBD@@@BA@EAE@WBFÁH]BĉzA@A@DB@B@@BB@DBB@B@B@D@F@B@HHPRb\\vNZRdZtJT@@B@@BADG`CHeÌSPOLMN_X_\\QLQPLNR\\RZXdXdFH¨¶BBVZDHZ\\B¤BL@FBRBRDpBLDpBdDnBRP`P^DFFNHL@DHNBDFLBFJPJVHPP`VldBBDDFNFJ@BJRJVDHNRBDXdHJFJHLzHJB@@M@G@I@QBQ@O@Q@QBQ@O@Q@ABO@O@Q@QBO@Q@Q@QBO@Q@QBO@QB@QB[@@@SBY@U@CBByä~Ü|BBdLRHTHhPB@lPXJRHD@@@`LPHFBCDMNMTCBMRCDMPMRGJQTKN@@pNxNRFRDPDVFXFH[DUFUFSFUDSFUDI@@DCBA@@BABCBEBA@ABABABABABABCBA@@BABAD@BABABABABABCDC@AB@BAB@BADABAF@DABAB@BAB@BAB@D@DAFC@@HC@@FCD@BAB@DA@@B@BABAFADAFCDADADCDABCFCFEBCB@DCDADADCDCDABABADADABABABABA@@BA@AB@@B@B@B@B@B@BAB@B@B@B@@ABAB@BAB@BAB@B@@@B@@@B@B@B@BA@@B@@A@@@@@@B@@@BA@BB@B@@@BB@@BBDBBBB@B@BBB@B@B@@BB@B@@@B@@@BA@@@@BB@@B@B@@AB@B@@@BB@@@@B@BB@@BB@B@BB@@BB@@@@@B@@AB@BA@AB@BA@@BA@@BA@AB@@@B@@A@@B@@@@@BA@@BABA@@B@@AB@@A@AB@@A@@B@@AB@@@BA@AB@BA@@B@B@B@@@D@B@B@B@BBB@B@BBB@B@@@DBB@B@B@@@B@B@B@DAFRFVJdNDBdND@hPhPXJNFRHVHhPhPfPB@@@PWPWBCR]JOHKDEJOHKFIHKDEFIDATENCJAHALCHAFADALAHCHAJALTJPNXDHDDDF@B~FDBĢĞEäEÞCłEĜðžUƂYÒC¨¢¹ÎõXSLĉÕÝ@ķ@@"],"encodeOffsets":[[102574,41391]]}},{"type":"Feature","id":"620902","properties":{"name":"肃州区","cp":[98.511155,39.743858],"childNum":1},"geometry":{"type":"Polygon","coordinates":["@@EG@AAACACECCAECCCGAEAEAEAE@CCECCCC@CAQ@@AQEAKCMEs@M@W@S@O@AE@WBGB[CGBODOAS@MAOBGBCBG@I@EBG@IDKBGBGDGBE@C@EAACAC@EAECGCGAGCECCACAEAGAEACAE@E@CBIBEBE@GBC@GBCDGDCFA@@@K@LAN@D@FDDBB@FANAdKpIVEFA@@B@@@DLFLDFDFHFXTVRJFDBJBbBNHbFXAbIVMBMM[CQXkJUPORMLMDEDE@EDIJKJENEVENCLGbQbQRMSlMNS\\k|nEqWYUKAyEiAeAOEAINYJiBKBEBMAIBGAGAAGOOQOMMSKIEGAEAGEIWICBBHFDBHHJFDJJHFBBEFOJIFMJKJMNAJ@VClELcTkAMBOFCFCBCAMMEEIAGDSbGVWTOHC@ABELE@S@EBGDIBODC@ABABCHMZ@@[BU@iCGBgDA@@@@@@E@I@CCGACAAABGNKDUH]IyhGFOFUEDLA@GDIDGDGDGDEFIFKFGBEDEFEDEDGFGDGDEDEBEBGDGBGBEBGDEFCDEDCFCDEDEDEBGDGBEBEBGBCBGBEBEDGDGDEDCDIDIDGBE@EBGBKBI@IBCBE@EBE@G@@@QNC@E@IBGBOHWFKHED@BDDD@JBD@FFBD@HBBDBBB@@@BA@C@A@GGICGCMGEACAE@cCG@]LAB@@HLBBB@DAPEDAH@F@BBDFBBB@@BABADCBA@IB@@fnīÌaeIIEEK[AOBIAKAIACEEECMECAC@CB@BDDFDJDBDDFBBBZ@LAD@BA@C@E@G@oHOPqhL\\j JPRZBBADFDFFHFBDBDBFBDFNBD@F@HB@BFBDFDHHDDFBDDHJJF@@@B@NA@@BA@A@A@A@@@AH@N@BABCDCDQLABEBKDEBGBOHGFIFABABAFAFADCJAH@D@BBBDBVJpVXJXJjRNF`NTLFDDBBBD@D@FBD@JFHFB@DD@B@B@BADCFABAFABABAB@@@B@BBBBB@@@BABAB@@@BDBBBDBNLZVTR@@@BIH@B@@HJDF@D@B@@ABIBA@ABCBG@QD@BABADAJAHBHBFBBBD@@@DADAHA@BB@BBBBB@@ABABGDOPCBCFEDCDCBC@A@C@A@@@@DDBDDHBHBHAL@D@FBFBBBFDBBFBJBHBD@J@H@PAJANCHADAD@BABA@AB@@C@A@AB@NABAFDJFB@BBPBD@BADAFCFABAJKHIHEFEFAJELEHAFAFADABEBC@M@CDCDC@A@@DBDBB@BABADA@@B@B@BBHFB@B@B@B@DBDBBBBBBD@BB@@@FADA@@B@BB@@BB@@B@B@BADA@AB@BABBF@F@B@B@B@FEFABA@@BA@EBA@@B@JEDCBAB@F@DBJBBB@ADC@@B@BAF@BBHDBBD@B@F@P@FBJBD@B@BB@@HBF@H@FAFAHCHCFCJCHCHAHAHCJAHCHAHCFAFAHAF@F@J@HBHBLDF@JAFBH@HBF@FAJAN@NAJ@L@L@JAHBJ@JAJ@HAF@H@H@D@F@HCDE@CFCBCFIBGFGDE@EBEAE@CBCFIBG@CCMCI@C@ABAHCB@"],"encodeOffsets":[[101361,40788]]}},{"type":"Feature","id":"620922","properties":{"name":"瓜州县","cp":[95.780591,40.516525],"childNum":1},"geometry":{"type":"Polygon","coordinates":["@@JWHSC}EsBCBO@M@M@OAMASAODMFOJKFSFMJUBMDOLSHUBM@MJOHODKBMBMBSDOASDKBMDOBO@KDOFMHMDIJQLOLMBGDC@@BC@ABIDCFAJABABADKBEBG@EBEDCBCDCPWBCDCBCBCBE@C@ABEDEDGFCFCNGHCJCFCF@J@HCDA@ACI@IDEBC@ABADC@@BAAA@CEEAA@C@ADALKBCBCBK@ABADABAFA@A@A@C@ABCDABABA@CBE@C@IBG@A@AFGDEFGFEDEDGJKAECEAE@CAC@CBGFIFEPQDCFGFIDIDCBCDCBAFCJCDADABCFEDCHGDAFCDCDCB@BABA@ABC@ABIDSFGDCBCDCJADADEB@VOÖYlGPAjGNABATMTMîsVEhKYtLbJJ@B@HBDBD@XAHADAB@BAB@B@BBB@F@HBD@F@DBD@J@D@@@BAB@B@B@B@D@DAB@D@B@D@DBD@D@D@@@BBB@D@@@PAB@B@DAD@DCB@D@B@D@B@D@B@BABAJGLKNMLKJI`_TUjkRCdGPCHAJCPGRED@BADAHCHCHEJCVIPGFCTGXILCDAB@@ABAB@@C@C@ADALEBALGXIJCHCJCPGDALALCFCJCHAHANGFAF@FAJAD@H@FAHAB@@@DAF@B@F@D@B@BAB@B@B@BAH@B@D@B@F@F@D@DAB@FBDAB@B@D@FAF@F@H@F@FADBDAH@N@D@LAHAH@DAB@DABADC@A@ABAB@BAJADAHCB@PEXGbKLCHCLCLETEPELAJCFAF@FAHAB@HARELCNCDAH@D@FAF@F@BAHANCPEJALAJADGDEDEBEBG@EACAEECEAAACAA@A@AA@A@@@AB@@EAA@@AA@@AAA@ABA@CB@@A@@C@AAAAAAA@A@AA@@C@CAA@AA@CCACC@EAAA@AA@AA@@EAA@KI@A@@B@DABAB@BC@A@@@AEACC@ACC@A@@BCBABA@A@A@AA@@AC@AA@A@A@A@@A@AAAACAACAAACAC@@CGAE@C@E@A@A@EAC@G@AAC@AAC@MAAAE@C@ABI@GAC@CBA@A@A@A@ACK@G@E@K@EBCBC@A@C@C@ABI@AAABC@GDI@C@A@C@EBA@C@A@A@@AA@AAA@@AACC@A@@A@AAA@@A@AAG@ABCACAIAAACACAEAGACGS@AAG@C@A@@@A@AAAAA@@@GCI@@@C@CB@@A@AB@A@@A@A@@AA@@B@BAA@@@A@@A@@BA@@@OBEDGBA@C@@BA@@AA@@B@B@BABGAEAIAIIEMGGEGEIIGECGBAA@AAACAAAAAA@A@GAC@AAC@A@K@CAAAA@AGEACCCCEEGCAACKM@@AEAKEGCGCICECE@CCCCCCECACCAAAA@A@E@I@CKGEKAKAMCGAE@GFGDIDGBICMAK@I@KDIDM@KCEEKCEIMIOKUIKOQIOCIAGIGBQEICMGKCKCMCKAICKCIEO@ICIAKCOCGEGCAECKIICCCGCMIECKGGCWIMEKEA@EAECAAEAAAGCCCCCCC@@CCAGCKAMAM@G@AAG@A@A@A@A@CAACAGEAA@AAA@@AAEA@@AAAAOOGECAAAAEAA@@AAAAA@AAAEA@EA@@@ACC@AKGIESGICMEA@E@AACAGAA@A@CBE@GDC@A@@@@ADMAC@AAAA@AAA@EBOB]@A@OG@AA@@CF[@E@@@@CAOEC@GEOGA@KB_FeH[FOD@@GDCBA@A@E@E@CBGBA@A@C@C@GAG@G@MDKFIFGJILGHGFMFAB@D@@@DBD@B@BABCDAB@B@DBBDB@B@@@DIDKFG@¿O©O¹WQE@mA{E}L}CG@SEYAQAC@EEIGqIwKA@G@ODKBGBKBC@GBEBC@QDGBKBCBEBE@KDE@EBODIBIBIBEBC@IDIBEBEBQBGBC@EBKBC@EBEBE@KBGBMBE@ODK@KDC@K@CBKBC@KDK@SBGBCBE@IBC@CBG@KDIBE@CBEBMDIBYHKDSDEBIDC@CBC@IDGBEBCBKDC@EBEBEBCDGBCBMDEBEBIBABAFCLCPCREh@@@D@DED@D@H@D@HADABABCBCBWDEBIBCBELCJCHEHAFEJGPEHADAL@DBHAH@F@DADCDCFEFEDCDEDCBEFABADAD@JBHBNBJ@D@BADCFCDEDEHADABADAD@DCJ@F@BBHBF@HBJD\\HfBNDRBPDRDP@FBFBDDBDDDFBDFJBDBD@DADEHADCDAD@B@BBDD@FBFBBBBBDHFHDH@FBL@FEACAMEA@kSMEgQA@MECAYG@@MCEAA@CAA@CAQCA@aGEAA@UKMEA@UG@AA@QGMBKBGBO@EBBPDtDBLBlBLBX@LBT@HBF@H@@@BMDOBgHkHUDUDmFUBKBYBIBGBK@IBKBIBKBKBUDMBmHUBUB_DIBG@GBIB[DQD¯TUFUBUFEBC@EB@FAFCN@JAL@L@L@L@H@FAP@HALAFAJAPAHAPCL@F@J@N@JBN@P@V@R@PB\\@HBLBPBJBTBDBLDNFNDHDJBDBL@RAFAJAD@FBJADAHADAD@B@DAFAD@H@FAHAFADAFAFEFCFCHAJAD@DAFABCFCFCFENAFADAF@D@DAF@D@@@BAHGTABCF@@CDCB@B@@ABBB@D@BAH@B@D@B@BABA@A@A@A@A@E@ABA@ABABAD@DAB@B@FAH@@@D@BABABEFEDEBEBCBA@CBCBA@CDADAB@B@BBDBH@B@@@BAD@@ABB@BDbtBN@NF@HBNBRD^BL@HALBHABEFEHAD@JCHIN@B@F@HBNAVBJ@PBZ@J@@CFILEBGFGDMDOD[BOBC@ABABAB@B@FLR@DEJAú@`@P@\\D@JALBPADHŨBbAhB ^\\Ĝ¨NČtJB@BEDKBCBCBCRSZ[TGNELELCHCDABA@A@ACA@AAIGMBE@KLKZWBGBEBGDAHCBCBCDGDMPYZmFIJI`[ZUXUD@BABABABBJHBBBFHP@BBRDHLZFLHRPj^^TTHFLHFDHFHFJHRN@@FBFDDBDBDBDBFDDBFDDBB@BBDBBBD@DBDBDBHDFBDBDDDBD@DBDDDBDDDBDBDBBBDDB@DBFDDDB@BBB@D@DBD@BBBBDDDBDDDBDBB@BBDBBBDBFBDDD@BBD@BBD@BBDBBBDDDBDDFBBDDBDBBDDBBBDBBBBB@@ZHLDD@@BBBFBDBBBDBB@BBBDBB@@BDBB@BBBBB@@HBxL"],"encodeOffsets":[[97898,42807]]}},{"type":"Feature","id":"620981","properties":{"name":"玉门市","cp":[97.037206,40.28682],"childNum":2},"geometry":{"type":"MultiPolygon","coordinates":[["@@GIyGKEIGIWcACMQCGIUIQ@AEIEMCCAAcUkO_GOIUIOAEEKACGM@CGKEMCEO]O_AQCmAcCoAKCoAQAQ@EAKA£Y[CGUYAA§µEGWcWcQYQ[KMRORK`[`WNMPKTOfËDGH_BC@AA@@@ISYsQcMY[uQaGO@G@A@E@C@A@AAA@CAA@@@ACACAAA@A@ABCFADEJMBC@CCIACCIAABCFIBE@AAA@@AAC@C@C@IBC@GACA@@EEAAA@E@A@A@CAEAA@M@A@AAAAAE@G@AAAAAECA@A@EAEACA@@@A@ABA@A@@AAC@AAA@@A@@B@JAJAN@LCPCB@BA@A@@@AGCYIQGCAECAAMGKECAKOAA@A~LKTSDE@AAA_OCAYKMECAIOOYIOECgWgU]QIEiWgWSKED@@BBA@WG@AJCB@DDBC@@AAIGEEKMECIECCEGAAEAE@O@CAA@AAACA@@@A@IFC@GBC@A@AA@AA@A@EAA@C@I@CBGFA@EBSDI@CBAAEAC@C@C@EBA@E@GBIBMDKBQBCBGDAB@AGECCAAACCKC@MCKC@AACAGAICGEGAEMaGMAAAAC@I@MAKCIAC@ABEBIBA@EBMBIDG@GAGCA@A@C@GBC@O@C@ABA@@BEH@DADEDGFMLEDA@CBE@A@CBEDCBA@IBKBKBKDMFA@E@ABA@EDCBA@CBE@ODE@E@CAA@GEAAA@U@EBI@QAA@C@CBGDCBG@IBEBCFCF@@CBKAIBI@EBCBK@Q@M@MBI@MBMBK@KDKDGDEFEDCHCDIDE@C@MBG@GBKBIBIBEBIBIBGBIBIDIDKBGBGBMFGBGFIFEDGFEFGHEFGFEDAJ@LCFADCF@@EDOJA@i@KBE@[FG@EBKDYLGDCFGLCFCBEBKBO@Q@EQAEAA@AACGI[EMAAA@A@C@C@A@C@CCICGCEAECA@EAGBG@IBC@A@EDIDABIBY@G@C@A@ECICEAKAICA@WQKIMMCEAAGEIGOESKECEEIGIEAACC@AEAECA@ACAC@AEAAA@@AA@ADE@A@E@@AAC@C@EBWHEBM@ABEDIFGDQHUHlCDCFGXENAH@BA@ABCBI@WDI@GDCBC@GDMDIDGBCBQ@E@C@KDmDmFSBYDODyLC@ABAFAF@HAFEHGHGFIHADELKTMRKRABPHHFD@PFDB@@@@@FE\\@DB@@BPHB@^@PAFAB@BBB@BB@BBDCN@B@@B@D@HCF@DAB@B@HBDBBBF@B@NFJDTHJFLH@BDD@B@@FBB@BFBBB@BBBB@@BBBFBBDBHFPPBBBB@@FBBB@@BB@BBBHFDBBB@D@B@B@B@BBH@B@HBNBNDLBHDD@@DDDDDDHDBBFBBBFDFBB@LFNFXJHDLHFDNJHDDDJDLJFDDBFHDHDPBLDJ@JFPDJDLBJDLDNDLHLDNFJARJHBHDJJPPRJLLVJPJNDFFLDF@LCNCJ@L@JBLDNAJCHCJEH@HBFDHBNBLFLLH@D@J@F@BBBBBDDDBDFDDDD@DDFDFDJDHFHBLBF@@LNBDDBFHDFDDBDHF@BBBBB@D@L@BBD@BBD@H@BBBBBBBBDBBB@ABDHHFJJHFHFNHJFBJBJBFAHABA@A@@@BB@@AB@@@DABCHAF@P@@AB@@@BB@@@B@ABA@@@BB@@@B@BB@A@@B@BA@@D@D@@DJ@H@@BBBB@B@B@@@B@DBH@BHTBDBHBFBDBDBBBJBDAD@BBH@B@BB@BBB@@@@BDDBB@@BB@BBB@@@B@B@DAB@F@D@B@DCJ@HADBB@BAJ@B@D@D@BADAD@F@L@F@HDL@B@B@B@BAB@DBD@HAJ@B@DBFBB@NBD@BBD@B@HBD@F@B@B@F@DBFDH@@BDBDBBBDDBBBBBB@@@@B@B@BBBD@@BB@@B@B@BABABAD@@@BDD@BDDFB@B@@@BADA@ABCBA@@@@BLJB@FB@@BBB@@BBBFBD@BDDDB@@BBB@D@DB@@B@BBBBBBB@B@DB@@@DAB@BAB@BB@@BB@@BB@FA@@B@@@BBBB@B@DBBBFBFDBFBD@FAHAFCFCFCHHALENCRCLAJCFAPAPAP@TCHAJAJCLCNCRALALAJ@NAPAPCNAN@NBNBJ@TATAL@NBRBPBZBVBXBRBN@X@PBFAF@DAF@NAD@B@D@DAHABAPBJ@@@B@FABAHABAB@FAF@B@PADANAD@H@B@B@BCB@FAXANCB@D@DAD@F@NAF@L@DAB@B@@ADCBAJGDAFCPIFABAHAD@F@DBB@B@DBH@H@B@D@B@LEB@BAJ@DAF@B@F@HBD@B@HCDAB@D@@@BBBBB@FBB@D@BBDBFDBBB@F@DB@@DDBB@@B@H@B@B@@ADAFABAD@D@BBB@@BB@@B@B@BB@HDDBH@B@BBBBDD@BDF@@BF@BBDDBBBBBBBBDFDB@BBH@J@D@JBFBB@HBB@FAF@H@D@F@D@BBB@DBBBB@B@B@BBHDDBDDFDBBJPBD@B@BDFBBBBBD@B@B@BB@FJBB@@D@hFJ@DBrFNBB@NBPBNBPBJVBFBD@NBF@FB^FB@J@LBN@HBbB\\BB@B@HBF@F@FBD@B@BB@@HAB@BBD@FAB@F@B@FBFBDBB@B@DBF@TBL@D@DBTDJDHBHBNDHBLBXFHBLDZFLD^HZFRJBRDRJBF@D@HBBBH@B@DBDBD@B@B@HAD@B@FBBBF@HBD@D@FBFB@@B@HFBBB@DA@@BBD@D@LFD@DBFBDBDBDBDBBBBBBBD@BBFBB@B@FDHDFBB@D@@@LDJDD@D@B@B@DADAB@B@BBBBHFB@B@HBFBD@BBLBLBFBB@DBHBD@@@D@LBFBH@HBDBB@H@@@"],["@@KGADBBBBDDFC"]],"encodeOffsets":[[[100693,41902]],[[100212,40669]]]}},{"type":"Feature","id":"620923","properties":{"name":"肃北县","cp":[94.87728,39.51224],"childNum":2},"geometry":{"type":"MultiPolygon","coordinates":[["@@PDTHB@FBFDD@DDB@B@DBDBDBBBB@DBDDFBBBDBBBD@DBB@HBDBF@FBD@FBD@BBB@B@D@D@FAH@D@F@D@D@DBB@DBD@BBD@BBD@FBF@F@L@H@F@hBHBB@JALBRDPFLBNHJBHBZDF@FBB@BAD@D@@@FCD@FAJ@FBJ@D@DBD@FFB@BBB@BBBBDBDBBBDBDBBBDBDDBBB@BBBBB@DBBBDBD@BBD@DBB@D@FBF@F@BBF@D@FBDBDBB@DBBBDBDBD@DBDBBBDBDBDBB@D@@BD@D@F@D@BBD@BBB@BBBBDBFBFBDDD@DBDBBBF@FBFBDBDBFBD@BBD@DBDB@@BBB@THJHDBDBPDXJBBPLDDB@DBDDB@JJ@@BBFDBBBDB@HJVP@@DBDDFDDBBB@@BBPJ@BFF@@HDDBNLBB@@BDBD@HBH@BDBBDDB@B@BBB@B@DBBBDDDBBD@B@BB@@@BB@BDBD@@@B@B@BA@BB@D@B@BABABABJp½ĄxflzŗĞ@R@@Bdp¾¯\\uNKDLNDDNRDBJNbhFhH¤x~VL@FBD@D@BB@@BB@@@@B@BBFBRD@@BBB@@@BBBL@B@@@B@@B@DBH@^DBBD@JFDDFBB@@BJ@B@FBFBBBBBBB@@@B`TJ@@FDFBHDB@JFDBB@BBDBD@DBB@BBHBB@BBFBJDJFJDFBB@FDD@@BB@DBBBB@@@BBB@@@B@@BB@B@B@@BB@DBB@B@FDFBDBDBD@BB@@B@@@BBB@DBB@@@@BB@BBB@@@@@BBB@BBDBDBB@BBB@@@BBB@B@BBB@BBB@BB@@BBB@BB@@@@@@BB@@B@BBHJXBF¦J®H¬FªJ¢HJRBPCA°@¨@z@B^BúbRZDPXFf´ăB@HMNYFIHQRYFKHMDGLSDGDEDGXgFIJMLUFKDEDEFKNUPYFKXgXiLSd{rtBA@@R_BATaHMdwFIR_DGµJSFGDGDENWZiDGHMHMDGNULULSNULSLUFIHKJQHKFKFGNYLQFKLQJQJQLQJQJQLQJQJQJQLQJSJQLQJQJQJQBAJOJQB@JQJQJQJQLQJQLQBEHKJQJQJQLQJQJQJQLQJQ@A@@BAJODEOK_WOMQKOKQMOMQKGGcY@@ECCCKGEEECGEGEaYOKIGMISOIGGEMIAAMICCGGIEEEECCCECECEEGEIEACCACCEC@AA@B@@ABABA@ABC@@AA@@A@@A@@@ABC@@AA@@BA@@@@BADAD@BAB@B@@@BA@@@@@A@A@@BAB@BA@@BABAB@@AB@B@@@B@@@@A@A@@@A@@A@@@A@@@A@@AA@@@BA@A@A@@@AACAC@A@@@@Ęė@@daŴųPO¾¿z_BAqbQgZOJCTKfWB@VE^I^IDATMBARMFCPKHETOBAJEHEFCRMB@JAZCB@BA^CD@LAJA\\IHAVGLCG@A@CAGAG@EAKAC@@@C@GACAA@EAKAKAAAC@EAGAA@A@GEAAAAA@A@CBCBA@A@C@C@ICKC@@C@A@EAGCECA@A@EAAAC@AAAAAACACACACAEACAC@KEC@C@AA@@CBA@AAGEA@@@EAEAC@C@GAE@AAEAA@C@GBA@A@C@CACAA@G@AAGAC@E@IAQQCIAQYE]GKCYEKCGAWEKAGAMCGAGAICSCCAC@K@SAE@CAA@A@CAEAEAA@E@A@EBC@AAA@GB@@AAA@C@EAE@E@GAA@A@[AaAGAM@KAI@A@]EEAE@MAC@EAUAIOAMAOAMAA@MAqECAI@gEC@@@AAEIA@@A@A@AACAAAACE@A@AACIOAAECCCCAGCAAA@A@A@AACAA@AAC@E@C@G@E@EBA@GAA@EAIAC@I@G@AAA@ECACAAAAAACAAC@AAE@@CE@ACCAAAAA@G@CAGCA@@A@A@AA@@AA@AAC@C@ABEBCB@BA@A@G@A@@@AACC@@CAE@A@AAECCAAAC@A@EAA@AAAA@@C@A@CBGDA@C@GAE@A@E@CBI@ABA@KFA@C@A@G@G@CAA@A@CAE@C@GBABEBOJEDCBIHABCD@BA@A@CBK@E@MBE@C@CBC@A@MDWBEBA@ADA@A@G@C@MBCBOBA@E@EBA@ABGBABEBA@@@I@OAABGBCBC@A@C@MBE@CBE@EBOAW@M@QAWAUAYAOAQAMAK@SBSBI@MAMAM@MBODOBMBI@KBKBQBMDKDIDIBGBSDO@OBOBEBIDKBQDMDKFGBIBKBIBOFMDGBABE@E@EBC@G@CBMDKDQFGBA@GBEBE@EBIDKBOFSFKFKDGDKDaLWHOFA@GDCBIBABA@AB@B@BCDABCBA@CBG@GBKBC@M@G@CBCAEBE@G@E@E@EBC@A@A@CBEAA@CBC@E@E@A@C@A@G@ABA@A@A@ABA@C@E@A@E@CB@@A@GBEBG@C@IBEBE@EBMHGBGBIDEDKDKBCBOHIDGDIDWJKHABKFCB@B@D@DA@AB@BA@CBKDWJSHEDOHUJIDGFGDGDCBABC@QFOHIDGBODcHQDilSV_`IJKLMNKLIHABABA@C@A@C@A@C@A@CDC@CBA@A@OB@@C@A@AA@@C@C@C@CAC@A@C@A@CBC@A@A@A@A@AB@@C@I@C@CAE@C@GAE@A@AAA@A@ABA@CBGBWBC@CAGAA@I@aIsKZgLUFítSNSNABMBiHOBkHÕZUPA@CFCBIBCDADCDEHCTAJ@BAD@BABABA@CDCDEDCBGHCDEFADCBCBIDEDABCDADCDCJEJEHCDOREFEJAH@DBD@DBFDFBFILCHCFEFEHCFEH@B@BAH@J@DAF@DABABCBAD@B@D@B@BEBABCBAB@BALADADKLCB@B@DBBFF@DBBAB@@CDAB@BADCF@JDJ@BCBGDI@E@EDIDGDMHEDEDCHCFAF@B@DAFADADCDADOXCDADCDAF@FAHAFCLABABIBEBCDAJ@BAD@@CDAHKNKPIRCJGNENCP@LAPCPANCLBTCPATANANCLGPIP@NANGVKTCPANIVENETILEPCNBPBTBN@P@N@NAPADFtD~GTIX"],["@@A@GBG@EBEAGAIAIAIAICIAE@EAIBGAE@E@IBG@EBEBIDGDKHGBGDA@KAAAGCA@AAKBC@ONEDGBC@C@ECAAAAC@EBC@CDCB@BIAC@A@AB@@AB@BDH@BCFEHADA@@F@B@@EBGHABGBC@CD@B@BADADCHAD@B@B@BB@DB@B@D@BBB@@FD@B@@@@ABCBEDA@@D@BBDHFDDBB@BADCFAF@DDP@BD@FDDBFFDBBB@@ADEDCBEDIDGBIDEDEDIDEDEDIDGDKBGDIBEBG@C@E@C@G@EBGBGBGBGBEBCDGDEBGFEDIDIDIDIFGDGDIHGFEDEDGFGFIFGFEDGFIHGFEFEFGFEDCBCBA@GAGAC@E@CBMJEDA@A@@@CKGMCE@CAACCCCGCAAACAAECCCECCAQACBA@CDCBAD@@@L@@@BCBCBEBA@GEGCCACAABGBA@AF@@CBEBE@EBGBGBCBGDGDGDEBEDEFEDCDEDADADADCFAFADEHCDEFEBEBEBEBCBC@@AGCECCAC@A@A@A@ABA@A@C@CAEAE@CA@@CAAAAAEEEACAA@EE@@A@@@OFEDC@E@A@CDADCDAF@@A@CBABA@ADAD@BA@@@GAC@@@CDCFADAFCF@DAD@F@D@FBF@DBHBFBF@DBFBF@DBHAD@FCD@DEFCDGDCDEBEBCBGBEBCBGBEBGDGBIBGBE@O@E@EBG@K@IBIBGBG@GBIDADCDCFG@GACAECC@GAG@GBI@GBGBC@EBEDCDEFAFADAF@FAFEFCHCFCFCFEFCFEFEDEDEDGDIDIDGDOFIFGFEBEDEDCDEDCFEFEDEFGFEFEDEFEDEBGDGFEBCBECAC@E@C@E@E@CAEACGAGBCBEBE@EBGDEBIFGDIDGDIDGBGBGDGBGBGBEBEDADCDEHAHAFAHADBHCHCBE@E@E@GBE@GDCBEFCFAFCFCHEDCHCDEHEDGFEFGDGFEDEDGDEBEBGBCBGBCDCBCDAFAH@F@@ABAB@@B@@FAB@@AB@@BDFFBBBBAB@@EF@BADOJCBADEBABGBA@C@CCEE@AAG@@@@M@CDC@E@CBA@ABCDCBGBCBQDC@C@AACBGDCDEBE@C@CBCFCBCHE@CBCBCBABEFEHEDGFADEFIJ@DCBADGDCBCBKFA@E@ECCAE@CBCBCBEBCBADEF@BABGLABGEC@CBABADADAFAHABCDA@EBC@E@C@CBEHGHILAD@BDF@DBB@D@BABGHCBQJIDKDIFABEF@BAD@BAFADABEBGFCBGFCBKFCBGFGFABAD@D@B@F@B@D@DBB@BBB@BA@ADEB@DCFCDADCDG@A@CAC@CAC@CAMCCACCI@E@IAIAK@EAGAE@K@G@G@G@GBGBIBGBG@E@GCCACAECCCECACEACCEAGBI@G@GDCBGDGDGBEBE@GDEDGBKFGDGDKFEDIFE@GAEAEACCIAG@E@GBEBEDEDCBEDEDCDEDGDE@E@G@E@EBGDKDGBG@E@GBEAEACAIACAG@I@E@CBEFCDADCFCDEFIDK@IAE@I@EFCDCDC@EAADCFCF@B@DBFBDBBPRFF@B@@@B@BA@ABA@ABEBAD@B@B@B@BB@DFHPHNJRBDBDDDFLBF@@@@ABC@@@G@G@GAMBG@G@@@CBA@A@C@AACBEDGB@@CBABEBE@A@EBCB@BAB@@@BABCBA@EBC@E@G@G@CBEDABCBA@ABGACBE@A@EBEBGBC@GBC@C@CBEBEBABCBABADEHCFA@@BE@A@CBCBGFIHABAFCF@BAB@H@B@@EBK@C@C@EACAEAECG@E@E@OD@BCBCBEDAFEFAFCDADCFGPCD@DCJAF@BABIDCDCBCDCJCFC@CBCBCBABCLCHAF@D@BABABABAFA@AH@B@DBDBBBB@D@HBHBH@B@B@@@D@DBD@B@@ABG@C@C@ABAB@BBBFFBDPPFPHvBPBLHRDhD\\FbBLAPCHCFW@K@C@K@_@I@]@C@I@E@C@e@E@K@E@C@G@E@E@G@A@ENCHKVADEHADAFABENAFELCJAFCFADCLAHER@BfB^BFB@@HBHBHBJ@H@HBH@H@F@JBHBF@HBHBF@FBF@HDJBJBLBLBHBJBLDLBLDFBJ@HBNBDBHDFFJDFDJDHDLFJDFBHFFFHFHBFDHDHDFBHBFDFDHDLDJDJBJBJBJ@JBJBLFNBJBF@J@FDF@FDD@JDLDHDHBJBFDF@JBFBD@D@JBFBF@NDFBH@HBF@LBFBJ@FBH@FBD@XFHBPDD@D@D@F@D@DBFFLDDBPBFBF@TFLDD@NDDBBBHDB@DDBBBBFBD@BBJBF@FBJDFBFBDBB@DBPFDBFDHDD@LBDBHBPBD@JBHBHDD@DBTDFBD@F@JBFBD@FBD@H@LBF@FBVDD@FBRDF@FBDBHBJBHBFBDBDBFBLBZHDBFBFBFBHBLDJBLDFBJBJDVDH@F@B@F@JBPFF@DBFBF@LDF@NDJBF@D@RBF@L@DBF@D@NAd@H@RVpFLDJJNFHJLFLDABABABC@G@C@G@CFC@C@C@@FgDQDODKBEBAJAFAFANCDAHADCFAFAFAD@LCDAFAHAJCD@DAD@JCFATCLCZGJANCFADAF@JALCH@DAD@JAF@DAHATAL@LCD@LADAL@D@LCL@PCF@NAHALAF@FAFAD@LAFAD@HARAFAFAJAJCD@FAJAJAJAPCFAF@LCF@FADALAHARCD@FAHAD@LAHALAPCH@B@xLrJJHFFD@RBZBTFH@~D~K|FnBF@RºXªPÀPH@LEJC@C@@@ACAAA@C@ABADCBA@A@AAC@C@@@CBANEHEHGJKHIJELENCH@H@HBD@D@B@B@HADAF@F@B@B@DAHC@@PC\\EfG`ELAB@BALQNQLSFKBCJGHEHGFGBE@GBEBEBAD@zKPCZCTAnEnCLCD@F@R@DAHAJCNCHCD@DAHCJ@XCJ@DABAB@@ABGFMHWDEDCkVGRGHCJEFCBAN@FAXGFAD@D@BB@@@F@BCF@BBB@@BBFB@BBDBDB@FDFB@BDDBBJFJHFFFDTLPFJHHFBBDFNNLJXRB@JDLBFBJDFDB@D@H@Z@JABAJCFCB@D@JAH@HAFBB@FDFBHDJDDDD@B@D@D@B@B@BBFNJ\\DHBBB@FBRBFR@P@LAFADADEHKDEHCZKLCFAH@\\EF@LAj@B@PIFC@@DEBCDE@KBIFCHEFEHGFEHEFCJEHEHANEHAHALAJCJCJAHAJAJAFAJAJALAHAH@NAD@F@JCDCDGFCFEHCLCLCL@NANAJ@NAN@R@L@DAFAJ@JALBDA@@DEDEFAJAH@DAHCDAD@B@RBJ@FAV@B@BBHFB@DBF@F@PCF@DAB@DAFCB@BAF@B@NELCLALAJAB@DAFCDAB@F@DAB@FCNKHEFCBC@CFG@AB@BAD@P@D@HAD@B@B@HDHBH@JCNAFAQYq]I]IMCGG[@AGEKGCCKEcOOCKEECCEGGCCACAGAICKIKCEEKGIGIACAECCCEAAAE@C@ABEBA@EAK@QAEokcAGAEEWYOOCCGCIECC@CAGDEFEBC@UM«dXgDIHFYCCAAEDEBGFEDEDCDGJEFCDEDGAGAIAGACAGCE@GBGBCBEDADADAFADABAHAFCDEDCBCBEBC@GAGAGAG@IAE@G@KDQAWH[H[LkPeLyD]@]@EBOFWBeA_AQ@_C]@ODIJOJIBQ@a@aEcGgEAA@@@A@@@A@A@@@AB@B@B@B@BAB@BABA@A@@@A@@@ABA@@@A@@@CAA@@@ABAB@BABAB@BAB@@@B@@@B@@ABA@@@@B@@BBBB@@@@@B@B@BC@@BA@@AA@A@@@@B@@@B@@@BAB@@@BA@A@@@A@@@@CAAA@@BA@@BAB@B@@@BAB@B@@@B@@A@@@A@@BA@@@A@@AA@@BA@@@A@@@@@A@AB@@@@A@@@A@A@@@A@@B@BAB@B@B@B@@@BA@@@@AC@A@AB@B@B@B@@@B@@ADC@AB@@@@@B@@AAAAAAAAC@@A@AAA@@ACAAA[_YYKK@SASMCGCJUEKCQAOJOJOCQS]MSGYEOCOAQHMHEFMIUGS@UJCJ@JUVOLBFCB@DBB@B@FAD@HA@BB@FA@A@@@@ACCGACCCCAAE@A@@BADC@ABA@C@@@@@AB@B@@A@EBCAC@A@AAA@@BA@ADC@A@GBEBE@@@A@@AA@AAA@A@AAE@C@C@AA@AA@AAA@CBA@CBC@O@E@A@C@AACAC@A@CBC@AFMBC@IDEBI@@B@BABABA@CBA@@B@PAD@DAFAFCD@DA@@@@@EAI@C@I@Q@AAAAAACAACCAAAACC@A@ABC@@BA@ABA@A@@AA@AA@@ABA@A@AAACACC@@BADEBCBCDEDGBA@AB@B@F@D@@ABABCBCB@@@DAH@B@B@DBB@BBBD@@BB@BBB@@BABADABAD@BA@@@A@CA@@A@AB@BABAFC@@@@AACCCA@A@AAA@A@AACAEAA@@AA@A@A@A@@AAA@AAA@A@E@C@A@AAA@@@BABCDAB@B@B@B@B@B@JAF@@AB@@C@A@A@AACAA@A@CAA@CJ{BOsUwUcMSK_CLOJMNWJWAUBo`KFW@YJSJEA@@@@_@@@@@BA@A@A@@@AB@@A@C@@DC@@@C@I@@@ABC@@BAHCBABAFC@ADG@@@A@A@E@ABC@ABC@@BABA@@@@SLS@YGUOIMJQXGXMJI@QIQ]KAmF]@KAGGCISBUBOGKI@KTK^ONELGJGCMIM@WEQ@@"]],"encodeOffsets":[[[97898,42807]],[[99020,39348]]]}},{"type":"Feature","id":"620982","properties":{"name":"敦煌市","cp":[94.664279,40.141119],"childNum":1},"geometry":{"type":"Polygon","coordinates":["@@ABgAaGŧBCAOBK@IC@[@O@_BùFI@CKQ@E@ABABABAD@PA\\APCNCHCHEFAJKDE@@@IAY@OAIBUAM@G@E@AJMDG@IBCFGFEBAAGBK@GAKC]AQAM@GE@MAMasACA@BA@@BC@A@@@AAGAC@A@ABABCDCB@DADAB@DAFAFAFCFEBABA@A@C@@BG@E@ABA@CBCBABAB@BAF@B@B@B@B@B@BA@A@A@C@ABG@A@CAABA@@@ADADC@@DEBAHSBG@A@@@CBE@C@CBEBCBEFMDEDEDEBABE@CBCBIDGDEFEBEBEBCBEBG@E@GBCBE@C@ABCBCBGBCAI@EBCBIBE@QAKACCICGEMCMAKACASAIAOAK@GA[@O@Q@U@OAM@I@M@I@EDKBOBGBOBIBEBK@GBO@E@G@K@K@KBK@IDMBE@EFAD@FAVEVAVE°SRC\\CJAHAH@JA`CVAVAnGNAVCLALAJALAJAL@HAJAZALAVAnEVCVClGhGPANC@A@@@GAE@GAS@KAWAKAkAKCCsAOFAP@HALANARHB@@BVHB@NFVLB@FBbHB@RDDBB@DBB@FBND@@ZHDBNFB@hRNFlTB@NFDBFB@EAK@ECGEGCGAAAAEAEAC@AC@A@ABCDCBCFGBC@CACACEIACCECCCAACAE@ECOCQAOCQAMGeC[AI@GAEAG@A@EDI@CBCBCBABCFGFCDCDEBC@A@CAIAMAG@IBCBCBAFEDAFCDCFCFEDEDCBC@C@EBGAG@CBKBCFGHOFIBEFGDGDIFKDAJAFAXCDAEKIKEGIMCIEKoQUG@c@MBC@E@CAK@E@QAC@E@IAMCE@KCE@EACAE@OEIAE@A@E@G@UCICIAEAKCIAKCGAEAEAEACAYGKAEACACAEAGAIAGACAEAE@QCEAC@UCEAE@KAG@C@EAC@EAIAE@C@EASCCAC@GCGAIAC@OAGACAKAC@GCECCAOECAA@CAEAEAICEAE@IAAAC@EAAAAACCA@GCAACAMCC@KCSEE@EAOACAKCEECAC@E@C@C@C@OCGAWEC@EAG@EAI@EAKAE@GAG@EAMCE@EAIAC@C@EAIAE@ECIAGAGCKCICC@ECE@ECI@E@IAMAKEIAIAI@IAIAIAICKCGCECECGAEAGCGCECGAGEEEGEEAICKEGCICECICEEGCCAMAGAI@EAKCKAKCIAGAKAKAIAIAGCE@EAE@GAGAE@GAIAE@G@G@GAG@I@GAGAGA@@EA]AeA@AFQBGDKBCDEBEDIFKBEFMBABEBCFGBCLUDGFMaAa@iA_BeDË\\­P{NSFeJY@YAY@[@UCWGSKICcIWEIEGGGCI@C@KDI@M@MAQB]HS@Q@U@uDYBcBmA]BQ@QDeLOJ[NYLKFUHYJSNQLKFeNQF]FWDU@YBK@MAOAc@MFODSBG@OAS@M@OBIBCBA@CD@JCF@HCFCFABGBMDK@M@KDKBODMBC@[HcFYDqD_FKDAF@X@HS`KTEJ@DBH@D@B@F@BABCBAHADSLKHCBABE@K@A@ABCDABE@CBIBUHGDEAECC@C@C@CBE@AAMAEAACC@CAE@CAC@CAC@CAG@E@K@OBE@GAY@A@C@A@CAC@EBG@C@E@IAI@GAEAE@O@SAIAGAAAI@EAKAIAEAA@@@@ABA@AAAAA@AAA@AAAAAAAA@C@AAAACAA@@@@A@AA@EACACCCCCACAECA@ECAA@ADE@AAAC@ACACEEAA@CBEAC@@AACAAA@ABCBC@A@ACE@CAC@EBABA@@@CAA@AB@BC@A@@@AC@CBC@EBA@AAAAA@@CAAAAECA@A@A@A@A@@A@A@ABA@A@ABCAA@@@A@@BAB@BA@A@@AAAA@AB@@ABC@EAE@EB@FADAB@@C@A@AKCKCIAGCOCICEAMEIAEAICOESGEAOEUGGAcKSEEAEAEAIAEAEACAC@C@AACAECOCMBGBG@UBE@K@IAi@I@QAE@E@IBIBKBcDE@OBYBIBIBA@C@E@EBC@C@E@ABE@E@C@EBC@A@@@A@A@A@@@AB@@A@@@@@A@@@A@@@@@A@@@@@A@@@@@@@@@@@A@@@@@@@@@@@@@@@A@@@@@@@@@@@@@@@A@@@@@@@@@@@@@@@@@@@A@@@@@@@@@AB@@@@@@@@@@A@@@@@@@@@@@@@A@A@@@A@A@A@@@A@A@@@A@A@@@ABA@@@A@@@A@@@@@A@A@C@C@EBG@I@GBE@E@K@MB]BC@GDGBIBMFIBKDGBMFMBEBIDC@C@E@G@E@E@E@KBC@E@MBE@C@E@C@ABC@EAG@E@C@@@ĴTNdĄvŸT\\ĎŦFbBN@@T¶JĞFÔÖTɂȾBBHBɊ`BF@@¸łIK@@ĈĔ\\fäĒBDRRº®xrðÜÌ zhB@ȂŰvdLJƠrPDFn"],"encodeOffsets":[[97050,42571]]}},{"type":"Feature","id":"620924","properties":{"name":"阿克塞县","cp":[94.337642,39.631642],"childNum":1},"geometry":{"type":"Polygon","coordinates":["@@B@H@F@F@H@D@F@L@F@f@D@F@J@D@^@J@`@L@D@L@X@DEDGBOAKEaC[CgGQAKAOGuEOOOACEEAA@ABABAD@D@H@BA@@@AAC@C@C@@@A@AAGAG@G@CAAAAAC@C@ABGB@BEBABABA@A@CBEDGDKBADADADAD@DEDIDCDADCJCBA@ABEDI@CDCHODEBCDCBEFEBEFCDADA@APCF@F@H@FDFBDBFBD@D@L@FA@@@A@GBA@ADEBEBAJGHEDADAB@F@@AB@DEFGBCBADABAFAFADAD@D@HAD@HAFAFAB@F@DAHBBAB@DABAFCDAH@H@F@D@FAB@DABA@A@@BA@ADAFAB@F@FABADA@@HAFCDABBD@B@B@DA@@H@H@NAHBH@H@@@D@BA@@@@AEEKCCACACIQGMGOCEA@@A@A@A@ABCFABAB@BAB@@A@A@@@AEEOQAAACAE@C@ADEDEBCFBD@DCDCFEJ@F@JBL@JCFEDCDEBCDCFEDAF@J@H@DBJBDBFBFBHAF@H@HALCHCFAF@H@F@F@HCFCDCFCFCDAFCFCFAHAF@H@JBDDFBFBHBF@JEFCLEHCHCLEHAFCHCF@FAHAHCHCDAHCH@J@HAFBDDFBBDFDDDFDDBDBHDF@H@HAJAHAHAH@H@H@L@F@HBFBL@JBJBF@J@DDDBNDDBD@DBD@DBB@H@DCBCDCDE@CFABCB@@AAA@AAA@C@C@A@E@A@CBCBAHEHEDALEDAHEDAHEFABABCBE@ABC@AFEBAJELCJCRIDAHGBA@A@CAA@CCE@ABCJKHGFGDAD@F@D@FAB@DCBABGBEBCBCBADAD@HFBAHKBA@AFEBCDAFADADADAF@DBFDF@B@LEDADAHCBCDA@CJIFEBCHEFCFGFEBADADADAF@DGDADEDAD@F@FADCHCDABBD@D@RCDAHADADCBAB@DAF@D@DCN@@@@@BH@BFFDDD@B@HABAFABCDAPIBC@AFE@@BAAAAAEEAC@@BA@@BA@EA@@@BABA@@@EBGBEDCDADCHADAHAFAFAHCFCFCHEHCFEHEFCFGDCDGFCDGDEBEDEFEDAHCF@HAF@F@F@DADGAGBCBGBEBGFGDCBCFCFAHAHAHAHCHAHAJCHCJCHCJEFAHCFAF@FADAHAHBBDBF@D@F@F@D@FBDFDDAFAHEHCFAFCFEFCFEHEFEFCFEDEFCDCFCFCFAHEJEPEHCJCJCHCFCFCFCFEDEFEDEDEDEDGFEBE@EBEBCBEFEDCFCFAD@HAHAJ@HAH@HBD@FDDBHBH@DEDCBCJCHAH@HAJAJAL@H@FAF@P@F@HAJAHAHCFAHADAFAHADAFAFADCHCDCFE@CDC@EBCAG@CAEAE@CAEAEAG@CAE@E@C@EBC@CDEBEBCDEDC@@D@HB@@B@@ABCBCB@BADAB@@@BEDCBCDCB@F@D@FCPE@@B@@@FFB@DBFBFFBBBBDB@@DBF@FBDBD@B@B@BAB@B@B@D@DBFDHD@BD@DAFAFAFAFAFEDCFGBCBEDEBCBCBCFCDCFCFEFCFAHCHCHCDAHAHAFAF@FADA@@BEB@HABADBDBHDHFB@FADADA@A@@@K@@BCDADCB@DARBDBFDDDFDBBBDBBHDDDDDBB@DDFHNDL@@B@B@FCNIDAF@D@HBHBB@DADAFCHEFEFEHEJGHEFCHEJEHEHEFCFCHEJGHCHCJEJCJCJCFCHEFAHCDCFAHAHAHAHAFAH@D@F@D@H@FAJAHCLAHCJCFCFCJCFCFCJCHAJCFCDAFCBC@@AACAEECAECC@@ACO@CBEDEBC@AAACCGEAC@A@CB@FCDABA@@@@@AEC@@AA@A@C@ACAA@@A@A@ABCDGBCBC@A@ADCD@HABAHGFA@@@A@EB@BCFGDE@ACG@ABA@@BAB@D@JB@ADADCD@FAD@BBBBFDD@D@HAFCPMD@LABBB@HDBBLBB@HCHALGHCJCFAFAH@JAF@F@HBJAFBF@JBJDJBJBJBHBFBFAH@HAB@AEQQA@@@A@A@AA@@A@A@AA@@A@A@@@@@A@@A@AA@@@AA@@@A@@AAA@AA@A@@A@@@@A@@AA@@AAA@@@AA@AAA@@@@AA@AA@@AAA@@@AAA@A@@@AA@@@@A@@@@@A@@@@@A@@A@@@AAA@@@AA@@@A@@A@@@AA@@AA@@@@A@@AA@@A@@@@A@@@@@@A@@@@A@@@@@@AA@@@@@A@@@AAA@@AA@A@@@@@@@@AA@@@@AA@@@@@BA@@@@@@AA@@A@@A@@@@@A@@@@A@@@@@@A@@A@@@@@@@@AA@@@@A@@A@@A@A@@@@AA@@@@@A@@AAA@@A@@A@A@@AA@@@A@@@AAAA@@A@@AA@@@@@@@@CA@@@A@@AA@@@@@@C@A@@A@@@@@@A@@@@@@@A@@A@@@@A@@@A@@@@@@@@@A@@@@@@@@@@@A@@AA@@@@@@B@@@AA@@@AB@@@BA@@@@AA@@@@@A@@@@@@@A@@@A@@B@@@@@@A@@@@@@B@@A@@@@@AB@@@@A@@@@@@@@@AB@@@@@@A@@BA@AB@@ABA@A@@@A@@@AA@@A@A@@@A@@@AB@BA@@@@BA@A@AB@@A@A@A@@BA@@@@BA@A@AB@@@BA@A@A@A@@B@@A@@B@@@B@BA@@B@@AB@@@BA@@@@BA@@BA@@BAB@@@BA@@B@@AB@BAB@@@@AB@@AB@@AA@@@@@A@@AA@A@@@A@@@AA@@AA@@@@@@@AB@@A@@@A@ABA@@@ABA@@B@BA@@B@BABAB@@AB@@A@@BAA@@A@@AA@@@A@@@A@A@A@@@AB@BC@A@@BA@@@ABC@A@@@A@ABA@A@AB@@AD{GB§VXRR{NqFs@E@UBkI}q¡@A@ADGBCCAGECCA@CAAABEBA@ABABABAD@B@@A@A@AAC@A@ABA@ADEBC@AAACAECC@A@A@K@A@A@A@@AAA@A@@@AA@A@CAA@KBC@AAA@CCCCAC@@A@AAK@@@CBABABEDCDADABAB@B@@BF@B@B@B@B@BAB@BABA@C@C@C@K@EBABA@@BE@G@AAAMAOGKYBsVMJOFS@ILIBGBA@G@C@C@CBA@@BC@E@A@A@G@A@EBC@CB@@AB@B@DC@EFA@ABG@C@EAMEE@A@E@ABC@EDABC@E@@@AC@ACEAGAA@AAAACA@AAA@@BA@EBABGBA@A@EBKFAB@@CDC@ABKHEDCDABAD@BAB@BABA@ABA@A@E@C@AAC@EB@@A@@B@BAB@B@D@DA@@@C@EAA@A@ABC@C@CDE@C@CBA@A@@B@F@@@BA@@B@@A@CBA@GBCAA@AB@B@J@DABA@G@EAE@C@CDABABAFA@@BCBC@ABG@A@CBCBABAB@BAB@DBB@BABABED@B@B@BDF@@BB@B@BA@A@@BQPOJMPA@ADABABCB@BCBAB@BCBCB@@C@C@IAA@CAEAC@AAC@A@C@CAGAA@EAAAA@C@A@AB@@A@ABABCDADCD@BAD@BBB@B@BBBA@@DAD@@AHAF@DADADCHAD@DAF@B@DAF@BAB@BABAD@@@BBDAB@@ADABABABEFABCFA@ABA@C@C@AAC@AACAE@A@AA@@AAAA@@A@@BCBA@ABG@CBA@EDA@@BC@C@I@G@E@A@CBCDEBEDA@C@@@@DADEBEBI@C@@@A@@BCBGFG@E@A@EBABABKFABAF@BBBAB@BA@CBCBA@ABAB@B@@@DB@AB@@@@CBA@E@A@AB@@CDAD@BA@A@@ACC@@CAC@E@C@ABC@A@ACA@@CCC@@CA@@C@E@A@A@CEA@@C@@@A@CBABA@@@A@@@AAAAA@@CEAACGEE@AA@CAA@A@C@IDA@EB@@CAKA@@AAAA@E@A@@AA@AA@CC@@ACAAAACACCAACAGAEA@@AA@AAAAA@AE@EACBABA@A@C@A@C@IDEBA@E@A@AACAA@CCCCAAAACAA@A@@A@A@@@@AAAAA@@ABA@A@A@@CCA@CAC@CAC@E@AAA@ACAA@@CC@AAAAAA@E@E@EAA@C@AA@@ACEE@A@@@ACACACAGEAAAA@AAAAA@@AAA@CBCBA@A@C@A@A@@@@B@F@H@D@BAD@BABA@CD@@@@EBGB@BA@EAA@A@A@@ACCECACCACA@@@AAA@AAA@ACACAA@AAC@C@EC@AC@AACAAACAA@@@A@ABA@CD@BABEBAB@B@B@D@BBB@B@B@BEFAB@@@@A@ECCCA@C@@@C@C@@BA@ABCDAB@@AAA@A@CC@AE@AAAC@@AE@@AAA@CAC@A@CBCBA@AB@@AB@BAB@@CAA@CAA@AACA@AA@A@A@EDABE@E@@@A@@BA@AB@BCD@@A@A@A@A@ABCBABCBA@A@E@C@C@E@AACAEA@AC@EAC@E@A@ADCD@DADCBEBCBCBA@ABAA@@EA@@CCAAACAC@@AAABA@A@ABE@KCCAEACAE@A@AAA@AAA@@AAC@C@@AA@@CCA@AA@@C@I@C@IFCBABAB@@@F@@@BCHABABCDA@@B@@CBABG@CBA@AB@BA@@BC@CBA@A@@@@@@D@BABABABABABA@A@A@E@GA@@AACAC@C@A@E@@BEBCD@@@D@B@DAB@@ABCBCDCB@B@BAFCHAF@DEFCH@B@@BB@@DB@@@@B@@D@DBBAB@BCBABCDABAD@@A@@@A@ECA@@@AB@@A@A@@@ADA@CBCD@@@B@B@@@BABCBMBGBKA@@ADA@CBA@CBA@A@AA@@ADA@A@@B@@@DA@AD@BCBAB@@@B@B@B@BABCBABGHABADADA@@@A@CCA@CAC@A@EBC@ICC@ICECCAECA@CAA@I@A@EAAAAA@@A@CBA@ABMFAB@BA@@BABA@A@CD@BE@MH@@A@AA@ACCCACACA@@A@CBA@EDABAD@@CBA@@BABAB@B@BABCBCB@@A@AA@@AACAE@E@A@G@ABA@ABA@A@A@ICC@EBA@@@EBCBABCBABA@ABA@C@C@C@A@EAA@E@C@A@A@EAGAC@C@@@A@E@EAA@C@C@AA@@AA@EAA@@I@CBA@C@A@CAC@CAIBI@C@AACACCGAG@IAEC@@AA@@BC@EACCCAA@ACAAACAC@E@C@C@AC@A@AA@@@A@A@A@AAA@CAG@G@GAE@C@C@CBC@A@A@A@@@AAAC@A@@A@@@A@A@@BA@C@G@A@AAECAAA@A@@@GDA@AAC@A@ABC@A@EBC@E@A@EA@@E@@@A@CC@@C@I@A@@BABA@@@C@C@EAA@G@C@AAE@C@GBC@C@C@A@C@A@A@C@AA@@A@@@AB@@@BAD@@A@C@C@C@A@C@@@CCA@A@I@G@G@CACAA@E@A@A@ABIAC@CBE@ABA@G@E@AAGAA@C@CBA@A@A@ICA@E@CAA@AAA@GAE@A@A@@ACCCA@@EAC@A@@AA@A@K@C@A@AAECAAA@@@A@A@A@E@GDA@CBA@@@AACAA@@AAA@@AAA@A@A@E@C@@@AAA@@A@@@G@AA@A@@@C@GAC@AA@@AA@AC@ACAAC@A@AC@@@CA@@@@@A@A@ABA@C@A@A@@A@@AA@A@@[JMHCDAFADAJ@FB~@RBF@F@HCHGHKLGHCJi s¸ìo¬yÀENENIAGAIAC@CAGCE@C@E@MCC@IBK@K@CBKBE@MAEBA@E@E@C@ID{Gő]ĉUcCA@yGA@CCIECAQECAA@C@C@C@E@CAG@EBKDM@C@ABABE@CBGBA@OBI@EBEAEAA@EAEDO@CBEBGBCBABKDQD@B]L}Z[^@@IFCBEBC@ABCDCH@D@D@DCFAD@B@DAD@DADCFADAB@BC@ABA@AB@B@DBBDDBFDFBB@BDBHBB@F@nBØH^B@N@S@{@U@IFMHf}`EBGFMJSN@@E@ÕCAAkAiA@½EwE}EE_C@@@@A@@@@@@@@@@@@@@@IA_I]IM@G@@@@@Q@QD[VGB[NIDAAK@IAIBS@I@aHUJNpFhFvDdDRBXB^@@@@@@@@@@A@@B@@@@A@@@@B@@@@@@@@@@AB@@@@@@@B@@A@AB@@@@@@@@@B@@@@@@@B@@@@@@@@@B@@@B@@@@@B@@@@@B@@@@A@@BA@@@@@@B@@A@@@@B@@@@A@@@@B@@@@A@@@@B@@@@AB@@@@@@@BA@@@@B@@A@@@@@A@@B@@A@@@A@@BA@@@@@A@@@A@@BA@A@@@A@@@@BA@@@@B@@@@@@@B@@@B@B@@@@@B@@@B@@@@@BA@@@@@@B@@@@AB@@@@AB@@@BA@@@@B@@A@@B@@A@@B@@@@A@@B@@@@@BA@@@@B@@@@AB@@@@@B@@@@@B@@@@@B@@@@@@AB@@@@@BA@@@AB@@A@@BA@A@@B@@A@@BA@@@A@@BA@A@A@@BA@@@@@@@AB@@@@@@@B@@@@@@AB@@@@ABA@@@AB@@@@A@@@A@@@AB@@A@A@@@A@A@@@@@A@@@A@@BA@@@@@AB@@A@@@AB@@A@@@A@@BA@@@AB@@@@A@@B@@@@@BB@@B@@@B@@@B@@@@A@@B@@A@@BA@@@AB@@@@@@@B@@@@AB@@@@@B@@@@@@AB@@@@@@@B@@@B@@@@@B@@@@B@@BB@@@B@@BB@@@BB@@B@@BB@@@@B@@@B@@B@AB@@@@@B@@@B@@@B@@@B@@@@@B@@@@AB@@@B@@@@@B@@@@@B@@@B@@@@@BB@@@@@@@BB@@@@B@@B@@@B@@@@@B@@@@@B@@@B@@@B@@@@@B@B@@BB@@@B@@B@@B@@@B@@@BBB@@@@@B@@@@@B@@B@@B@@B@@@BB@@BB@@@BMPIHIHKFG@K@IAEACCCGCCGAKCOGEACA@EEECCECK@IBECICGCIBIDKBOBQ@KBE@A@E@E@C@CAECICEECAEBCBCDGDCHCD@FAFCFCDGBGBG@IDG@CCCAE@E@G@E@GAGAGCGAE@I@I@EACACCECCCCCECGCCCAC@AAEECABC@E@C@EACBABCDCACAC@EBEBCBEBE@CA@CCCCCGCKAE@CBEDABEBGAC@E@CBGBG@C@E@GCEAC@E@E@GE@A@CGAC@E@E@GACAAAEAE@E@CAACCACAE@EDCBCBEBE@KAACCCCAECGAC@CAEAE@C@CBCBEBEAEACCCCECIAEBABCBABCFCBEDCCAAEAE@EAEAGCE@G@EAEAEAG@E@C@EBEDEBEAAAAAEAE@E@E@CBCA@CCCABABCBEDE@C@C@E@C@EBG@CACAACBEBACACAC@CBC@EBE@CAC@AACBEDC@CAEAG@C@EACACBGBCACCCCCCACCACEAE@A@CCACCECACECCCGEACCCAC@EBCBABCACAC@E@CAC@ECAE@EDEBAACAGBEBCACBEBE@EBE@EA@C@CECE@EAA@EDABCBABA@@BA@CB@@A@@D@BABAB@B@BA@ABCB@@@BAB@@ADAB@@ABA@C@E@CAGAA@C@A@G@ABC@CDCBCB@BEDABADA@AB@B@B@D@B@DADAD@BAB@B@@BD@@DBDBDB@BB@BBBBDDBBBBBB@B@B@DAD@BABADAB@BA@AB@BAB@BB@@B@BBBAB@B@BABA@CBA@A@@D@@@D@B@D@D@BAB@DAB@DADADABABC@@@AB@BAB@D@F@F@B@H@D@B@BAD@D@B@B@B@@@BAH@FAF@H@FBF@D@@@DBDBFDF@D@D@FAHAD@FADAF@FADAFAD@F@D@DDBHFFDFBFDDDDDB@HDHDHBFDFBDBFDFFHFJHFDFFHDDFFDFFHDFFFDFDHDDDHFFDDDFDFFHDHFFFFFFFJFFFHDFDFDFFFDFDDFHDFDFDHFFDFDFFDDFBFDHDFD@@ĔŎV\\¢ŦFT@@Z¢D@F@H@FBD@BAD@F@D@F@NAF@D@LAF@F@F@H@F@D@D@JCFANANEHALCJANEJAHAHCD@^ANAL@F@F@HAJ@H@FAD@D@B@B@@@@@B@@@B@@@B@BA@@B@B@@@B@B@@@B@B@B@@@B@B@@@@@@@@@@@@@B@@@@@@@@@@@BA@@@@@@@@B@@@@@@@@@@@@@@@@@@@B@@@@@@@@@@@@@@@B@@@@@@@@@@@@@@@B@@@@@@@@@@@B@@@@@B@@@@@B@@@B@@@@@B@@@BA@@B@B@B@@@B@D@FAD@F@F@BAF@D@D@FAF@D@B@JAJAZAPAF@dCLAJAJAF@F@RBJ@j@JBL@F@VAH@HANAPDFDDBBBD@D@DBFBFBJBFBFBFBTFdLHBVHPFFBTHPFJDFBJBNFFBJDPDHDJBLDLD@B@B@DA@CBEBA@@FBF@FAD@BA@@BBBBB@@@BABA@AB@@@B@@BBAD@B@BAB@B@B@BB@B@B@B@B@FDBBBB@DB@BBBBB@FAD@DAD@@B@@@BADA@@BBB@D@@ABAB@FBD@DDF@B@BADAD@BBBDBBB@@BDAF@DBBFFBDBDD@BB@BCF@BBBFDB@FDDBDBDDDDDBFBB@@B@B@@B@DBBBBBD@B@BBBBBB@BBB@BBBBB@BAB@B@@B@FBJBLBFBJ@BBHBJBTBP@F@FBHBJ@JBF@D@H@FAD@DBB@D@B@Z@HBF@PAL@F@H@DBD@DBD@DBF@DBD@BDFBNBBBF@DAD@D@D@FDFBHCVGJADAF@BADCBAB@L@F@BADALGTKBCBGDABA@A@E@A@CAG@CFILST_@G@WBELC`ErCZCdE\\GD@NAPCLALCN@L@NCHABADEDE@GDE@IDCB@DAJAPAN@T@PBH@TAPCNEd@PBNBL@ZAV@XC^EREfMLERKTMZIVGLEZK\\MPIfKRCR@^AnBdAZAvCV@R@T@^GRANBN@J@LCD@J@HDHHJFXFdJJDTLXHVD\\@Z@ZBZ@fITE|M®OÌ[fC`AjBb@bB"],"encodeOffsets":[[96860,40595]]}}],"UTF8Encoding":true}