{"type":"FeatureCollection","features":[{"type":"Feature","id":"340811","properties":{"name":"宜秀区","cp":[117.070003,30.611323],"childNum":1},"geometry":{"type":"Polygon","coordinates":["@@HGHGJCHADEDCBCBKBEDCTOHEHCBCDEDCJCDAD@DAD@BC@C@C@A@@B@BAFABABA@AFACECEBENCFBJHJAJABCIMCGGSGMCIEGCC@CBUBSBG@GAKAKEGGEGIEMMKIIGMGOMMIKIIGEAEAG@C@A@CBC@CBC@C@A@@AAA@AA@@CBE@A@A@A@C@A@A@A@A@C@A@C@C@C@A@CEA@CACAACA@@@A@C@A@A@EAA@@@ABI@EBGDKLMDANGAIECPKJGFIFAHAF@B@@@FAPCNGLEDKIKEE@ECCGIEI@MGI@G@GDDBDDFDBBBB@D@L@FBBABADAB@DAB@@AF@B@H@B@BCTABEBA@AB@D@RAFFDHHBFBDDBJFB@ABCDCDCFELGFEAGACHAFBFBFJBDB@F@BDBB@@HBDD@DB@LBDJ@HBBD@FDFJJDBH@D@BFBDBB@F@BE@I@CBEBAD@FDH@@@B@@DHBBBDBBFD@@B@D@B@@BB@B@B@BBBDB@BD@BB@BD@BBB@F@B@BCF@D@B@@B@B@FCDCBABABAB@@AB@JBF@F@D@DBB@FAB@JDB@DDBB@B@@BB@DBB@BFLDFDBH@dErE"],"encodeOffsets":[[119912,31506]]}},{"type":"Feature","id":"340802","properties":{"name":"迎江区","cp":[117.144965,30.506375],"childNum":1},"geometry":{"type":"Polygon","coordinates":["@@@AB@BABABA@@DE@CBA@AB@BADAAA@AAAGGAGACAI@G@GBKDKFOLIBSFIJINIFGJGDEFEDEDIDIBG@G@OAIAKEICICI@KCK@GAAAMCIAKEEEICGEGEEGGGECCCCECIGGAAAMAMBOFGBKDGDEDIDIFKHEDGDEDWFI@MBO@M@O@K@M@OAQ@O@K@K@I@BPDJBF@@@@BBDD@D@@@@BBHCL@FBBFB@A@@NBHLKHCFAJ@BA@@B@FBB@B@D@B@@@B@BDDBDBB@DFB@D@D@D@B@D@B@B@B@B@D@B@B@B@F@DA@@BBB@BB@@@B@DAD@DAD@D@B@DBHBFHFJJJLNNHPHNJJNLFNHJHFFHBLBL@HAHATAV@DDDFHDJHNHTDHJNADIBIBIGEAMDAFDFDFD@FABBB@LFDBD@@@BA@@@AECAA@AFCD@PFD@BBB@@AB@DCBA@@@AEE@@@A@A@@@@"],"encodeOffsets":[[120017,31430]]}},{"type":"Feature","id":"340803","properties":{"name":"大观区","cp":[116.950512,30.505632],"childNum":1},"geometry":{"type":"Polygon","coordinates":["@@AG@MB@A@AEEAK@GDAA@@@@@CCCAA@@@@AECIAOA@Q@_I]WQMWYSO]O]EOG[UOTKBICGEAI@MBICGCGBSGDKRGRAP@P@BBD@FDHHRFLLL@DCDIFEB@LUCBC@EACEAAB@BADC@AACGCCEEI@@GACE@CBBFC@GBE@EBEFAJ@JBBHD|XTD@DADIJBHJFXDBFAFEFEFBDHFFHHHBH@DAD@DDDFFBH@D@DD@JADDFLDHBFHAH@FDBD@DBF@JFB@CFBH@F@HGLGDAF@FDBDFGDEHE@BHCH@J@NHJ@JFDHFDF@LFLJFCHKDMBO@E@@@ABEBGJEHELIDOJFHBBMNC"],"encodeOffsets":[[119868,31262]]}},{"type":"Feature","id":"340822","properties":{"name":"怀宁县","cp":[116.828664,30.734994],"childNum":1},"geometry":{"type":"Polygon","coordinates":["@@ECAAACAACG@@@A@@CG@EBCFADAJ@F@@A@EAAACAEC@G@CAIICE@EACGAI@AC@KCAC@AC@GA@CA@A@ECAIAAEAEBEDGEACACBMHEBE@E@IEMICC@C@C@CLIDCDEBCHCJCLAPAH@F@BE@Q@CBAB@FABADS@A@A@G@ABE@@BA@CBABCBAAA@E@K@CAAAAECCCCA@AGFCFEHACECE@CBKHGHE@G@EA@DEA@IAE@CACECG@GBAECGEKCCIBC@@C@CAGEECC@CBC@CAGGGEGGEACFEFEBEAEWCIEAGJIBC@CSC{WGCAA@IBIFEFAF@HAD@AEDAF@BD@HJ@FFDDDHBBD@BC@ABAFBBD@FADVD@KFAJEDC@CKKEKGQCG@EAC@A@OBOHQLQHCJ_PgBIB@OCEACBEBABA@E@K@@B@B@F@FAFADOVGNENEPCDABCB@D@BEH@DF@BB@@@L@D@J@B@@@@@@CB@@A@GEEACACACACCAEAAE@IFCDEDABC@EBG@KBCAEAGECC@EAA@@EAE@C@KEA@ACCEAACAC@A@E@CBGBGBCAGEDEDO@CDCDC@CAEEAC@C@@BCDIAACCCCAECEAE@EDIHECEAAFCACGAAACEEAAGAKAG@C@MHEBIEEDA@EACEBEFBB@DA@@@CCEGICGACCAA@CAC@A@C@@B@B@FABKJCBGBCBABCFCDA@CBA@AAKEC@A@CBCBAFCBCBA@E@C@E@CBEBA@GAEAIAIAGCIEC@G@EBEACAEEECECGAG@GBCBABGJEHCDEBI@GBC@EDIFSFIBALDFHBBBBF@FCNCFEDCBABELGTAH@H@JDDBDBFAHAFCFCFABAFLBHFDBFHBBBBbFF@D@DAFAB@JBTDTJHBHBP@D@HCFCDGFIDCDCH@D@RFHDFAD@FEBEDGDAJGDADAD@D@THD@HB@DKDADAB@D@B@BBBBDBD@DAFDNBJBF@BB@NH@DBFHVDLDJ@RCDCDKH@D@B@B@BBDDBFHAJBF@DBBH@DBCJC@EAAACBCD@F@DAFG@EFCDEHGTGNCFARCJEDGFCDEFAH@DB@@@@DD@LDHDPLPHNLTNHBDJDFPJNHNNDBFAD@DBDHDFHFBFBLFHFJLVFJBF@DAJHFFDHHFDJFDHFLDFHHFFDFFFBBBH@FLL@DABA@GDADBDBHDFFBDBF@DBHBFBL@B@D@DCJEB@F@J@J@B@@@BABABA@ADAF@DANCLAJ@B@HDBBD@D@FAFAHEBAD@H@FBRDLBNDBBD@BAB@FCBAHAB@B@DBB@B@DADABAFCB@F@DABABADCDEFCHCDCDAJAB@DGBAD@H@L@D@DCBCBEDCBE@CCC@ABA@@FBJFB@H@B@D@DAFGFGDGLM@@@AFEDA@C@@"],"encodeOffsets":[[119803,31476]]}},{"type":"Feature","id":"340824","properties":{"name":"潜山县","cp":[116.573666,30.638222],"childNum":1},"geometry":{"type":"Polygon","coordinates":["@@DE@E@EAIAI@E@E@GDKBABAFBJ@B@BADADA@A@C@C@A@@AAA@A@@@BEBGDCBC@ABA@AAACCCEGICA@C@AAEBABC@A@CAECIEKCOAEIMEICCA@A@C@C@CCBG@AAGACEGGM@ABCDCHCBCB@BA@EBE@AFADADCFK@C@E@EBEDANGHEFCBGDO@EDADAD@RBD@DADAD@D@FBF@B@LEDA@ALIBCBC@KEAGACAE@CAEACEAGACBCHCB@BA@CKK@EAGAAEECEEEGGCEEKCGIEECGGECGEBI@CAEEIKUEIEGAKAEGECECGCAC@EBCAMMMGOICECIGASMMKOGOKGCKCC@@C@@A@@CBGFEDCHEFCDIBQDEHMHSFGDCFEH@BE@C@EDCDABBFBD@DICAG@AA@CAEBIEGCAAC@A@A@A@CLGDCDC@QCICKGUAE@CMGA@@AAEAICMBE@CACACAA@A@A@CBABCLC@CGAC@SGC@C@CBCBIHCBCHAFEFC@EBGCQEC@G@CDCDEJCHEDGDC@O@GAGASISCIAA@EBCBC@E@aEAAAAEGCAGEKAKBeFKBC@CDCNAFABBFHPDDDBBDAHIFCDCHCHCJAJARCb@NBDFHFDDD@DEFMJEDBDaNEBI@CBKFE@G@E@C@CD@D@H@FADMCGEEEICGEC@CBGDA@E@E@IDSDO@CDEJAHI@QAGBCFENALCHCDOHKJCBEDI@KDCFAB@FIPKCI@A@@H@FBJ@@D@DABAB@ACAAB@DAB@BBHD@@B@B@B@@@ABAF@BBBDBFD@BFFFD@BBBBFDDFDNJLFJDH@DBFCFABAD@DBJDFBBBFHHCDAFAJAF@N@B@DB@BB@BJBFB@JFAH@F@PABAB@BADFJBFFDHFDDFBDBB@JDHHNLJFDF@DBFBHBBDBBBBB@D@BB@BBH@JBLDF@FAB@D@B@DBDDLLDBNFRJHD@BBDDHDJCBI@IF@FGBG@CB@DCBCBAD@BCJ@DFBD@@DE@C@CD@DDDHBBDBBHBJDFBDD@BBB@N@FBBBDBBDFBNADGH@DDPADEBAFJNFP@D@DABCBCDADBBBBHDFBf^DFdVDDBF@B@B@DLPDF@DAFAFJ^AF@DBDBDDBHDHBDHHFDAF@J@F@DBDDBDDDDBD@DDBBDDBB@BDLBFBDBDHFBBBBF@F@LAD@HCBCB@B@@@BBBDBHDBBDDBFBB@BDBB@BBBB@DBBBB@BB@HBBBDBBB@F@D@DAB@DEDABAF@DABALGJEDABABA@ABC@ABAD@B@FBFBDBHHBBB@BAD@B@F@F@DADADABADGBADCFALCLCH@B@B@"],"encodeOffsets":[[119511,31789]]}},{"type":"Feature","id":"340827","properties":{"name":"望江县","cp":[116.690927,30.12491],"childNum":1},"geometry":{"type":"Polygon","coordinates":["@@NqP_DEBCL]DMAMAUEMGOUMaUUS]cO@Gc}sicqoqaYEQAKBKDKFQH[PWHODIBSAQ@mGSCMGOMS[AAULCDAD@FGNEDCDGDADAD@PU@U@ABCBADKJUVABG@ELADABUDeLQHD`NtDRFLBNDDHNBP@F@DEJIPGR@D@DBBFJ@B@J@BHHLFBBBD@BADCFKJKHMDIBEBCFGT@HAHEDGBGBA@AH@HGL@JBNBXDBLDPDBBAN@DDFBDAJ@FBFLLFBJ@LAD@HHFFHDJATEJEFCD@HAJ@FADCFGHIBADAHAH@HBFDFDFFDBFBFAH@D@JFHDJBJBFBHBB@FADAF@D@F@B@DADABEDADAB@D@LFBBB@DAB@DCDEBADAHADALIBA@E@A@AD@B@D@DBB@DBBDDHHJDF@D@@CBA@EAAFDFFBB@FCJFFANGD@H@LBHBBBFFBDBBDHDBBEFBFDJGFCF@FBFDDBDDBDJBDC@AD@D@FBBF@DCDCD@DCPCFHFDBHAHADAF@B@D@DBBBDFBDB@LFD@F@FB@@BB@FDDHFFBDBLAH@FAD@BAFCDCJEF@BBBFDDDBDBDBFBHFB@@@DA@@@@@@@A@I@C@K@@AAE@@CFG@A@CDABADCFOFMHMPUBCBE@E@E@A@AL@F@B@BAFADAFBPD"],"encodeOffsets":[[119710,31086]]}},{"type":"Feature","id":"340825","properties":{"name":"太湖县","cp":[116.305225,30.451869],"childNum":1},"geometry":{"type":"Polygon","coordinates":["@@DA@A@GAM@G@CCACEACDCNEHCDAAI@S@EDEDCFADCFEBAF@NAF@J@HBJD@K@G@GDCB@DBH@DBBCDAFBDBD@FADAF@HDLFBFDBDBD@DCDAF@`HFDF@BABCFFBDHDJFLBBADG@CBIBKFG@E@EBAB@F@DFBDFFDDFBJBHALAN@JAHAH@HAD@FAFAH@DAD@FCDADAFAF@F@FBFBDBPFLDJ@J@HCFCDCDKAK@ABAR@HAN@RAFBDBPLBBRAR@H@HBFDLDJDLBHBD@DADEBEDMBCBEBCD@FBJ@@@B@J@LDJO@EBADELCJ@FCDALIPGDCDGBKFMDEHARBJ@BGFIDCP@TCJCF@F@B@HCDAD@HFJDFFHFNDBC@E@G@CDCD@F@H@F@LEDAJ@FAbMACFCNIFE@CCCECEGAC@MDaBQBIDIDGDGDCJEBGACCACCGOAEBABEDMDCD@LAfELABEBADEDEBEBGAEACCC@I@GBGHSFKBADAFCDEDM@EAEAAGACEBKGCEEGGC@KBI@EAKKAE@EBIACCE@CBMAAOCKCCAAWAM@IHK@GBGB@HAHAFCBG@GHSDEFAJANCLGLIDEBC@AACAAKEGG@A@I@AEIAA@C@CHQJOFI@C@EAOGMCCAMEKCQMsC_MFUPip]bIFQDSDKFONAF@LA^@XAJEHIJGFIDA@ABGJCDCHADAJCFCFCDGDEDABCHCDEBKFOJABAACC@AEECA@C@A@EAAAAAAC@C@EBE@E@@BAF@BCFKPCDEBC@ABCFCDKJAB@DAD@BADGFABCDADABAB@@@BBB@DBDCJCP@J@D@DDDDH@@CFEFKDCDGFEDEBIDI@I@KBABAB@B@D@DADABABEDUHCBC@EAIAC@CBI@E@A@CCA@A@A@EBE@C@A@ACC@C@A@EBA@AD@B@J@FABABA@C@MEC@E@KAGKACAACAAAI@GBC@ABADKJA@AAEEAAAACC@CAACEAAEAA@C@C@A@GCA@A@ABCFELABEBEBGBGDABAB@DABBD@D@B@DA@EHEFIHIBEBGBMBGBCB@@@B@D@BA@CBM@KBC@E@EAEAICCAA@YBWBQDOBEBEAED@DAD@HAFADCBE@EBCBCDEDEBE@CDAF@HBDBDHDBD@FADAFAD@JBDDHBHDFHN@DDFDDJHFFDDABC@E@C@EBEFEF@DCJADCHGDOFCB@FAHCJ@HOVFLBFEHCBOJG@E@EBADCFCLGDIBG@GBEBCBE@CCAC@EAEC@EDEHINENBFLL@FAJ@HAB@DEFGFEBCBEF@F@FAFEDEDE@KHEDI@@JEJEFCBEDCD@FBBDDDB@DAHARBFBDBDDDDFHTNnDHFDJDVBH@FADAFGFCDCF@D@FDHDFDF@D@HAB@NB"],"encodeOffsets":[[118632,31495]]}},{"type":"Feature","id":"340826","properties":{"name":"宿松县","cp":[116.120204,30.158327],"childNum":1},"geometry":{"type":"Polygon","coordinates":["@@XAZAB@DBJDFBFBF@D@LAN@DAB@@A@C@A@@DAHANAHAFAJAJGFEFGB@@C@A@CACBA@CBABAHCHAFAFABAFKDEBAB@B@HDB@D@D@B@FBBBDFBB@DDDBBBBFFBBB@LIBCBAD@HAJ@BBDBBBBDHLLBF@D@NFD@B@BABA@E@I@ABCB@FAB@D@D@BDB@D@F@FAB@B@B@DDB@F@J@DAD@JBFBD@DAVGFCBABABC@C@C@ABABALAJ@J@JCFAFCHEDCLCFEDE@@CGCC@C@C@IDODIAC@CAA@A@@BABABCDCBAHEBC@ABC@CBALIDCDEBAD@FADCLODE@ABE@AF@F@FAD@D@BBBBBB@F@B@DDBFF@BDDBBBAPILEFADCDGBAFCHCDCDEDEBIBCDGDCHIBAB@JCHEJIFGBI@WB]@KBEPMLETCRCJE^ajoVONERGfKVCBABCFKH@BAVULIBCDABAV@V@@OBCBCHCDCFCHM@EBCDCVKO_K_C_BSKKsM]IGKGMEQAWAuBO@MAKA[QWOICeSuWYSIMEi_MMGGIGIEOKKEOISGSEGBG@EFMREHMVMPSNIDGDUBU@[@KAOC`AF@LANB^@FBFBF@F@FAD@FAH@BGPABCDGLcjGJINKNGJCDEFEBCHCF@H@FDFDDDDDJ@D@FAJ@TADAH@F@HFHFJFDDDBFBD@JAHCJGJEHCFAJBHDJFJ@F@HCH@HBF@DDFBDBFBH@FALAJALGFEDGDCFCFCDCFGPAHAFGVAD@L@HDHFHFJDP@FCDCFCFCFEBEHGDCDI@EBGDE@ADCD@FCLCDGDOJABGBI@C@GDEFEJCFAH@JADALAJ@HAFADEDEDEBKDEBIFEBIBIBIAIBMCKCGCGFIDGDIDCHBDFFHFHFDF@N@DCDADGHEFKHGLERKPEL@FFHFDLJDFDDH@JBDBJLDJFLFDHDF@DAHABAHDDDDH"],"encodeOffsets":[[118729,31156]]}},{"type":"Feature","id":"340828","properties":{"name":"岳西县","cp":[116.360482,30.848502],"childNum":1},"geometry":{"type":"Polygon","coordinates":["@@GECGGAGCCAACAC@CBEI]BEBE@CCEKO@C@A@AAECCcUCEe]EAGCAAAABCDCDABA@C@CEOIMBEFABCCO@CHGBCAMCEAAACAA@E@MAA@ACCEAICGAAAACGACC@CDCD@F@@CC@EA@CDI@ABCDADA@CDAH@HA@EJEJ@DACICGAC@AGCQIMECAKKCCCAA@C@A@EBE@KCIAG@AAA@@A@CAAAACAAAAGAE@CCEIEMKGGICA@CAEACCGEECAEEIBC@ABABA@O@EBGIEA@AEAIA@@ACAA@M@E@IBEBCBGDEGAAEAICCAC@ABEBEDCAG@ICKEMIECCCAEAA@AECEE@AECCAAA@ABEBA@@A@A@A@@@GCAAA@CBA@BBBDA@ABCBC@@@AI@E@G@@I@EAC@ADAFADCNAFCFCBC@GAKAICKCECGAG@Q@QBAAOKCAEAQBM@GBQ@AB@BBLCLCDEDGDI@I@KCOECAEAEAE@E@EBCBCBEDC@CBG@EBEBC@GBG@GBIBM@KBGBIAEACCEEACCEE@A@AB@F@FEHALAJ@DCHABKAIEGCACEEADABE@EC_GE@CBCDC@CACAAEKEGCE@CBEBC@CAEACBADCAG@CAA@CD@H@H@LICGAI@E@MBE@ABEFCDEBCDCF@F@TBJCBGDMFCDBDDFDB@D@HBN@H@BCBBHAFBDDDLDHDJFDFBD@DCDIAIDABAD@FDDLNBHEHADBF@JEDIHGFCDADCH@FBFBFFFJHJJDFBHBHFDHBHDLLFFLDPFNBDDFBDBF@D@BAD@J@HDFBFT@DBDDBFAHDNJBBDDPHPHDD@JDDDDHDHBH@FBFDHJFDFBFDHFFBJBHBFBFAF@HCDDDFBDDBH@H@HAH@N@PA@DAHAH@FCFAHCDAJANAFCD@D@JAFAHBD@FA@K@KB@JBNBJ@HFH@HAJBDNTFHJNHDPFNFHDHFBBBB@D@BAF@@BBD@DBBBDBBBB@DADCDADAFAFADCDBB@FBFDLDPDPDRFF@LCHCFCFEFEDGBGAEAC@CBCFKJGJCNAF@J@JBJBHDJDHFFFTLRFRHBBBDDDBD@D@@@F@@BBBD@@BB@BABB@@@J@@D@@@B@BD@B@BBDBAB@B@BD@BABBBBFBBB@B@B@@@@B@D@D@BBABABBBD@@@B@B@BBAB@@HB@@@BFDDHBB@BBBAF@@@B@BBD@BBBDBHFHDJBB@D@D@DABBFBB@DBBBBBDBBBBBBBBBBB@D@D@B@D@BBD@@HBBBB@DBBBDDFF@@B@DAHAJENGB@J@H@@@JED@BABBB@D@BBF@J@D@D@B@DADEHGHEFGDCDEBEBE@KBCFCDADAF@D@DAFAD@F@DBB@B@BFDFDBDDFBDBH@F@FBJDHHDFBDBBB@@@B@DE@CDABCB@B@F@B@@BB@BDDHDHDDDFFH@@DBB@DB@BDDBBBD@@BBFDHDB@BB@BBD@B@@@BBBDBBBB@B@B@DAFAD@BABABC@ABA@AAA@AAAACAA@A@AAGBC@C@CBCBAB@BEBC@A@A@@AC@A@@@C@C@G@ADE@A@@@C@ACCAC@A@A@ADABABADEBA@C@AACACCEAAEGKKAA@CACACAEGGCIAEAC@CBA@A@A@CAACCACAC@@@CBC@A@C@C@A@C@@@AACACAEAA@ABC@ABA@AAAAG@C@C"],"encodeOffsets":[[119328,31766]]}},{"type":"Feature","id":"340881","properties":{"name":"桐城市","cp":[116.959656,31.050576],"childNum":2},"geometry":{"type":"MultiPolygon","coordinates":[["@@CGIUCACAAAAA@Q@I@AECCCACAIDIBIBC@ECEGGE@AAA@@@E@E@OHIFGBQAIEACBKB[AEECGGIICO@KDYHiLmHiJsFcD]Ag@cEeAIqFcFG@CACEEK@AAA@CAA@@@AAACCA@ICA@EBA@CAC@E@E@IAA@@BA@ABABABCDEDA@A@@@@A@CDE@A@A@EAA@AACA@@AACA@ACAAA@A@A@@AA@C@A@@@@@@DCBEF@B@@KNCHEHEHCBC@A@G@A@IEEA@@AB@BDD@DAFCDAFADCDC@K@G@C@ABCHA@IBCBCDGDEDCFCDABABCBE@A@EDABCBCBA@A@CAA@A@GBABEDA@ABC@AAMCKAQCEAG@C@ABGFEBEBC@C@AAGCA@I@KBMDCBE@CB@BABABAB@@A@I@I@E@A@IFCDC@A@K@@LADADKJ@BCBKFA@E@EAC@C@CBCBC@QAC@CBCB@FCPAHEDGFMHCBAF@F@F@DELCDCBEB@BAF@FABA@ADGDCDAD@BHNFHBDBH@BAHDDD@D@B@B@DDFJJNBFDPFLDJBF@D@BADABBF@B@DDBHJDFDDBB@BAB@BADCDAHAF@@B@B@BB@@@B@D@D@BCBCBABA@I@EAABABCL@H@F@FBJBJ@F@FCFFDHNHLFDJBH@JFDADADCF@J@DBLJDDB@B@F@DBDBHBB@DAD@D@DADADCBA@@B@B@DBHDFHBFBBHDB@BBBH@@BBB@BBJBD@FHFHDFFFFDDBFAHBFBBBB@@FAJ@D@BBDBFBFDDHBJBDBHFH@JCJAPBPFRLLHJHFDFDFDBHBF@DB@FBLAP@D@DBBBBLAFBLBHBFHFFFDHDHBJDJDJBFDHFLFJFJFHDFDHNJJFLHJRFFF@D@D@FAPIRKH@DADADCHQDGJGD@L@PBF@DADAFM@C@ABGPW@@@ADENSHIFC@A@EBGBCFEDG@E@AJOFI@CDEFCBE@EAAACAAAA@A@E@ABCBA@A@ACAACCA@EBE@CBADC@CBEBM@ACEAA@AAGAM@ALIJCPIDAF@HBD@DBF@D@FA"],["@@CBABA@@BAB@DCF@@ABABABA@@BBAF@F@LB@@BBDB@@@@B@@A@AF@H@D@B@FDB@B@B@BAB@BAD@@ABCI@KAMESK"]],"encodeOffsets":[[[119969,31819]],[[120028,31417]]]}}],"UTF8Encoding":true}