{"type":"FeatureCollection","features":[{"type":"Feature","id":"140202","properties":{"name":"城区","cp":[113.301438,40.090511],"childNum":1},"geometry":{"type":"Polygon","coordinates":["@@@@@@CDCDGFCFAHDFHJLHTL@B@BADAB@F@BFFDBL@@@@@@@BB@@BFBBB@@@@@@@ND@@@@@@@@BBB@@B@@@@@B@@EDGB@BAD@D@D@DBBDBDBNA@@@@D@F@DADEFE@A@GBA@@BAH@B@@A@ABCBA@ABC@@@A@A@ABA@CBA@A@@@A@CBEBIBC@@@AB@@A@ACCBC@AAA@A@@@A@A@@@A@@@CAA@C@A@@AE@A@E@ABA@AACBA@C@ABI@AAA@A@A@A@@BA@@@@@@@A@@@A@@@A@A@@@A@@@@@@@@@A@@BA@@AABCA@@@AACDCDEBE@E@CACAC@C@GDE@GAIE@LBH@@@@BJABA@G@CBAB@BAN@BCBQ@E@CBAB@@@@@@"],"encodeOffsets":[[115983,41036]]}},{"type":"Feature","id":"140203","properties":{"name":"矿区","cp":[113.168656,40.03626],"childNum":1},"geometry":{"type":"Polygon","coordinates":["@@@@@@@B@FADCBC@@@@@A@@@@@@@E@CB@DFDFB@DCDA@@@@@ABG@ECCCIBQ@A@GBK@K@C@EAACCACCCAEAEDCFCHABCDCAGECF@HCHGFG@QBKAE@C@MAC@A@@H@DBDABE@ABFBDBBDE@EBE@CBC@@B@DDBDBDDDDDBJHH@H@PIDAF@L@JCBCDAFBFFDBDBFBJCFADBHG@F@DCBEAE@ADDDDB@FF@JHN@NAJCD@F@BDBDADBBDB@B@DC@ADBDFBHDJ@JCHCFGR_HMDCDCJGRIRMMOK@MDEACCBIDEBCBCDEQAG@CE@@@@IGBDA@B@@@"],"encodeOffsets":[[115939,40974]]}},{"type":"Feature","id":"140221","properties":{"name":"阳高县","cp":[113.749871,40.364927],"childNum":1},"geometry":{"type":"Polygon","coordinates":["@@GAC@GDURKFSBIAGEEECASEICGCIEIEMIMSKOCKCGFILSHQGKY@IMGCKAK@MRKDWISGG@OAKCOCKCICONKPSXGLHNFFHH@@FFB@BBFHDDB@@B@BADAF@FBFFJFJ@BHH@@@BBB@B@B@B@J@FAB@B@BAB@BAHADAB@D@B@BAB@B@B@H@B@B@D@@@FBF@BBDB@BBFBB@@B@BBB@B@BBBBB@@DDB@HBB@DF@@@B@BCD@BABGDABEBCFCBA@@BE@ED@@AACCC@A@ABAB@@A@E@A@C@A@A@ABAB@FA@@DADBD@BBBB@BB@@D@N@F@F@H@DB@@BB@@@J@DBB@BDDDJ@@BBA@@BCDA@CDAD@BA@ABABABEB@@AB@@@B@B@BB@AB@BCBAD@@AB@@@B@@@B@BCF@BAB@@@D@BAB@BCNAD@B@DAB@@CA@@A@ADABCDEBADA@ADEHAFA@ABEBKHED@@GBA@KDA@AACAAAC@A@EBKBC@@@M@C@G@C@AB@@EAAA@@C@C@@BAB@BAB@@AB@B@@@BAB@@ABCBCBA@C@EBA@A@AD@B@@@@CB@@@@@B@BABA@CBEDA@CBIBQDA@C@A@A@CAAAA@A@ABCBA@A@ABCAA@CAC@C@C@A@@@ADABE@@BGBCBCDAB@BAD@@@BA@A@E@@@AB@DA@@@AD@B@@@BA@EBGBEBEBCBCBCDC@CBA@ABCBMLIHCDAD@B@B@B@BBF@BCPAF@BAD@B@B@BBBDD@DBH@B@@C@A@@BB@BDB@@@@B@@C@@B@@@@@B@@@B@@BBHFBBBBBBBBB@D@B@B@@@@BAB@@CDCDABC@GBCBA@C@A@ABCBEBCBA@EAG@C@@@@BAB@F@BA@@BE@ADC@@BA@A@@@CAA@C@AAE@E@GCGC@@E@C@A@ABABA@CBC@@BA@A@CBCDADAB@@ABAF@@@DCFCBAB@B@BABBBA@@BAAC@A@@@A@A@CBA@A@A@@B@@@BAB@DA@AB@D@B@B@BAB@BADABAB@@@@DB@BCLIRMPOLIRGXCL@FBFF@TBLBRDNBJBHBF@HBnNZTLRLJDB\\TFDLHJFLFNJFFPNLHJFNF\\JHNBLDFJJRHNDZJTFLDLFLBXJPDPHLFRRLPNRDHDHBFAJLKTSLGLGJELIJIFIFIFGJOJEPAVFPFPHFFNJRLJHNHJFLFJHHJHF@B@F@BBBDB@BBB@@BBAB@B@@B@B@D@@@@AB@@@@@@@DAB@@ADADC@CBABAD@DADADABAB@@@ACDG@A@ABE@A@A@E@A@G@E@CBABGDODOJKDM@QGKOIEAA@GAE@CAAAAAAC@E@A@A@CA@@AKAG@C@E@E@ICGC@@CAA@AAAAAAAAAA@@AAAIACAGAA@@@ABADCBC@@@A@@CAA@@@@AAA@CAC@GAC@AAA@ACC@CAC@CAOAK@ABC@ADEBABCBAFEJEDADALABAB@@AB@LCB@HCDA@A@A@EAE@C@ADICQCMGOGKCIBMDOFGNSCIEIFIDAHCDAFCBA@@@A@@@ACAA@A@CAC@AACCCC@A@@@A@@B@B@BAH@F@P@FEB@H@DARIHKTUJGJCJFFDH@B@BAFAB@@CBA@@HC@@DA@@BABA@@@ABAJKDCDABAHAFAPENCLAFAD@F@DABA@A@OBADOBA@ABCBCBABADEFCB@DGFEB@@A@E@CBG@@ACKKCCCG@A@E@C@C@E@@@ACAAAA@AACAGAG@C@AAMAKCGCAAAACACCCAEAC@A@@@ABCDABCBADCB@B@D@D@BBN@B@BABADCDCDIH@DCB@B@D@BADABAD@@ABA@OHA@CBCBC@MDIBCBC@EAEBA@AA@@AAA@@CACCGAG@A@ADEDCBA@AAC@A@ABE@ABG@CBA@E@@@C@A@AA@CC@@@AAA@G@AAAAOIOMMIEGEOGMAQ@QBKCKK@MHKREFDLHH@TCDEFAJAJCJAP@LCBANAJ@FAB@BABAD@BAD@D@B@B@DDFAF@DCB@DB@@D@@@HCFEBAB@AO@IAK@OJMDM@EFKJSBAHS"],"encodeOffsets":[[116785,40875]]}},{"type":"Feature","id":"140212","properties":{"name":"新荣区","cp":[113.141044,40.258269],"childNum":1},"geometry":{"type":"Polygon","coordinates":["@@AE@EDKHWJQPKNOJQDK@ACA@@@@BABABC@ABA@A@A@A@CBAB@@CBA@A@@@A@@AAAACACAAAAAACAAABA@@@A@@AAAAA@@@@AAECIEC@@C@CA@@AC@CACA@AC@CA@@CBA@@AA@AAA@A@A@@@ACA@ICA@A@@AA@@@AA[UIGSKMMEICEA@@@AA@A@@A@CAA@A@CBA@@@AAAA@ABCBA@@BA@A@@AA@A@@CA@AA@@AB@BC@A@@@@@AAC@ACAAAAACAQECAGEGACACCAAAC@C@A@AAAAA@D@@CF@@@@A@@@AAA@@@A@A@EDA@CBC@EBO@CBC@A@A@@AAACCAA@AAA@A@@AAA@A@C@ABA@A@@@@B@B@B@BAB@@ABA@@B@@E@CB@@A@@@AFAB@@BJ@BBB@D@@@D@B@B@B@B@FBDBDB@BBF@B@D@@BB@@B@B@BAB@D@@A@CBG@A@@@AD@B@@@BB@BD@BBDBDBDBBBB@@@B@BDHBFDF@BB@B@B@FCB@B@BBB@BBBB@BBD@B@BB@FD@BBDBDDF@B@@@BA@E@CBEAA@I@C@A@A@@B@@@B@@@BAAA@AAA@CB@@ABCD@@A@E@@B@@@@@BJJBBBB@B@BABAB@BA@@B@BBB@B@@GHCF@B@BDH@B@B@@A@@BA@EDCBCBA@EAA@A@AA@@CAAAA@AB@BEF@@ABCBCBABAD@@ABA@A@@@A@@@@B@@@@C@@AA@@BA@@@@B@D@B@DABAFAD@@ABA@ABA@A@GA@@A@@BA@@BA@A@@A@C@A@AAA@@@A@ABE@@@AAA@AAAA@B@DA@@@@@A@@CAA@A@CDABA@@@C@A@AA@A@@B@BA@@@A@@CAC@AAGCA@C@@@AA@@A@@@A@ABA@@@AA@@AABABA@@@@@A@@AA@@@AEB@@AA@@@@D@@@FA@@BA@@A@@@A@AA@@AA@@A@A@AB@BABA@@BA@@@@A@A@A@ABCDEFEDABAB@B@@@D@B@@@D@@@FCB@B@D@B@DA@@@ABA@@@@@@B@@@@BBBABBB@@D@@@BA@@@A@@@AB@@ADAD@BCD@BAF@DBD@@@@AACGK@A@EAACAA@@C@A@C@CAEECOCCCCA@C@EBA@@CAEE@AC@@ACBA@@A@@BA@@@@A@C@A@A@@@BA@@@@A@A@@@@@@A@@DAB@B@BA@@@A@@@@AA@A@AAAA@AA@AAA@CBCBEAAAACCEEIECA@@@A@@B@FC@@@@BA@@BABA@A@@@@AA@@A@A@IDC@A@AAC@A@A@E@A@EAG@AAA@A@@AA@@AAC@ABAAA@@@AABCBAB@@@AEAA@AAA@@@@A@@@C@A@@@AAAA@C@A@@@AB@BA@@@CBA@CB@BA@G@@BA@@B@B@BAB@@@B@@@BA@A@A@CACAA@AA@@ABA@A@@@@B@@BB@B@B@BABAB@@ABCAE@C@AB@@A@@@AA@@A@@@AB@DABA@ABA@@BAB@@EAA@@@A@@B@B@B@@@@A@A@CA@AC@A@A@@@A@@ABC@A@@@A@A@AA@AC@@EAAAABAA@AA@@@C@A@@AAA@AA@A@A@A@AB@@A@@@A@EC@@A@@BAB@B@B@BCF@@CB@@C@E@E@@@A@AA@@A@CEAC@A@@A@A@@BA@@AA@@A@AAA@AB@BABA@A@A@@@A@E@A@@AA@@CBA@@@AB@BBDA@@@@@A@@@@G@AAAAACCCAA@@AABABGDA@@@AA@@@A@A@A@@@AA@AAA@A@ADA@ABA@A@ABEBA@AAA@@@@A@@@A@A@@A@@@A@AB@@AAA@@BADABA@CBGD@@A@AA@@A@@D@@AB@@AA@@@AAC@ABE@A@A@C@EBADC@@@AC@A@@BABABABA@AA@@A@CCAC@A@CAAAAA@@BABAD@B@DABCDCBCDAB@@CD@BEBC@ABA@CAAAAAAA@A@@AAA@@C@@@AA@@@A@A@A@CBCBA@@@@@@AAA@@ABA@@@@@A@AAA@A@AB@@AD@@@B@BBB@@B@DAB@@AB@@@BBB@@B@@AB@@A@@@C@A@@@@B@BBB@@A@CDA@AB@@@B@@@@FD@B@@@B@@@@A@E@EBI@A@C@A@@BABAB@BA@ABAAA@CACAAACACC@@BABC@@@@B@AA@BE@A@EB@BABADAD@@CDAB@D@BA@BB@@BBHDB@DB@BB@BBDFBB@B@B@B@@@B@BC@A@C@M@CBC@C@IBCB@@A@@@@BB@BB@B@D@@AF@BAD@BAB@D@B@D@D@B@B@D@DCD@@@@EAA@ABCBE@GBIBABE@A@GB@BKL@TC\\MPOJSHMLBDBHDFDLBJDJDHBHBHHN@L@NBJDHLFJBHBJDPDFBLDJDXFJBJFNFxPJ@LBLBPFJBHBFDNDNBLBN@ZFL@PBJ@HBLDLBLBH@NDJBPFD@^HJBRFJBNDlHF@JDhBFBJBLDJFLDHBHBJCBCBI@CBC@AHGBABA@@D@DAJEDCBADCBADEBA@ABABCBA@ABA@A@AFGDEBIBCFQDIDEFMDCHKHGFEB@B@D@@@HAHDLBV@JA\\CJAJ@PBN@TDPDHBR@J@JBJDN@NDXDJBR@JBR@FB"],"encodeOffsets":[[116212,41302]]}},{"type":"Feature","id":"140211","properties":{"name":"南郊区","cp":[113.10892,39.98802],"childNum":2},"geometry":{"type":"MultiPolygon","coordinates":[["@@@@AA@AAC@AB@AABABC@A@A@CBABADCHEBABABAD@BADABA@ABABG@C@A@AA@AEAA@A@CCAACAGAA@ABC@A@@BADEDGBCBE@A@AAC@@AAAACAGCCAA@@@A@@AA@AA@A@AAE@C@CBA@CBEFIFCDEFEBC@ABAAA@CA@AC@A@@ACAK@AACEE@@ICCCCAAAAA@AAACE@CAA@CAGAAACCC@A@CCGCEACAE@E@GBEAGAABA@ABCB@@A@EB@@ABAB@B@BABABABA@ABADCDA@ABA@AACBABCBADC@A@A@CACAEAACA@A@@BABA@AAA@A@ABC@CB@BA@AB@BEBADABCB@BCBCBC@AMAEFGPCHSBM@OAGBMNONOPIJIBWBKBMNULSDSDYFUDMBMEIGOEKEIIKIQICĆB@R@JADDFDH@BA@@@@B@DC@CEAEC@CDAF@@@@@@@B@@@@@D@DABC@E@A@@@@@@A@B@ACJH@@@@DFH@RBCFADADCFAJDDFBNCL@NPQNQJnlDC@@@@@@@@@@BADAF@R@DA@ABM@ABADAH@B@BAAI@@@@AG@KJFHBF@HCD@D@DBDBF@F@FADCDCBB@@B@ADBB@@AB@@@B@@@@@@@@@B@@@B@B@@@B@@@B@@@@@@AB@@@B@B@BBB@BAJ@B@DABBD@BAB@B@F@BBF@@@B@DBB@D@@@B@@@B@B@@@BBB@BADDD@B@BA@@B@@ADAJAF@D@B@@@BAB@DAB@B@B@B@@AD@BABAD@B@BA@G@AB@@AB@H@BEFP@A@A@@B@B@BAD@B@B@BB@@@BBB@BBBDDBB@BB@B@D@DAP@FAD@DAB@FCB@B@@@B@BB@@B@@@@@DE@@@C"],["@@MGEAOKIGQEQEG@KCO@U@I@HODSBOBQ@I@UEIAE@G@QBWAS@I@MEI@O@IFOJG@ECEE@KHK@EEEGFKJMFEHGCI@IBKDKLIJAFAJCDFJTRHF^CXB\\FJDNFPHJLJPDJBJBN@DAHGFGHQHKBOCWA]FGJBHLFJH@F@F@BBBCF@DBB@DADA@GFGHAB@BABCBAB@DAB@D@DBD@D@D@DADADABBBDDF@DBHBBBH@B@BBDHBB@D@FA@@BB@@BB@B@FBHBLDD@DBLBDBBBBB@BDF@B@D@F@D@BBBDBD@BDBDJPDH@FBB@BDD@BBDBF@B@@ABABCDA@A@A@C@A@A@@@@@ADAB@@DDDBBBDBDBB@BBBAB@@ABABA@AB@D@B@J@FAF@B@@@@@@A@@@AEC@@@@@A@@BAB@DCB@@@AA@A@A@@B@D@@@B@@@BA@@@AA@AA@@A@@BA@CBA@@@AA@A@A@@BC@@BAB@B@BBB@@@@@B@BA@@BB@B@@@@B@DADAB@B@B@@@B@@B@@@DB@BB@@@BBBBBBBDBB@BAD@FA@ADC@@BADCDADCBA@C@ABCBA@AB@BBBB@D@BBDDDB@@@BBB@BABABA@AB@D@@B@@CDAB@F@D@B@BAF@BBD@B@@BB@@BA@@@CB@@@BBB@@@HCDAB@BABC@AB@BB@@BAB@@@B@@@@B@B@@@B@@B@BBB@FABAB@B@BAB@BCB@B@BBB@@B@@@B@B@B@@BB@@B@HCBABA@BB@DBDDBBBB@B@H@@B@@@@@B@AC@ABA@@B@DA@@BB@@@B@F@B@@@B@BABABA@@BBB@B@BB@@BB@@AB@B@@@@BBDDFB@@@BBB@@@F@F@D@@@DA@@DE@A@A@ABA@AB@@@FDB@@@B@@@BAB@B@B@B@@BBB@BB@D@@@B@@BBBBABBFB@@BDB@@B@B@B@@@BAD@BB@@@B@B@D@@BDBB@B@@@@@@A@A@AB@@@B@FB@@BA@AB@BAB@BA@CBA@@B@@@BB@@B@@@BAD@F@DBBA@@BABA@A@A@AAA@@@A@@B@B@BA@@BBB@DBDBB@B@B@@A@@@A@@BA@A@A@AB@@AH@B@@ADAB@DA@@B@@ABA@@B@D@B@BB@B@@@B@D@@@B@@B@BBB@FB@B@@BADABA@B@@BBAB@BBD@BB@@BB@B@BBH@FBB@F@B@B@D@BBB@D@JCB@B@@@BB@@@@@BABAB@@AB@@@@EDA@@@@B@@DBJFFFDDBBBBAFAD@DBB@BBBB@BB@B@BBB@@@@@B@@ABA@A@CB@@@B@@@@B@B@@@@@AB@@B@B@D@B@@@@@AB@@@BB@DA@BD@@BFFDB@@AB@F@DDBDDPDFDBF@D@D@B@DB@DBBB@F@BHLBD@B@@C@CAE@ABC@ADC@CB@BA@@B@@@B@@AB@@C@@@AABAAA@A@@A@@@@@@@AB@B@@CBA@C@A@A@ED@@C@@@A@C@@@A@A@ABCBEFCFAD@B@B@B@B@@B@@AB@BA@ABAB@B@@@BB@@BBB@@@B@@@AB@@EB@@C@@@@@BB@@FA@B@@BB@@@B@@@@ABABBB@@BB@@B@BAB@@@B@@@BB@@D@B@HDBBD@DB@@@B@@ABA@@@@BBBB@D@@@B@BADCB@B@DB@@@B@@@@CBA@B@BB@BBB@B@@AF@B@B@@BB@B@B@D@BB@B@@AB@@AB@@@HBB@B@BAB@BA@@BCBEBA@C@A@C@A@@B@@AB@@BD@@@@@@A@@B@@@B@B@BA@@BCBADADABA@@FE@ABAB@BBDB@@BBB@B@FBB@DADAFCB@@AB@@@@A@ACG@A@ADEHG@@@AAA@A@AB@@ABABA@A@AAAAAII@A@@@@@AF@B@@@DCBA@@DAB@BBB@BB@A@@@A@@@AB@B@D@J@B@FBDAF@B@@A@@@ACEACAC@AECA@@A@AAC@AAAAAA@AAA@A@EDA@A@A@@ACEAECG@A@A@@AAAAACACAC@AACA@@A@@@ABC@@B@H@DAB@@@@CBA@A@A@AA@@AC@A@E@AAA@ACAC@E@A@A@A@A@C@@@CAA@AAI@@BABE@@B@@@DAF@@@@AB@BA@@BA@A@AOCFCBE@C@@@@@MBCACAAA@C@C@CBC@AHAFC@@@A@@@@@AA@AA@@@@@@@@MC@@@@@@A@AAAE@@AA@@@@@@K@CAEE@A@EBABC@A@ASKKGGICEBGDEHEDCmkIHCDCDGNQ`EHGDIDI@GCEAACBCD@@C@ACAAABCACACE@C@IDMBM@IGE@@ECACCBCF@FBDA@C@EGHCAEBIDEACACAEEEACBADIDK@E@CBOJG@G@IGCACCCCCACA@C@AD@DAF@FAF@ACCAEABAF@BAAC@C@GB@D@NBD@F@LBRAH@HEDG@GDEHFDBDCBADGDEFCFBDBDDDBBDFBD@L@L@HADą"]],"encodeOffsets":[[[116107,41106]],[[115908,40890]]]}},{"type":"Feature","id":"140222","properties":{"name":"天镇县","cp":[114.09112,40.421336],"childNum":1},"geometry":{"type":"Polygon","coordinates":["@@FDLDRDHBJ@P@H@LALAHIJ@NDNDLDJBHBJBJBNDLBLLJHHHHJBN@N@JITIHIHOFGFGHEFEFCHADAHFDFHDFDDBFJLDJDRDFBDBHDFBFDDBD@F@D@F@FBJBFAD@BAFADALADAFCNAF@DDHBDFFDFFDDBJFFDHBJDNBLBHAJBF@HBL@DBJB@BHMLKJKX]JIFCHGFIDG@GBEDEFGLEVKFIHIDK@CFEDABABCBA@A@A@AECCAAAAAA@BABE@ABA@@B@D@B@@@BCDABABA@A@@BAB@BABA@EJCNEL@H@HDJDH@HEFENILGFEDEBCACCMGK@A@@BCBA@C@A@@@@CA@@A@@AB@@ACE@@@CA@@A@@BA@AA@AA@A@@BA@@DAB@B@BAB@@@B@B@@@H@DAB@B@B@B@BBB@DC@@@AAA@A@ABABGB@@EAA@AAACCAAA@CCECAA@@@A@ABC@C@A@IAABEA@AE@A@AAAEEA@@A@ADE@@BA@A@@@AA@AAAAA@@AA@EAAA@@A@@ABA@A@A@@@@@A@@@A@@@A@@BA@@AAAAA@AA@@CA@AAAAC@ABABCBA@A@A@@@@AA@A@A@ADABC@@FC@@B@B@FBFBD@@A@@@A@C@ABCBA@C@@@@@AB@F@DABAB@FAB@@@@ABE@E@@@ACCAAMEACA@@AAE@C@A@ADABAFGBABA@A@C@ABC@@@ADCFKFIHODKDEBG@EDEJEHAH@JBLBNDF@HC@BB@B@B@@AB@@ABAD@BA@@@@B@F@B@@@BABAB@@ABA@@B@B@BBBBB@FB@@DAB@B@B@B@BA@@@ABA@A@A@E@@@A@@D@B@B@@@@@@ABAB@@AB@DBB@B@BAJDHBHDFDDFBBFBHDHBNBHDHFHBH@JEFEFGDIPKHCFANAL@JDPHLAJ@JALCJCFCDA@C@MCICOIMU[OKOIOOWUKKMEKEMEGAQCOCWGMEIAKASASBYFKDMAOCYCUEOEIEGCIESCiDKDWDKAGKKMES@MAMCEIAICQBUDWAKCMASGQGOEQGQCC@@@AB@@CBG@CBC@A@@BA@@B@@DB@D@@@B@D@D@BA@A@A@E@@@A@CBA@ADCD@@A@CAA@@@@@AB@@A@A@A@AA@@ABA@A@A@@@CC@@A@@AAACAEAE@OCGCKGA@BC@@HO@CB@@@@A@AB@@CBA@CBA@C@A@AB@@AB@BEBICBE@C@EBKBMDOFEBGBABCBCDILAB@B@@ABAB@@CB@@GD@@AB@DA@EBABA@G@ECIEIDIHSVGLQJCBG@A@EFO@E@G@ABA@A@@@@B@@@BDDDDBBD@DBB@B@DB@B@@@B@@ABEDCBGDCBEJFJDJMTEHCPANDJHLHPDNDRCJ@B@DBF@F@B@BCBGDA@KDA@@BA@ABKBCBCBIFEFABADABCF@BAD@BBLBP@DBD@DDD@BBB@BBD@HBD@DBB@B@@B@DB@@@B@@ADCDAB@B@@BBBHBDBJBB@@BBBBBBBBBBB@DB@@HDJDF@F@D@H@LB@BB@@D@B@B@FBDBBBBDBF@HBB@FBPJHL@RCNILCPCPAHAB@D@F@H@B@F@B@BAF@B@BCHBD@@A@ABCBCBCBC@ABAB@DCDCB@BA@CB@@"],"encodeOffsets":[[116688,41489]]}},{"type":"Feature","id":"140223","properties":{"name":"广灵县","cp":[114.279252,39.763051],"childNum":1},"geometry":{"type":"Polygon","coordinates":["@@JDLDPDLDPBH@THXJLCNQL@LBHDJNZ@HLGRKTEJDHDLLPNTNJJFJFHDJDTFDBFFHFJBTALEVQHCD@HBD@DFFDFBF@H@H@FADAFCHCBCHEDAH@H@FBLBPAdIPENCNA^CTAJBB@FBJJHFJ@HBFBDBBBBBBDDFBB@B@@BA@E@@@@B@@@BDB@@@B@FCBABABA@A@@@A@@A@@@@A@A@AB@B@@@@@BB@BB@@ADA@A@@@A@@A@A@A@@@@@BC@@B@B@@@BCBA@A@A@A@AAAA@CB@@A@@AA@@AAAAAGACACAGCGCAAAAAAAAAAAA@A@A@CBCBA@ABAFC@@BB@AB@BA@@@@@ADCBAB@@@B@@@@@@@B@BEB@@@@@FB@@DA@A@CBCBEBCB@@AB@BB@@@B@@ABAB@B@B@@DFB@@BB@J@DBB@B@J@D@B@DDB@HDDBB@F@FBF@DBD@FDD@BBBDB@BB@@D@B@D@BAB@DABA@A@@@AAA@@@E@ABA@C@@@ACA@A@@B@@AD@B@@@BBB@B@DBB@@BB@FBHBHAB@DC@@D@FBBAB@B@DDHDDBBBD@B@D@HCBAH@B@B@D@B@D@D@B@DBHBHBB@D@@@FBD@B@B@@@@@B@@@B@D@BBD@F@D@BD@@B@@@BADADA@@F@D@FBJUC@@EBA@E@CAC@ADGNO@A@A@@A@CA@A@@@C@@@ACA@@AAE@E@AAA@AAAAAC@@@AB@DCBCFC@CB@AA@ABI@C@CB@@ABABABC@CBA@@D@@B@@BEF@@@B@CG@AB@@E@@B@H@BBB@@@@CBE@C@AEGEKCkAQ@WAKBK@[AQBU@OAIAMDOHIUAYDULMDQAQEUAU@SCICQGOWAIBMMEMCSB_D_AOOKKUGKIMCIFERCLEJINMJMHKHKAS@OAW@OCKICSCKG@eJQ@O@QJGHEF[BWAMGMCKEYCWDMHMNELKLBDDHBL@LMNINMTIRCLEVCJIDGF@HIPQFEBGDEJINMPKPCFBL@JEJOH@R@DDHCPELQJQJIDGFGJ"],"encodeOffsets":[[116584,40788]]}},{"type":"Feature","id":"140224","properties":{"name":"灵丘县","cp":[114.23576,39.438867],"childNum":1},"geometry":{"type":"Polygon","coordinates":["@@@@C@AA@@A@A@@@AAA@A@@@E@@@ABCBA@A@A@A@AAA@CAC@@@A@@ACAAAAA@@@@A@ABABCBEBA@A@CDAB@@EA@@A@@BCBA@ABCAA@AAA@CACA@AC@C@A@A@E@A@AAC@C@C@AAA@E@@@CA@@@@CBA@@@EBG@@@A@C@A@C@AA@AA@CAAAA@ACCAA@C@C@A@A@A@@@A@@@C@AAA@C@CBA@OKYMQGMCQBIHGFIFUDWGQGSCcBKTCP@LGPIDGFCBA@A@@@@@@@@BB@@B@@@@@@@B@@@B@@@@A@@@A@@@@@A@@@@@@@@@A@A@@@AB@@@@@@BB@@@@@@A@@@@@@@A@@@@@@@AA@@@AA@@@@@@@@@@@@AA@@@@@@A@@A@C@A@@@A@@@@@A@@B@@@@@@@@A@@@@@@@@@@@@B@@A@@@A@@@A@A@AB@DCJAFELCNCTAJCJOB[GQG]ME[EOKKU@KBWFID@FAJAD@@@@AFENENAN@ZELENATANEP@LALEHDJBDNNNHJLDNBPDNDRBP@NDRAJGFIDMJIHAFCNCHGHMJOJMLMJMLIL@J@LDHDN@FBDNBVBTJRFRDVBJLFH@B@@@@BJ@VAP@@@@AFG\\CTAVD^@TILGHKFMBQGKLAPANAPBTAJEVIP@TH^CPIPIHGFAR@NFNBFDHFFJFLDJ@@@@@NAPILEJCJCFDFDLLJPLKFKNMNGXCZDLFNDNHXB\\AFEHGRIP@R@fIH@DLDTLJPDX@PBT@LBLGNGNIJMFIDKFQJENDLJVHLLPP`B`CTANDNFANBJPXRHJDTDV@VBRFRBNCVKZCVBFMHGFIJMLSLGN@LBRA`FNA\\ILK@CBA@A@@BABA@@BA@A@C@AA@@A@@BABE@@BA@@@A@ABA@ABC@CDGDCBCBIR@B@@BB@@AD@DA@@@@BB@@@D@B@@@@DBB@BF@@@BbNLDDBBALEFICG@AAAAC@ACI@A@ABA@@@AAAIEAA@A@ABA@ABE@ACG@@@A@C@A@E@@@A@@AACCCAC@AAA@AA@ACCACCCAACECCA@@A@@@ABA@@@A@C@CBE@A@AACA@BCA@@A@A@A@CA@AA@@@@AAAA@A@@@A@@@AA@@@AAA@IB@@CA@@A@ACCAAA@@A@AAAAA@ABA@ICAAA@AB@@CAA@BA@@AA@EB@BCBA@CBAA@@A@@@AA@BA@A@C@@@@AA@A@AA@@A@AKaEIQQMOGIEGCO@KAKDK@OBKBMCKACBAB@BAD@HABAB@@AB@AA@@@CAA@AC@CAAA@AB@@A@@A@AAC@AAEC@@@C@@@AAA@A@A@@@A@A@@A@@A@@ABA@CAAA@@A@A@ABEB@@AAA@A@@AC@AA@A@@BA@@AC@C@@@@AAA@CBAAC@AACBAA@A@A@@A@A@@@@@A@AA@A@C@EAA@ACAA@@A@A@@BABA@@@ABC@ABA@@AA@@@ABCAAC@@ACCAAA@BA@AAACC@@@@@A@AB@@A@C@AA@@A@ABA@ABE@@B@@AB@@A@AB@@ABA@@@A@A@@D@FABA@@BA@A@AAACA@A@AC@@AAA@@AAA@@@@@AAAEA@@A@@A@C@CAA@AAC@AA@@AAACB@B@@AB@BAB@B@BAB@@A@@B@@A@@@@A@@A@@@ABADAB@BAHABAB@@@BA@@B@D@@@BAB@H@BBDB@@@AB@@AB@B@B@B@B@@@BAB@@A@@@@DCB@@@B@@@BBBBB@B@DAD@B@@@@CB@DCB@BA@AB@@@B@@@BA@CBA@@AC@AA@@A@A@@AA@AAA@@@@AABA@C@A@@@@BA@A@A@@AC@AACAC@@AA@@A@A@AA@@AABAAA@AA@@@A@@@GD@BA@A@ABC@ABA@@@AAE@@@A@CC@@@A@A@A@@AA@@@A@@BC@@@CAC@CAA@CA@@@E@CBA@A@C@A@A@@CA@AAA@A@@BA@ABAAMCWFUBODQQKSKSIOCMFCB@DEBA@C@A@ADE@AAC@@@ABA@@@@@A@A@A@A@@@A@AB@AC@A@AA@AA@@CCAA@@@AA@AC@@@@@AAA@A@@@A@@B@AC@AA@@@AC@AA@AA@@@AAA@AAAAAAA@@@@@AAAA@AE@@CA@@@A@@"],"encodeOffsets":[[117094,40015]]}},{"type":"Feature","id":"140226","properties":{"name":"左云县","cp":[112.70641,40.012873],"childNum":1},"geometry":{"type":"Polygon","coordinates":["@@GFCJCFIFMFOFAZ@TDTBRCPEBMDKDIDINGT@HBFJTFNFXBZCRAPG`APJNX\\JPDRBDDNDPFLDPBJDN@DHJFLDLFRAPGFED@BAHCJ@HABEBC@EBABABCFAD@B@FAD@DABEDAB@@@B@BCBAB@B@@@BB@@D@B@B@BD@@@DBDBDBB@D@@B@BA@ADC@A@ABA@ABCD@@A@EAAAA@AB@@EBA@@BA@G@ABC@CBABCB@B@B@BAD@BEB@BABBB@@DBB@DBFBD@@BB@A@@BA@ABAHAB@@AB@@AB@@A@ABA@E@@@ADAD@BBDBBBD@@@BABAB@@AB@BA@@@ABAB@B@BBDBBB@DBB@BB@@@BA@EB@@AB@F@BFFLHVBR@\\BJNANILKJOLIRBPLPLF@@L@B@B@DBB@@B@@AD@FBDAB@BAB@@@F@B@@D@HAFCBCBABAFEHCDAFAFEFAFCDCDAFEHCDAJIHCDAHCHCBCJGJCFAHCFEHGBBJGFCFEJELAT@LBJBHDLBHDHDXLVJ^LF@JDNDHBXHJDHHBFDHFHFRNbHNDHBHDHNKTGPINOD[@SLK@AHAB@F@BAJAHAF@DABAB@FB@@@@DC@C@C@A@A@C@C@A@CBA@ABC@ABE@@@C@AAAA@@A@@B@@@DAJAD@D@DAN@D@B@D@@A@A@@@A@A@AAACEAAA@@ACAA@GCAA@@AAB@@A@CBADC@@BCBCBA@AFAB@F@@ABBB@D@B@B@B@DCBABA@@@AAEAC@ACC@AAA@ECGIOACACC@CAAA@A@C@E@C@ACE@AAAAACAKACAC@KCGAEAA@A@@AA@@AB@@E@CAACGAAA@G@AAGACAE@CCAABABCBC@C@C@CAC@C@CBA@CBADABA@ABAHGHEB@BC@CAA@CDEAA@A@E@EIGKEAGHI^EXBPDLARGHGHEBG@CAMAICIIOIKOGMEIC[EWA]DGESQEIDCBIBEJILKLCJAJ@HDFGNELIHEDA@A@A@CB@BCB@DABAD@B@B@DAB@DA@ABABCB@DEDEBA@ABABA@ABA@ACCACA@AC@ACAAA@AA@@A@A@CAAA@E@GDCBA@CBEDA@ADA@A@@AAA@E@A@C@A@C@AAA@A@@@AAA@A@A@AA@AAA@A@GAG@CAAAAACC@AEE@AA@CAAAMAM@KCSEGKBMGIIEOEO@OAO@M@OGKKAG@EFEBCIAMAQAcBK@UB[C@O@GAGCGICUDQDGDOHQFUHQEAEAIEIGEMGYGQC"],"encodeOffsets":[[115352,40695]]}},{"type":"Feature","id":"140225","properties":{"name":"浑源县","cp":[113.698091,39.699099],"childNum":1},"geometry":{"type":"Polygon","coordinates":["@@HIHEJCRIRIFKDOCG@C@QPGFI@IAKDELONOJMFIHCFAREJO@GHEJCDIFUDKJQNSJMNM@KAKCGACIOKKECECIDIDKFOJMB@@@@I@KCIEEECGAEEM@MBQHEJGJODOG]@SJOFUBIASBOBMBOLKRHNALEHGJK@SC]BUDSH[BE@@@@BO@UAI@@@@@AEGIKUAQCQESIUAMAACCFKDM@YAWAO@SAIAIBKDOBQ@UDG@MDOFGDGHEHELGPQPEFMDQFSDIBMAQCSCOBQDQFIHGDODMFcIQCG@MEOEKDADEJCHGJEBQEETIJULOHQHMFKJWNGLKNCTBNHTGROP]\\UHKRCHEPIH[FY@CFAJBLBLCJOPORMPOLOHEFIL@JHHNLANGFEH@JFHJLDBADAB@B@@D@JHFB@BCFBBBBBB@BB@DDBBBDB@@DBBAD@D@BIJAB@BB@BB@BHB@BHFFBFB@A@EBA@A@EBABA@ADABA@@B@FCHAFADADDHDD@DABADBT@NDHBDFDJ@FBTBT@N@TGRFPLNNNRJZDVFJBHDHFNJPNFJHHLFFDVHXDRHPJJFNJRDV@N@H@XGXCRANAH@\\BPGPENAJBZJTLNFLFLFZBXCVENCHCNCHKTWLOPM"],"encodeOffsets":[[116584,40788]]}},{"type":"Feature","id":"140227","properties":{"name":"大同县","cp":[113.611306,40.039345],"childNum":1},"geometry":{"type":"Polygon","coordinates":["@@B@B@B@DAB@B@@@B@D@BB@AB@AABA@A@ABADADE@C@@BEBA@@BABCDCDAB@B@@AD@DAB@BABAB@D@F@@@HDHDF@F@BBD@B@DB@@B@B@@AD@BCF@@AB@@A@EBA@A@@D@H@FBB@DAFADABAB@D@B@DAHAD@BADCDC@@BA@A@@A@A@C@A@AAAAAAAAGEAA@@@A@@@A@@@@@AD@@@@A@@A@ACA@@AB@D@@@@AAG@CCCAA@A@A@ABC@ABEDO@AAE@A@A@A@ABCDCJGNKDABAB@DAD@DCDADAFAFAHAFAB@@A@@@ABC@@B@@CBA@@F@B@B@@A@@BC@ABADCDAHA@AF@BABC@@B@D@D@D@DBB@DBBAB@B@DABAB@B@BBDBB@B@D@B@RCJADAB@FCDAB@BA@A@A@@@@DA@@@@@ABCB@B@FAD@B@DADABA@@BA@A@@@ABA@@BA@ABA@AD@D@@@BBFB@@BAD@H@D@N@@@D@LAFAB@D@BBDBBBB@LCB@HA@@FCLGFABAB@BEFGBCB@BCFADCBABCB@@@DB@@BA@C@ABCDM@ABA@A@C@@BA@ADE@A@A@@@A@@BA@@BCDA@ABAA@@A@A@A@@BA@@FABABABAB@@ABCDCB@DC@AB@AA@@CICC@AAA@C@I@@AA@@CAG@E@E@M@C@@@AAA@AA@AACBC@CB@@EBABAB@B@D@B@F@B@@@BABAB@D@DDBB@@FCF@@AB@DADEFABAHCBA@ADC@A@A@@CEA@GAA@CC@@AAAA@A@AAA@A@AA@EAAAA@AC@AAE@E@@@C@A@A@G@A@ABA@A@A@CBABCBG@ABA@A@ABA@E@I@A@A@AAA@A@@GG@AEIEIAE@EBEBC@A@AA@CCEGAAA@EE@@GGEEGMMDGDMDUFWDYAKEKEMESKYIIAMBOFOH[AG@MBQBWDWHG@M@U@QCMIIEOIQGWCUGECKEGGEIOMMIGEGCIAUEYCQIMMKMEOHQ@S@MASAS@ECICEGAMCS@CAABCBC@GCCCCBEBGBEDA@@@ABCB@BABAB@F@BAB@F@BEAEAGE@AGAEFABCD@BA@A@AB@BA@ABADA@ABCBA@ABA@ABEB@BEBCBABA@ABA@@BCBABEDCDCBCBEBEDA@EBGDA@ABCBEHA@CHAB@@AFADAD@@ADADAB@BABCHADAB@DBBBD@BB@BBB@B@P@B@BBB@@BBBB@BFBB@BF@B@NR\\ZPFP@PAPHPJXHRBNDILMJUTGL@@CDCB@@ABABA@ADCDABA@ADA@ED@BADADADA@ADCBABAFA@@BABA@@DAD@B@BBB@BABAB@@@BDBBBBFBD@D@B@BCDABADABBD@BAB@BCBCDAB@BABABABABA@A@AB@BA@@F@BA@AD@BABBBBHAF@H@FBFBDDFDH@D@BDDBDBBBH@DBB@DDFBB@BBBBBDBDDJD@@FFBD@BBLBD@@@BBDB@@DBBAB@BADEFCFEDEJAF@DAB@D@DBF@B@BBBB@@BB@@@B@DBHDDBBBBB@@BD@B@BAFADCHCFAB@@@BAD@BBBBHBDDB@D@BBBBFB@@B@B@DAHAB@BABCBABC@ABABABGFCDABAB@D@B@BADABBBA@@BBD@BBB@@BBBB@B@B@DBDBBDDDBHBHFDBRFDBBBBBDB@BBD@B@@@@@BADA@@BB@@BDB@@@BBB@@@BAB@@ABAD@BBBBB@@B@DAB@B@DBB@@@@BBB@@B@DFFJNNTLJH\\VBB@@B@@BB@B@JDB@BD@@B@B@B@BBB@@BB@DA@@DBD@@BDBDBD@@BB@@D@DD@JFFDBB@@@@BBBB@BB@@@B@BABBBDBBBBDBDBBBBB@@"],"encodeOffsets":[[116249,41221]]}}],"UTF8Encoding":true}