{"type":"FeatureCollection","features":[{"type":"Feature","id":"140702","properties":{"name":"榆次区","cp":[112.740056,37.6976],"childNum":1},"geometry":{"type":"Polygon","coordinates":["@@D@JBJ@B@@F@BADADBBJ@B@JAFAFBDBB@BD@BDDB@@BD@BBBBBBBB@D@D@F@FBDBBBDB@FDDB@@B@DBDBBBD@BBD@DA@@B@B@FAFCFAFCFCDADEFED@B@B@@D@DADADADADJAHAFCDAFAD@DBD@D@D@FADADCDCDANA\\@NFNFLBFBDDDBD@DAHEFCBABCB@D@F@DBBFDBBDBBD@F@FAJAD@BA@C@CCG@ABADE@ADC@C@A@CAAGC@AAC@A@C@CBEB@B@BBBBB@BC@EDEBCBABAD@FFFFBBB@FBJ@D@N@NEHEBAACKG@AAEAE@E@A@CAEACACCACCECCACAEAA@ADCHCJA@ABABC@ECEAEG@EBC@CDEFGHGFE@ABAAC@EAE@C@E@CBADABCDADEBADC@ABE@C@CFCBCDE@AACACEECCCCSGOICMJS@@@@DGNMNQRQHIPSNGVGRCXEfYJSKORERCTCNDZ@R@TCPMHQHKPQPGNOFIBIAICGCQQQMOQSKKCI@KHIHKDMAKCICOACBURYJQBKEMIIKGICKG[ASAQJYZONUNGHA@CDCBABIJABWFYPQNCNEFIBUFQESAKHOLOHODWBQFUFIFQJKHKFGBODO@QCGBAHARAL@@@@@DA@@@@BCJOJOHWNUJcFQCGG@@@@CEQQ@A@@@@CE@@@ACGBCBMBK@KCEQCY@A@_FIFCHELIHOCMKSIKACACCCCECCACAC@C@C@C@C@C@E@EBGBI@BDBB@BAD@D@BADBBBBDDDBBBD@DBD@BBF@DBDAHBF@F@FBDDBDDF@BA@A@A@CBA@E@E@AB@@ABAF@B@DAD@B@BABCBCDAB@B@D@D@DBDBJ@H@F@D@DAFADADABCDCFAFAD@B@DADABA@@@@B@BA@CAA@A@EBGBC@A@AB@@A@@D@B@D@FBF@DAF@B@@@@@F@FAD@D@DBDBBDBDBFBD@FBFAF@F@D@D@DBF@HBDBDBDBBD@H@@@@@@@DCBCBC@EBEBABABABAFAB@FBB@BDBFBD@@DBF@HBBBBD@B@F@FBDBBBBD@H@D@DABADCBABCB@DBB@DBFFBBBDBD@D@D@FBF@J@F@B@DB@BBFBJBH@F@D@D@BBBB@DBDBBBB@BBDDDDBBBBABABC@ADABADBD@F@D@D@BAB@BABCBABAB@BAB@BABADCB@D@BBDB@BBD@B@DBB@DDDBLHNHDDFDBDBB@B@DIRGJ@HFNHHLFBBBBBD@B@D@D@BDDB@"],"encodeOffsets":[[115399,38750]]}},{"type":"Feature","id":"140721","properties":{"name":"榆社县","cp":[112.973521,37.069019],"childNum":1},"geometry":{"type":"Polygon","coordinates":["@@DCJIFMDGAC@A@I@GACACGGGECCAC@C@CDABAD@F@DBJHDBB@BANEVAV@PGRQR[DYOOOGKMLQHMLOLQDSAQC]OMQM@GFGBGEICESKMOEOHSBAPILEhMNKQOGIFMLI@WUIIKCMBGDIBALIFCHAF@J@F@D@DA@IBE@EDKBABC@@D@D@BABC@EBACG@CACEGAAAAACAI@AB@BCB@DAL@JAJAF@D@D@B@@AACCECCCCAC@C@CBEAG@GHANBJ@B@BANWFIHUBWBG@GAKCI@GOCI@MDABA@ABGAEBA@AD@@Gd@BCJ@@A@AC@GACECGBCDCDGDC@AC@[ACAC@CBABC@ABCBC@A@AACC@A@EHGDKDYCcDEECIA@E@UAKDOLODS@U@MCU@SBUFOE[QMIYMQMMO_UKKEAKAQC_HEJGLMJKFGLBLJPBFBL@R@LKLIJDNFJFV@FCJMNUBMBIFIHINILIBOFOASCQ@MFIJCVCHIHKHENCFGDKAOAMD@PB\\IPGH@@@@MNMLQFSAODQB[RMNQJ@BBFHJJHDB@@BFBDBDDDFBJBFBFDFBBBDF@D@HADAFAFABADCBABAD@@AB@DBBBF@BBBBB@D@DAFEJAFAF@@ABC@A@CBAB@BAFABADADDBFBJP@NA`YbEJBD`@dFT@L@@D@D@BCB@B@BDBDBB@J@HAJAHAHCNCBAHBNDPJRFVBVDXDdHXFRIDMHIJCJ@JJFNJJNVDT@LBLFJBDBB@@@@LNNJRBNALCRCT@RBHFJJFFDFRJlFNDVBRDPFHDPLHHJLHHAJTB\\B"],"encodeOffsets":[[115784,38298]]}},{"type":"Feature","id":"140722","properties":{"name":"左权县","cp":[113.377834,37.079672],"childNum":1},"geometry":{"type":"Polygon","coordinates":["@@HMNKPEX@DI@K@MGIGGMOGQFIHILENGHKGMQMEKCMMEOGCIJQFOBE@AHGFAFBFDDA@KIGAIDGJOJMDIDYEOIIA@CAG@EDIBACAGJICKE@@HGJA@MA@@AAAACK@AAACCA@C@CAABCACB@BABAB@D@BCBA@C@EB@D@H@F@FBBAD@F@DADCDA@C@AAC@AAC@C@EDCBADABABOCKEIKCMGIGGKICUDMHMHMCIIGEQJQDOOEQ@QCKEQIOKIGQIQKUISBOJM@M@KCOCKCKOKDGDMDIHILEJGJENEJGRETCNKLIHMHMBSHEHGJMLKHIHOLEDOFQDUDSJIJKLEAC@CAQBA@AB@@BD@BHL@DJLBLBF@D@BEFGDADB@DF@BB@SJILIJIHIJOLIJGLGLIPCHOHIAICKKCMGICGA@IACBC@CEA@CCCCAC@C@CCA@@E@EFAFA@A@GIMGGAEEAA@ECAGBCD@LCLSDAHAXGVEJMXABA@I@MAGB@HBHAF@D@DBDDDDDDFBD@BA@C@C@E@IBIBK@CBA@ADA@@BBJBDBBBBFHBD@DDHAB@FADABC@C@@@ADABCL@FAF@JCBC@E@I@E@GBEDKJABCJAHDNJLVJ@XKJENHJRPMLgNKFOJABGTFPNPTLDFFJ\\EPE^C\\AJ@LBDBD@F@BBBBDDDFBBDDBFDDBBBBB@DBDAHADBBBDDDBDBF@DBNFJBPFN@FBHBDB@BBDBBHDDDHDDBD@D@B@HAH@F@B@BBDDHJBBBBB@DBD@DBDD@BDD@BBBBBJFFDHFBBDFLLLDNAJ@JONQPOXQHGLGREXEPATBVBV@NELI\\ATHNALI@@@@@@LGPMXEPGVETDPDLBDINQJQNQN]HUBOHOJKLGVGTAV@NDJDPFRG\\QTKPKJIJIHOJILIFDDKDIHDJJFDHH"],"encodeOffsets":[[116489,37966]]}},{"type":"Feature","id":"140723","properties":{"name":"和顺县","cp":[113.572919,37.327027],"childNum":1},"geometry":{"type":"Polygon","coordinates":["@@BSASGKEKIUEMAQDSJQJMHQBSDQDSHMLGLCVB\\HXB`BTBXDTCVA^DVAXATALLERDPDNFHbTj@RATCPCPIHEBUCQAIDMHINMND@@@@@@HBZHNB^CXCPJR@JALMJORYHAPDTFRAHECIAKLOHKCUDEPEFAPKHOPaNIPETETGXARERENAHBPRHVJNNL@@FNDLNLNBNC@OAIBADADCF@FCLCJCBANOJKLGSGKEKEIGMGKMCKBO@KAQEOGQGGGMAM@K@QMKQOKEMCIIKSIKKS@M@OIOW@OCQMUEM@MCKCKMFSFgBQGOIIEMEMAIGGECIIGCCJCLECKJIJGPIJIJOLSL[RQHOEICMCU@SBUHKHILGPAPGVM^MRIRMRCJKAOCSCUFOHWFONKH@@@@@@KJMBSG[BKJMFU@UASAOBWFQFKHGHWROPMRIPI@MBKCKKCEAAGEECIEAAAA@ACC@ACCCAC@CAA@AAAAGICCAAA@E@G@GBA@C@C@CAGCCCGCAAAC@ACAGAEAM@OEIAMECAE@CACACCAACAGBCBCAA@AAAACCAECCAACECCAAAAE@C@CAKAI@[B]DOF[FAHEH@HRNPND^BRCTKRKPGNKRLNPHPPCZQ\\QROHU@UBMFABA@CAIGCAE@C@ABCB@D@DBDDDHFHHBDBD@H@J@BBDCHENIJCDLHJDLHJJFNALIRQZAVBDDPDJBLCNGLGJ@LDJLLRTNPRRPAN@RFJHNJLJJJLD\\BTIXBRBFBNNNJT@RCLCNCRFRHLBNBVAVIRGJCLHDFJLNHNDN@LB"],"encodeOffsets":[[116076,38487]]}},{"type":"Feature","id":"140724","properties":{"name":"昔阳县","cp":[113.706166,37.60437],"childNum":1},"geometry":{"type":"Polygon","coordinates":["@@TARRPDrLPBNBLAXIJEHIXERCLCL@PGPMFQBKCOEMEOAKGIKMGICK@KJUFOCIEKIMOQOQOOIOGKS[OSGIIIKIKKMKEQEMEIBOAIASAGAMCKGGIMOEQ@QIIGIIIIIUCOEIAMCO@CBMEMOMKAEAKHILMPABIDKDEDE@CDCBABBJ@PMDMAMKCKEM@@MKIMGUOQGAMBQFQFWBSHSFOFMJObGPOLEBOFCFDVGLKPBLDJGFQBSEOCGBQZIPKNIBQ@OIWD]DMAYGGA@@@@@@MCMNGJCNBJDRAVGFOJODSDQBi@aSEGCMCOFQKKSBWBUB]CUBSDWCSA_AWA[GUAKDKHGNCTCRATGRINIRCTBRFNJVFLHLBTATBPCDCPCT@D@H@HAD@DQTIFBJH\\^`bTXbX^jBp@VCF@BN@RRKLEPQJUPAPALAPBN@HGHGDILKRCfAVBdARBNFTBPAJCPMHGPEJAZAPB@@HFDDBBJ@HBH@H@DDBB@BAB@FBFFDBBHBLBVBH@HBL@LAHAD@DABAB@D@H@DAFCDG@C@A@@DIBIJCJDVJXFP@VBPBVBNHVLTJLLNJNJXBT@VENEbKTI`OPIPCPBHFBJDRBPBH"],"encodeOffsets":[[116733,38610]]}},{"type":"Feature","id":"140725","properties":{"name":"寿阳县","cp":[113.177708,37.891136],"childNum":1},"geometry":{"type":"Polygon","coordinates":["@@@I@ICMAOEOCMEMCKAMAKBIDOFIJELGJCPGLEJEFGAOCIBKFODEFCLGPIJIDIFMLMDEJKJOJIJGLGJEFEBABE@Q@KDMFGHKFI@A@QAME@UDo@iAW]WaaS]_G[AIJERS@CBC@G@G@CDSDODCAOKAM@MCMGIKCEKGIDQHUJUBMAKAQGQEMDKDQDS@MIMMEAQAWASJ[AKCIIKIMIIGQEM@OBDRDHBJAJEJMPOHORGLGRONSDQ@Y@MCSDQDQFLPITeZWFQDUHMHOTGJQRMRMNCH@@@@ITDNPJTHDDDDFFBDBD@BCFADED@D@DAF@BCDABCFCBADCBAB@D@F@DBF@FBDAB@BEFGHEHCF@DAD@FFHFBFDD@BABAB@DIDGBCB@FBDBDBFDDDDBBDBDBF@D@B@FBFBF@BLHBDABGFMFM@C@I@EAA@AAEEEEC@ABABADCF@FADA@AAAAA@A@AF@D@D@BBD@BHDBB@D@B@DCD@BCFAB@BDH@D@DABC@IBEBE@C@AAACCAAECAE@C@A@ADABEDGFCBC@CACCEAKAMEME[@MBCBCDCDCBEBC@C@C@CAC@EBCBEDGBIBA@ADAD@B@B@B@DABADABADCDAB@D@D@D@F@BADABADABADBB@@@BBBBBDDBDHBB@DBBD@@AD@BADCBABABCBCDAB@B@DB@@BFFDBHJFFFJFDDDDFDFDDFDFFFDFBDBDBDBB@DBDDB@@BBB@B@B@BABADCD@DBDBDDBDBD@B@@@BD@BBBD@D@BABC@ABABAFAB@BAD@D@D@DAD@BA@ADCBABAB@D@D@B@F@D@DBB@DBD@FBDDB@DBDBD@D@B@D@FABABAFADAB@D@FBDBF@HBDBF@DBD@D@BAD@DADAFAFADAD@D@BBBBB@BB@BBBBBBBBDFB@@DDDBDDDF@DBF@BFDDDF@NENM@AB@@ABABA@@HCTBF@FFBF@RD@BBB@B@BBDABBB@BB@@BB@B@BBB@BB@D@B@BB@@AB@BABAB@BA@AD@BABA@ABABA@A@@BA@A@ABA@@BBBB@BB@BB@BBBBB@BB@@BBBBB@BBD@BBB@B@D@B@JAJ@JAB@B@B@B@B@BAB@B@B@B@BBB@B@BBBB@@BBBBBB@@BBB@BBH@@BD@H@D@BBFBHCD@P@J@DD@F@@@B@B@BBB@@FFHFRJPJRDJIFIHILGJIHELANAJ@X@THFJJNBHJRPHJHJDH@LBRCLAJEFCDGDIDGACGAGEEE@KPYBKBKFCN@JCJADCDEDG@MBI@MDGDKJEBCNALBN@F@PGHCFGDEBC"],"encodeOffsets":[[116062,38884]]}},{"type":"Feature","id":"140726","properties":{"name":"太谷县","cp":[112.554103,37.424595],"childNum":1},"geometry":{"type":"Polygon","coordinates":["@@J@HAFAF@D@D@D@D@D@D@DBDBFDDDDDDBLBTJNLPDJGFKDGJE`EB@Z@RDDF@LALANADDH@B@@DF@@@@@BRRDF@@@@HHRDdEVIXMPGPIDI@A@@B@@C@@@@BKBQBGHARDP@PCHALELGRIJEVEREXAPCPGPKLGTBRFVEJAFEDMRMZOXEBAJIBADADCB@HGVMPMZYRIBIGGIKGGOKGCOEQCUAMCkEQICEEEIIGEQAS@QDKDMBQAMIKM@@@@AAACEIAK@KCSMUIIEMIII@IDGJCNQJWEcGWCUCUAQEOIMCGAABMDGDGBIBGBI@A@CACA@A@ADA@A@C@CK@S@cE_@ACFIZaB_@MIOEACAABCBEBE@E@CBGFIRERGNMNOFAJFN@LIJKFILABIDGDCDEFAFAD@DADABABCBC@EBE@CAE@CAECEIMCC@EJKHQBIFM@ID@FBFAJIPABABC@G@EBABAdAHCDAAAA@AAAAACAA@A@ABCBC@C@A@ABAD@BA@QH@DDFFJHHDJ@BCBCFAF@BDJPFHLARAT@P@JCJBFBFBDB@B@DBBBBB@F@F@B@D@DBDADBJBF@@@@J@B@BB@B@BCBABC@ABHB@@BBBBBD@H@J@L@JAF@FBFB@BBD@F@F@F@DBFBDBD@BBB@@@@@D@D@FABBBB@BBBB@D@B@F@DAD@FAD@DABABADAD@F@FAFAHAJAHADA"],"encodeOffsets":[[115293,38407]]}},{"type":"Feature","id":"140727","properties":{"name":"祁县","cp":[112.330532,37.358739],"childNum":1},"geometry":{"type":"Polygon","coordinates":["@@BAD@BADA@A@AAAA@I@@@@@AEAIBCAC@C@C@A@E@EAAAACAA@A@ACAEAEDI@I@OBSBQGKOECI@ABEDEDA@ACIGGEICE@CRGB@@ABCBAB@D@D@DABAB@B@DBBBBB@BBBBBDCBGBcBAFAH@D@BABAJOBIAE@EJCN@JERALGFID@NDFJFDDBF@DBF@FAD@DABABABC@CBCBEFEDCHCJCBAJKLEJI@KEMBIPENMHMFQJQHEDAF@F@FADABABCBCBABE@ABADAB@D@BA@@BEBEFIBE@C@CAAAA@AAEAA@CBA@@BCBADABCBABEBEBC@G@CCEAAEAECEAIAEACCACACAE@@CAIGGIAE@AA@IBKAGE@GBEAGIAQ@QEIMKMGECGCCCAG@EBGBKDIDG@EBGBCBGBG@E@E@C@C@ADAD@DAHAHABADCBCBC@E@IAA@CBCB@D@BBDBDBD@F@BABABC@G@C@GACBC@IDG@ECGEKCKAC@C@AAA@A@ABA@EAEAAAC@GBIBA@C@@@@B@DFJFJFH@PDRBNAFIJGHCHCJCFMDOHETKJEFCL@HAJKJQPIJGPGRQFcHQHOLCHCNCTINOF@@@@A@OFOBUCKBOBSFQFENFJLHHD@HGHMHMBI@QBiBE@BBBD@D@FDHBBFBFHLPBJHHNHPPFNARBN@LJLXTVNXFZFR@HFBBB@DB@BBJBDBDDBDAB@@BB@BD@@BBHAL@D@DDDFDHAJFPBD@@H@JAFBB@BBPAP@DA@ACOBEBEDEBCDAJCFBHBFBH@DADCHCH@HAH@@BBBBBBNBFBBFJBDF@D@PAFAFEDEDCDCHBH@DDFFBDD@JAHBHBFBFBFA"],"encodeOffsets":[[115204,38377]]}},{"type":"Feature","id":"140728","properties":{"name":"平遥县","cp":[112.174059,37.195474],"childNum":1},"geometry":{"type":"Polygon","coordinates":["@@F@jARAJ@NANGHG@GGCKGEIFMRETEPALAVDPAPEB@@@@@PEJMDSDMDGPKRGdGREHQHOJIROLIBI@GDKFELIFSPGNCDEDIDGHGJIBEAMCQ@OEGEIEI@C@AACDKJGPER@TENGDQDaCSACCGBIJENGJIFGDIFMDMAKCOHMTEN@R@LEFCDKBEBGAACKKMKEQGQCQAMDKFMJODGAGGECKCGGEEIIKESCU@KBIHKHMHIDS@QBQFIBO@IAICEGEGEGECIAIBEDMROLKFSHOLEJKJOFS@OBIBKHKFGFCNCNCJIFKDKAIAM@OAQ@KCSNIHKLAT@FDFDPANALAR@H@XAPIXYXK\\CHILOLOFOHEFGDM@MAGIKEGAQAW@o@aBKDIFIDKFGBIDE@@@A@K@AB@@@R@J@BA@C@UAGV@F@B@JAJ@B@JBHBFBBRJBBBHABABADAF@NABCDCBGBK@AB@@@H@D@DBBDBJ@N@BA@CD@V@FBBB@B@BHB@BDRBFBBD@BC@EBEB@D@@BDLDBF@F@DABEBAF@RBB@BBAB@BEHCF@DDFF@B@@@@CFEDE@EB@BAFAHBHDBBBFBBHBLBDBBDAJ@FDL@DFDLHNNDHDD@BP@RBJCJCBA@AAE@A@EDCDEHEJAJ@JADCBGBE@EAK@EBAFCPCJGDAFDFBFF@FFFFD@B@@BF@BBB@BDBB@FDB@DBBB@FBBBBDD@@FD@BB@@BBD@@BDDDDDDBJDB@FDDBJHDBDDDFBBB@@DAB@B@B@@FDBBDBNDBBFD@B"],"encodeOffsets":[[114914,38238]]}},{"type":"Feature","id":"140729","properties":{"name":"灵石县","cp":[111.772759,36.847469],"childNum":1},"geometry":{"type":"Polygon","coordinates":["@@AGKGOCQJMJKHIFKJGDKFGBODMBMCUDSAS@SASDMDBGAECEIAOEG@C@@B@B@BDFBBHD@BBBAD@DCBEBK@AAIEAACBEDEDC@SEQEWESHSJCDKFGDGAKESCcCSIUGUE]GCMJQPQDO@@@@@@@@@@BCGI@@A@ACEECACAIBSLQRKLOJMJMNGBMFOHUNYRQJKNGHMPQVIRCPALHLF@HBDHEF@@ADCDCB@@ADA@A@A@C@AA@@BEA@AAE@@BABCFCBCDA@A@E@AAAA@AAE@CAEAAAAA@A@@@ABAD@HBH@BA@CBADCDAFAFAFA@C@A@CA@A@E@A@AAC@AAACE@GEOCAKEMEMAMBKDOFKHOJGHILIJMHCTBLANBHBD@BB@H@B@@BAJ@B@@@BB@@FBBB@F@HDB@BABABAB@R@NBLFBDBJ@DBBBDFFDFPBLBLDD@DBDB@FBFDBNHLHPBZARDRHBDNHLHJJBDDDFBJ@FBLHFDBDCBCDIDEDGDE@G@CCCCC@EBGFCBC@C@ABCBAD@JBN@HAJCBGDCDADKJEHCBCDE@C@C@AFINKLCFHBLDPBVHJADACG@C@IFINGHAHDBDFBLAHCJEPIJGNEXCNENEJCDC@C@CAABCBCJCLAJBBBBD@F@NBBHJBDBBBBD@D@N@F@BBBDFLD@B@JEDAB@D@DBDFBHADAH@FBDLLTB\\BRDP@R@DKFIJGLGTEXCN@JBHEAICIAGBIFA\\EDFBNDLNJJJFPHN@BF@NAHABIDSIKEKCMJKVEV@T@HCLCDABCDABANAB@BAAGAC@G@AAAA@AA@ABEAAEACC@ABABAFAJADAHADAFBBBD@D@H@LEFE@EBOAK@AAG@ABAFAF@L@HAFA@CBADADAJCL@VEHADCFIB@@@PKNKLEJELEDFDG@GCMBC@EEGOGOEEAGO@Q@IBCFABABECG@CEKAGBCBAHBD@D@FKDIHGHGBECIKICCAA@E@YAUCODS"],"encodeOffsets":[[114685,37568]]}},{"type":"Feature","id":"140781","properties":{"name":"介休市","cp":[111.913857,37.027616],"childNum":1},"geometry":{"type":"Polygon","coordinates":["@@VBD@B@@A@I@Q@@BAL@B@@@F@JCHALEJCJELCbAp@X@RBHBLFHJNBN@HCFEPGPEPKJKDGL[ZWJWBO@W@GBQBKBMCOCE@EBSLKJGTMECECCGGKKEGAG@QIGOG@IDGDGEKEIASCK@YAQBM@KCAC@IFKHIJILKJIHE@C@EAGAGEGMGGGCKHIFCHEJIACGGEIQCKAU@OHMFO@MGEGFKFKGUKSKICEKFIFKFMLOL@@A@EJCDGBUFK@IDCBCBAB@DEBGBK@E@EBAB@BBH@BBLAP@FEFKFG@C@C@AAEACBGBCBIBEBABAB@BDDFBBBAF@BBBB@BB@B@HBDBHABA@MBABCBADCBKDGDS@U@UFILDNFLJLCTAJGBMBE@@AGMEOIIMICKAMCE[FEBAJBHDJBJGFIAM@WDSFKHIHEJCLDJFHFBLFTJJBXFTDLDVJVHJFFBDLHFLAJGRIN@FBLDAH@LPJNDJFJPJRFBBTHFFLBB@@@@DD@@@@FDNJTFHLDPFTDhJNBHBDBDJHBFFPBB@@"],"encodeOffsets":[[114639,38072]]}}],"UTF8Encoding":true}