{"type":"FeatureCollection","features":[{"type":"Feature","id":"140302","properties":{"name":"城区","cp":[113.586513,37.860938],"childNum":1},"geometry":{"type":"Polygon","coordinates":["@@BAHEHCPBNEVKNINCJI@@@@@@FADB@DDDF@JAVEJ@DA@EICSAE@ACCCIAC@GAEBQJ@@@@GBGDMDC@CCDGLEACE@OBMBMKK@A@FDDDBH@D@@@@@HIFMJA@FFJDDH@D@@@B@@ALAF"],"encodeOffsets":[[116294,38785]]}},{"type":"Feature","id":"140303","properties":{"name":"矿区","cp":[113.559066,37.870085],"childNum":1},"geometry":{"type":"Polygon","coordinates":["@@BEBK@@@A@@@CCGICEEKDID@JGBQFMBSFSDAFA@@@@@@B@HGH@J@BLBFBHV@LE@MB@DDBD@H@F@N@F@HEAAEAIEEMAKAG@IFERGVEF@DFBFAFABK@@B@DDBJ@BDEPBFD@BIHOBEAEBCJERADA"],"encodeOffsets":[[116294,38785]]}},{"type":"Feature","id":"140321","properties":{"name":"平定县","cp":[113.631049,37.800289],"childNum":1},"geometry":{"type":"Polygon","coordinates":["@@HADAJBJEH@FAF@BD@FCDCBADBBBBFBDDFDDBB@BAF@L@HAPDD@FAFALAFAHADADABCAEDC@AAG@ADC@@F@HBJ@FAJCFADADADDBBFFFF@@FB@BD@@BDBBBB@D@D@B@BBBBB@BDBB@B@B@BJHHH@@DBB@B@JBBB@@DBBBDBDABADADADBD@DAHGLIHELKPODCDE@CBABECA@CBCDCHAHAFCJCDCBAAA@EECAA@ADG@AAC@CDADCDE@E@ECEACAGAA@GFC@CCKCAC@CAE@E@@@AADALIBCBABADAB@RDF@DABAHANGHGHKFMPSFMFIBIFSPQPCNGJKFIBMDMJUDGDS@U@WAM@KBKFKFILGNAP@RDREHKBIAKLILELGNIDKBICIEKWOKCOCQKMGGICKAQ@QFCAGAOCQAIGEOAODOJ_PSJaLMFUFS@WAMIMIKKSIUKMGUAOAUAO@WEUIICIDAJCJ@@@B@DCHEDCBG@C@A@ABCBC@GBKBK@GAG@UAKAGAAAECAE@EBA@AAACCG@G@GAI@AACCGE@@OAYBIBOFGHONIDOBSAMEQAcBUAeBQDKLCJGHGHM@OAKBOBOBIVORKFQL@BEJGLEHCN@L@RAFFHDF@HDHDFNFPHNFTDBBBBBHBF@D@DDPAJ@DEPAJBDNHLAR@JBPCDE@OBINEBAB@D@BBFAB@DAFAD@BADABAB@NA\\FVDNDVHN@@@TAXCLCJCD@H@F@D@F@HBFVLRTFFHLHFBDL@LMHCH@BDHLJXFHJHNDX@HEHSFSJCLIRKJABABCDMLMVFHJDJHFJLLB@P@J@HD@FCNOFAD@BA@C@C@C@C@CBABABC@C@C@EBCAABAB@DBBJ@PHHBD@BABAF@BBF@BB@D@DB@D@BAFCB@@BAF@DABCBE@KDADGTAFAJEJCBG@MDEBA@E@A@A@AAA@A@A@@BAB@BBBBDB@@BFL@ZANBBBH"],"encodeOffsets":[[116379,39004]]}},{"type":"Feature","id":"140322","properties":{"name":"盂县","cp":[113.41223,38.086131],"childNum":1},"geometry":{"type":"Polygon","coordinates":["@@CAAACA@@AAIAA@A@CA@@GGIG@A@A@AAAACA@AAAAA@C@C@A@AACA@AC@@AEA@@EEEEAACCCBCBEBIDEBI@GAE@@@CD@BBH@BCDBFADCBCBGBEBKBEBEBC@OCGBK@E@ABA@CAECCCEAAAAABCDADC@EACE@EBG@IFIACBGBIACBC@UBCACACGE@CA@EBC@CODKJADGFC@EAEGAECC@@BCBEAGAEGCE@ACGECBIPCBCBG@EAEECEECEEIKA@C@IBGDCAKIOEKGAAC@CBCAC@ACAE@C@IBABCFAFA@IDGFACMBCFC@E@A@A@@AE@CAACACAA@E@A@CBA@EDAB@@ABBBBBFB@B@@EBEDA@AAA@A@A@A@ABCBABAB@BABABABABA@E@@@A@ECEGCICKAIA]AMDO@GBIKEMAQAS@SBOFSFWDMAOAMBMBMJOJOFMFADCFEHGDOHE@M@KAMBADIFCLCH@NAJ@NCHCFCDIBIDM@EDALALOZ@LFFHFHBBDCHCJCHEDIFKBQDKAG@ICIGOGIQAGIMEISGW@I@MBKBGFIJKHGJEJIJQCOIQIGEEE@@AA@A@A@A@@@ECCI@O@C@GDEAAAC@G@C@@DAH@DAAE@CBE@CBGBEFEFCDAF@D@DABIDI@CBCBI@GAEACAA@ADSLIFA@CDAD@DA@@@C@A@CBGFA@CDCBCBADEDCBCFCDCDA@CFAH@HBH@BAD@B@B@B@BA@@BABA@A@AAA@A@CAA@@@CAA@A@AAA@AAA@A@C@A@A@A@A@A@A@ABA@@BABABAB@BC@@@A@A@ABA@CD@D@F@DCDADDJ@@HDH@LGDBBDBB@N@F@BEHBDBB@@BBB@@BBB@BBBBB@BB@B@B@B@B@B@AB@B@BABA@@BBB@BBBB@BB@@BBBB@@BBBBBBB@@DBBBBB@@B@B@BAB@@AB@B@B@BBB@B@BBBB@BBB@B@D@FDFDBF@FBDBDBBD@FBJBFFDDBDHDHDHDFBHFHDHDFAF@HBBB@@BBB@BBD@@BBB@BBH@DBDBDH@F@FDF@HF@F@BFBHBDDBFBF@D@BBD@BBDBBJ@DBBDABBFDBBBDAHBFAHBD@FBDBDBBAHAFAF@FDDDBBFBDDDAH@D@HBHBDD@BBBDDD@DDLJNV@LKJMLCJB@@BBBB@BB@BBBB@@B@BBBBB@BBB@B@BBB@B@D@BAB@B@BAB@BAB@@ABAB@BA@@BA@@BABAB@BAB@@AB@B@B@BAB@B@B@B@B@@@B@BBB@BBB@BBBD@BFBDDDJBPCFAD@FBDBL@JBLAN@P@HDDFdLPHTJ\\LRDRDNHFFFPFJHHRHNHNDbPXFVHXFJFZHLHRJNFTHNDNBJ@TIJEREHALAH@Z@^JVJNDL@X@RDP@HA@KBKBIDK@KDMRMHGLIHG@MIIKKOIKIMIKKQSCKEOAKGOCODOFIHKNKVMJQAO@MASCKIYCMCY@SJGPORMFSDIJINGLCV@bHVDV@LANCNIPSHIJELCPAPDD@BBF@LFFDDBD@DEBCBE@CAEACAEBCHCDAD@HDB@DBD@DADABADA@CAAAAEACACA@@AABA@CCAIEEABAHCDABAFAD@BDD@BBDBFCDBF@F@N@PARATEPCLCT@@BFBJDHBHBHBF@FABABABCCAAEAAAACA@C@AD@DCDC@A@E@@E@EDEBCBAC@EBI@ACK@CCCAECA@AACAEEGAGBC"],"encodeOffsets":[[116543,39026]]}},{"type":"Feature","id":"140311","properties":{"name":"郊区","cp":[113.58664,37.94096],"childNum":2},"geometry":{"type":"MultiPolygon","coordinates":[["@@BADAD@D@D@D@B@@ABCPEDM@EGCI@O@A@KKEIIGICEGNUNKDCBABALIJQDKTITEFG@GCWGMGIWEKICG@ADGNG@KCKEAKGEGSEKQEUGAE@C@E@G@C@IDKDWDSB@@FdHA@@@@RIFAHBD@JBDDBDF@TBJD@FCBI@UFIBE@CC@CCAEB@@@@@@IJMDMJULMFOAGDGFABCBQBIFADBFAFGPAJC@AEFOACI@CA@C@AL@BABEAECEE@UFQHEF@JBHBLFNJFFBBBGFE@M@¥@HCPBNB^BJDLDJFHFDB@@@F@B@BABABABA@ABABADABAB@B@B@B@BBB@FCFA@@@AEAAAAABA@@BAFCB@DAB@F@B@DBDBBB@DBF@@@B@B@FEDADDNEBCH@JEBEBADAB@J@DBFBDD@DBDAD@BBLHPFLJDBHCJAD@B@JLFFFDDFFFFBH@DADAJODAHFBDF@HDBFBHAFAD@@DDBFFHFBD@HEBCLIPC@DAD@FDBF@DHDBDBVAD@DAJBAGAABM@YEK@AA@ACAA@ABA@AB@B@B@BBB@B@F@B@FANCH@DAFIBIBEHSBCLCF@DABA@CBE@AA@EDABC@A@@C@CAAE@AAE@ABABC@GAOGI@AA@CBABADBFAD@D@D@BA"],["@@M@UGMCUC[EMBA@ABCBABC@EBCBA@EBAAC@A@ABMFAJ@PCFODIAQ@KBMGACBIFO@CBICO@C@CAEAGAAAASCMEOGMECECG@GCEEGABEFIFKHIHIJIPILCFKNENCJIJOJKHEDCFEPALDJBPEHIFKFOHIDKHIFEJCPAJBLBNDLFNDNFPBPDN@J@JNEPEPININANAPBNBXCTEPETAT@RBNBLFAJ¦E@G@C@CA@CNAF@@KGUEAKA@A@IHG@G@A@@@@B@BETCTENAREHA@IJCLCB@NIJE@G@@@@@CAGCCECB@L@NLNAPAF@BDKFCHDDD@NCHCEc"]],"encodeOffsets":[[[116398,38916]],[[116330,38735]]]}}],"UTF8Encoding":true}