{"type":"FeatureCollection","features":[{"type":"Feature","id":"650105","properties":{"name":"水磨沟区","cp":[87.613093,43.816747],"childNum":1},"geometry":{"type":"Polygon","coordinates":["@@N@L@F@@@@@@B@@@@@@@B@@@@@BA@@@@@@@@B@@@@@@B@@BB@@@@B@@@B@@B@B@@@B@@@@B@@B@@B@@B@@@B@@@@@@@@@B@@@@@@B@@@@@@B@@@@@@B@@@@@@@B@@@@@@@A@@B@@@BA@@B@@@B@@@@@@@@@@@@AD@B@@@@@@@@B@@@@@@@@@B@@BBBBBBBBB@@BB@@B@BBB@@BB@@@B@@@@@@@BB@@@@@@B@@@@@@@B@@@@ABB@@B@@@@@@@@@B@B@@B@@@@@B@@@B@@@B@@@@@@@@@@C@@A@B@@@B@B@@AB@@@@@@@B@@@@@@@BB@@@@B@B@@@B@@@@@@@@@@A@@@@@@@@@@@@BA@@@@@@@@@@@@@B@@@@B@@@B@@@@@@@@@B@@@@@@@@@@@@@@@@@@B@@@@@@@@@@@@@@B@B@@@@@B@@@@@@A@@@@@B@@@@@@@@@@B@@@@@@@@@@A@@@@@A@@@@BA@@@@@@@@@B@@@@@BB@@@@@@@A@@BB@@@B@@@@@BB@@@B@@@@@@@@B@@@B@@@B@@@@@@BB@B@@@@@@B@@@@@BB@@@@B@@A@@@B@@B@@@@@@A@@B@A@@A@@@@@@@@B@@@B@@@@@@@B@@@@@@B@@@@@@B@@@@B@@@@@@@@@BA@@@@BB@@@@B@@@B@@B@@@@B@@@B@@@B@@@@@@@@@BA@@@@@@@@B@@B@@@@B@@@@@B@@@B@@@@B@@B@@@B@@@@B@@BB@@@@@@@@B@@@@@B@@@@BB@@@@@@BB@@BB@@@@@@@@@@A@@AA@@@@@@@@@A@@B@@@@A@@B@@A@@@@B@@@@@B@@A@@@A@@B@@@B@@@@@B@@@@A@@@A@@@@@A@@@@@@BA@@@A@@@A@@@C@@@A@@@A@@BAB@@AB@@@@@BA@@B@@@B@@@@@@@B@@@@AB@@@B@@@@A@@B@@@BC@@@AB@@A@@@@@A@@@@@@BA@@@@@@@AB@@@@@@@@@B@@@@@@@@AB@@A@@@@B@@@@@@@@@@@BB@@B@@@@@B@@@B@@A@@@@@@A@@@A@@AA@AA@@AAA@AAAAA@@AC@@A@@A@AAAACCA@@@@@@A@@A@@A@@@A@@@@@@A@@A@@@@@A@A@@@@A@@@@@A@@@@@@@@A@@@A@A@@@@@AA@@@@A@@@@B@B@DABABA@@BA@ABA@@@A@A@@@AB@@A@@@CB@@A@A@AB@@A@@@@BA@@@@@@LD@@@@FBB@BB@@@@BA@@@@BA@@@@@AB@@@@@@A@@BA@@@@@AB@@ABA@A@@@@BA@@@@@A@@@@@A@@BA@@@@@@@AB@@C@A@A@@BA@@@@@@@@@A@AAA@AAA@@A@AAAA@@CC@@AAA@@@A@@AA@AAA@AAA@@AAA@@@A@@A@@@AAAAAAA@@AA@@AA@BA@@@@BA@@B@@@BAB@@@BAB@BA@@B@@AB@@@DA@@@A@@B@@AB@B@@A@@B@@@@@@A@@BA@@BA@@@@@AB@@@@A@@B@@@B@@AB@BAFCBAB@@AA@CECCAACACCECCACECCA@@@AA@@A@@AA@@@A@AA@@@@A@@@AA@@@@AA@@AA@@@@@A@@@@@@@A@@B@A@@@ABABABAB@D@@@@BB@@D@@@B@@@@@@BAB@B@@@B@@@@A@A@A@@@ABBB@@@B@B@BAB@B@B@B@@@B@@BB@BB@@B@BA@@@@B@@@@A@@B@@@B@@AB@@@B@@@BA@@@@@@@@BA@@@@@@B@@A@@@@@@B@B@@@@A@@@AB@@@@ABAB@@A@@@ABAAA@@@A@@@A@@@A@@BA@AB@@@B@BA@BB@B@B@@ABAB@@AB@B@BABABABABAB@@A@@@A@@@@@E@AA@@A@EBA@A@@@AAA@@A@@@@@@AAA@@@@@EAAA@@A@@CC@A@@@AA@@@@A@@@@@CC@@A@@@AAA@A@A@A@C@@@@@CAA@@@@@C@AA@@@@@@A@GAA@A@CAA@CAC@@@A@@@CC@@C@A@CAA@C@AAA@@@@@@@@@@@A@@@@@A@@@@@AB@@AB@@ABA@@B@@A@@B@@@BA@@B@BAB@B@B@B@B@@BH@H@B@B@@@B@B@B@B@B@B@B@BBD@B@B@B@B@D@B@@@B@D@DBB@B@B@@@@@BAB@@@@@@@B@BA@@B@B@@@@@B@@AB@@@D@B@D@D@DBB@@@@@B@@@@@@@B@@@@@@@B@@@B@B@@@BBB"],"encodeOffsets":[[89703,44929]]}},{"type":"Feature","id":"650103","properties":{"name":"沙依巴克区","cp":[87.596639,43.788872],"childNum":1},"geometry":{"type":"Polygon","coordinates":["@@@AB@@@B@D@D@@A@@B@@@@@@@@A@@@@@@@A@@A@@A@@@@AA@@@@@@@A@@A@@@A@@@AA@@@@@AACAE@@@A@@@AA@@@@@@A@@@@@@@@@@BBD@BB@@D@@@DB@@B@@@DAFADAD@BA@@D@H@HB@@@@DABAHCLCBA@@@@@B@@B@@@@@@B@@@@@@@BB@@@BB@@DB@@@BB@@@BB@@@@@@BB@@@@@@@B@@@@B@@@B@@@@@@@B@@@@ABA@AD@D@@@@@BBD@D@FBB@@@@@@B@@@@@B@@AB@D@@@@@BB@@@@@@@B@@@@A@@@@@@@A@@@@@A@@@@@A@@BC@@@@BA@@@@FA@@@@@AB@@@B@@@D@@@@@@B@@B@@@@@B@@BB@@@@@@A@@B@BA@A@@BABABCBA@AB@@@BA@A@@BA@@@A@@B@@A@@@@@AB@@ADBB@@@B@@@@@@@D@J@F@D@@@@@D@B@@@@@BBB@@@D@HBAC@A@A@A@A@A@A@A@A@@@A@A@GAG@@@A@A@A@ABA@A@AB@@A@@@AB@@@@AB@BA@@BA@@BA@@@@@A@@@AB@@A@@@A@@@A@@@A@@@A@A@A@A@@@@@A@@@@@A@@@@@@@A@@@@@@@A@@@@@@BA@@@@@@@AB@@A@@@A@@@@@@B@@@@@@A@@@@A@@@@@@@@@@@@@@@@A@@@@@@@A@A@A@@A@@A@@@A@@@A@@AA@A@A@@AA@A@A@@AA@A@@AA@A@@@A@@@A@@AA@@@@@A@@@@@@@@@AA@@A@@@A@@@A@@A@@A@@@A@@@@@@@AA@@@@@@A@@A@@A@@@C@@@A@AA@@A@@@@@@@@@AA@@@@@@A@@A@@AAEAAB@@AAAA@@A@AAA@@@A@AA@@A@A@AA@@A@AAA@@@A@AA@@A@A@A@@AA@A@A@@AA@A@A@@AA@A@@@AAA@A@@@AAA@A@@@A@AA@BA@A@A@@@A@A@A@@@A@A@A@@@A@G@EC@A@C@E@E@A@A@A@AAAAA@@@@@A@@@@A@@@@A@@AA@@@A@@A@@A@@@@AA@@@@AA@@@@@AA@@A@@A@@@@AA@@@@A@@A@@A@@@A@@@@A@@@@@AA@@@@A@@@@@A@@@@@A@@@@@A@A@@@A@@@AAA@A@A@A@A@@@A@@@@@@@@AAB@AA@@@A@CAA@C@A@A@A@A@AAA@@@A@A@A@A@C@A@ABA@@BA@AAA@@@@AA@A@A@C@A@@@@A@A@@AA@@@A@A@@@CA@@A@@@@@@@A@@BA@A@A@ABA@A@@@A@@AA@A@AAA@AAA@@A@@A@A@@AA@AAA@@@@AA@@@A@A@@@@@ICA@A@@AA@@@A@@AA@@@@AA@@@AA@@EAA@AAA@@@EA@@AACAACAAAAAACE@@AA@A@@@AEE@@CACCCCECCAEC@@AA@AA@A@A@@@AAAA@@AAA@A@@@A@A@A@@@E@A@A@A@AA@@AA@@@AA@A@AAAAAAC@AAA@@A@A@@A@@@AAA@A@CAC@AACAEA@AA@@@@@A@AAA@A@@@CB@@ABA@AAA@@@GA@@AAAA@@EAAA@@C@EAA@A@CAC@CACAC@CAAACAAAA@AA@@@B@D@D@B@B@B@@@B@@BB@BA@@B@FAFAHAFAD@@@B@BAB@B@@@D@FBJAD@@ABCDADABABA@AB@BA@CBAB@@AB@DAFAD@B@@BDBFBBBBDHBHAF@BAH@@@B@B@BADB@AB@FA@@@@@@B@@@BAD@@@BAB@@A@@BABA@@BA@@@@@AB@@A@@@@@@D@@@@@B@B@@@D@D@@@B@B@H@DBB@B@B@@@D@D@B@@@@BBBHBBBFBD@FBD@D@FBDBH@B@B@@@@@@@B@B@BCH@D@BAD@BAFAF@BAFAB@BAHADAJAHAFAFAD@B@B@B@F@B@B@@@@@B@D@BAB@@@BAB@BABA@CBABAB@@@B@@A@@@@@A@@BBB@@@@B@@@B@B@D@B@B@D@D@D@D@F@H@F@F@D@D@F@B@B@B@B@@BB@@AB@B@@@B@@@@@B@B@@@B@B@B@BBB@@BFB@@B@B@@@B@@@@@B@@@@@@@B@B@@@@@B@B@@@B@@@B@@@BA@@B@@@B@@@@@BA@@@@B@@@@AB@@@@@BA@@@@@@B@@@@AB@@@B@@@@@B@@@B@@@@BB@@@@@B@@@B@@BB@@@B@@@@@B@@@@@B@@@@@B@@B@@@@B@@@@@B@@@B@@@B@@BB@@@@@B@@@B@@@@@BB@@B@@@@@B@@@@@B@@@@@BB@@@@B@@@B@@@@@B@@@B@@@B@@@@@B@@@@@B@@@@@B@@@@AB@@@B@@@@@B@@@B@@AB@@@B@@@B@@@B@@@B@@@BB@@@@B@@@B@@@B@B@@@B@@@B@@@B@@@B@@@@@B@@@BB@@B@@@B@@@@@B@@@B@@BB@@@B@@@@@@@B@@@B@@@BB@@@@B@@@@@@@@@B@@@@@B@B@@@B@B@B@D@B@B@DB@@BB@@B@@@B@FAD@BB@@B@@B@@B@@BB@@D@@A@@BA@ABC@A@A@@@A@@BA@A@@BA@@@@@@@A@A@@@@B@@@@@@A@@BAAABA@E@E@EBC@A@C@C@ABC@G@EC@@@@A@EAA@A@@@@BA@@@A@@@A@@@@@A@@@@@A@@@@B@@B@@@@@@@A@@@A@@@@@A@A@@BA@A@@@@@B@@BB@BBB@DBD@BB@@@@BA@@@@@@BA@@B@@@@@B@@@@BB@@@B@@@@@B@@@@BB@@BB@@@@@@BAB@@@@@BA@@@ABABA@ABA@A@@@@BA@@B@@@@@B@@@JD@B@D@D@B@@@@@AH@@@@@@@@@@@BA@@@@A@@A@A@A@A@A@CL@BA@@B@@B@BB@@BDB@@BBBB@BBD@B@DBB@B@@@@B@@@@B@@@@@B@@@@@@@@A@@@@@@B@@@@@B@@@@B@@@@@D@@B@@@@@BDB@@@@B@@@@@B@D@@@B@BADAB@@@@AD@BA@@@D@DBB@@@H@@@@@B@DADBF@@BA@@FF@"],"encodeOffsets":[[89585,44919]]}},{"type":"Feature","id":"650104","properties":{"name":"新市区","cp":[87.560653,43.870882],"childNum":1},"geometry":{"type":"Polygon","coordinates":["@@GAC@@@A@AA@@@@A@C@@@@@C@E@I@C@@@@@@@A@@@A@CA@BA@@B@@@@@BA@@@@B@@AB@@@BAB@@A@@BABADABAB@@@BABA@@@@B@@@@A@@AA@@@@@A@@@@A@@@@C@@@A@@@A@@B@@@@EB@@@@AB@@@@AD@@@B@@@@@B@@@@@B@@@@@@@B@@A@@@@@@@A@@A@@@@@CBA@@@A@@@@@A@@@@A@EAC@C@AA@@@@C@C@@BAB@B@@A@@@@@@@A@@@A@@@@@@A@@@@@@AA@@@@@@AA@@A@@A@@CA@@AA@@A@@A@@@@@@@A@@@@A@@@@A@@@@ABKDGDABCB@@@@GAG@C@@@ABC@CBEBCB@@A@@@CA@@C@@@AAC@AA@@@@@@@@@@@B@@@@B@@B@@@B@@BFBD@B@@@@BB@@B@@@B@@@@B@@@@@@BB@@@@@BB@@@@B@@@@@@@B@@@@@@A@@@@BC@C@A@@@A@@B@B@@A@@@@B@@@@A@@B@@@@@@@@@B@@@B@@@B@B@DBB@B@H@@@@@BB@@@@B@@@B@@@@@@@BB@@@@@@@@B@@@@@@A@@@@@@@A@@@@@@@A@@@@@A@@@@@@@@@A@@@@@@@@@A@@B@@@@A@@@@@@@A@@@@@@BA@@@@@@@A@@@@@@B@@A@@@@@A@@@@@@B@@@@A@@@@@ABA@@@A@@@@B@@A@@@@@A@@@@@@BA@@@@@A@@@@@@BA@@@@@@@@@A@@@@@@@AB@@@@A@@@AB@@A@@@A@@B@@A@@@@@@@A@@B@@A@@@@@A@@B@@A@@@@@@@A@@B@@A@@@@@A@@B@@A@@@@B@@@@A@@B@@@@@@@B@@@@@@@B@@@B@F@@@B@@@@@@@B@@@@@@@@@B@@@@@@@B@@@@@@@@@B@@@B@@@@@@@B@@@@@@@B@@@@@@@B@@A@@@@B@@@@@@@BA@@@@@@B@@A@@@@B@@@@A@@@@@@B@@@@A@@@@@@@@BA@@@@@@@@BA@@@@@@@AB@@@@@@A@@B@@@@A@@@@B@@A@@@@@@BA@@@@@@@@BA@@@@@@@AB@@@@@@@@AB@@@@@@@@A@@B@@@@@@@@A@@@@B@@@@A@@@@B@@A@@@@@@@@@@BA@@@@@@@AB@@@@@@@@A@@B@@A@@@@B@@@@A@@@@BBBBB@BBBBBBB@BBBBB@B@@B@BD@BBBB@BD@@@@@@B@@@@@@@@@@@@@BA@@@@@@B@@@@@@AB@@AB@B@@AB@@@@@BA@@@@B@@A@@@BBD@B@BBF@DBF@@@@@@@@@@B@@@@@D@@@@B@@@@@@@@@@@@@@B@@@B@@@@@BA@@BCBA@C@@@@@CBC@C@@@@@A@@@A@A@C@A@C@@@@@@@@@@@@@@@AD@BA@@B@B@H@D@FBD@B@B@@@HBB@B@DBF@@@@@BBB@B@@@B@B@@@@@@@A@@A@@@A@@@A@@@@@@@ABBNFBBFBDBDBFBDBB@JBLDB@@@@@@@@@B@@@BAD@B@B@@@@@B@BB@@B@@@B@@@B@@@@@B@BB@@D@@@B@@@B@BBB@D@B@D@FBB@B@B@@BB@@@B@@@@@BB@@B@FD@@B@B@B@@B@@B@BBB@BB@@@BHF@DA@@DAD@@@B@@@BB@@B@B@@@B@@@@BB@@@@@@AB@B@@B@@@@@B@@@JCDANC@ADCHEJEFG@@FGB@@@@A@ABA@@DEFCBC@@JIB@@@@@@@@A@@@@@@@A@@@@@A@@A@@A@@@@@A@@@@@@@A@@@@@A@@@@@A@@@@@@@A@@@@@@@A@@@@@A@@A@@A@@@@@@@A@@@@@A@@@@@@@@AA@@@@@@@A@@@AACAA@@@@@@@@@@@@@A@@A@@A@@@@@A@@A@@A@@@A@@@@@A@@A@@A@@@@@A@@@A@@@@@A@@@A@@@@@@@AA@@@@A@@@@@@@A@@@@@A@@@@@A@@@@@A@@@@@A@AAA@C@A@A@A@A@@AA@@@@@A@@@@@@@A@@@@@A@@A@@A@@AA@A@AA@@A@A@@@A@C@@@A@AA@@A@A@A@A@@@A@@@@@@AA@@@@@A@A@@@@@AAA@A@@@A@A@@@A@@@@@@@A@@@@@@@A@@@@AA@C@C@C@A@C@@BA@@@A@@@@@A@AB@@A@A@@@@@@BA@A@@@@@A@AAA@C@C@A@@@A@C@A@A@A@A"],"encodeOffsets":[[89703,44889]]}},{"type":"Feature","id":"650102","properties":{"name":"天山区","cp":[87.620116,43.796428],"childNum":1},"geometry":{"type":"Polygon","coordinates":["@@@@B@@@@@B@@@@@@@@@@@B@BBD@B@DBB@D@@@DD@@B@@@D@DBB@DBB@B@HBB@@@@@@@BBD@@@@@B@DB@@@@D@B@B@B@B@BB@@B@@@DD@@@@B@@@@@BB@@B@D@@DB@@@BBFB@@@@B@BB@@@@@@@BB@BB@@B@B@FAB@@@BBF@@@@@B@@@B@@@BABABABABA@A@ABA@@BABA@@@A@AAAB@@A@A@@BAB@@AB@@@B@@@B@@@B@BBBA@@B@@@BABA@@@@BA@@B@@@@@@A@A@@@@B@@@@A@@@@B@@A@@@@@@B@@A@@@A@@BA@@@A@@@AB@@@@@@A@@B@@A@AA@@AAA@@@A@@@A@A@ABA@A@A@A@@AABA@@B@B@B@@@@@@A@@@ABA@A@@@@A@@@C@@@AA@@@@@CBABABABA@@B@@@@A@@@@@@@A@@@@@A@@@B@A@@A@@AAAAAAAAA@@A@AA@ACEA@AA@A@AA@ACA@AAAA@@AAA@@A@@A@@AA@@A@@A@@A@@A@@@@AA@@@@@AB@@@@AB@@@@A@@@CAAACCCCA@@A@@@ABAB@@@B@BA@@AAAAAACCAACCEGCEEEEGAA@A@A@@@A@@@@@@B@@A@@B@@A@@@@@AB@@@@A@@@@@@@@@A@@@@@@@@@AB@@@B@@@B@@A@@B@@@@A@@@@@@@AB@@@@@@A@@@@@A@@@@A@@A@@@@A@@@@@@@AA@@A@A@A@A@A@A@A@A@A@@@A@@@A@@@A@A@C@C@@@A@A@AB@@@BA@@@ABC@A@E@C@CA@@AAB@@@BA@@DAD@B@BAB@@@D@B@DA@@B@@@B@DAB@@@B@B@@@B@B@B@B@B@B@@@D@BA@@B@@AB@@@B@@BB@B@B@@@@@B@B@B@@AB@B@@AB@B@@@@@B@@@BA@@@@B@@@BA@@D@B@B@B@BBB@@@B@B@B@@A@@@@@@@@@@AA@@A@@AA@@@@@@@@A@A@@@A@A@@@@@@@AAA@AAA@@@A@@@A@AB@@@@A@A@@@A@@@A@@AA@@@A@@@A@@@@@@BAB@B@@A@@@@B@@A@@@A@@B@BA@@@@@@B@@@B@@AB@@@@@B@@@@@B@BB@@BBB@B@@BB@B@@@@AB@@@BA@@BAB@BA@@BA@@@A@@A@@AA@@A@@@AA@@A@CAA@AB@@A@@B@@@@A@@BAA@@A@@@A@@B@BA@A@ABA@@@@@A@A@@@AAAAA@@A@@AAA@@@@AAA@A@C@C@A@I@KBQ@C@A@A@A@A@A@C@G@M@CBA@C@E@MA@@@@@@@A@@@@@AB@@@@@@A@@@@@@@A@@@A@@@@@A@@@@@AB@@@@A@@@@@@A@@@C@CBKDC@C@CBC@A@A@@@@A@@@A@@@@@@AA@@@@@@@AA@@@@@@@@A@@@@A@@A@@@@AAAA@AAA@C@@@AA@@@A@A@@@@@A@A@@B@@@BBB@@A@@@A@A@C@A@@@A@@@A@OFA@ABA@@@A@@A@@A@@@C@C@A@CBA@A@@@@@A@@AAAAAAA@@AAA@AA@@AA@@@AA@@@AA@@@@AA@@@AAA@@AA@AAA@@A@A@A@@@C@@AA@@B@@@B@@@B@B@BBB@@@BA@@BA@CBABABA@AD@BAD@B@@ABA@@BA@@B@@AB@@@B@B@B@@@B@@@B@@@@@B@D@B@BBB@@@@BB@BAB@@AB@B@B@D@B@B@B@B@@BB@B@B@B@B@B@DBB@D@B@@BBA@BB@@@@@@@@@B@@@B@B@B@BBB@B@@@B@@@B@B@@@@@B@@@@@B@@@@@B@@B@@B@@@@@B@@B@@@B@@@@BB@@@@@BB@@@@@BB@@@BB@@@@B@@B@@B@@B@@B@@@@BB@@@B@@BB@@@@@@B@@B@@@@@B@BBBBB@B@B@F@F@D@B@D@@F@H@B@@@B@B@B@@@B@B@B@@@B@BABB@@B@B@@@BBB@B@@@BBB@B@@@BBB@@@B@BBB@@@B@BBB@@@B@B@BB@@B@B@@BB@B@BB@@B@B@BB@@B@B@@BB@B@BB@BB@BA@BBBF@BB@@@@B@@@@B@@B@@@@@@@@@BB@@B@B@@@D@@@BB@@@@B@@@@B@@B@@@@@@@B@@@BB@@@@B@@@B@@@BB@@B@@@@@@@@@B@@@@BB@@@B@@@B@@@BBB@@@BBB@@@B@BBB@@@B@BBB@@@B@@@B@@@BB@@@@B@B@B@@@@@@@B@@@@@@@@@@@@@@B@@@@@@B@@@@A@@@@@@@@B@@@BA@@B@@@@@@AB@@@@@@@B@@@@@@@B@@@@@@@B@@@@@B@@@@@B@B@B@B@@@B@@@B@@@B@@@BA@@B@@@B@@"],"encodeOffsets":[[89708,44856]]}},{"type":"Feature","id":"650106","properties":{"name":"头屯河区","cp":[87.425823,43.876053],"childNum":1},"geometry":{"type":"Polygon","coordinates":["@@@@@@@@@@@@@@@@@A@@C@@@@@A@@@@@@@@@@@AE@CAE@A@AAC@A@@@BA@@@@@AB@@@@A@@BA@A@@BA@@B@@@@A@@@@@@@AB@@@@@@@@@@@@A@@@@@@@ACA@AA@AACA@@@@AAAAA@AAAAAAA@AAAAA@A@@B@@@@@@A@@B@@@@AB@@@@@@@@@BA@@@@@@B@@A@@@@@@@@B@@@@A@@B@@@@@@A@@B@@@@@@@@@@AB@@@@@@@@@BA@@@@@@@@BA@@@@@@B@@A@@@@@@B@@A@@@@B@@@@A@@B@@@@@@AB@@@@@@@BA@@@@@@B@@A@@@@@@B@@A@@@@@@B@@@@@@A@@@@B@@@@@@A@@B@@@@A@@@@B@@A@@@@@@@A@@B@@@@A@@@@@@@A@@@@@@@A@@@@@@@A@@@A@@@@@@@@@A@@@@@@@A@@@@@@@@@A@@@@@@@A@@@E@A@@@A@@@@@@@A@@@@@@@AB@@@@@@A@@B@@@@AB@@@@@B@@@@AB@@@@@@@B@@@@AB@@@@@B@@@@AB@@@@@@@B@@@@AB@@@B@@@BA@@B@@@@@BA@@@@@@B@@@@@@@@@B@@A@@@@B@@@@@B@@A@@@@B@@@@@B@@@@A@@B@@@B@BA@@@@B@@@@@@A@@@@B@@@@@B@@@@A@@@@B@@@@@@@B@@A@@@@B@@@@@@@B@@@@@@AB@@@@@@@@@B@@@@@@@@@B@@@@@B@@@@@@@B@@@@@@@B@@@@@@@@A@@@@@@A@@A@@@@@@@A@@@A@@A@@A@@@@@G@AAA@C@A@A@@@A@@@A@@@@@@@@@AB@@@@@@A@@B@@@@AE@@EB@@AE@CACBA@@@@@G@@@A@CAC@@@B@@ABC@@@@BABC@A@A@@@C@A@@@@@A@@A@AC@@@@A@@@@C@@@@@A@@A@@@@@A@@@@@@@@B@@@@@@A@@@@@A@@@@@@A@@A@A@CAA@C@AAA@AA@AA@AC@@AAA@@@@AB@@ADKA@ABA@A@A@A@CAA@AA@@A@@@@@@@A@@@@@@@E@@@@@EBABC@ABCBA@C@CBEBABA@@@@@@@A@ABA@A@@BCBABA@A@AB@@@@@@@@@@A@@@@@@@AB@@A@@@@@A@@@ABA@@@A@AB@@A@@@@@@@AA@@@A@@@A@@AA@@@A@@AA@@@@@A@@AC@CA@@@@@@A@@@@@A@@@A@@A@@@@ACC@@CC@@@@A@AAAAAA@A@@C@@@@A@@@@AA@A@@AA@@@@@@@@BA@@@@BBB@@@B@@A@@@@@@@@@A@@@@@@@A@@AA@@@@@A@@A@C@@@A@@@A@@@@@A@@@@@@A@@B@@@@@@@@@@@@A@@@@@@@@@@@@@A@@@@@@@@@A@@A@@@@@@B@@@@@@ABA@@BA@@@AB@@@B@@@BBB@@BBBB@BB@@D@B@BAD@@@BAB@B@B@@@B@B@B@B@B@B@B@@@B@@BB@B@D@B@B@B@B@@BB@B@@B@@BB@BBB@@BB@@@AB@B@@@@@B@@@B@B@@@B@@BB@B@@@B@BAD@@@B@@A@@@A@A@C@ABC@@@@@A@@@A@@@@AA@@@@@@@A@@@@@C@A@AAA@A@A@AAA@A@A@A@A@A@A@A@A@AAA@A@A@A@A@AAA@A@A@A@A@A@A@A@A@A@A@A@A@ABA@A@A@A@A@C@A@A@A@A@A@A@A@A@A@A@AAA@AA@A@@A@@AB@A@@A@@@@@AA@@@@@AA@@@AA@@AAA@A@@AAAC@A@AAAAA@A@@@AAAAA@@CCCC@@@@@A@@A@@@@A@@@@@A@@AA@@@@@A@@AA@A@AAA@AACAA@CACAA@@@A@@AA@AA@@AA@AA@@@A@@AA@@@@AA@@@AAA@@A@@A@@@@AA@@AA@AA@@AAAAAAAAA@AAA@@AA@@ACA@AA@AAAAAAAAAAA@@@ACA@ACA@A@@A@@@@@@@AAA@@@@@A@ABA@@@@@@@@@@@A@@B@@@@@@B@@@B@@@@@@B@@B@@@@B@@@@BB@@@@BB@@@@B@@BB@@@@@BB@B@@B@@@BB@@@@@@@@@B@@@@@B@@@BB@@@@@@@AB@@B@@B@@B@@@@@@@BB@@@@@BB@@@@B@@@@@BB@@@@@B@B@@@@@B@@B@@@@@BB@@@BBB@@@@@@BA@@@@@B@@B@@B@@@@B@@A@@@AB@AA@@@A@@A@@@BA@@@@@@B@@BB@@B@@@B@@@B@@@@@B@@@@B@@B@@@B@@@@B@@@@A@@B@@@B@@@@@BA@AB@@@@@B@@B@DB@B@@@B@@@B@B@@@B@B@@@B@@@B@BAB@BB@@B@@@@@@@BA@@B@@@@@B@@BB@@@@@B@@@BBB@@@BADA@@@@B@@@@@BBB@@@B@@@B@@@B@@@B@B@@@B@@@@@BA@@@@@@BAB@@BB@@@B@@@@AD@@@B@B@B@@@B@@@F@@@B@@@B@@@@AB@B@B@@@B@BB@@BB@@B@B@@AB@BAB@B@@AB@B@@@B@B@@@B@@AB@@@B@@@@@@AB@B@@@B@@@BA@@@@B@B@@@BAB@@@@ABA@@@@B@@@B@@@B@BA@@@@BA@@B@@AD@@@D@BAD@BA@@BAB@@@B@B@@@@A@@B@@ABAB@B@B@@@B@@BB@B@@@B@B@BAB@@@B@@@B@@@BB@@B@B@BA@@B@@A@@B@@@@@BB@BB@@B@@D@B@@B@@@BBB@@B@@BB@B@@@B@@B@@@AB@@BB@@@@@BBB@@@BB@@B@BBB@@@@BB@@@@B@@B@@@B@@B@@@@BB@@B@@@@DFBB@@@BB@@B@@BB@@@B@@@@BB@@BB@@DD@@@@@BB@@@@B@@B@BB@@B@B@@BB@@@@BBB@@@@@BB@BB@@DB@@B@BBB@@@B@B@@@@BB@@@BBBB@@@@@B@@B@@B@BBB@@@@@@B@@B@@@@@@@BB@B@@BBB@@BB@@@B@@BB@@BB@@BB@@@BBB@@@B@@@@@BB@@B@@B@@B@@B@BB@@@@BB@@BBB@@@DBBB@@B@@B@@B@@B@@B@B@@@B@@BB@@@BB@@BB@@B@@@BBB@B@@@DBD@B@@@BB@BA@AAA@@B@@@@@@@@@@B@@@B@@@@BB@@@@@BB@@@@@@@@@@@B@@@BB@@B@@@@@@@@@@B@@@@@@@@B@@@@@@BB@@@@@@B@B@@BB@@@B@@@B@@B@@B@@@@@@@@@BB@@@@@@@@BB@@BBB@@B@@@@AB@B@@A@@B@@@@@B@BB@@BB@@@@@@@@B@@B@@B@@@@B@@@@B@@B@@@@B@@B@@@@B@@B@@B@@@@@@B@@@@BB@@@@@B@BB@@B@@@B@@@@@B@@B@@@@@B@@@@@@@B@@@@@@BB@@B@@B@@B@@BB@B@B@BB@@B@@@@B@@B@@@@B@@B@@@BB@@@@@BBBDBBDB@@BB@B@@@BB@@DABA@@B@D@BB@@@@@BBAB@@@B@@@B@B@BB@B@@@@@@BB@AB@@@BB@@B@@@@@B@B@AAB@@@@@B@@@H@@BB@@B@@A@@BB@BBB@DBB@BB@@B@B@B@@B@@CB@B@@@@@@D@@BB@BB@@@A@AJEDAEMFACG@@BA@AA@CCHAEKCGCCAA@@EAAACECCCA@@PK@A^IB@BAFA@@HAFA@AB@@@@@@@@@B@BAD@FADAD@@@B@@@@@@A@@@@@A@@@AA@@A@@@A@@@C@@@@@A@@@@AA@AA@@@A@@@@@@@@@AC@@B@@CB@@@@A@@B@@@B@@@@@@@@@@@@@@A@@@@@AA@@@@@@@@@@@@@@@@A@@B@@@@@@@@@@@@A@@@@A@@@@@@@@@B@@A@@@@@@@@@A@@@@@A@@@@@A@@@@@AA@@@@@@A@@@@@A@@@@@A@@A@@A@@AC@@@@@@@@@A@@@@@@@A@@@@@@@@@@@A@@@@@@@A@@A@@@"],"encodeOffsets":[[89552,45017]]}},{"type":"Feature","id":"650107","properties":{"name":"达坂城区","cp":[88.30994,43.36181],"childNum":2},"geometry":{"type":"MultiPolygon","coordinates":[["@@@AA@AA@ABECEAADC@ABAD@BABGDCBABA@ADCB@HGHEBADG@C@A@EEKAG@A@AD@@AB@@ABA@@@A@@BA@A@@@ABABA@@@@@@BABAB@B@@ADA@@DAB@B@BC@@@A@A@@BA@AB@BA@@@A@@@ABABAAA@A@@@@@AA@@A@AAAAA@A@@@AAAAA@@A@A@@A@CAA@A@@AAA@AA@AA@B@@C@@@A@A@@AAAA@ACCAGA@@AA@@@AA@A@@BA@A@@@AAA@ACE@ACC@A@AA@@A@@A@@AA@@@@AA@@@AA@@A@@@@A@@A@AC@@@AA@@A@@@@AA@@@@@@A@AA@A@@A@@@@A@@AAAA@AAA@@@ABA@C@@@A@@@A@A@A@@@ABA@@@@@A@AAC@@@A@@BA@A@AAG@AAA@A@A@@@CBC@A@@@@AA@ACACA@@A@@A@@@@DC@A@A@A@@@A@@ACACAA@A@A@A@A@CBC@@@A@@AAA@AA@@A@@C@@AAA@AAA@AA@@E@A@C@A@A@AAA@CAC@C@@@@@CACAAAA@A@A@CA@@A@@@AA@@AAC@A@AAA@A@CAA@@@C@@@@@AA@@A@@AA@@@AAA@A@AAAAC@A@A@@@A@CA@AA@@@@AA@@@AA@@@@@AA@AAAA@@A@@@AA@@A@@@A@@@@@BAAA@A@@@@AAAA@@@AAAA@@@A@AA@@A@AA@@@@AA@@AAA@AA@A@@@AA@@AA@@@AAA@@A@@A@@A@@CBA@A@CBC@C@@@A@ABC@@@A@C@C@CB@@C@A@C@C@CBC@E@A@@@A@A@A@A@A@@@A@@@A@@@@@A@@@ABA@A@A@C@A@A@A@A@@@@@A@@BA@@@A@A@ABA@A@@@A@C@ABAAA@@@A@@@A@@@A@@@A@A@C@A@@@@@AA@@@@@@A@A@A@A@A@A@A@A@A@@BA@@@@@@@@@A@A@@@A@@B@@A@@@@@@@A@@A@@@@@@@A@@A@@@A@@@@AA@@@@AB@@@@A@@AA@@@@@AA@@@@@A@@@@AAA@@@@AA@@@@@@A@@AA@@@A@@A@AA@@@AA@@@@A@@A@@A@@A@@@AA@@@A@@@@@A@@@@@@B@@@@@@AB@@@A@@@@A@@@A@A@@@A@@@A@ABA@AAA@@@A@@A@@@@A@A@A@@@A@@@A@A@@@@@@@AB@@A@@@A@@@@@A@A@A@C@A@A@A@A@C@A@A@@@AA@@A@@@@A@@@@A@@A@@@AA@@@@@A@@A@@A@@@AA@@@@@A@@A@@@AA@@A@@@A@@@AA@@@@AA@@@@A@A@A@AAA@A@@@AAA@@@A@A@AAA@C@@@A@@@ABA@@@A@@@A@A@A@A@A@@AA@A@@@@@@A@@@A@A@@B@@AA@@@@@A@@@AAA@CAA@A@AA@@@@AA@@A@A@AA@@A@A@@@@@@@AA@@A@@@@@@AA@@@@@AAA@@AA@A@CA@@A@A@@@AA@@@@@@@AB@@@@A@@@ABA@@@@@A@@@A@@@@@A@@A@@@@@A@@@A@@@A@A@ABA@A@A@A@A@@@A@@@A@A@A@@@A@A@A@A@@@A@AB@@@@A@A@@@A@A@A@@BA@@@AB@@@@AA@@@@AA@@@@A@@@A@C@C@ABA@@@AB@@@B@@A@A@@AA@A@A@@@@@@BB@@B@@AB@@@@ABA@A@A@A@CAA@AAC@A@AAA@AA@@AA@@AC@@A@@@A@AACA@@A@A@@@A@@@A@@BC@@@@@ABA@@@A@AB@@A@@B@@@@A@@@@@@A@@@@@@@@@@@@BA@@@@BA@@@A@@@A@@@@@A@@A@@@@@A@A@A@@@A@@AA@@@A@@A@@C@C@@@A@A@A@A@ABA@@@A@@@@B@@@B@@@@AB@@A@A@@@@@A@@@@@@@@BAB@@@B@@A@@BA@@@@@A@@@A@@@@@CB@@A@A@@@@@A@@@@AA@@@@@AB@@A@A@@@A@@BA@@@@@A@@@@A@@@@A@AA@@CA@@AAA@AA@@@A@@B@@AB@@@BA@@@@@A@@@@@@AA@@@@@A@@@@@A@AA@@A@@A@@@@@@AA@@@B@@A@@@@@@BA@@@@@@@A@A@@@@@A@A@A@ABA@AB@@AB@@CB@@C@@@@BA@@@@@A@@@@A@AA@@AA@A@@@@@A@@@@@AA@@@@A@@@@@A@@@@BA@@@@@A@A@@@@@A@@@@@A@@@@@@@@AA@@B@@A@@@A@@B@@@B@@@@A@@@@@@@A@@@@@@A@@@@A@@@@AA@@BA@A@A@A@A@@@@A@@A@@A@@A@@AA@@@@@A@@@@@@@A@@@@@@@A@@@A@@@@@@B@@@@@@@@A@@@@@@@@AA@A@A@@@AB@DABAB@@CBC@C@A@CAA@C@@AAAAAC@AA@@AA@AA@@@AA@@AAA@@@@A@@A@@A@AA@@AAAA@@A@AA@@CA@AA@AAA@AA@@A@A@@@AA@AA@@@AAA@@@@@CA_IGCGGECAGAIAGEGIGCEACECGAMCMEOGECKAI@ODWJSDOF]RSLMHIBKBGACCAEC@IBGBI@CACAAG@GACEAE@S@KFKDI@IBODG@E@C@C@EBMFKZQ^@@[hCL@PDPHNJHBNBJEF@BHBBBCDIDQ@GAI@E@I@C@CDIJA@CCEAE@QDIBC@C@GAEAE@EAEAG@KFEDEBAAAICA@@@@AB@@A@@@A@@@@@@@AB@B@@@B@@A@@@A@@@AB@@C@A@AB@@A@A@@BA@@B@B@@@@A@@@@B@@@@@@@B@@@@@@@@A@A@A@A@C@C@CBA@A@GBGBEBA@GBMHE@IDGDGDKD@@ABCB@b@Z@XBV@P@@@@CDAFCDAB@@SFoL[HaHCBA@CBCBA@CBKBMFE@ABA@EBCBE@MFIBIDIBCBCBA@GDIBIDA@aJIBaJSHMDCBA@A@A@ABC@@@ABEDCBA@A@AB@B@@EFCDAB@DAB@B@B@@AB@@@@CD@@@BAB@@@BADCDAB@DABCDABADABABADCDCDABABCDADEFAFEFILGLGFINABEFABCB@@ABABABCD@@@@@BA@ADAB@BABEHCDCFADABCDABCFABA@AB@@CBCBCBA@CDEDGBE@I@C@E@ABC@CBED@@@AAA@C@A@A@@AA@ABArG@I@@AEAC@CAG@A@@@C@@@@ZH@A@A@@JDB@AKFAEECCIBKBE@@@H@DNOCA@KBCKG@_F@EGBAECB@BB@@BMDFLOBDJIBA@YDDN@@C@ABA@EBA@EDA@C@A@@BEBA@A@CBC@ED@@BBDL@@DLBNDJFF@@@@DAFADAFAD@FADAD@FAFABAH@DALCJAB@@@@@@B@@@B@B@@@B@B@@@B@@BBB@@@BB@B@B@B@@@@@@A@@B@@A@@B@@A@@@@BA@@@@@@BA@@@@B@@A@@@@B@@A@@@@B@@@@A@@B@@@@@@BB@BB@@@BBBB@B@@@B@B@@@@AB@B@BABA@@@@B@@@BB@AB@@@B@@A@@@@BA@@BBB@D@BB@@B@@@BB@@BB@@@@B@@AB@@ABA@AB@@AB@@A@@B@@A@A@@AA@A@AA@@AAA@@@@@A@@@@@A@@BA@@@A@@@@@@@ABA@@@@B@@@BA@@@@@@BA@A@AB@@@@@@@B@@@B@@BB@@@B@@@B@@@B@B@@A@@B@B@@@B@@BB@BBB@B@@@@@@@B@B@@@B@B@@@@@@B@@BB@@@BB@@@@@@@@@@@BA@A@A@@@A@AAA@A@A@C@@@AB@@A@@@@@AB@@A@@@@@A@A@@BA@A@@BA@A@A@@@@@A@A@A@@AA@@@A@@BA@@@ABC@@@A@A@A@A@A@A@@@A@A@@@A@CBA@@@A@@@CBA@C@@@A@ABA@C@CB@@AB@@A@BB@@DBD@F@B@D@BA@@B@@A@@BAB@B@@@D@D@B@B@@@B@@@B@@@B@B@B@B@B@B@B@B@B@@@BB@@@@@@B@@@@@@BB@@@@@@B@@@@@B@@@@A@@B@@@@@@@B@@A@@@@BA@@@A@@@A@@B@@@@@@@@@B@@@@@@@@@B@@A@@B@@@@@BA@@@@BA@@@@@@@@B@@@B@BBBFHFFDFFHDDBBDDBBBBBB@@ABA@@@A@AB@B@@@BB@DDDDBBDB@@B@@@@@BA@@@@BA@@@@B@@B@@B@@@@BB@@@@BB@@BB@@@@BB@BB@@BBBBB@BDB@@B@BBBB@DF@BBBB@@@BBBBBBBB@BB@@@@B@A@@B@@@@@@A@@@@@@@@@AB@@@B@B@@@B@@AB@@@@@B@@BB@@@B@@@B@@@BB@@@@B@@@BB@@@@BB@@@@BB@@BB@@BB@@@@BB@@@@@@BBB@@@F@@@B@@@D@@@BA@@@@B@@@@@@A@@B@@@@A@@A@@@@A@@@@B@@@B@@A@@B@@@@@@BB@@@@@@@B@@@B@@@B@@@@@B@@B@@B@@@B@@@B@@@BB@@@@B@@B@@B@@@B@@@B@@@F@B@DAFA@@BA@@B@@@B@@BB@@BB@B@@BB@B@@@B@B@B@@@B@@@BA@@B@@AB@@@B@@AB@@A@@@@@A@@@@@A@@@@@A@@AA@@@@@AB@@@B@B@@@@@BBA@@B@B@@B@B@@@B@BAB@B@@@D@D@B@DBBAB@B@B@D@B@@BB@B@B@@BBB@@@B@D@@BB@DBDBBBBBBFB@@DBFBB@B@@BFBB@@@B@@@B@B@@AB@@@B@@@B@@@B@@BB@BBB@FDB@BBB@@@@@B@@@B@@@BA@@BA@@@@@AB@@@@AB@@@@@F@B@@@F@D@B@@@BBB@B@BB@@@@B@@@BB@@DB@BB@@@B@BA@@BA@@B@@B@@B@@@@@BA@@@@B@@@B@@@B@@@B@B@B@BB@@@@B@@@B@@@@@BB@@B@B@B@B@B@@@B@B@@@@@@AB@@@@A@@B@@@@@@@@@@@@@@@@B@@B@@@@@@A@@B@@@@A@@B@@@B@B@@@@@B@@@B@BAB@@@B@@@@@BA@@B@B@B@@@@@@@B@@@@@@@B@@B@@@@B@@@@@@@@@B@@@@A@@BA@@@@@A@@@@@@B@@@@A@@B@@@@@@@@@@@@@@A@@BA@@@A@@@@BA@@@A@@@@@@FCD@@@DAD@DB@@@@BB@@@@B@B@@@B@@@D@@@BBB@BBB@B@B@@@@@B@@A@@@@BA@@BA@@@@@@AAAA@@@A@ABADEDABA@@B@@@@AB@B@FAJ@JAH@B@B@D@DAB@F@DBDBDBDBBBB@BBD@HBH@D@@@DADABADAD@BADCDABA@AB@@@@@B@@@B@@@B@@@B@@@@BB@BBB@@BB@@BBB@B@BBD@BBB@BBB@@@B@@B@@@B@B@DBD@@@@@BBJB@@B@B@@@BBB@B@B@B@@AB@@@B@B@@@BBB@B@B@DB@@B@B@B@BB@@B@@@HBFB@@B@BBB@B@BB@@B@@@B@BA@@HBJ@H@H@DADEBADCD@FAF@HBD@D@BADAFG@EBABGAEACDEDCFCH@DDDAFAB@D@DFDDDDDBDBDABBD@BBFBDBB@B@@@JBJAHAH@FB@DADAF@DBBBBBBB@D@DCFAFAHAHAF@FAD@DADCDCBADAFAFD@F@D@F@DB@B@B@D@D@@@DAHAF@DAD@BBDABABADDDDBD@@BBB@@BDBDBFDBBBDDDBBDDDDDB@DCF@DEHEF@BEBABADBBDB@BBDAFBBBFBBB@B@D@D@B@DCDCB@B@B@B@BBDDFHFHDHBBBBF@D@FABADCDAFAFANEFCDE@GAAAA@@AAAA@A@EBCB@B@BAB@B@@ABAAC@C@A@ABCB@@AD@DBD@DDB@DB@@DB@BD@FDDBDBB@B@@BB@B@B@BAHANCN@RBH@FAN@@@D@D@F@D@B@DAD@D@DABADABABAHAF@FBDBBFDBHHDBB@@@FDFBDDDFFD@@BB@AB@DADADAD@DAD@H@B@B@B@B@BB@@B@B@@BB@D@BBDBBBDBB@BBBBFFBBB@@BBD@D@BBF@B@B@BBB@@DDDDDBBD@@BHBFDFLFHFF@B@BB@@BB@@B@BB@@DB@@@AB@@@BA@AB@@AB@@A@@@A@C@AAC@A@C@@BA@ABC@CBCBADAFAFAD@DABABABE@AAEAA@A@C@A@@@@AAAAA@@AAA@@AAAA@A@@@A@ABABA@@BA@ABA@ABA@AB@@@B@B@B@@@B@B@B@B@B@@@@@@@B@@@@@BB@BBB@@B@@@B@D@B@B@B@@@B@B@@@B@B@@A@@B@BA@AB@BAB@B@B@BAB@B@B@B@B@B@BBD@BBB@BB@BB@@BB@@@B@@@@@@@BA@AB@B@DAB@B@B@B@B@F@@@B@D@BBDBD@BBB@B@B@@@@A@@@C@A@AA@@A@@@A@@@C@AB@@A@AB@@ADAB@BABAB@@AB@@AB@@ABA@ABABABAB@@AB@@A@AB@@@B@@AB@BA@@@@@A@@AA@A@A@A@@@A@A@@@@@@BA@@D@B@B@BABAB@B@DAD@F@B@BB@@B@BBB@DBB@BBD@@@B@@@@@B@BABABAB@B@BAB@B@BA@@@@BA@A@AB@@AB@B@B@B@@@B@BBDBB@@BBBB@@BBBD@@@B@B@@@BA@@BABA@@BADABAB@DAB@D@B@@@B@BB@@B@B@@@@@B@@@BAB@@@B@@@@@@@@@@@@@BC@AB@@A@ABA@@@@BA@AB@B@BAB@B@@AB@@@@ABAB@BAB@@@BAD@D@F@@@B@B@DAB@B@B@BA@@@@@AAAAA@AA@@A@@@A@@@A@A@ABA@@@A@@@A@@AACA@AA@@AA@AA@@AA@@@A@@@@A@AAC@AAC@A@A@A@A@AA@@@@@A@@@@@A@@@AB@@A@AB@@A@A@@@AA@@A@@@A@A@ABA@AB@@@@@@@B@@AB@@@BBB@B@D@B@D@@@B@DBD@B@BBB@@@B@@@B@@@@BBBB@BDB@B@B@DAD@BAD@B@@AB@B@@AD@@@F@BBBAB@@@B@B@B@B@BAB@@@B@@@B@BA@@@@@AB@@@@A@@@@B@@@@@B@B@DBB@B@DBBBD@@@B@@@D@@@B@BB@@BBD@@@B@D@DAB@B@B@@BB@BB@@B@@BB@@BB@B@@BB@@@BB@@B@@BB@@@D@B@D@@@B@B@@@B@@@@BB@@@BB@BBBB@@@B@B@BA@@B@BAB@B@B@B@@@@@B@BAB@B@@@B@B@B@@@B@B@BBDB@@B@BBD@D@@@B@@@B@@AB@@A@A@@BA@A@@AA@C@A@@@@B@@AB@B@B@BBB@B@FBB@B@@@@@B@@@@@@@BA@@@@@@BA@@BAB@BAB@@@@@BA@@@A@@@@@A@@AA@@AA@A@@@@@@B@@@BA@@B@@@BAB@BAB@@@@@@A@@BA@@@@@@BA@@B@@AB@B@@@B@D@@@B@BA@@@@@A@A@@@A@@@AB@@AB@BADABABABABA@@BADA@AB@BA@@BAB@BA@@B@B@B@BBD@BBDBD@B@B@B@BA@@@@BA@A@@@ABC@@@A@A@@@AAA@AAA@A@@@A@@@A@@@ABA@@@CBA@ABA@@BCBA@ABC@A@A@@@A@@@A@@@@@A@A@@@@BA@@B@B@B@B@@@@AB@@@BA@AB@@@BAB@B@B@B@B@D@D@BAB@B@B@B@@AB@@@B@@A@AA@@A@A@A@A@@@A@@@AB@DAB@B@@@@@@A"],["@@@B@D@H@@@BB@DBB@BBBBBB@@@BBBBBBDBBBB@B@B@B@BB@DBDBDBBDBBB@BBBBB@BBABA@@BABAB@@@B@D@D@DBB@B@B@B@BA@ABAB@B@@@B@B@B@@BBB@B@B@B@DBFBB@@@AD@B@D@D@B@BBB@@@B@@@@@@BAB@D@D@B@BAB@B@D@B@D@DBD@DBD@B@BBB@@BA@@BBB@@DBB@B@BB@@B@@B@@@@@@@BB@@@@B@@@@FF@@@B@@DH@@B@@BB@@B@B@@@@B@B@@@@@B@BAB@@@B@B@@@B@B@@@@@B@B@@AB@BAB@BAB@B@B@@@BAB@@@BBB@BAB@@@@@BB@@B@B@DAD@BAB@BAB@@A@@HAB@@@NABA@@@@DA@@BA@AD@@@@AB@@BD@B@@@@@BA@@@A@@@@B@@@D@B@B@B@@@@@B@@@B@D@B@@@B@@@BB@@B@@@B@@@B@BAB@@@BA@@@@@AB@@@@A@@AAB@B@B@@@B@B@@A@@B@B@@@B@B@B@BAB@BB@@BA@@D@@AB@@@BA@@@@B@@@@@B@B@BBBB@@B@@@D@@@BBB@@B@@BB@B@@BB@@@@BA@@B@@@@@B@@@@@B@@@B@B@@@@AB@@@BA@@B@BAB@BA@@BAB@@@BA@@@@BBB@B@BAF@B@BBB@F@D@BBB@B@DADADCFCFEHAB@B@B@F@HBD@DBFDDBD@F@B@BADAF@D@HCDCHEFCD@F@LDLBFBF@LAJELEJCJEVMLIDCFEDADAD@H@DAB@DIBEFCH@FANCFAJEJEJIHGJCFABAF@D@NBHDD@J@D@FANEF@BAHCBABADKBK@IBEBG@CAG@CACAA@CBATEDAFALAFCHALARAJAHAVIlMTGNED@^IJEHEHGHGBCBCDG@@DAPIHEZC\\GTOHGLKNORMNIDCFCJCHALAD@RETEPCDAPKLILEFCBA@AFGFKFKLIBCA@AACCAA_BUB[BI@QACA@B@@@@C@ABA@CCC@@AGEAA@@A@A@C@@BEFGD@BEBCBCBA@ADCBABADEFMHMFEBEBABABA@CB@BEBC@@BCB@FADCDCDA@A@I@I@EBGFEDEDEFEDADEBGFGJIHGFCD@@A@GAGAA@CACCCAA@C@CBGDOHCBKDG@A@A@AA@@@@BC@A@AAA@A@@IAK@GBC@EBMFMBUDSBa@YCGCGAAAA@IBSDMBSBKBEACAMEI@CBOFQBA@@BABCDI@@BBBBD@DADEHAF@BEBMHCFABIDMDQFIBC@I@GAC@KFKDIBMBQBGDEBGDEDABGH@@A@E@C@A@@@SLC@A@MAG@IFYNEFEF@@CDEBIBCBMFIBA@KP@BEDABCBA@IBEBmT@@EBG@GBE@GB@@GHKLEDKDEBEF@@EBC@ODMDOBIBGDE@aJEBE@ECE@EDIHC@"]],"encodeOffsets":[[[91071,44680]],[[89286,44085]]]}},{"type":"Feature","id":"650109","properties":{"name":"米东区","cp":[87.691801,43.960982],"childNum":1},"geometry":{"type":"Polygon","coordinates":["@@@@@B@DBB@B@@@D@BBB@@@@@B@B@BBB@@@B@@@B@BBD@@@@@B@BBB@@@B@@@B@@@@@BB@@B@@@@@B@@@B@@@@@BBB@@@B@@@B@@@@@BBB@@@B@@@B@@@B@BB@@B@@@@@B@B@@BB@@@@@B@B@@@B@@BB@@F@B@@B@BB@B@@@B@@@@@@@@@@@@@@@B@@@@@B@@@@@B@@B@@BA@@B@@B@@@@@@BB@@BA@@@@@AB@@@B@B@@@@D@@B@@@AB@@B@@@B@@@B@@@B@B@B@B@@@B@@@@@BB@@@@BAB@B@D@B@B@B@@BB@@@@B@B@B@@@@B@BBB@@@B@@@@BA@B@@B@@@B@@A@@@@@@@@@@B@@@@@@@B@@B@@@@@B@@@@@@@@@A@A@@@A@@@@@@B@@@@@@B@@@@@@B@@B@@BB@B@BA@@@@B@B@@@B@B@@@@@@AA@@A@A@@@@@@@@BA@@@@@@B@@@@@@A@@@@@A@@B@@@@@@AB@@@B@@@@B@B@@@B@@@@@B@B@F@@@D@D@B@BB@@B@@A@A@@BA@@BAHDBGFAAEFCB@BCB@@@@@B@F@D@D@B@@@@BB@D@BBB@FBD@B@@@@@B@D@D@@@BBB@B@B@@@B@@B@@@@@B@@BB@@@@@@B@@@@@@AB@@A@@B@@@@@@A@C@A@@B@B@B@@@B@B@B@@@BBB@B@B@@BD@B@@BB@B@BBB@B@@DAB@B@@@@@@@@@@@@@@@BB@@@BB@@B@@@@@B@@@@@B@@@@BB@@@B@@BB@BB@@B@@@BB@@@@B@@@@B@@B@@@@@B@@@@@B@@@@@B@@@@@B@@B@@B@@@BB@@@@@@@BB@@@@@B@@@@@B@@@@@B@@BB@@@@B@@B@@@@@@@@@BAB@BAB@@@@@B@@@@@B@@@B@D@@@B@@@B@B@BA@BB@B@B@BBB@B@B@@@B@B@@@B@@@B@B@B@B@@AB@B@B@@@@@@B@@@@B@@@B@@@@@BB@@B@@@@B@@BB@BBB@@BB@@@BB@@@@@@BB@@BBBBB@@@BB@BB@@B@AB@@@@@B@@@@A@A@@@@B@@@@A@@@@@AB@@@@A@@@@@@@A@@B@@@@AB@@AB@@A@@@AAA@AA@@@@AA@@@@A@@HAB@B@B@F@DAB@LA@@BAF@JCB@F@LCFA@@@A@@AAAA@@@@@A@A@CAA@C@AAC@C@A@A@A@A@C@@B@@AB@@@BAD@@@BA@@DA@@B@@@@A@@@@@A@@BA@AB@@@@@BAJAdZBBhZ@@@@@@@B@@@@A@@@@B@@@@@@@@@BA@@@@@@@@B@@@@A@@@@B@@@@@@@BA@@@@@@B@@A@@B@@A@@B@@@@@@@@@@B@NHAJALTPRNDDB@@@@B@^BdDz@VB`@H@F@@EDABCB@@EDABCBABEDC@@@@@CBGD@BP@F}B@@@@@@@@@BAB@BAD@BADCD@B@BAD@D@BAB@@@D@B@@AB@@@@@B@@@@@BB@@BAB@@@BADAB@@@@@@@B@@@@@@A@@B@@@B@@@@@BKBODADAFADCFEDGFGFIBGDIBCBC@A@ABA@A@C@A@@BCB@BAB@@@@A@BB@@AB@B@@AD@@@BBB@@@BBBBBBDBB@BBD@B@DBD@@BBAB@BADCF@BADAB@DA@@BAB@D@@@B@BBB@B@@@@@BEJA@@BABB@@B@@@D@@@B@@BH@B@B@@CB@B@@@@@@@B@@@@@B@BAB@@@B@@AB@@@B@D@B@@AB@@@@@@@@A@@@@@@BA@@@@@@@@@A@@B@@@@@@A@@B@@@@@@@@@@@BA@@@@@@@@B@@@@@@@@@B@@A@@B@@@@A@@B@@@@@@AB@@@B@@@@AB@@@@@B@@@@A@@@@B@@@@@@AB@@@@@@@@@@@@@@@B@@A@@@@@@@@@@@@B@@@@@@@@@@@@@@@B@@B@@@@@@@@@B@@@@@@@@@@@@@@@@@@@@B@@@@AB@@@@@B@@@@@@@B@@@@@B@@A@@@@B@@@@@@@@@@AB@@@@@@@@@@A@@@@@@@@B@@@@@@@B@@@B@@@@@@@@@@@@@B@@@@@@@@@@@@B@@@@@@@@@@@@B@@@@@@@@@@@@@@@@@@@@@@AB@@@@@@@@@@@@@@@@B@@@@@@@@@@@@@@B@@@@@@@@@@@@@@@@@@@@@@B@@@@@@@@@@@@B@@@@@@@@@@@@@@@@@@A@@B@@@@@@@@B@@@@@B@@@@@@@@@@@@@@@@B@@@@@B@@@@A@@@@@@@@@@@BB@@@@@@@@@@@@@@@@@@@B@@A@@@@@@@@@B@@@@@@@@@@@@@@@@@@@@@@@@B@@@@@@@@@@@@A@@@@@@@@@@@@@@@@@B@@@@@@@@@@@@@@B@@@@@@B@@@@@@@@@@B@@@@@@@@@B@@B@@@@B@@@@@@@@@@@@BB@@@@@@B@@B@@@@B@@BAB@BAB@DAB@B@@AB@B@BAB@DAB@DAB@BAD@BAB@BAB@B@B@@AB@B@BAB@@@BAD@DAB@BAB@DAB@B@BA@@B@@@@@DA@@B@BAB@B@BAB@DADAB@B@B@@A@@D@BABAD@B@B@@@@AB@@@B@@@BA@@B@@@B@BKRUbcvat@BCBIR]nUbWbMVKTCDMXatU`]pOXMTWfkWbAD@@֘B_SYYI_KgUQyU]EOKiWQyUWIYMo[S}QyCKIS@C@A@G@G@E@G@C@A@A@I@A@A@@AIFIHOFIHOHMDIDGBW@SBS@S@SBS@EEMEOACEMGQEMEMEOAE@@@@IWEMGQEOGQCIAC@@D@F@F@DBD@D@B@B@FBD@D@D@BBF@B@B@FBD@D@HBD@H@BBF@@@@A@@@@BAA@@@@AB@@@@@@A@@@@@@@A@@@A@@@@@ABA@@BA@@@@@AB@@@@A@@@@@A@@@@B@@A@@@@@@@A@@@@B@@AB@@A@@B@@A@@@@B@@A@@@@B@@@@AB@@@@@@AB@@@@@B@@@B@@@BADB@ABBB@@@B@B@@@B@@@@@BA@@@@B@B@@@BB@@B@@AB@@@@@@@B@@@@AB@@@@@@A@@@@B@@@@AB@@@B@@@B@@@@@@@@@@A@@@@BA@@@@@A@@@@BA@@@@@A@@@A@@@@@A@@@@B@@@@AA@@@@@@A@@@@@A@@@A@@@A@@@A@@@@@@BA@@@@@@@A@@@A@@@@AA@A@@@A@@@A@@@@@A@@@@@AB@@@@AB@@@@@@@@AB@@@@C@AB@@@@@@A@@B@@@@A@@@A@@@@@@AA@@@@@@@A@@@@@@B@@A@@BA@@@A@@@@@@@A@@@A@@B@@@@@@@@@@AB@@@B@@@@@@@@@BA@@B@BA@@B@@@@@@@B@@A@@@@B@@@@@@@@@BA@@@@@@B@@@@A@@B@@@@@@@@@B@@AB@@@@@BA@@B@@@@@B@@A@@@@@@B@@@@@@A@@@@B@@@@@BA@@@@@@B@@@@@B@@A@@B@@@@@BA@@BA@@@@@@B@@AB@@@B@@A@@B@@@@@@@@AB@@@@@B@@@@AB@@@@@@@@@B@@A@@B@@@@@B@@A@@B@@@BA@@B@BAB@@@@AB@@A@@@@@@B@@@@@@@@AB@@@@@@@@@B@@@@@@A@@B@@@@@@@@@@@@@B@@A@@@@@@@@B@@@@@@@@@@@@A@@@@B@@@@@@@@@@A@@@@@@@@B@@@@@@@@@@@@@BA@@@@@@@@B@@@@@@@@@@AB@@@@@@@@@B@@@@@@@@A@@@@@@@@@@@@B@@@@@@AB@@@@@BA@@@@@@@@B@@@@@@@@@@@BA@@B@@@@A@@@@B@@@@@@@@@@@@@B@@A@@@@@@B@@@@@@AB@@@@@@@@@@@B@@@@@@@@@@@@A@@@@@@B@@@@@B@BAB@@@B@@@@@@@@@@A@@@@@@@@@@B@@@@@@@@@@A@@@@@@@@@@B@@@@A@@@@B@@@@@@@@@@@BA@@@@@@@@@@@@@@@@@@B@@A@@@@@@@@@@@@B@@@@@@@@@B@@@@@@@@@@@@@B@@@@A@@B@@@@@@A@@B@@@@@@@BAB@@@@@@@@@@@@@@@B@@A@@@@@@B@@@@@@@@@BA@@@@@@@@@@B@@@@@@@@A@@@@@@B@@@@@@@@A@@B@@@@@@@@@@AB@@@@@@@B@@@B@@@B@@@@@@@B@BA@@@@@@@@@A@@@@@@BA@@B@@@B@@@B@@@@@@@B@@@@@@@B@B@B@@BB@@@@@B@@@B@@@@@B@@@@@B@@BB@@@@@@@B@@@B@@@B@B@@@@@@@DABAD@DAB@BAB@BA@@B@@@@@B@@A@@@@B@@@B@@@@@@A@@B@@@@@@@@AB@@@AAB@@@@@@A@@@@BAB@BABA@@@A@@@@BA@@@@BA@@@@@A@@@@@A@@@@@A@@@@@A@@A@@A@@AA@@@A@@@AA@@@@A@@@A@@A@@A@@@@@A@@BA@A@@@A@@@@@@@A@@@@@A@@@@A@B@@@@A@@B@@@@A@@@@@A@@@@@@@A@@@A@@@A@@BA@@@@@A@@@@B@BABA@@BA@@@A@A@@@A@@@@@A@@@@@A@@B@@@@AB@@@@@B@@@@@@A@@@@@@@@@A@@@@BA@A@@@A@@@@@@@@@AB@@@@@@@B@@A@@BA@@BAB@@@@@@A@@B@@@@AB@@@@@@AB@@ABCBA@@@A@@B@@@@@@A@@@@@@@A@@@@@@@@@ABA@@@@@@@AB@@@@@@AB@@@@ABA@@@AB@@@@@B@@A@@@@AA@@@@A@AA@@A@@@@A@@@A@A@A@@@A@A@@BA@@@A@@@A@@@@BA@@@ABA@@@A@@BA@A@A@@@AA@@A@A@@@AB@@@BA@A@@BADA@@BA@C@A@AA@EACAA@@AAA@@AACAAA@@@A@A@A@AAC@A@@@A@@@AB@@A@@@A@@@@DA@A@AB@@@@@@AB@BA@@@@@@@A@A@@@A@@@A@@@@B@@A@@A@@A@@@@@@@A@A@@@A@@B@@@DAB@BA@@BABA@@@@@A@@@@@@BAB@B@@@B@BA@@@@B@B@@@BA@@BA@ABA@@DA@@B@BAB@@A@@@A@@B@@AB@BAB@BAD@@@BAB@@@B@@@B@B@B@B@B@B@@@B@BBBAB@@@B@BA@@B@@AB@B@B@@@B@@A@@@A@@@@B@@@BAB@@@@@@A@A@@B@@@B@@BBA@A@@@@@@@A@@@C@A@@@A@@@A@A@A@@@A@@@A@@@@@@BA@@BABAB@@@@@@@@@@@@A@@B@@@@A@@@@@@@@@@@@@@@@@@@A@@@@@@A@@@@@@@@@@@A@@@@@@@@@@A@@@@@@B@@@@@@@B@@@@@@A@@@@@@@@@@@A@@@@@@@A@@@@@@@@@A@@B@@@@@BA@@@@@@@@@@@@@@@@@@@@@A@@@@@@@A@@@@@@@A@@@@@@BA@@@A@@@@B@@@@A@@@@@@@@@@@@@@BAB@B@B@@@B@@@@@BAB@@@@@BA@@@@@A@AB@@A@AB@@@@AD@B@D@D@@@B@@B@@@B@B@@@BDBB@D@B@B@BB@B@BD@BB@@DBB@BAB@BA@@B@@@@@BA@@@@B@@@B@@BB@@@@@@@BAB@@@@@@@B@@A@@@@B@@@B@B@B@DAB@B@B@BAB@@@@A@C@ABA@ABC@A@CBA@ABA@A@ABC@@@A@ABA@A@AB@@A@@AC@@B@AA@AB@@@@A@@@@@@B@@AA@@@BA@@@A@@@@@@BAB@BA@@@@@E@@AA@@@A@@@@@@AA@@BA@@@A@@BA@A@@@A@AAA@@AA@A@@CA@@@AAGAKAACBCACACCCCCEC@A@EBCBCCG@EDCDCFBDBFAHAB@FEHCBABC@C@GAE@EBC@CDABCFCBG@G@I@GA@@ABA@@@A@@@AAA@A@AAA@@@EAGA@@A@@@AAA@A@A@@@CAA@A@A@AA@@A@A@@@A@@BA@A@A@A@AA@@A@A@@@IAAA@@@@C@CAA@A@@@A@@@@A@@AA@AAA@AAC@A@AAA@AA@@AA@AAA@@A@@A@@@A@@@A@@@A@@@@@A@@BABCBCDABC@CBABCBCB@@C@G@GAC@AAA@AACACACACAE@A@CBC@A@A@G@IBI@EBA@A@@B@@A@@@ABCBCFAB@B@B@@BBBB@@@@@@AB@@AB@@@@@BA@@@@@A@A@A@AAA@AA@@C@@@A@@@A@A@@@@@AA@@@@CAC@CB@@C@ED@@@@@@@B@@AB@@@@@B@@AB@@@B@@@@@@@@@@@@A@@@@B@@A@@@@@@@@B@@@@AB@@@B@@A@@@@@@@@@A@@@@@@AA@@@@@@@A@@@@@@@A@A@A@@@AB@@@@A@@@A@ABA@@@A@@@@@A@A@@@A@@@@B@@A@@@@B@@@@A@@@@A@@@@@@@@@@@@@@A@@@@B@@A@@B@@@@A@A@@@A@A@A@A@A@@@AA@@@@A@@@A@@@@@AAA@A@A@@@A@@@A@@@A@@@@@AB@@@@A@@@@AA@@@AB@@ABA@@@A@@ACA@@AA@@A@@@@@AAA@A@AA@@A@C@E@@@A@E@@@@@A@@B@@A@@B@@@@AB@@AB@@A@@@A@@@@@A@AAA@ECA@AAA@@AA@@@A@@@A@@@A@@BA@A@@@A@@@A@EA@AA@A@EACA@@EAAAAAAAAC@CAA@@@C@A@@AA@AA@A@A@@AA@C@A@A@A@ABCAA@C@C@@@A@A@ABA@@@A@A@@@@A@AB@AA@@@@A@A@@@A@@B@@@@BB@@@B@@@@@B@@@@@B@@@@@BA@@BA@@@A@@BA@@@AB@@A@@@A@A@A@@@A@A@@AA@A@@AA@@AA@@@A@@@AB@@EBCBA@E@@@A@@@A@@@A@@@@AA@@@@@AA@@A@@@A@@@A@@@@AA@@@@@A@@@A@@@A@@@@@@@A@@A@@@@A@@@@BA@@@A@@@@@@B@@B@@@@B@@A@@@@B@@@@A@@@@@AB@@C@@@A@@@E@@@A@AA@@@@@@AA@@@@AA@@AA@@AA@@@@AA@@@@AA@@A@@@@@AA@@A@@@A@@@A@@AA@@@@@A@@BA@@@A@A@@@A@@B@@@@@@@@@B@@@@A@@B@@@@@B@@@@@@@B@@A@@@@B@@@@@@@B@@@@BB@@BB@@@@BB@@B@@@@@BBB@@@B@@BB@@@BB@@B@DDDFDBFDDDDBBBDDDFB@@BA@ABEDABA@@BA@@@A@@@@B@@A@@B@@@@AB@@AB@@@B@@@@A@@@@BA@A@@BA@@@@B@@CB@@A@@BA@@@ABA@AB@@A@AB@@A@@@AB@@@@ABB@@BB@@BB@BBBBBB@@B@@@@B@@BB@BB@BBB@BBB@@BB@@@B@BB@@DD@@BBBBB@@@BB@BBB@B@B@@@@@@@@AB@@@B@B@DA@@B@@@@@@AB@@@B@@@@@B@@@@AB@@@@@BAB@BA@@B@@@@AB@@@B@@@@A@@B@@@@AB@@@@AB@@@@AAA@EA@@@@KC@@@@@@AB@@@@@BA@@B@B@BA@@D@@@BA@@B@@@B@B@@AB@BAB@@ABABCBA@A@@@@@@B@@B@@B@@@@@B@B@@@B@@@@@@B@@@@@B@@@@@@B@B@@@@@BB@@@@@@@@B@@@BB@@@@B@@@@B@DDBBBBB@@@@BD@@BB@BBBBB@BB@@BBB@@BB@@@B@@@@@@@@BA@@@A@@@@@A@@@AA@@@@@@@@@@A@@@@@@BA@@B@@@@@@A@@@@@@@@@A@@B@@@@@@AB@@@@@@@B@@@@@BA@@B@@AD@@A@@@@B@@A@@@A@@B@@A@@@@@@@A@@@A@@@AB@@@@A@@BA@AB@@@B@@@B@@@D@@@B@@@B@@AB@@@@@@@B@@@@@B@@@B@@A@@@@@A@@@A@@@@B@@@BA@@@@@A@@@@@@BA@@@@B@@A@@@@B@@@@@@@@BB@@@B@@@@@@@@A@@AA@@A@@@@A@@A@@A@@@@@A@@@@@@@@@AA@@@A@@A@@@A@@@@A@@A@@@A@@@@@A@@@@@@AA@@@@@@@@@AB@@@@@@@@A@@@A@@@A@@@@@@AA@@@A@@@@@AA@@@@AB@@@@@@@@A@@@@@@A@@@@A@@@@@@@@A@@@@@@@A@@@A@@@@@@B@@@@B@AB@@@@@@@@AA@@@B@@@@A@@A@@A@@@@@A@@@@A@A@@A@@@@A@@@A@@@A@@@@@@@@@@A@@AA@@@@A@@@A@@AB@@@@@@@A@@A@@@@@A@@@@@@@@AB@@@@@B@@@@@B@@@@@@@@A@@@@@@@@@@@@A@@@@@B@@@@A@@@@@A@A@@@@@@@@@@@@@@@@A@@@@@@@@@@@@@@@@A@@@@@@@@@A@@@A@@@@@@A@@@@@@@@@@@@AB@@@@@@@@@@@@@B@@@@@@@@A@@@A@A@@@@@AA@@@@@@A@@@@@@@A@@BA@A@@@A@B@@@@D@@@@@@@@A@@@A@@@A@@@@@A@@@@A@A@@@@@@@@@AA@BA@@@@@A@@@@@@@A@@@@A@@A@@@@@@@A@@AA@@AA@A@AA@@AA@AAAAAAAA@@@A@@@@@@@@@A@@@@@@A@C@@B@@@@@@@@@@A@@@A@@@AB@@A@@@@B@@@@@@@A@@@@@@@A@@@@A@@@@@@@@A@@@@A@@@@@@@@@A@@@A@@@@AA@@@@A@@A@@@A@A@@@@A@@@A@@A@@AA@@@@@@@@A@@@@@@B@@A@@@@@A@@@@@@@A@@@@E@K@M@@B@@@@@B@B@@@@BB@@@@@@@B@@@B@B@B@BB@@B@B@@@D@B@@@B@BB@@B@BBB@@@BB@@@@B@@@@@B@@@@@@@B@@@@BB@@@B@B@B@B@DBB@B@B@@@@@B@@@@@B@@@@@B@@@@@B@@@@@@@B@@B@@B@@@@@@@B@@@B@@@@@B@@@B@@@@@BB@@@@B@@@@@B@@@BB@@@@B@@@@@BB@@@@B@@@@@@@@@@@@BBBD@B@@@B@@@@@@BB@@@@@@@@@B@@@@@B@@@@@@@BB@@@@B@@@@@B@@@@@@@B@@@@@@@B@@@@@B@@@@@B@@@@@@@B@@@@@BB@@@@B@@@@@B@@@@@@@B@@@@@@A@IJ@@ADEDCF@@AB@B@B@@A@EH@@EHIFGFCD@BMDCBID@@A@CB@@AD@@EDBL@V@@@@@@A@@@@@BFE@@LAHA@@BA@@@A@@@A@@@@B@B@@@D@B@@@@@D@D@DB@AL@L@B@@A@@@A@@@@@@B@B@@@@@B@@A@A@A@@@A@@@A@@@A@A@A@A@@BA@@@A@@@@@E@@@@@A@C@AAEA@F@@BD@B@BCA@@A@A@@@A@CAA@@@A@@B@@@@A@@DBB@B@BBB@D@@@@@@A@@@CAA@CAA@EAAAA@@A@@"],"encodeOffsets":[[89618,45107]]}},{"type":"Feature","id":"650121","properties":{"name":"乌鲁木齐县","cp":[87.505603,43.982546],"childNum":2},"geometry":{"type":"MultiPolygon","coordinates":[["@@E@ABA@A@AA@@@@AB@@A@AB@@ABA@ABA@@@AB@@A@@B@@A@A@@@A@@@@@A@@@@@A@@@AB@@@@AA@@@AAA@@@AA@AA@@C@@@A@@@AAAAA@A@@@@@A@@@@@AB@@A@@BC@@@AB@@AAA@ABA@A@A@@@A@A@@@@BA@A@@@A@A@A@BB@@@B@@A@@B@@@@AB@@A@ABA@@@A@@@A@@@AA@@A@@@A@C@A@@@A@@@@@A@A@A@C@@@A@@@@@@B@@AB@@@@A@C@@AA@@B@@C@@BAB@@CB@@@@ABMB@@A@GB@@@BA@ABA@ABC@CBA@A@@@AA@@@@A@ABA@AA@@A@AB@@A@A@A@ABA@ABA@@BA@A@@@@@A@A@@@A@A@@@A@ABA@@@@@A@A@@@@@@A@AA@@AA@@@CG@@@A@@EE@@@@@A@@A@@A@@@@@@@AA@@@AAA@A@CA@@AA@AB@@AA@AAA@C@CAC@CAC@A@C@A@A@ABA@C@C@A@AB@@@@@@@A@@AA@A@A@C@C@ABC@@A@EACAA@A@A@A@AA@@@A@A@A@@@ABABAB@@A@A@A@AAA@C@C@C@A@@BABA@AB@BAAAA@AAAAA@AAACCACACAA@@A@A@A@AAAAAACAAAA@A@@AAAAAAA@CAA@@A@@@G@C@AC@GBG@C@WBA@QB@@EBUDA@EB@BC@A@C@C@A@IBCBGDCBE@E@C@C@AABIAG@E@C@EA@ICEAECMGICMC@@EAGAGECEACC@EAE@I@A@EDCDELIJEBG@GACACC@ACE@AIBUHKDE@C@IDGFELCDE@@@A@ICKECAE@KFIBA@M@K@A@CBKDIBGHGJEJ@J@DADCBC@CAKCCDCDADCDI@EBGDABCDEBE@A@IB@BIAOGE@AB@DGFIBG@CBCBCBEDAB@@CFE@GBCBCBEBGDG@EBCH@BCDC@@@BD@@BF@@DFHF@@FBFBB@DD@BBD@BBD@@@F@B@B@@@B@@BB@@BBFBJBLBJBLF@@DDBDAFAH@B@@@B@@A@ABA@@@C@CBA@AB@BA@ABAB@@ABA@A@CBA@@@@@ABA@CBG@CBA@A@@@@D@BB@@B@B@B@B@BBBBBDBB@DBDBDB@@BBBB@@BB@@B@B@B@@BB@B@@B@@BBBDBD@B@B@@@@@B@@A@@BB@@B@B@@@B@@@@B@@@BB@@BBD@BBBBB@BBB@B@BBB@B@@BBBBBDB@BBD@DB@A@BHBL@JBDDDDDBBHFHHFHDH@J@LFFH@N@H@FBBDBB@JBRBJ@BBHKR@BBBDBHHJFFDJHHHFF@FCF@JBLBDDLHFFJDDBDLL@B@B@BABA@@B@@AD@BADA@A@@BABA@ABCD@@EBABEDE@AB@@AB@BAB@@A@A@A@@@AB@@CBCB@@C@@@ABA@@@@B@B@@@B@@A@@B@BABABAB@BBB@@@BAB@B@B@@@BABB@@B@B@B@B@@@BA@@B@B@@AB@BB@AD@@BB@@BB@B@B@@@@@B@@@BBB@@AB@B@B@@BBB@DB@@BBB@BB@@@B@@@B@@B@@@B@B@@B@@B@@BB@@@BB@@BB@@@@@B@@BBB@@@@B@@@@@B@@@@@BD@@@B@BB@@B@@@B@@B@@B@BB@@BB@BBBB@BB@@BB@@@B@B@@BB@B@@BBB@@@B@B@BB@@BB@@@BBB@B@@@B@@B@@@B@@@@@B@@@@@BBB@B@@@B@@@B@DB@@@@@@@B@@@@B@@BBAB@B@@@B@@BBBB@@BBBB@B@BAB@@@B@B@@@@@@B@@@@@B@@BBB@BB@@B@@@AB@@@B@@@B@@B@@BB@B@@@@@@AB@@@@@B@B@@@@@@@B@@A@@@@@@B@@@BB@@@BB@B@B@@@BB@@BB@@@B@@@@@B@@A@@B@@ABB@@BB@@B@@@@@@@BA@@@@@@@B@@B@@A@@B@@@@B@BB@@@@BB@@@B@@@@@@ABBB@@BBB@@@@BB@BB@BBB@@BBAB@@@B@@B@BB@@@B@@@@@@@B@BBBBB@@BDBBB@@B@@DB@BBB@B@@@BABBB@B@BB@BB@B@B@@@D@BBF@DBD@@@BFB@BBBBB@@B@@@BB@@B@@B@@@BA@@@@BB@@@B@@@B@@BBB@@B@@@@@B@@B@@@@@@@BB@@@BB@@B@@@@@@B@@B@B@@@B@@BB@@B@@BBB@@@@BB@@BD@@@DBB@@@@@@BB@@@@B@@B@B@@@BB@@@@B@@@B@@@@@@@@B@@@@@@B@@B@@B@@BB@@@@@B@BB@@B@BBB@@@@@@B@@@@BBB@@@B@B@@B@@@@BB@@BB@@BBB@@@@B@@@@BB@@B@@B@@@@@@BB@@BBB@@@@BB@@@BB@@B@@@BB@@B@@@BB@@B@BB@@BB@@@@B@B@@@@@B@@B@@B@@@@@B@@@@@B@B@@@@@@BB@@@@@@BB@B@BBB@@@@@B@@@BB@@@@@@BBB@@@@BB@@@@@B@@B@@B@@B@@B@@@B@@@@@B@@@@@@B@@@@B@@B@@B@@@@BB@@@BB@@BBB@B@BBB@BA@@BB@@B@@BBBB@D@BB@@BB@@DB@@@@B@BB@@BBBB@@BB@@BB@@@B@@B@@B@BB@@BB@@BB@@BB@@@B@BB@@@@@B@@@@@@BB@@@BB@@@@BB@BB@@@B@@@BDBBBBBBBB@@@@BB@@B@@@@@BB@@BBBBB@B@@BB@@BB@@BBBBB@@BBB@@B@@BA@@@BB@@@@@BB@@B@@@BBB@@@@@@B@@@@B@@B@@B@@@BB@@BB@@@BB@@@@@@@B@@@B@@@@@B@BB@@BB@@B@B@B@@@BB@@@FB@@@@BBBB@@BB@B@@@BB@@@@B@@BB@@@BBB@@BBB@@B@@BBBB@@BB@@B@@@B@@B@@@B@@BB@@@@B@@B@@B@@B@BBBBBBBB@@@@B@D@@BBBBBB@@BBB@B@BBBB@@JD@BBB@BB@B@B@B@@@@B@BFB@@DBFBFBB@BB@BF@@BB@@B@@@@DB@@BF@D@B@BBB@BBB@BB@@BDB@@BB@B@@BBBB@B@BB@@BDB@B@B@BBBBB@@@@@H@BFJ@BBBB@@DBD@B@@@@BBB@BBDB@B@B@B@@FDFFBBBB@BB@@BB@@@B@@BBD@@@BBBBB@@BB@@@BB@BB@@@B@B@@@@@@FDBBBBDD@@@B@B@@D@@@@@@BB@@B@@@@B@@@@@B@@@@B@@@@@B@@@B@@@BB@B@@@BB@@B@@@@@@@@@@@@@B@BAB@@@@@B@BB@@@@@@B@@@@BDB@BDB@B@@BBBBBBBBBB@BBBB@BD@@BB@@BB@BBBBBBBBB@BB@@BBB@@BB@@@@@BB@@@BB@B@@BB@@@@BB@@@B@@BBB@@BB@@BBB@@@B@@BBBD@DBBBD@BBB@B@BBB@@@B@@@@BB@@@B@@@@@B@@B@@@@B@@@@DDDD@@BBBB@B@@@BBBBB@B@BBDBB@@@BBB@BB@@B@@BB@@@@B@@B@@@@@BB@A@@BB@@@@BBBB@BBB@B@B@B@B@B@B@B@B@B@D@B@B@B@B@B@BAB@B@B@B@B@B@B@B@B@B@B@B@B@BBB@B@B@B@B@BBB@B@B@B@B@B@B@B@B@BBB@B@B@BBB@D@@@@@B@@@@@@@B@@B@@B@@@B@@@@@D@BAD@B@B@@@B@@@@A@@BC@A@A@@@AAA@@@A@@@A@A@@@A@@@@@ABA@@A@@AA@AAA@@AA@@@@AAA@@@A@A@A@A@C@AAA@@@A@@@A@A@A@A@A@A@A@@@A@ABA@A@@BC@A@A@CA@@AAAAA@@AA@A@@@A@@BA@@B@@AB@BA@@@@@@@A@@@@B@@@@B@@@@@@@@@B@@@@@@@@@@@@@B@@@@@@@@@@A@@@@B@@@@B@@@@@B@@@B@@@D@B@@@@B@@@@BB@@@B@@@@@@@B@@@@@@@@@BA@@@A@AA@@@@AB@@@@@@@@BB@@@BBB@@@@@B@@D@@@@BBBBBBBB@@@@@DD@@DD@B@@B@@@@B@@@B@@@@@B@@@@B@@DBD@@@B@@@@BB@@@B@@BB@@@B@@@B@@BB@@@@@@B@@@BAB@@@B@BA@@B@@@@@B@@@BA@@@@@@B@@@@@@@@@@@BAB@B@BADA@AB@B@BAB@@@@@@@B@BAFADAD@B@DABAD@BAFA@@@@F@@@@@@@B@@@@@@@B@@@BBB@DBB@B@B@B@BAB@B@B@B@B@B@@@@B@@B@@A@@@@@@@@@@BG@@@@A@C@C@A@C@@I@@@A@@@@@AB@@A@@B@B@BAB@BABA@@B@@A@@@@BA@A@@@@A@@AA@@A@@A@@@@@A@@@A@@A@@A@@@@@A@@@AB@@@@@@AB@@@@AAC@CAA@AAA@@AA@@@@@B@B@@AB@B@@@@@B@@@B@@@@@@@A@@@@A@@B@@@@@B@@@@@B@@@B@@@B@@A@@B@B@FBB@@@@@FDH@D@BAD@D@B@D@FAF@F@B@BABB@AB@@@@@@@@A@@B@B@@@@@@@B@@AB@B@@AB@@@B@B@D@BAB@@AB@@@@CA@@AA@@@@AA@@@AAC@EBA@@@A@@@AA@@CAA@A@C@A@A@A@@@A@A@@@@@A@@@@@@@@@A@@@@@AA@@A@@@A@@@@@@@A@@@A@@AA@@@A@@@@@A@@@A@@@AA@@A@@@@@A@@@A@@@A@@@A@@@A@A@@@A@@@A@@@@@AA@@A@@@A@@@A@@@A@@@A@@BA@@@A@@@@@A@@@A@@B@@A@@@@@A@@@@@A@@@@@A@@@A@@@A@@@@@A@@@A@@@@@AA@@@@A@@@@@A@@@@@A@@@AA@@@@A@@@A@@@@@A@@AA@@@A@@@A@@@@@A@@@@@@AA@@@@@A@@@@@A@@@@@A@@@A@@AA@@@A@@@@@A@@A@@A@@@A@@@@@A@@@A@@B@@A@@@@@@@AB@@@@A@@B@@A@@@@@AB@@@@A@@@A@@@AB@@A@@@A@@@A@A@@@@@A@A@@@@@@@A@@@@@A@@@A@A@@@EA@AA@AAA@A@A@@@A@A@@@@@A@@@A@A@@BA@@AA@A@A@A@E@C@C@E@E@G@E@C@C@C@C@A@A@C@A@A@@@A@@@@@AA@AB@@@@@B@@@@A@@BABADAB@BA@ABA@A@@BA@A@C@A@@@@@A@A@E@A@A@ABCBEBEBGBIBCBG@ABABE@ABEBE@ABC@A@CDG@A@A@A@@@@@@@A@AAGAC@E@CAC@EACAEAAAGAA@@@@@A@C@C@@@A@AAA@C@G@A@A@@@C@C@@@A@A@@@@@C@@@@B@@@BA@@@@B@@AB@BA@AB@@@BA@A@@BC@A@@@A@@@@B@@EBAA@BC@A@A@A@@BG@ABEAGCGAAAAAEAC@@@ABCBE@CBA@@BADAB@@ABAB@BABABCDCBA@@BCAI@E@C@@@ABA@A@A@@BCBEBGBE@E@AB@@AAA@@@A@@@A@A@A@C@C@A@@BBB@BBDBBBDBD@DBDBD@DBB@B@FBD@@@BBFB@@BBBB@@HB@@B@BBB@BA@@DA@@B@B@BBB@@@@@B@@BFBDBBBD@DBB@B@BB@@B@@@@B@BB@BBD@BBBBBBB@B@@B@@BB@@BBB@B@B@F@@@B@B@B@@@B@B@BB@@BBBB@@B@B@B@@BBB@@FDDBFDDDDDDB@@FF@B@@@BBB@@DFBBBBBBBDDBBB@@FB@@B@BBB@FB@@BB@@B@@B@@B@@BB@@@B@@BB@B@JD@@@@B@B@@@B@@B@@B@BBB@@BB@B@@@@BB@BBB@BBB@B@@BB@@@B@B@BAB@B@B@@AB@@@@@@@B@@@DB@@B@B@@@B@@BB@B@@@@@@A@@@A@@@A@A@A@@BA@@@AB@@AB@BA@@@ABC@ABCB@BABADAB@@AB@@A@@AA@A@A@A@@@A@@@AB@@BD@@@B@B@B@@@BB@BBB@@BB@B@@BB@@@@BB@@B@@B@@BB@@BBB@BB@@BBBBBB@BB@@@@@B@B@DAB@D@D@@@B@@@@BB@@@B@BAB@PEB@@@B@@@B@D@B@B@@@B@@@AA@A@@@AB@B@@@@@B@B@@@B@@B@@@DBB@BBBBB@@@@@BB@@@@@@B@@@@@@B@@B@@@@@@BB@@@@@@@B@@@B@@B@B@D@DAD@D@LCDAD@@@B@@@@@@@@B@@A@@B@@@@@B@@@@@B@@@B@@@@@@@B@@@@A@@B@@@@@B@@@@@@NBF@D@B@DAN@H@D@B@B@B@B@B@D@R@LAJ@B@D@D@B@B@BB@@@@@@@AB@@@@@@A@@B@@@@A@@B@@@@A@@B@@A@@@@B@@A@@B@@@@AB@@@@AB@@@@@@@@A@A@AAA@@A@AA@@@A@@@A@A@@@A@A@@@A@@@@A@IBKDCBG@ABEBEBC@CBEBC@EBCBEBCB@@@@EECIAMCK@@CKAA@@FCD@DAB@B@FA@AB@D@B@FCB@FAB@BAD@@@CMZCB@JACIPAEKNC@AA@@ADABFHA@F`EH@DLLAB@PDCMG@@@F@LAJADDFFEBBLA@IC@@@B@BYG@@@@@D@@@BBH@DBDBF@@@JqHAB@BBB@@@B@B@DBB@B@@FCDAD@BAF@D@J@F@HAFCDCB@DADADA@@BAB@BADEBADCBABCDEDCFGBA@ABABCB@@A@@@@DCBABABA@@DABAFEBAJMHEHKJKFEBEFEBCDCBABADCDCBCBABABCBADCBA@CBADCBC@A@@BA@A@@DC@@@@BA@@@A@ABA@CBADCFE@@@ABAB@B@DAFCBA@@D@BAB@B@B@DANCTGbIJAbIB@JCJAHCB@DADAJAJCJANEF@DAFAB@BAF@NELADAB@DADAB@DAbG\\GpKTE@@BADCBEDC@@@@@OAU@W@Y@aDABA@@LCHCHCJCF@NGHAB@FAHAHAB@B@DAD@D@B@B@B@B@@@@@@@@@@A@@@@@@@A@@B@@@@@@A@AB@@AB@B@@@BAB@D@@@BA@@B@@@B@@@@A@@@ABA@@@@@@B@@@B@@@BA@@@@@@G@GBE@GAGCCAM@I@G@C@KCGCEAEAC@CDKAICE@GDE@K@UCKAMCKEOIIEGCODONGHEBC@YE[C_CY@MCMEOCKAMAG@A@@@A@ABAAA@E@@@ABAB@@A@@@A@A@AAA@A@A@C@@@A@EAE@C@E@A@@@E@@@ABA@E@@@CDEBE@@@@@A@@@@@CACACA@@@@CAAAIAA@CA@@G@@@C@I@@@IBG@A@C@C@A@A@@BA@C@A@@@A@CAA@IA@@AACAC@A@A@A@E@GBE@A@A@AB@@A@ABA@CD@@A@A@@AA@CAEA@@AA@@GCI@G@A@C@A@AACACAC@A@EBEACACAA@A@C@C@AAA@C@ABADA@C@@@@@@@@A@A@@@AAA@A@AB@DA@C@A@@@@AA@AA@ACA@AACA@@A@A@A@CAA@E@A@@BABA@I@C@E@C@E@A@ABCBCB@@A@A@@@CAGC@@CAAACCAAEACAA@ECEAE@CBE@CAGBA@C@CAGAGAE@C@EAC@C@CA@@K@I@G@IAG@CBCB@B@B@DABA@@@A@A@CAE@M@E@EACBC@CBEBEBA@C@A@A@A@@A@@@@@AA@A@@@A@C@ABEAC@E@EBMBEBA@A@@AAACAE@C@A@G@G@AB@@ADEBCBE@C@E@GAA@ECE@GBEAE@C@CBABABCBGFC@ABABAB@@K@AAE@CAGAG@C@CBC@AB@BADEDA@CBAAAACCCAE@ABCB@@KBA@CBA@C@CAC@C@AC@ECC@MBCB@@CBAB@@ABA@AB@@A@@@A@@@@BC@AB@BA@@BA@ABA@ABA@@BABCBAB@BA@CBA@E@A@@BC@C@A@CBAAEB@@@@A@A@C@@AA@@@A@A@A@ABA@CBAAA@C@A@A@@@A@A@A@@@A@A@A@C@ADABA@ABABA@A@@@A@@@A@@BADCBCBG@AACAA@A@CAA@A@@@ABA@@AA@ACACCCCCA@@BA@CDG@G@CAIBE@KBEAG@IAGBI@ABC@A@AB@"],["@@@A@@@@@@@A@@@@@A@@A@@@@@@@@A@@@@@A@@@@@@@@@A@@@AAA@@@@@A@@@@EWACAG@GAK@A@@@AAC@E@@@AAA@C@G@@@@@@AE@AAI@@@@@@H@BKF@@DAHFAD@D@@EF@@A@@B@@BBDBJB@BBD@@B@@@B@BBB@@BD@@@@A@@B@@EDABA@A@EBBVBFBDB@@B@@@@@B@@@B@@@B@@@B@BBB@@@@@@@BB@@@@BB@@@@BBB@BB@@@@BB@BBFBB@DBB@DB@@B@@@@@@@@CAA@A@AAA@CB@@@@@@AB@@@B@DBB@@@B@B@@@DB@A@AAC@@@EFBBBD@B@@@@@F@@@@@B@@@B@@AB@B@B@B@@@B@@@B@@@B@B@B@@@@A@@@@@A@A@@@@B@@@B@@@@A@KBKA@@C@C@C@@@@@A@C@@@A@A@@B@@@B@@@B@@AB@BG@KF@AE@@@@B@@@@@@@@UAKFC@@BC@@DA@@@@A@@@@ABA@@@@@@AA@@@@@A@@@A@AA@@A@@@A@@BC@CB@@CGE@A@@AAA@AAA@@@@AA@A@A@@@ECA@@@AA@@@@A@@@A@@AA@A@A@EAC@A@C@A@AAA@@@A@@@C@@@AAA@@@@@A@@@A@@@A@@@AAA@@@@@A@A@C@AB@@A@@@@@@@@@A@KCIAA@CAEACACAEAAAMEAA@B@@@@@@@B@@@B@@@BB@@@@@@@A@A@@@A@A@AA@@@@E@CAA@A@GA@@A@A@C@EAC@G@A@A@@@ABC@@B@@@@@@@@@@@@@@@D@B@D@B@B@@@B@@@@@DAD@D@@@@@DABAD@@AB@@@@A@@@A@@@B@@@@B@@@@@@@B@@@@@@@@@@@B@@@@@@@B@@@@@@@@BD@@@BB@@@@B@@@@@B@@@@@B@@@@B@@B@@@@@B@@@@@B@@@@@B@@@@@@@@@BA@@@@@@@@@B@@@@@@B@@@@@@@@@@A@@@@B@@@@@@@@@@@@@@B@@B@@@@@B@@@@@@@@@@@@A@@@A@@@@B@@A@@DA@@@BD@@@@@@@@B@@@B@@BBB@@@@@B@@@@@D@@@B@@@BB@@B@@@B@@@@@B@@@@A@@@C@CBEBC@ABA@@@@@@@@@A@@BEBGB@@EBABA@]J@BOL@@DBDDDFBBFB@@BBDDDHFLGBDDB@@BAB@@DHEBFNCBIF@B@BB@HDD@LH@@LD@@BA@@BBDDB@BB@@@AB@@AD@B@F@@@@BB@@@B@B@@@FFDF@D@BDDA@ABBBBAb@@DJAB@DA@AB@\\SD@@A@@B@@@"]],"encodeOffsets":[[[89486,44149]],[[89605,45125]]]}}],"UTF8Encoding":true}