{"type":"FeatureCollection","features":[{"type":"Feature","id":"654004","properties":{"name":"霍尔果斯市","cp":[80.420759,44.201669],"childNum":1},"geometry":{"type":"Polygon","coordinates":["@@gEKAC@A@E@C@AA@@@@@A@@B@A@@AB@@A@A@@@A@@@@@@AACABAAEAC@A@AB@@CBA@ABAF@B@AC@A@A@AAAAAAACC@AAAGEAGBMBIEO@EEQA@@EVKDCAHO^}DC}LsLIR@F@BGbAVIAYGEAOD@RqAANELADAHCAEAYGAAECOJMLgZUXCL@FV^DPEbEb@`DRBXFRHhDVAHADD@BB@DAFA`EPCDA@CLEDCFCNAH@BAJADAHBJ@BCHALAF@HAL@F@D@NAPAFEJCL@D@J@FBB@@AJCB@FAHCDCHALENCHAJADKNAB@F@@ABADCDEFAB@B@@BJBFABAFAD@F@@CD@@BFDFNJHFBBDHHJ@HBBBBBD@FCJADABBFFD@HBBDBBDFHBJ@FDDFNB@@BB@@DAB@FDBHBDB@B@@@J@@@J@FDH@@AD@B@DCFDDJDFDNLBD@DBBBDEDABA@EJCHCFCF@BEBGDCDA@ABED@@AFABGFGLILA@@BA@A@A@GDMJINCHCDABAB@F@BC@AF@BA@@B@@A@@B@@A@@B@@@BABE@EBGHGDIFEDEDC@GBODG@EBKBCDGBABEBA@CBCBSFEBE@C@SBE@IDMF@@MJGDCJWTMR@JBLGLSTIPGN@BHNFPBLBNDCH@J@L@N@P@RBLFHDNHFFD@@@@B@@@B@@H@DBB@BDB@DBFBH@BAB@@AB@HC@@D@HAJ@B@DABC@ABAHC@@F@BADABA@A@@@AAA@@AA@@EAA@AC@@A@@ADEFCHCFCHAFBNBJDJBLFNBN@FA@@BABABA@ABA@ABA@AA@A@CACCAC@@BA@AB@DABA@@B@B@DCB@@@BAB@@@D@B@@@BE@A@A@@BCBAB@@ABA@AB@@A@A@@FA@AB@B@BCRIHCJCJC\\GRCPAPCNCJALCJCHGHGHEHETEbERAXAHATCVATCVAXCD@BA@@B@LAB@BADBB@FBBBB@BBBDBBBBDDD@FBBAF@DABADABABAD@J@D@DBD@DBBBF@@@@ABCBABCBA@E@A@@BA@A@@AA@AAAAC@C@@@AD@D@HCDABCB@@@N@HAB@BABADABAB@@A@ABABABA@E@ABABCBA@A@@A@A@@@AA@A@@@AFC@@BAFAB@BCHCJCB@D@B@@@@C@ABA@@@@AAA@CC@@@A@AA@@A@CBC@A@AEAAAAA@@@CAE@A@AAAEAAAAA@A@A@@GCCAE@C@A@A@AAAAA@AA@AAC@ABE@AJ_^ebadI`AXM\\YHÃÕķFGLSHKOK][AAGSGWMYiUEBCAAC@GDCAK@Y@EiCIAC@AAEE@UBAEKUABCIE@MBSA@B@HGJUH["],"encodeOffsets":[[82536,45239]]}},{"type":"Feature","id":"654023","properties":{"name":"霍城县","cp":[80.872508,44.049912],"childNum":2},"geometry":{"type":"MultiPolygon","coordinates":[["@@ABCB@@BB@@GFDD@@A@@BFF@@JGDAAEAEAA@@ABAA"],["@@B@BAB@B@B@B@HAD@@AB@DC@@DAD@H@@A@@@C@@@CB@@@B@BADAFADAB@BADAB@@AD@@@@AAA@ABABADABADAB@HDHDF@B@FBFBB@D@@@DCBAFAD@BBD@BB@@B@@@B@B@B@B@@@BBDDD@DBD@BB@@BABABAB@@AB@B@BABAB@B@FBB@D@B@FGD@BAB@DCDA@@BC@@@C@@@AB@B@B@BA@@BAB@D@LAB@B@BABA@@DABA@@BAD@B@D@F@@@FADC@ABAD@@@BA@@A@@ADCFADAJCD@L@B@BAB@BC@@@CB@B@B@F@DA@A@@B@D@B@BAB@@@B@B@LCD@D@B@D@DBB@BA@@@@@A@A@ABADCDADCBA@@AA@AA@@A@ABAD@@ADA@A@A@@AA@ADA@@@A@A@@@AFABA@@@CBA@@AAAAAA@AB@@@B@@@B@BAB@F@@@BBBB@B@@@DB@BBF@H@@@@@BB@B@@B@D@FBFBB@@@B@D@DAFAD@BABAB@DC@@@@B@B@BBDBDBFD@@@BB@DBB@@@@A@A@@@AB@N@PAF@F@BBD@BBD@DB@@B@FC@@FBB@D@HAD@B@B@FAD@FCBA@@BABA@ABA@A@ACCA@BABCDAB@BAB@B@@@B@B@B@@A@ABA@CBCBADADAB@B@FBD@BBB@B@BA@AB@JAD@BC@@@A@@@@FAD@B@B@BABAB@@@DB@@D@@@FAB@FABBB@D@@BFB@@DDB@DBD@D@@@BAB@B@B@F@B@D@D@BAB@@@B@FBB@J@L@J@B@BAB@BAD@B@FABAFAB@BA@@BA@ADAD@BADAD@BABADCB@B@D@DBBBB@BBB@B@DAHADABCFABAB@B@FAHAB@DA@@BADAFC@@@ABAA@AA@@@ADCBA@AFABAD@BAF@B@FAH@P@@@BA@@BC@C@AB@@AB@FAH@DAB@D@F@B@B@B@B@BADABBF@D@B@B@D@B@B@FADABAB@F@B@@@DABADAB@@@DBHBF@DBB@JCD@DAD@B@FCB@BBB@BABAD@B@H@H@DD@B@@B@B@DAD@@ANBD@B@D@BBB@B@PCFAPCB@FAFAFEBAB@FAA@@AA@BC@A@ABC@@AAAC@ABCB@@AB@D@BAB@BABA@ABAB@@@@A@A@@ACA@@A@A@AA@CAAA@@AA@@@A@AAC@ABC@ADABA@@C@@@@@AA@@BA@AA@CAEACAAAA@AABA@C@@@AAACCAAACAAAAA@EAA@CCCACAFC@CC@@@@A@@DABABA@A@ACIAAAAEE@AA@BA@CBE@E@C@A@C@@BCDC@A@AB@B@B@BABA@A@ABAB@DEBA@A@AB@BB@@BAB@BA@@@AAA@@@AB@B@BAB@@A@@@@AA@@B@B@@@@@B@AA@AB@@@@A@A@@@A@@BABA@@@@@CB@BAD@@@B@B@FDHBB@B@FABBD@B@B@BCBABABAB@B@@@DABADAD@BA@ABABA@AB@BA@@@ABABC@@@@@A@ABAAA@EBE@A@@@A@A@A@AAA@A@@AAAAA@AB@@CA@AAA@@A@C@AA@@A@AB@@@@AA@@AB@@AAA@@AAAAAAA@@@A@@@AA@A@A@@CAAAA@A@AA@A@A@ACCA@@ACAA@A@AAAAAAAAA@C@A@@BA@AB@B@@B@@D@B@@@@A@A@A@A@A@A@@@ABA@@@C@@CCAA@@C@CAEACAEC@@AAA@A@AA@@AAABA@A@AAA@A@A@@@@@AA@@A@AAABA@A@A@@BA@@@A@A@@@AAA@CAC@A@AAC@@@ABC@ABC@@@@@A@A@A@@@A@C@@@ABCA@@CBA@@@A@GBC@A@@B@@A@A@A@A@AB@BC@CB@@AA@A@@CACA@@A@CB@AA@@AAAA@AACA@@@AA@@@C@A@C@A@A@A@AAAAAACAGCAAECKECCAAAA@@ACA@AA@@A@@AACAIB@@ABA@C@A@AAC@A@@A@A@@@AA@C@@BA@@@@@A@@@A@AA@AA@@ACB@@A@AA@CACAA@@AA@A@ACA@AC@@A@AA@A@@@A@@@EAA@A@AAA@@@A@@AA@@A@@ACCA@@@AA@@AAAAACCEAA@@@@ACAA@AAC@C@A@GA@@AAAACBC@A@@@AAA@@@ABA@@@A@AAE@GAC@ACK@A@CBABC@@BABCA@AAAA@ACC@A@@A@A@C@A@@@@EBE@CACAA@@AACAI@AACAA@AA@A@@@AAA@AAAA@AAC@IAA@CAOEECCA@ACAEGAACAIEKAAAC@A@@@EDAB@@@@GDBA@A@A@A@E@E@@AAAACCC@A@A@ACCC@@AECABAAC@A@ABC@A@A@A@A@A@A@A@A@A@ABEBC@@@A@A@ABA@A@E@AA@AC@@@CAAAA@AA@AAECACAACAACAAAA@@A@@@CE@@B@A@@@AA@@AA@@A@AAA@AAA@AAAA@@AAA@@@ACAAA@@AA@A@@@@AA@@@AA@@AA@@BAA@@@@CE@@BA@EBEBGDE@GDIDEBIDGBEBABEDIDGDEDGBCDC@@GE@iJKEaiUY@@A@CEIBQSGKCECKYFIHGDGJGFOBI@GAIAGAKEEACCIGIAMDIDIDG@IBKAGAEAGGGAIAICAECK@EAECGEECCA@CAEACCI@ECMCBFEBC@EACCACGAM@CAAACBA@@AE@C@@EC@@CDAICE@CDGBIAADFjZT@LCREVG`CPLLLNGDBBDDCBDFAB@FDB@BBD@DD@BDCBDB@BDDAB@DABABBB@BBDCBA@@DABC@ABABA@ABCD@DCBABCB@@ABABA@AB@B@DA@A@@B@DA@@@AAAB@DEAABABABABA@ABA@CBABA@@@ABCBA@@DABA@ABCA@BAB@@ABABAAABGDEDEFjJDFCJEN@@MBGBCDEBADABED@DADBDABCBDBDDLDHH@BBFDDBDDHHFFJDJEBBBBHODKHMHCDA@CAKGAACESE@HHHFHAD@FDJBH@@GBCDCAACCBA@BFBF@@I@E@C@CAE@G@A@@@@B@@@@@BA@@B@@@@BBB@@@BBBB@@@B@@@@@BAD@@ABOAA@A@MAABOAOAA@C@G\\IVGHA@B@AT@NJFADVBFLAB@VFFBBD@JBjD@F@ZBLCD@HBDDBFAjVNZHXHTBB^\\PLGLKTEHÖĸGÄ[ZWN_BcJab]fI`BC"]],"encodeOffsets":[[[82999,44999]],[[82598,45699]]]}},{"type":"Feature","id":"654003","properties":{"name":"奎屯市","cp":[84.901602,44.423445],"childNum":1},"geometry":{"type":"Polygon","coordinates":["@@yRSFoNA@aJaJ@@ABiLWHKBGBE@A@ABB}BiBBBKBO@@BDBJ@DBBBB@@PAFBDAD@J@F@@@D@BBD@BFL@BBBDF@@BBDD@BJHHDNJDDVV@@@BHDHDHDNLLLLLBDHP@FCD@D@DGH@B@HABCJ@FHL@DAH@DFFBBAB@DADABCN@D@HBBCH@DFL@FBFFLDDBHHFBDBB@D@F@@@BDHDHCFDBDDABBBB@BBAJ@B@@@@@@@B@@@B@@B@@@@@BBB@@@B@@B@@B@@B@@AB@@@@CAA@@@A@@BB@B@@B@@@B@@CB@@@BB@@B@@@BCBBDB@A@B@ADIBGBC@EBKFADEDA@@@@BFB@@ABABAACA@@A@AF@BABA@@A@AAB@@@D@@LATCV@SfM\\M\\M\\KTQd@@@@MX]|UlAB@B@FJBTDHBRHHBRHB@FFD@D@LBDBB@@B@@D@JCDCB@DALEBAVIJELERGBAR@H@HAB@HBVDLDB@@ADCBAB@BAD@DAJ@B@B@FEB@@CBCBABG@ABAFEBC@@@@B@BADADCDCDABAB@DC@ABA@@DADAHA@@BB@@B@DBB@@@DAHCDADC@@BCBABA@@B@DC@AB@@A@@B@@@BAD@DCHAFADAFAJEHAFAFAJEBADEDEDK@EBAB@AIAAAA@C@AC@@@@ADUBGOACAC@CAC@GAGAAAAAACAAAABAAG@A@C@A@EAA@G@C@C@AC_EcAYzHRBTBFBVBFBX@hAF@F@BBX@VBP@VDD@dFNDXADBD@BA@AB@BAB@BA@@@AB@@A@@@AB@@@BA@@@A@@@@B@BA@A@A@@D@@AF@@A@AAA@ABA@AB@@@@@B@@@B@@A@@D@@AB@@@@@@A@A@@@AD@BABA@AA@@@@AB@DA@ABA@@@A@@@AB@BA@@B@BAB@@@@@@A@@HCBGBA@C@@@A@@BCAA@CAC@CAABCAA@CBEEA@CA@@ABA@@@AEC@A@EDAAAACB@@EA@A@CCB@@A@AC@@AAEBC@AA@@CBEAA@CBEDABAB@@EBA@AAE@GBCBABBDA@@EC@AHE@A@A@CBCDC@A@CBADGBAJAHC@A@CCGBA@EA@@ABA@CGBQBK@K@A@KBO@AAC@BAAC@A@A@A@@@AAC@A@@AC@A@@@A@C@C@@ACAG@AAA@CCCBCAA@CAC@EACECACAE@C@C@A@CAC@C@ACKAKAE@ECGBCAEAE@AAG@CAGAMAA@GAE@C@AAEAEAKAG@E@C@C@AACBC@A@AAA@C@CAC@@@@CAA@@BA@A@A@E@EBMD@B@@yPQFUF"],"encodeOffsets":[[87157,45408]]}},{"type":"Feature","id":"654002","properties":{"name":"伊宁市","cp":[81.316343,43.922209],"childNum":1},"geometry":{"type":"Polygon","coordinates":["@@CBIBCBCBEBCBCBCBC@EBGFCBGDG@MBI@IBG@E@GDEBCDGLEDKAO@KBEBE@CBGHCBABEAGAGBGBKHGHEBEAWEQAQAKAKEWIKGGGECKBE@IBEBABABA@FRHT@DBDDJ@BFN@BBDBF@DBDBDBFBDA@A@A@A@A@AA@@A@@AA@@@@AA@G@C@ABA@A@@@@@DFBB@B@B@D@@B@AB@@BB@@BB@@B@@B@@B@B@@BB@BBBD@@B@BB@@BBBBB@BBB@BBB@@@BB@@BB@@B@A@@@DF@@B@@@BBBBBDDBBBBDFDBBB@@BBBBB@D@@BDB@@B@F@BAB@B@B@B@@ADAF@B@B@B@B@B@B@B@B@B@BAD@B@BBDABDBBF@@DDBDB@B@D@DDBBBB@@@F@F@B@B@BABHC@@@@BAFC@@B@D@BBLBJFDBBBFHDB@BDBFDPFDBB@JBD@BBB@BB@BBB@B@@@BBBB@DBBBJ@DBBB@@BBBD@DAF@F@@B@D@B@B@@@@BDD@BBBBBB@ADAB@@ADAB@D@BDL@BBD@HBF@B@B@@AB@B@@BB@B@@@BADBDBB@BB@@H@B@DBD@BBBBD@@@@BBDFBDBBBB@@BB@@B@DD@BB@@@BB@@@B@@BB@B@BBB@F@@@B@@@BBBB@@@BDB@BDB@B@@BB@DBDBB@@B@BA@BD@@BBB@@B@B@@@B@@@@AB@@@DBB@@B@B@@@@BBD@B@B@DAB@BA@BJBD@BB@@@BBB@BD@@BBBBDDLFFDBBHDDBBBBBBBB@B@B@D@B@D@@@B@@B@@DBBBB@BB@BB@@BDAB@@@DBDB@@@BBB@@DAD@@ABAB@B@B@B@@@@AB@D@HAB@@@B@DA@@DBBA@@D@B@@@B@B@B@@@@@D@BAD@BA@@D@BBB@D@DBB@BB@@B@B@@@B@@AB@B@B@BABBB@@@BB@@@@B@B@B@BBB@B@BABB@@BBB@B@BB@@FDDBFBDBD@@@BBDD@@@D@@AB@B@@@B@B@B@B@B@B@@A@C@@@@AA@A@@BAB@@@B@DBBBBBBBB@B@BBBBD@@DBBDB@B@B@@B@BBBBB@DB@B@B@@B@@@B@@BBBBBB@BB@BB@@BA@@BB@@@@BAB@@@BBD@B@@@BB@BDB@@BAB@BBBB@@@BBB@B@B@B@B@@@BAF@FBBAB@B@B@@@@ADAB@B@@BAB@D@DADAB@BA@@BA@A@A@A@AB@@ABA@ABABA@@BCA@@A@A@C@@DCBCDAB@DC@ABABE@ADADC@@B@B@@ABA@A@ABA@@BA@@BABAB@B@@ABC@@BA@@@ABAAA@AAAAA@C@ABA@@BAB@B@@@BABAHABABA@@@A@AAC@AA@@AAAAACAA@A@A@E@AAAAA@AAAAA@A@CBA@@@A@@@AA@@GA@ACAA@AA@@A@ABA@ABA@@@@AA@@ACAA@EAC@CAA@CA@@C@@@@AE@C@A@A@AAEAA@C@@AA@AAA@A@A@A@@@AAA@@@A@A@@AABA@AAA@@@A@@@A@A@@@A@@BA@C@A@A@AAA@A@C@A@CAAA@@AAA@@@CAA@A@A@A@E@A@AAC@@@AA@@A@C@A@@A@@@AA@A@A@@A@A@E@A@AAAAEAA@@@@AA@A@@AA@@@A@@CEAA@AA@AAA@AAA@AAAAA@@@@A@A@@@AAC@@@A@A@A@@@A@A@@@AAAAA@A@CAACE@C@CAA@A@A@AAA@A@@@A@@@@B@@A@A@A@@AC@@A@@AA@@A@C@ABA@AA@@GA@CAACAA@AA@@G@CACCG@AAG@@BC@@AK@CAGAAAG@A@AAE@@IIAAEIAE@@BCAC@AAA@AAAGGECOOA@CGCA@@@CCGAGCEAAAC@@@ABABABEFCBCDCDCB@@AB@FBDBB@B@BBB@F@B@B@D@BBXD@@BF@D@BBDBB@B@BAD@DBDBH@DBD@BB@B@CK@ABC@C@GBCDEBAF@^@@@F@D@DAF@JDHBFBDDD@BAD@JFD@BADDD@DB@B@@DBB@D@@B@BB@HFB@BABABCJAN@L@BAGACABA@AJGFAHAHCZCB@J@DAFADDLBFBXTJFDDB@B@BA@A@CAAAA@AAC@@AAA@@A@@@AA@CA@@@A@@CAAAACAA@A@@@@DCLGBCB@FACCA@EE@AAA@AA@@@@@@I@@AMBA@EICAAACKWAA@@CGA@EOBA@@@@B@NCTARCMGAAGE@@A@A@CB@@A@@@A@@@A@@@@A@@@AA@@AAA@AAA@@ACAA@@CAE@E@I@C@A@C@A@A@ECA@ABA@AAEAC@@@A@@AAA@@CA@@ACA@@CAA@@@CA@@ACAA@GAA@EAA@@@@@A@@G@GACB@B@D@DAFADAB@BA@@@A@@@A@AAA@A@@@AAC@@@A@@AA@A@@@AAAAACALGDDDC@@@AA@@A@@@@B@BAB@B@BBBDFF@@B@B@@@B@@@@B@@@B@@@B@@@B@@B@@BBB@@B@@BC@ABABAB@BC@ABCD@B@@B@H@@@@B@BC@@D@@DBB@B@FBB@D@LC@@@AACAACCAAAA@E@A@AA@AAEC@@@A@@@A@CB@H@@A@CAAB@BADA@@DB@@@BBB@D@@@B@B@B@B@B@@BB@B@@ABED@B@BBDBDBDB@BD@@D@DA@@B@@AH@@@BBBBFF@B@BPAEECA@AA@BC@CAG@AAA@@@@C@@@@@A@@AABA@AACAAAA@@@AC@@@@CC@@@@@A@A@@BCB@JCFAD@DA@@B@B@B@B@D@B@BB@BBB@B@B@@@@@BD@DBB@FBFAH@@@BA@A@@BC@@@@BAB@B@B@BB@@B@BBDBB@DBB@BBDAB@B@BBB@B@BADAB@BAB@B@B@DAB@DAB@B@A@@@AAQEA@A@AACCA@CACAGCICCCA@AAC@GC@AAAAE@@@CB@@@AAAAAA@@CAAC@@@@AA@@@@@A@A@@@AA@ACCA@A@A@@@AAA@@ACAC@AA@@AAAAAA@CCABEFEDEDEBE@CBABC@C@EBEDGDE@C@C@EAE@MDOJGHCBADADEDABIBEBGBG@ICC@I@EBC@ABCBKBCBCBCBGBGBADAB@BA@A@C@E@EB"],"encodeOffsets":[[83254,44938]]}},{"type":"Feature","id":"654022","properties":{"name":"察布县","cp":[81.150874,43.838883],"childNum":2},"geometry":{"type":"MultiPolygon","coordinates":[["@@DEDEFGDEHIDEFIHIFIJBNBN@DB@@F@F@PBNBPBNBFBN@DBD@BBPDJB@F@@@@^C~EzEVAB@FA\\AhC@@lC\\C`@@G@AB@L@P@HBD@AADC@KP@N@@D@BB@NADJBHFXVAJ@N@P@B@@@@@N@B@LF@@@@DBTAJB@@BBD@A@A@ABA@A@A@A@@A@@A@@@@@@BABDB@BA@A@AB@BCBC@@ACBABA@CACBAACB@B@FEDGH@@AB@BC@AB@B@@S@EFA@@@A@CBCBA@CDC@EBCAACCCA@A@A@@A@E@C@@C@AB@CCA@A@A@@AAC@AAA@@@@@AAA@A@A@A@@@ADC@GBABB@ABC@CAC@AAAAA@AB@@A@A@A@@B@@AB@B@@@B@B@@ABAAA@C@@AAC@AAA@ACACAAABA@A@@@AA@@@A@@@AAABA@@@A@A@@B@BA@@BA@@B@@A@@@@@CB@BA@A@@@A@ABA@EFCBAD@BCBABA@AAAAAAA@AB@@@@@B@B@@B@ABABB@@BABA@C@CBAACAA@AAAACAE@G@A@C@C@ABEFGFCAE@EAC@MCKAMAKCCD@@ADABA@@DA@@BABCAA@ABA@EBA@C@A@A@A@A@C@CBA@@B@B@@BBDBAB@B@BA@@BE@E@C@@BGCC@@BADAD@BEDA@E@A@@@ABAB@@ABA@ABC@@@@@@@@@A@@BBB@BC@A@@BA@ACBAB@@@@AA@CB@@ABA@AABA@@A@@BCBA@A@ACAQAK}DACG@C@C@CAC@AAAAA@G@HLE@G@DDFFDHBF@FDLBFJDJBHBHHFBHBLBJAH@JCJCNCJBJHDDFBLFHBJBHBJ@PAHEHIHCJGZEJEDCB@HALERG@AB@BABABAB@@@BAJCLCL@TBR@FABBB@H@F@JAD@FABADAFCB@DAF@B@D@D@B@BBDBDBF@D@HBD@B@@@D@@@F@D@H@DBB@BB@BFBB@BABAFAJAF@LAFDHHLHXJLFLBRBRBXFFBFAHGLGHAHAHBFBBADAHGDAF@FALAP@LBFCHKDCFAHCF@H@JAJ@NAH@HCDAHEFAD@DADADAFADADAJADAFAF@D@B@B@@ABABCHAHADADADALADABAD@FAJ@D@JDH@HAFAJABAFCBCBCDAHGPINCF@FBD@D@F@HCFCFAD@D@BADAF@FAFCFCFEBAFABABABA@A@CBABA@CDAFCBCBABCBABCB@FADABABA@ABAD@DADADAFADADAFGDEBADCF@FCHAB@J@D@BABABA@CBABAD@BADC@A@C@AB@BAB@B@HABADCBADCFIBAB@B@F@JBD@FBB@B@BAB@@C@ABA@ABCDABCBC@A@A@@BAB@FAB@BAAA@@CC@A@@@ABCBADADABABCBE@CB@DAJCB@BADADABEDCBAFADAJGBADADA@A@E@A@ABABAB@DAD@BAFCDEHCB@DBB@F@B@B@DABA@A@AAA@ABAD@D@BADADABA@A@CBCDIBCBE@@BAB@@ABAB@BAD@DCD@BAHBDANCFADAH@DAFCDAHCDAFCB@HAB@D@FCB@DADAFCFADEDCBCBE@@AAA@AACCA@@@A@@AAAA@@AA@@A@@@A@A@@AA@@A@@AA@@@AA@@@@@A@A@A@@@A@@BA@AAA@@@A@@AC@@@AAAAA@AAC@AA@@A@@@A@ABABA@@@A@A@AB@@A@@@A@A@@@C@@BA@@@AA@@A@A@A@AAAC@CA@@ACA@@@CACAA@AAA@CAC@AA@@AAA@A@A@@AC@CAC@@AA@C@AAA@AAEACAA@@@AAAAA@@AAA@@AACA@ACC@AA@@@A@@AAA@@ICECCAAAAAAAA@@@AAC@A@EACAAAA@@@AAAAA@@@A@CA@@@@A@@AAA@A@AAAAAEAEEAAAACCAAA@@AEA@@AA@A@AAAAA@@@A@A@A@AAAAA@ABA@CBA@C@A@A@@@A@AA@@A@@@ACCAAA@AA@@@AAA@A@EAA@A@@C@@AAAAA@@BA@ADA@A@A@ABCBA@A@AAC@AECAAAE@A@AAACAAC@@AEAAA@AAAAA@C@AA@@AA@A@@ACA@@CAA@@@AAA@C@AAC@A@A@A@A@ABA@AB@@A@@ACAAA@CAA@A@AAC@A@CAC@AAAA@@CAA@AAA@ADA@@@A@AAAACAAACA@@I@GAIAGAA@I@IAIAA@I@GCGCA@IAIAIAC@IBI@GAI@ACCEAAEEEEG@I@@@GFEFEBIDC@I@C@IAIAGEEEA@CEEEAACEA@IAC@IAGBGDIDA@IDGDA@IDIBCBC@@@AACCEBC@C@ABA@A@@AI@E@A@AB@@C@CAA@A@AA@@AAA@@@@C@@CAAA@AEA@AA@AA@@A@AB@@A@A@AA@@CEAAEEGCCAI@GDIDGDC@I@I@GAI@IAE@ICACCEECEEIAICE@IBEBGFA@GFGFEBGBC@IBGAICA@CAEBC@ACC@G@C@@@CB@@A@CAE@EBC@C@CBA@CFCBIBC@AB@BABABA@C@ABA@CCC@CAC@AAA@AAAAA@CBCBA@ADC@@@CACAC@EAA@CB@@AAC@A@A@A@EBA@AAC@E@GB@@ABE@E@CAA@E@CAKCCAA@@C@C@C@A@@AACC@AAA@A@@@ADC@@@AAEBC@C@@@AAAA@AA@ACCAAAACAAAAAB@@ADA@@BC@CAAA@AAC@@AA@AAC@CACC@AA@@CAC@A@AAA@@BA@C@@BA@C@@ACEEECEEGCAAICC@IAGAG@IBABIBIDI@I@E@IAICIAECGAGCICCAIAIAGBI@IBIDGBID@@I@IBGAICGCICGCCAICGCA@I@I@EBIDCFEFCFABEDKNGBI@ECOISGC@EB@F@DAHABGF@@QFqA_@QBWDSHKLANLPTPDLDHNNNLHJFDFFJJ@@DFBH@FBLF\\BF@PDNBFDF^PK¢Ļƚ|J\\BR@fJJ@LBZJJDLH^FPCLCHStI`CHALAFAHAFAP@J@DAFHFHFFJFF@BDDBB@@FBMHIFCB_@@@g@OHAB@FB@BDQJQHIFMHGBOHMF@BBFHFHHDDDJHPDDPJBFAHBDBBFAFADCFCD@HBDB@DCF@D@BFBBCJBHADCF@JD"],["@@yOEAEAIAIP@BAB@BABMLABOHC@IFEBCB_RCBEHHFDBDBDBJBZJBY²GCMFKRY"]],"encodeOffsets":[[[82678,44943]],[[82607,44804]]]}},{"type":"Feature","id":"654021","properties":{"name":"伊宁县","cp":[81.524671,43.977876],"childNum":1},"geometry":{"type":"Polygon","coordinates":["@@DABCBE@C@C@C@I@C@EAABA@EAG@CAG@CAG@CAA@A@A@AAAAC@A@AA@BA@@BABA@@BAE@C@DA@A@CCEACCCCG@A@@BC@@DABAB@BAD@B@@@B@B@@ADADC@@BCD@BAD@FAB@B@BA@AB@D@DABAB@B@BADAD@BAB@FAFAB@B@D@@@@AB@@AD@AA@@@@AAAA@@@C@C@CHEBIDC@AKEAECA@A@C@ACEDAHCBABA@A@AAAAA@@@AAA@A@AAAAA@A@ABAACAA@A@@CCAA@@@C@C@@AC@@@AB@@A@C@@@A@ADABADA@ABC@C@A@AAC@AAA@C@ABA@ADA@@BAB@@A@ACCAAA@CAA@ACAAEAEEAAAAAAAACAC@ACA@CCCAAAEC@AB@BC@A@AEEAAAABE@MAE@E@G@CAAAACCCC@AAA@M@CDGBEACAACCAABE@AAAACEAEACCCCCA@A@@@@@AA@AA@@@@A@A@@AA@A@AAA@A@@@AAA@@@A@A@@@A@C@@AA@A@AAA@AACC@@@AAAA@A@AACAAAA@AA@ACA@@AAAA@@A@@A@@@@CA@AA@AAA@A@@ABABGB@BCPADAB@D@D@H@@@DABADA@@@@BAAABC@AB@BADGAA@ABA@@B@@AD@@AB@@AAIACAA@A@EAAAG@CAA@A@AAAAA@CAA@A@@@AB@F@B@D@DBB@FAB@@@@A@C@AAAAA@A@AB@B@@@@@@C@AAI@IBA@A@@B@@AD@@@@@@AA@C@@@@@@A@EB@@@HAB@B@NCDAAA@A@A@@A@@@@@AACACCCCA@AAAAC@@AA@@@@@AAA@A@@@@@@@@G@AAAA@@A@ABAB@D@BADA@@DA@@DC@@BC@@BA@ABABA@ABA@@@A@@AA@AAC@@@C@A@AAA@@A@@AB@@ABAD@@@@ABA@@B@@@HDFBB@B@D@D@@AFADC@AAA@A@@@AB@B@B@B@DBDBB@D@F@BBD@HD@@DBB@@AB@@@@A@@ECAA@A@@BABABAB@@@BB@@@BCB@@@B@@B@B@B@BABCB@BABBB@BBBBBBDBBB@@B@B@DCDA@@B@@@BB@B@B@@@D@DBDDBBD@BBBB@@@D@@@B@BA@@@AAEAAB@@A@@BAB@B@BBFDDBB@F@BADA@@B@B@BBBBBB@@DB@BBB@BD@B@B@F@B@BADAB@FABB@@D@FBJ@F@B@BAB@@@BBB@H@@@BBBBB@B@B@@@BA@A@ABADCB@B@B@D@BAFCD@@ABAB@BAD@DCB@B@B@B@B@BAB@@CB@@AD@JCB@D@B@FAB@BBBBB@B@B@BAB@BCBA@AB@@CAEAEAECGAC@A@ABEBABKDC@@B@JCB@B@BABCB@@A@@BA@@@AA@BAA@@A@@@AB@D@B@B@@ADQBE@EBEB@@A@A@A@A@A@@@@AA@@@@@A@A@AAA@ABC@@D@DA@@@A@@@A@AFADA@AB@@@BA@A@AA@A@AA@@D@@@@@@@AA@@BCBA@AB@@AAA@@@EBCAA@CAEACAE@@@A@A@@AC@CAA@@@ACEACAG@C@C@A@CBA@AAC@E@ACC@@CCCCAA@A@AAA@A@AB@@A@@AA@CBC@A@A@@AAAC@AAC@@AA@@BAB@@AB@FEDCA@@A@@@A@C@AA@A@A@@AAA@@@A@C@C@A@@@CAC@@AA@@@A@AAA@@@@A@@A@A@AA@@C@AA@@AA@@@AA@@@CAA@@A@@AAA@A@@AAC@@AA@@A@@AA@@@@AC@@@@@@@A@@@A@@@@BA@A@@@A@@AC@A@AB@@@BA@@A@@ABA@A@@@A@@AAA@@@@AB@@A@@@A@AB@DACCCBC@CBEBEBIDABA@EAKBABE@CA@A@C@A@ACCCCEAAAAAA@C@CB@B@B@B@BC@ABABA@A@CAABAAA@A@C@CBA@ABA@C@AAACAAAACAC@A@ABABA@C@EAC@A@A@CBABA@AA@AACA@@@A@A@@B@BABA@CAE@EAC@CBCB@B@DA@A@@@A@A@A@A@@AAA@ABA@A@AC@C@@@CAA@ABCBABABC@CBAACAIAABCB@B@@BBAB@@A@CACACAC@AAC@CAE@CDEDCDCBADABC@C@A@C@CAGAEAC@E@C@CAA@@A@CAA@@AAC@A@@B@BABA@A@C@CA@AA@CBABAB@B@BBB@@BBAB@BC@C@C@C@C@ADABEDEBEBC@AAAC@CAAC@G@C@ADABABCBA@CBCAEAACA@ECA@GBABAB@BA@AB@BA@AAAAA@A@A@AB@B@D@DCBEDMDABCBCBC@GCC@A@A@EBCBCBEBEBC@CAAAG@EBC@C@AAC@CBCBEDCDABCBABEDC@C@A@AA@CAACAA@C@CBCD@BABA@C@@@ABA@ABEBAAA@CAACAEAECAC@S@E@CBABEBA@C@EAE@KAC@EAIAGCEAGAAAAC@GACCCC@@@EAC@CBEBGB@@CDCBC@A@CAE@EACBEBABCDMJABAD@DABADAFADCDCFEBEDCBCBA@EDC@A@GBA@EDCBGDCBEDCBG@CBEBMDCBGAABC@CDC@ABA@AB@BA@AB@@AFADCJAD@D@BABCBCBABC@C@AB@BBB@B@BABCBA@A@E@A@CAA@GDCFEDABC@CBA@ABAB@B@B@F@BCBCBABIHCBEBABCDAFCBCBABA@IDCBA@@DAFADABCBCBABAD@B@@@BDD@@BBABA@EBA@AB@@@B@BADADCBAD@BAB@B@DA@ABA@A@EAC@IAE@A@A@ABEJCDABCDABGBA@A@ABA@@B@D@BCDABC@ABAB@DABABABC@I@A@GBEDE@CDABCFEHCBCBEBCBCBCBC@AB@BABABCBEBA@ADABADABADEDCB@DABAB@D@BABABABEBDDB@BBBB@BB@@BBDBD@@BB@B@@@B@BDBBDB@@B@@@B@B@@@@BB@@@@BDDB@@BBBBBB@@A@@D@@BFBB@BHDD@BBB@DDJDHDDBDBB@DDBBB@B@RFBB@@B@A@A@CBA@CBA@A@A@ABA@CBABA@A@AAA@A@CBAAA@CAA@CAAAA@@@AAA@A@A@AB@@@@AD@@@BAB@@G@EBEAA@CAC@@A@@@@@A@AAA@AAAA@C@A@A@A@A@@@CBC@EBIDA@AD@@@B@B@@@@DD@@@@BD@@B@BBDBBBB@BA@BB@@@@@D@@@@@BB@BBH@DADB@@BDBFFOB@A@AEEAAAA@@G@@BA@@@CBC@@@ACA@ACACAC@A@AFCBA@@@AAA@@@A@A@A@A@A@@@CAA@A@@CA@@CBABA@BB@D@BG@A@@D@B@@@B@@FDBBB@@B@B@FBBBBDDBBBD@B@@KDC@A@EAA@A@CA@@@CD@@A@A@@G@A@@@@ADCBAD@@ABABABAD@@AA@@@AA@AA@@@@A@@@A@@@A@@@A@@A@@@A@A@@@EEACAAA@A@ABA@@@@@@BB@@B@@CDCCKHDBBBBB@B@@@BBB@@@B@@BD@B@@@BBB@B@B@@@B@@ABA@CBEBCBC@A@A@BD@H@HB@@@@@B@FBB@HBB@DB@BB@@D@@BB@DB@BD@@DB@@BB@BB@@@D@FBBBB@BAB@FDB@B@D@B@D@J@F@F@DB@@BBBD@@BB@BBB@BB@@B@@@B@@B@@@B@@@B@@@DAB@B@@@HFBBNHQDSBMDA@@@@@ABFPB@DH@@BBLXBDBBJD@FABBN@@@J@@@@B@@BBB@BFFB@DDEBA@ADKHCD@@@@@BBBBDBBDB@@@B@@DBB@@B@@@BB@BB@@BD@BBBBB@D@BABA@A@CCIEWSEAKACCEBCBI@A@YDGDGBEBIH@BABDBHBABK@M@IBADABABA@GEA@@A@AC@A@CA@@@ACAC@CCABC@IEC@ABC@CCEAGAICE@CBC@E@@@]@E@ABCFAD@H@DAD@BDLA@A@@AAC@CAGAC@CBC@A@AAAAC@A@CAE@@WCAAC@A@A@E@A@AAA@A@CAEAA@@BA@CDCDADEDAFABAB@B@@BDBBDFBHDH@D@@DBDHB@PPFDHHBB@BBB@BBDAD@@BFFJBBJJ@@BF@B@BBHBBBH@DBL@@AD@@BH@BDHBD@D@HB@@BBBBDDBB@@HB@@BAB@B@D@BB@@BB@@@BD@@@B@B@BA@@@@@@B@@@BBB@B@B@BBB@D@DDFBB@D@BBBBB@B@@@B@B@@@B@B@B@@BD@B@@@B@B@@B@BBBBB@BBB@BBB@@BBBDF@@@B@@BB@@@BBB@@@@BBBFBB@B@B@F@B@BB@B@B@@B@@@BB@D@B@@@BB@@D@BBB@F@B@B@B@B@DB@@B@BB@@BBDBB@D@B@B@BBB@B@D@B@@AB@@@B@B@@@B@@@B@BBB@BA@BB@B@@@B@BB@@B@B@B@B@BBB@@BD@B@FBBBB@B@D@F@@B@@D@@@DBB@DBD@FBB@DB@BB@@B@@B@BAB@BAB@@@BBB@DB@BHB@@BB@@B@@@B@DAB@B@BBBBB@BBBBF@B@B@B@DBBBBB@BB@@BBD@B@B@@ABABGBABAB@@A@A@AB@@AB@B@DBBBB@BBBAB@B@@AB@@AD@BA@A@ABAB@@AB@@AB@B@BAB@BA@A@@@CDCB@BAFAB@BCDA@CBADCD@@@D@B@BB@AD@@ABAB@BAB@BA@@B@B@B@BAB@@ABA@CBCBC@A@ABABA@@BABAB@BABC@CBABCB@@A@A@ABABABADA@A@C@AAEBA@A@GAECA@A@@@C@ABA@@D@@@@ABAB@@@B@@@B@B@@A@@BBBA@@@@@A@A@@@BB@@@@@BA@ABA@A@@B@@BB@B@@ABA@AB@@AAA@@B@BABCFA@AB@B@BABABA@A@A@@B@BCDAD@@@D@B@D@FAF@DABB@@BFFBBBBDJ@B@BABABCB@@@B@@D@@DEDDBDBDDB@FBB@BBBBBDBBDDBB@B@@@DABBBB@BBDBFBDBB@@BAB@@BB@@@@D@@@ABCB@BAD@BBD@B@B@@BB@@BBDBB@@B@B@BB@BD@@@B@B@@A@AB@BABABA@ABC@A@@BA@AD@BBDBB@@AD@B@BADB@@BB@B@B@B@@@AB@BB@B@@@@BB@@@B@DBBBB@B@D@DB@@BB@BB@DBB@@@B@BAB@@B@@B@BA@@D@B@B@BCDABD@@HABADB@@@A@A@@B@DBB@B@DAFAB@BCB@@AB@B@B@BAB@DAD@B@F@D@B@BBB@B@BBBDB@DBFBDBFBB@B@DAFABABBD@B@B@DBFFBB@@B@BA@@BA@A@CBA@@@@FCBAHCBAJCB@BA@AD@FAB@B@@A@A@BB@D@H@F@B@FBBB@@B@DB@@B@D@B@D@H@B@D@@@BAFCDABAB@D@F@DBB@B@BABABADCF@BAB@BAB@DAB@B@B@BBFBB@D@H@D@DAB@FADA@@@@AC@@@A@C@AB@@@B@F@D@D@B@F@@@D@B@D@BCB@B@B@@@@@BB@D@B@B@@D@B@@B@@@@@D@B@@@@B@D@@@B@D@F@D@DBF@JBD@B@B@BABABA@@D@BAB@BCBAB@CAA@A@@A@A@A@AAADA@CB@@AHABAB@DG@@B@B@BBFAB@B@BAB@B@B@B@B@B@BE@@B@DAB@@@@EAA@AAAAAAADA@AACAA@@@A@@D@B@F@FABAD@@@D@B@@B@BDDBBBBDBD@DBD@BA@@DBD@F@B@H@BBB@D@B@B@HBD@FAB@BA@@B@B@D@D@@@BAAAAE@@AAEAA@@@AA@@@@BA@@AA@A@@@A@ABAJC@@B@@@@@AAC@C@@A@@@@BABA@ABADC@A@ABA@@@@D@B@B@FC@@HBB@B@@@B@@AB@@@D@DBD@B@@A@@@A@@BA@@B@B@@@B@@AA@@A@C@@AA@@@@BA@@@@AA@@@ABA@ADABABADABAB@F@D@B@B@@A@@F@B@B@B@BAB@BAD@DBDBBB@BB@HDFDB@B@B@DAB@DC@@@@BA@CB@DBB@DBB@B@BAB@@@@C@A@ADA@@D@D@D@@@B@BAD@BA@@B@BA@@@ABA@CB@H@D@@B@B@@@@B@B@B@BAHA@AB@@A@A@A@@BAFCDAB@D@F@B@B@D@B@B@DDJAB@@BDBD@D@B@B@@@@AB@BA@@DC@@BAHENCNEPETERAPCPARCXC^GPCTCJCHALALALDL@H@FCHAFA@@BAFA@@D@"],"encodeOffsets":[[83997,45351]]}},{"type":"Feature","id":"654024","properties":{"name":"巩留县","cp":[82.227044,43.481618],"childNum":1},"geometry":{"type":"Polygon","coordinates":["@@H@F@HBF@FFBBBBB@DBD@H@HAFAB@D@F@DBDBD@B@HAHAF@HCD@FDB@F@HAF@HAJALAHADABABADBF@FAFAFAF@FBF@FAJ@BADBHDD@D@DAH@LABCBCDCF@FBDBDDDAJAHADCBCBABABCBEBABCBEBGBGDE@E@ACCACFEBE@C@GCEGGCECGAECG@@AGAGECAG@CAGCECECE@CBEBGDE@AFEDKDK@KAI@E@C@C@CCA@A@AAACG@GACCGCECCAC@AAECCKECAAEAEDCFCFCD@BC@ABGBEAI@CCE@CBEACACACACAE@EBEDA@C@A@C@CDEBEDEBCHAJ@D@FADADGB@HCD@HCHCHEJCHCHCF@L@FAJ@JAH@HA@@@@B@JAFAHCB@D@FADALEXIFADC@EBAFAD@JAB@B@DCJCFADAD@B@DAB@JAJCB@DAFBB@H@JAH@F@DBD@D@DAHAF@B@B@D@FBFBDAB@@CD@F@FAH@B@DADAB@D@B@FCFABADAB@HCHAF@F@DALEHAD@FBD@D@JAFADCHAFADC@@D@D@FCFAJ@HAF@JBBAD@D@D@DAFAD@B@DADADBBA@A@@BAD@PBBBF@F@@@BABAB@DBN@B@BDB@F@B@B@D@@BB@D@D@DAD@BBFAF@HAHAFAFCDCDAFAJ@DAD@BADC@ABA@CDABC@A@@BCHEFEFEHEDAHCBAHCHCJAHC@@JAJAD@J@J@J@JAJ@J@J@D@JBJBH@JAJ@J@J@D@JAJAJAHAJCJABAHCBCFEHEFE@@HCHCJCHCHCB@J@JAJ@J@BAHAJCJA@@HCDA@@DAHCFCDABCDCBABAB@FCLCBCBABABCBADAHEHAD@FAHA@ADAFABEDCDABABCBCB@DAF@D@B@FADABAJ@@@HBJBJ@JBHBJ@J@J@J@D@B@F@J@D@FAF@FAHAHCDCDA@@DADAD@B@HCB@DAFED@D@D@FCDAHAHAB@D@D@FALBP@PBX@D@D@DAHAXEB@FC@@BATQD@BAFKDABAFUBEBAD@D@DAFG@C@ABABGA@CA@@A@A@@@AAA@CA@@@@AA@A@ABAA@@AA@CCCAAA@@@@ABA@ABA@A@ABA@AD@B@BA@AB@@A@C@C@C@@@A@C@E@A@EA@@AAC@@@AAAAA@@A@AA@A@@@C@C@A@A@A@AAC@A@A@@AAAAA@@A@@@@@@ACAA@AAA@AAAA@@@@A@A@AA@@AA@ABA@A@@@A@@A@CACAA@CAA@@AA@@@@BA@@BA@A@A@A@A@A@C@CBEDA@C@E@E@CA@@@B@@A@@BA@ABADAB@@@B@BBB@DABADAB@@A@A@@BA@A@A@@@@AA@@AA@ECAA@@AAAACAAAAAA@CAC@GAC@GAA@@@A@CBIHA@@@AAA@AAA@@@EAAAEA@A@AAACACCAAAA@A@E@A@A@ACAAA@@A@A@ED@@@B@@B@@B@@@@AB@B@@B@B@ABA@CA@@ABA@AB@@BBB@@B@@@@A@ABA@A@A@A@A@ABA@@@A@A@@BC@@@@AAAAC@@GCICEEECEEEEIAIAIA@@I@I@I@E@I@I@IAI@I@GAIAECGECAEEEEIAICGBIBA@IBC@IBI@IBEAI@C@IAIAEAI@IDGBGDGBABI@I@IACAIAGBIBCDEFA@EFA@IBICGCEAGCECGC@@ICIAIAG@I@I@I@IAGAICEAC@IBEBCBG@E@GCGAE@CDC@OBE@IDECGIAEECIAE@GACASMC@CBCBEBGHMDIBKBICAKBIBEBGAIBACCEAMAI@KEECEI@GAEGAEAOBGBE@IBIAEBODKDOBIAI@OLGBIHC@G@MCCAAMEGKGQAGAO@IDKDGACABCGAS@GAE@I@_FSBK@I@IBIBWJAB@BBB@DAHADAL@HCFAPADCFABCHAJ@BAD@B@BBBABADCD@D@BABAB@@@DAB@BAB@B@@@B@@ADCD@@A@@B@B@DA@@@ABAD@@@BEDGFABC@@@ABA@ABGBC@EBCDE@AB@@ABABA@A@@@@@CB@@@BA@ABCBCBCBAB@B@B@BADAB@BCFA@AB@B@@@DA@@B@B@B@B@@E@KBABA@AFAJBD@@@D@@@HBBBB@B@@BJ@@@BBB@B@B@FABADCHAB@BAB@BCD@B@BABABABIFCBCBAB@BABAB@BBBABBB@B@B@BB@@BBBBBB@DB@@@BBD@B@@@@@@@B@B@BAB@@@BA@BBBB@BAB@@@DAB@BBD@B@BCB@@AB@@@F@B@B@B@B@B@DBB@D@FBBB@F@DB@BB@D@B@F@@@DBDBBB@@@D@B@B@B@@@@C@I@A@C@ABC@ABABABA@@D@@@B@BBD@B@@BD@F@D@BBDDH@@BBAB@@@B@D@DBDA@AD@@@BBFBDBF@B@B@B@B@@@BBDBDABBD@DABAD@B@B@J@DBB@D@@BB@@B@B@D@BBDD@@@BDDHHAD@BADAD@@@@@B@B@BBBBB@BAD@DCJAB@BADADA@CFC@ABEBCDABCBAB@BABABAB@BAD@B@JAB@@AF@@ADAD@@CDABCDABEF@@A@@@AA@@@AA@A@AAA@AAACA@IACA@@ACA@CAAA@@A@A@A@CBABA@@@A@A@A@@@A@C@ABEAABA@CFABA@@@A@A@@A@@ABA@CAC@C@C@AAA@ABE@EBC@ABEBEB@@C@@@AAA@@@AA@A@@AA@@AAA@@@@@A@AB@@C@@@C@@@ABA@@@AA@@A@A@AAAA@@C@A@@AA@@AA@AAA@C@ABA@C@A@EAC@CA@@IAC@A@ABA@ABADCBA@A@C@ABC@ABA@A@@BA@A@@AA@@@A@A@A@CA@@EAEA@@A@ABA@@B@@AB@@A@@@A@C@C@ABA@@@C@ABA@@@A@@@C@A@CAC@@@C@CA@@CB@@A@C@C@A@@@AAECA@ABA@GACAC@G@A@ABA@@AA@GDA@E@@@C@@@A@AA@@AAAA@@@AA@@A@A@A@AA@@@@AAAA@@@A@A@A@A@A@C@AAA@AAA@A@@@A@CBA@A@C@CBA@A@A@A@@@A@CDABA@@@EAA@EBC@@B@@AB@D@B@DAD@@@BA@A@A@A@@BA@@@A@A@@AA@@@A@AB@@E@A@@@ACAA@@A@ABABA@@@CBA@CBCAABA@@@AAABA@@@C@A@CBAB@@A@@B@B@@ABA@AAA@AAA@IBCAA@AACB@@@@C@@@A@@BAB@@AAA@@BAB@@CBA@A@A@AAA@A@A@@@A@C@A@AACA@@AA@AAA@AEAA@CAE@@@ACA@A@A@CAC@A@@B@BABAB@@C@A@C@CBCAA@@AA@A@ABCDCBA@A@AAA@C@AAAAC@AACCA@@@A@@@A@C@C@@@ABAB@@EBC@@@AAA@AAC@ABABABA@@@CD@@A@CA@@CB@@CACB@@A@AAAAA@CAAAA@AAAA@@@A@AAA@@AAA@C@CACAA@A@C@A@CA@AA@EA@@AAA@A@C@A@CBA@A@CBABA@C@CBA@@@AA@@A@A@A@A@A@C@@@E@A@@@C@ABAB@@E@A@@@A@@@CAC@C@@BCB@BCDABA@A@CAA@A@A@CAA@CAC@AAA@CCACAAACACAC@AC@@BEBABA@A@@AA@@BA@@@@BA@@@AA@@@AA@@@A@@@AA@@AB@BA@@@A@@BA@ADA@@BA@AB@@@@AB@BA@@@A@AB@@C@@@A@@@A@@BA@ID@BA@@BC@@@ABA@ADA@A@@@A@CACAA@A@@@@@ABA@@@A@AA@@CBA@AAABA@C@ABIDA@EDA@ABCBCBA@@BA@A@ABA@C@ABA@GBCDA@ABAD@BAB@LABADCD@@ABA@ABAB@BABABABABABABABA@ADA@AB@BA@@@A@@@AB@@@B@BB@@BAB@@C@A@A@E@@@AAA@AACBA@A@C@A@ABADCBABC@A@EAA@A@I@CAAAAACAC@@BCB@@AAA@@@@@CDA@A@@@ABA@ABE@CBC@AB@BA@ABAAA@CCAACAA@ABC@A@C@A@GFABA@EBA@ABA@@BAB@@A@C@E@AAA@@@A@ABA@C@@@GDABCBABA@CAE@A@EFABA@A@@@A@C@A@A@EBCDCBA@I@C@A@A@CAAAAA@@ABA@AA@@ABA@A@A@ABA@A@@@@BA@@@C@A@@@@BAD@@ABC@ABA@AAA@CB@@ABAB@@AAC@CAE@C@@@AAA@E@C@C@A@A@A@@@CAAACAA@CBC@@BABCBA@ABA@A@A@CBCBABA@@B@@@BBBB@@B@D@@E@GBE@C@C@E@IA@@A@ABA@A@A@@BA@@BAB@D@BA@CBEBA@ABCB@BBBB@DB@@BBBBD@DBB@D@BBB@B@DBB@BBBD@@@BA@@BAB@B@B@B@B@BBD@B@DBB@B@@BB@DB@BD@@@BBB@@BBD@B@BBBBB@BBBF@@BDDBBB@B@BBFBBFD@BBD@B@BABAD@B@B@BCB@BAB@@BBBB@BD@@@@BBB@F@BBB@B@@BBB@BBDD@B@@@BB@@B@B@@@B@B@DAB@DAB@BBBBB@B@B@B@B@@BBBB@B@BBB@@FB@BB@BBDDBBBBFFFBBBBB@B@BBB@BB@@@@@DBB@@@B@BBBB@@B@BBDBFBB@D@BB@@B@BBBBBBDBFDJD@@BB@BB@@@B@@BDD@BDBBB@@BB@BB@BBBB@@B@DBFBBBB@BBD@B@@BD@DBD@@BB@B@B@BB@@BBD@DBB@BBB@DBDB@@B@BD@@DBD@BB@B@B@B@BB@@B@@AB@@@D@@@B@B@@@BA@@B@B@B@@ABAB@B@B@@@BB@@BBD@BBBBB@B@@BD@@@B@@BB@BAB@@@B@@@B@B@B@@@@BB@@B@@BB@@@BB@@@B@B@@@BB@@BB@BB@BB@@@B@DDBBB@BB@@BCBA@CBCBANIDCBAFADAFBF@DBB@D@DADC@@HAFADAD@FB@@D@DDBD@HBDBBHBFBHDJBFBD@LBF@FBD@B@FABADAF@T@D@DBBFBFBDDBB@BBFABAB@BA@@D@B@BA@ADCDAD@B@DBBB@DBBB@D@D@FCBADABADCFCDADAD@BBD@D@FAH@BBDBD@FAFADADAFAB@B@D@HDD@DADABANCFCDA@C@C@ABAB@B@B@BBBBB@@ABAB@@ABABAHAB@FDB@BDFBDBDAB@DABABABCD@H@D@BB@DBDBBD@FAFAFCBABCD@D@D@D@D@@ABAAA@@AA@A@ABABADAB@@BDBD@B@B@BA@A@AB@D@BB@@BB@D@BB@DBD@F@D@FBHBDBD@B@D@D@BABCDADCFCDCF@DBD@BBD@DBDBDBB@@@BAAA@@@ADABAJBDBBBDAD@BABADABAB@DB@@D@D@@B@BAB@BBB@BB@B@B@B@@@B@B@@C@ADADAD@FBF@DBB@BA@A@AB@B@@@B@BD@BBBB@BADAB@B@D@FBD@B@BABAB@D@DBBBBBBDBBD@B@BAB@DAD@B@B@BBBADBB@B@BABAD@@A@A@A@ADAD@B@BBBBFBDDDD@B@B@D@BDBF@BALAFBB@BAJCFAFADAD@DADD@@B@BBB@D@DAD@BADAH@D@DAB@D@F@DBJDLDDBB@H@F@FBB@@@B@DAFADAL@DBDD@FBBDBDBD@D@FADAB@BABABABAD@D@PBJBF@"],"encodeOffsets":[[84304,44651]]}},{"type":"Feature","id":"654026","properties":{"name":"昭苏县","cp":[81.126029,43.157765],"childNum":1},"geometry":{"type":"Polygon","coordinates":["@@AAAAAAA@@A@ABAA@@A@ACAAA@@BCACBA@A@ABABABC@ABABABA@EA@@AAA@A@A@@@AF@@@@@BA@@CC@@@C@@@ADA@ABABAB@@ABA@@BABC@ABA@A@@@A@@@A@ABA@@@AB@@C@A@@AC@AAA@@@A@ABA@@@CBCBCBABCBEBA@E@@DCDCDAB@BCBA@@B@BALAD@DAJ@D@D@J@BAB@@@B@@@FABA@@DABAB@FCBAD@B@DABAD@FAF@B@B@F@H@BAB@B@DBH@F@B@B@DADABCB@@AB@@ABABAB@@@BA@@B@@@FADABAB@B@@AD@DAFAB@B@B@DAB@B@BADAB@@ABABA@A@A@A@C@AACAA@A@A@@AA@A@A@A@A@A@ADC@ABEBABCBC@A@A@@BAB@@A@A@@@A@@BAB@BCFE@@BABA@ADAB@@ABCB@BA@ABA@@BAB@D@B@@A@@@A@@B@@AB@BAB@BA@@BABA@@BAB@BABA@AB@@A@A@@@@BAD@BA@@@@@A@@BABCBA@A@@B@BABAB@BADA@@@@@@DABA@@BA@@@AB@@ABABAB@BAB@BA@@B@@AB@@AB@B@@A@@B@@ABA@@@@B@@@B@@A@@@AFA@AB@BAB@@AB@@@DCBA@@@AB@@@@AB@@@B@@AB@@@BA@@BABA@@BABC@@BA@ABA@@BA@@@@JAHCB@@@@@RBPDD@@@@BB@B@F@H@HAB@F@BAB@B@B@BC@@@A@A@AACAA@CAC@E@E@CBCFGDEBC@@D@H@H@BBBBB@B@BABABA@@B@BCBCBCB@BAFDDBBBDDB@@ABABABC@@@E@I@E@EAE@A@A@ABA@A@ABG@A@A@C@@@AAAAC@A@@@A@AAA@@A@GA@AA@AA@AA@@CAA@@C@A@AA@AA@AA@@AAAAA@A@AAA@A@AAEAAAA@AAA@CAAAIAAAAA@@CC@@@@AAC@A@ECCAAAAAA@AEA@AAC@GCEAA@CA@ACC@@AAA@CAA@AAAAA@EAA@AAAEAAAAA@AACACA@@AAA@A@@AAAA@CACA@ACA@AA@EAAAA@@AA@A@@@CA@A@@AAA@A@CAAAAAC@AA@AA@A@CAC@ECA@@AAA@@AAC@CAAAAAAAE@@AAA@@@@@AA@AA@@ACCEGCIGICGCE@CAEACAICUEGCMKGCACFA@CBC@CEGEEEKCC@SBIBQASAYBQBECKBCCA@G@SBGAGAKBECABS@EFCBIDG@MDIAEBI@EDGAIAG@KFCBCEOAGDG@EHE@CGCGEMKGIKKKMKIIMGGCGBELIF@JEBA@CAGACFM@EEG@IAOFE@AACGGAG@CFCHCH@HCRGZIJCNBL@PADEEC@EFAFAPBXHLDJDJF@@H@TDRBNDL@JAP@LCHGFAFBFBJDNHHFJDJDNAJELELBJG@GDANBJBNJHBJDHBJGH@BEPGJBHDFDJJJAJAPIJAD@VDNFF@DAH@JCJDFDF@JFRCHEF@RHPALATDFBF@LCFG@EACAMDAHAHGDGFMAEDGJCNCBEFCP@@GCEBCFMEEMIM@GAIAGCGECGCCBIAAGAE@IEEGAAACCEGCIAEEMCKDG@MEEE@ICGAECCAEFKACECCCCAEC@CJKNGPIPKFI@IAEFGFCLC@EFEJCHEAC@G@@EEEEAAEECGAAAGAA@GBG@@ECECII_aIIEAIGEGGAOECEIAA@IHEHIFGBIBM@IBCBEBACACCAEBSCC@EDAHDFAHCHGHIHI@OGGCE@MIGOG@IAI@MAIAMBKFMBGAEEIICAA@GFIAGCEGG@O@ECC@C@IBM@CACCC@KECCEACBCBUDGDKDE@EBQTIDAACE@MEAGAGBE@MAEBAAEEA@GBAFMB@ECIEBEBEBEAICQAIBG@AAEKIMIKKCSAGBEDKJGJOJKHCFKDEAGGAKKKG@G@@@AA@AA@CAECA@@AAACAAA@@AD@B@BA@CBABC@C@CBA@AF@BC@A@@@A@CBC@C@A@AAAAA@A@@@A@ABC@G@C@C@C@@@CAEAAAAAABABA@A@C@CA@@C@E@C@K@EBAAC@EBA@AAA@C@A@@@A@A@CDCD@@AAAAIC@AAAAACCA@@A@AAA@GAAAAAC@@@@A@CBG@C@C@C@AAC@I@A@@@E@EAA@AA@A@A@@@CB[DEBMAIFCNAFEBCCKIICQBEGAKDQCGBKPOR[TMFKDMBCAA@A@A@A@@B@@A@AAICIAEAE@EAE@C@C@I@@AA@@AA@A@C@ABCBCF@BABAF@BCFCD@B@@B@DBHFBB@@@DAD@BCD@BADA@@BCBADGD@DAFADA@CDCB@@A@BB@B@B@BAD@B@B@DAB@BA@ABABCBC@ABCBABCBABABCBABABA@@@BB@BA@ABCFEBEA@@AD@B@BCFCBDFDBBD@@KJA@IBM@C@GEIGAC@EEK@ASCE@MBEBI@I@A@CEAACAGHAB@DC@QFWFE@ECAAAAKEE@CAC@QDC@@@CACAC@GBIAA@BCACCCQKADCBED@@GGIGCAgMWBQFEBAB@@ABKDEHEFIF@BAFOAGDE@A@CGCCA@SBC@C@GDGDSDC@CAAAQBC@AAECI@ICGDC@MFKDGBEC@@CBE@CBAACAAAKEEGKEKFGFIDM@IFUDQ@AAG@@@ED@@E@QEI@C@A@MCO@IAI@IAECGOCECCA@C@EBCBA@C@A@AAEE@AG@C@ABE@EA@AGCEGAGCAEGGIAAA@OBGAGAA@IBQACAAA@@BA@A@OGEA@MBEBC@@@GCA@A@EBADIDA@A@KFABAD@DABSFGDIDGBE@ECMKCAC@UFODC@A@CAOMA@EAG@GBKFA@C@I@MAA@GDABEBOLC@ADEBABA@ABABCBCB@BCDCB@BCB@@CDA@C@C@@@A@C@A@C@CBA@@BCBAB@BA@@BABABA@ABAB@B@BCB@BAD@@@D@DBD@B@D@BBDDDBBDF@@BBBB@B@B@D@BBD@BBD@B@B@BA@EDA@ABA@A@AB@BAD@BBBBBDDBB@B@BABAB@BCBABA@ABA@A@EBC@AB@@CBABAB@B@D@B@D@DAB@BCBE@CB@@CB@BAB@BBDDDBBBBBB@DBD@B@BBD@B@BBB@B@D@DABADABAF@D@D@@@DADBBBBB@@BD@BBB@BBB@DF@@DHBDBDDDBBDBB@BBDBFBD@D@D@B@B@DDDBBBBBDBDDBBDBB@DBFBB@B@B@FBBB@@BBBBBBBB@B@B@BBBA@C@A@A@E@A@G@@@C@GFCDAF@@@@AHCBEDGBC@G@E@C@EDA@CBABEDA@@BABGJAFCH@BA@@BEDABCFADA@ABAFINCF@BA@CDA@A@@BGHADCHELAFAP@B@D@B@@ADCDEFCHAB@BCD@BGNAB@DDJ@BDF@@@BDFBH@FB@JFBDBD@DBF@DAB@D@BBDBBBBBBBBFBDBBDDBBBHFFBFBBBBDDBBBDDD@F@FBFDD@J@DABB@D@B@B@DAD@DAF@DAD@F@B@DBDDDBFBDBFBDBFBDBDBFBDBDBF@DBDBBBDBDBDBFDF@DBDBBBFBDBBBFBFBB@DBDBFDF@D@FBD@D@DBD@FBF@B@D@D@DAFAF@FBBB@@@B@@@BA@@B@@ABB@@@BB@@BA@@@A@@@A@@@ABA@@BB@@@BB@@@@BBB@@@@@@A@@@@@A@@A@@@@AB@B@@@@B@B@@B@B@@@B@@@@B@@@@BBB@B@BB@@DB@@B@@ABB@@AB@@@B@@@BBB@BB@B@@@@@BA@A@A@AB@B@BAB@@@@@B@@@AB@BA@@BB@BBD@B@@@BAA@@A@@B@@@@BB@B@BBBA@@@@@AAC@A@@@AB@@AB@B@@B@@BB@@B@BA@@B@@@@@B@@@@@ABCB@@@@@BB@B@@@B@BAB@B@B@@B@B@@@B@@@BB@@@B@BA@@@@@A@@@@@@B@@@@@B@BB@@@@@@@@ABA@@@@@@B@@@@@BB@@@BADABA@@B@@@BBB@@@BA@@BA@A@@@@B@@@@B@@@B@@@BB@@BB@B@@@B@BA@@B@@@@@@@@@@BAB@@@BB@@@B@@A@@@A@ABA@@B@@@BB@@@@@BB@@BB@@AB@BA@@B@D@@@B@@@@A@@AAA@CAAA@@@A@@B@@A@@@@@@@@A@A@@@@@A@@AA@@@@@@A@@@@@@B@@AB@@@@AB@@@BA@@@AB@@@BB@@@@@BBB@@@BB@@@B@@A@@@@B@@@@@@BB@AB@@@@@B@@@@@@@@@BB@@A@@@@@@@@@@BAB@@A@@B@@@B@B@@@B@@@B@B@@@@@@@@B@@A@@@@B@@@@BB@@B@D@BA@@@A@AB@B@@AB@B@B@@@B@BB@@B@@@@@AB@BA@@B@B@@@@@BB@B@B@B@BA@@B@@@@@@B@@@B@B@@B@B@@@B@@A@@@C@A@@B@BA@@@@@@@AA@@A@@B@@@@@B@BBB@BBBBB@@BBA@@@@@@@AA@@A@@@@@@B@@@B@BB@B@@B@B@@@@A@A@@@AB@@@@@@BB@@@@B@@@@D@B@@@@@@B@@A@@B@@@@@@@BB@B@@B@AB@@@B@@B@@@@BB@@B@B@B@D@@@@@@@@BAB@BB@@BB@B@@@B@@ABA@A@@@AB@B@@@BAB@B@@@B@BB@@@@B@@@@A@A@@@@D@B@@@B@@A@@@@@A@@A@@A@@@@@@B@B@@@B@DB@@@@@B@@A@AB@B@@@BB@D@BBBBD@BBB@@BB@AB@@BB@@D@B@D@D@@@@B@@@@@@A@E@@BA@@@@BB@DBB@@@@B@@@BCBABA@@@BBBB@@D@B@DA@@B@@B@@@B@@CBA@@B@B@@BBBBD@B@@@BAB@B@B@@A@@AA@A@@@@BA@@B@BBF@D@@B@@@@A@@@AB@@@B@@@B@@B@B@D@@@B@BB@@@@@B@@@B@@@BB@D@D@D@BA@@BA@ABABAD@DAB@BBB@@@@BBB@@AD@@@BBD@@@B@@@@@@F@BAD@B@@BB@@AB@@@@@B@@B@BB@B@DB@@@@@@@BCB@@@B@@BBDBBAB@BABA@@B@BB@@BBDDBBBBB@D@B@DADABAB@@B@@@B@B@@BBB@@BAD@B@@@BB@FD@@B@F@B@DA@ABA@@@AAA@@@A@@A@BA@AB@@@B@@@B@@BB@@DBBBBB@DB@@D@B@BAB@B@B@B@D@@BBB@@@D@BB@@@D@B@B@DABAB@B@B@@@BBBFBBB@D@B@@AB@@A@C@ABA@AB@B@B@BB@B@B@B@D@BB@BBB@FADBD@DDDBB@D@FABAB@@@BB@@@BA@CBAB@B@B@BB@DBD@B@BABA@CBA@@B@@BBB@BBB@@BBB@B@DABCD@BABBDBB@B@BAB@B@D@@DC@@FABA@BBBD@B@@C@ABAFBB@B@BC@ABAD@DA@JB@@@BCB@DEBCDI@IDAB@@EDCBG@E@EBCBIDMDKDE@SDE@CBKBA@Q@SFC@ABE@ABEDC@EBC@ABiTA@ABEBGDCBABABA@CBABA@C@EBCB@@MHA@ADADC@IFEDEDAFA@ABC@CDABE@OHCBADEDADYb@FADAN@BNLPLLFHDJHRJ\\HHD\\HFB\\@LBZBLFFBNFHFFBHBTJ\\RXFXLPLRNVRTP^DNHLDJBJDJBJBB@J@JBB@\\BNA`CJ@NAP@FEFCFABAHELCDCHBFLHJFFJFJ@HAPCLEDAHCJCPALBFL@PBRJ`BFAFAHABCDCFEFABCHCF@PA\\@Z@NKNGHMNEJBLFZBJFNBF@BFAD@THPJFDJ@HALMFCBADEFEDEJCFAJ@J@B@HDJDDBHDJDHDJDHBJAJ@@@JCHAJCJAJ@HAJBJBDBJDHDHBFDJBJDJBF@J@J@JCJABAJAH@HBJBD@JDBBHDFFFDFFBD@@@DAB@@@DAB@@BB@B@BBD@DB@@BDDDBD@BBB@@BD@BBB@BB@DAD@@CB@BA@BBBBDBBBBBDD@BBBB@BB@B@@@DADBF@B@@CD@B@@@BBB@BDDBB@@@B@D@D@DB@DBLDDBF@B@DBF@F@BA@@HAF@D@BBB@FAB@B@B@D@BB@@DAB@FBD@DBDB@@D@BCB@DADAB@BBBBB@BBD@DBD@DDB@BAD@B@BABA@ABAD@JADADEB@DAD@D@FAF@DBB@@@DA@@D@H@D@BDD@FADBB@JDHBJAD@HAFAHEHEB@HEFAJAF@JDJBFFFDDFBDJDF@JBJ@HBJ@J@D@HCJCHCJ@DBHDFFBBDF@@BBB@B@@@BAB@@@BBB@@BFB@BBBDB@@@D@@B@BB@@BBB@B@DBD@@@BAB@F@"],"encodeOffsets":[[83277,44438]]}},{"type":"Feature","id":"654025","properties":{"name":"新源县","cp":[83.258493,43.434249],"childNum":1},"geometry":{"type":"Polygon","coordinates":["@@BEBA@ABA@A@@@@@@@@F@@@D@BAB@@@BAB@@@@@BA@@@@BABA@@@@@@BA@@@@BAB@@@@@D@D@D@BA@@B@@@@@BA@@@ABA@@@@@@@A@@AA@@@@@A@@@A@@@@@@@A@@@@@A@@@@B@@A@@BA@@D@B@B@B@BAB@B@@@B@@@B@BABA@@B@@@BA@A@@@@@A@@@@B@DAB@B@B@B@@@B@@AB@BA@@BAD@B@B@D@B@@AB@@@BAB@@@@A@@@@@@@@AA@@@@AA@@@A@A@@@@@AA@AA@@@@@AA@AA@@A@A@@A@AAA@@@A@@AA@A@@AA@AAAACAA@@AAAA@@@@BA@@@@@@@@@A@AA@@@@@@AA@@@@@@@@@@A@@@@@AA@@@@@@@@AB@@@@A@@@@@@@@@@@@@@AA@@A@@@A@A@@@A@@AA@A@@@@@@@A@@@@AA@AAA@@@AA@@@A@@A@AAA@A@CAA@A@@@@@@AA@@@@@@A@@A@@@@@A@@A@@@@A@@@@@A@@@AAAAA@@@@@A@@A@@AAA@@@@A@A@@A@@@@@AA@@@@A@@@@@@@AA@@@@AAA@AAAAEAA@@@AAAC@@@@A@AAA@@A@@AA@@@A@@A@@AA@@@@@@AAAAA@AA@@@@@@@@@@@A@@@@@A@C@C@A@A@C@C@A@CBA@A@ABCBA@ABC@AB@@A@AA@@@AAA@AAAAA@@A@@A@@AA@@A@@A@@AA@A@@A@@A@AAA@@@@A@EB@@E@C@G@C@K@CBQ@G@IYCECIKQEIGIDKBMBABBF@DAB@BA@A@@@AAAA@A@A@A@A@AA@@@@BK@EBC@A@@B@@@@@@@BBBBBBB@B@@@B@@@B@@@B@@@@@B@@@@@B@@BB@B@@BB@@DBB@@B@@@B@@@B@BAB@B@B@B@@AB@@@B@B@@@BA@@D@B@B@@@B@B@@@BA@@@BBA@B@AB@@@B@@BB@@@@@B@@@B@B@@@D@@@@@B@@@@AB@BA@ABAB@@A@@@A@A@@@A@A@@@A@A@@@@@A@@@@AA@@A@@A@@@AAAAA@@ACA@@AAA@@AAAA@@@A@@AA@A@AA@@@@AAAAAC@@@A@AA@@@@AA@@@AA@@@AAA@C@A@@@A@@AB@@@BADA@@B@B@D@BAB@D@DAD@B@BAF@D@BBD@B@D@B@B@F@F@B@D@B@BAD@@@@@DADCB@@AB@AA@A@A@@@@BAB@D@B@@ABCBABABAB@B@@A@C@A@CBA@@BA@AB@@@@A@A@@B@B@B@DAD@@@B@BAB@BAB@BAD@B@B@@ABBB@B@BA@@@AB@@C@A@@@AB@@@BBB@B@B@BAB@@@@AB@AA@A@@@A@@@@@@@@@AB@@A@@B@@A@@@A@A@@@AACBA@A@@@A@@@A@ABA@@@A@AA@A@AAA@A@C@A@A@ABCBA@A@AAA@AA@A@AA@@AAAAAA@@@A@A@@AA@A@@@A@@@A@A@A@A@AAA@C@A@@@ABA@@BA@@@ABAB@@A@@@A@AACAC@C@A@A@@@@@A@@@AA@A@@@@A@@@A@ABA@A@A@A@ABA@A@A@AACAA@A@A@C@A@A@A@A@A@A@ABCBA@@@A@AAC@C@@AAAA@@AA@AAA@CAA@A@@@CAA@@AA@@AA@@@AA@@C@@@A@A@@@AAA@CCAAC@AAAA@@AB@@ABABCBA@A@C@CAC@A@A@@@AB@@A@A@ABA@A@A@@@A@AAA@@@A@A@A@ABABABADA@ABABA@AB@@A@@@@@@AA@@@A@C@A@A@A@AAA@A@A@A@ABA@A@CBC@A@A@A@A@AACAC@A@E@C@A@A@@@AACAAAA@@ACBE@A@C@ABA@@BCBABABA@C@A@@@AAA@A@CAC@C@C@A@C@ABA@A@A@C@AACAAA@@@AB@@A@A@A@AB@BA@@@AAA@AA@AA@A@ABCBA@CBA@ABCBC@A@C@A@AAA@@@A@@BA@A@C@EAAAAACCAACA@CAAA@@BA@CBABCBA@@BABA@A@AA@@AC@AA@@CAA@@@A@A@@@A@AB@BA@@BAB@BCB@BA@ABAB@@ABABAB@B@B@B@DA@@BA@ABCBA@A@AB@BA@@@@B@@@@AD@@CBC@ABA@A@C@A@C@A@A@C@ABA@@B@@A@@BAD@@ABA@@@AB@B@@AB@@ABC@EDA@CB@@A@AB@B@B@@BBDBBBDBBBBB@B@B@@ABAB@B@B@BAB@BAB@@ABC@A@A@A@C@ABA@ABABABA@ABA@AB@@A@@BABA@A@A@A@A@A@A@A@A@@@A@@@@@AB@@A@A@A@A@C@AAA@@AC@CAG@E@E@A@A@@B@BA@@@@B@@@BA@AB@@A@A@@@A@@BC@@@C@A@E@A@A@A@A@A@A@AAA@C@@@A@@@ABA@@BA@A@@BA@ABA@AAC@A@C@C@A@A@A@A@AA@@CAA@@@A@A@C@E@A@@@A@@@A@@@@@AAA@A@@@A@@B@@A@@@@@A@A@A@A@@@AA@@@@AA@@A@@@@@A@A@@@C@A@@@@@@@A@@@@A@@A@@@A@A@AB@@@@A@AB@@A@@@@@A@EACA@@C@AA@@@@A@@@AA@@@@@AA@@A@@A@A@CAC@A@A@A@CB@@A@@@A@AB@@A@A@A@@BA@@@@@A@@@A@@A@@AA@A@@@@@A@C@@@AA@@@A@AA@@A@A@@@A@A@A@A@CAA@@BA@A@@@@A@@AAA@@A@@A@@@@@A@@BA@@@@@@@@A@@A@@@@@@@C@A@@@A@@@A@@@@A@@@@@A@@A@@A@@@AA@@AA@AA@@AAA@A@A@@@@AA@A@A@A@AAA@A@@@@BA@@B@@@BA@@B@@AB@BAB@B@@@@A@@@@@AAA@@AA@AA@@A@@@AAA@A@A@A@A@C@A@@@A@A@@@@@AB@BA@@B@B@@@AA@@@@A@@AA@@@@@AA@@A@@AA@@@@A@AA@@@AA@@@A@@@A@@BC@@@A@@BA@@@@@A@AAA@AAC@AAC@A@AAA@@@A@A@A@@@A@@@A@@@A@@AA@@B@@@@@B@@@B@@A@@@@@A@@@AB@@A@@B@@A@@B@@ABA@AA@@ABA@@BA@@B@@A@@@@@@@A@@@@@AA@@A@@AA@A@A@@AA@A@A@@@A@A@@BA@@@A@@AA@A@@@@@A@@@@@AA@@@@@@AA@@A@@A@@@@@A@@@A@@@A@@@AA@@@@@@@A@@@A@@BC@A@A@AB@@A@@@@@AB@@@B@@@BBB@@@BA@AB@@@@A@A@A@A@@@A@AB@@A@@AA@@@A@@A@@A@@AA@A@A@A@AA@@@@A@@@A@AAA@A@A@@AA@@@A@@@A@@AA@@@@A@@@@@A@A@@@A@@BA@@@AB@@A@@B@@@@A@@@@@@AA@@@@@@@AB@@@@A@@@AB@@@BA@@@A@@@@@@A@@@A@A@A@A@A@@@A@@AA@AA@@@@@@A@@B@@AB@B@@AB@@@@A@@@C@@@C@A@@@AB@@@@A@A@A@A@@AA@A@@BA@A@A@@BA@A@@@A@@@A@@@A@C@ABC@ABA@@BA@AB@@AB@@@BA@@@AA@@@@@@A@A@@@AA@@@@A@@@A@AAA@A@A@CBC@@BA@AHAFADEHC@GDA@I@I@I@IAAAIAIAIAECICACEEEEEEEECCEEGCGCGCI@I@E@IBIBEBIBGDA@IBGBGBGBIBA@I@I@C@IAI@IAA@IBIBI@@@IDGDEBGDCBGDIBGDGBGBIBA@GCICGCGCGCEEIDEBIBGAGCCCEECEAAAGCECGCEEECEEG@@GEGCEEEAGAICGCC@GCICIACAIAIAICIACBI@IBIBGBIBIBIBIBGBIBIBIBE@@A@A@A@A@@@AAA@@@A@@@A@@BA@ABA@@@C@A@AAA@A@@@@@@A@@@A@C@C@@@A@@@AACAA@@@A@@@@AA@@@AA@A@@@A@@A@@@C@C@ABA@@@A@@B@@A@@@AB@@@@A@A@ABABA@A@@@A@CACAA@CAC@@@A@@@A@A@@@A@@@A@A@CCA@AC@@@@@@@AA@@@@A@A@AA@@@A@@@AACA@@EAAAA@AA@@@@A@@@@@@@@BA@@@A@@@A@A@CA@@A@C@C@@@A@AB@@ABA@CBEBABC@CB@@AAA@AAA@@@A@A@A@A@C@E@A@A@ECAAA@@@A@@@C@A@C@C@CACAAA@@A@A@@@@@AAAHAB@B@DEHCBC@C@ABAFEVABCBELABC@SRAB@@EDA@WFGBCBC@C@W@OAO@KAEBC@C@A@GBGBCBEDC@C@C@EFCBA@GDA@C@CBCB@@CBCDGDGBEBE@EBC@I@E@A@C@I@I@I@I@GAIAI@IAGA@@I@ABCBEBA@C@E@CBA@ADADABCBCDAFEBCB@BGBEBC@GBGFCBABADABABADKDEDA@ABABCDADCBEDGDCB@@CBGD@@IBIDGBABI@I@IBI@A@GDGDIDGDGD@@EFGFEFADGDABIBIDGBIBIBIBC@I@I@I@IBG@IAIAC@I@I@I@IBI@I@I@C@IBIB@@GDIBGDGDABGDCBGFEFEFGFAD@@@BADCB@DAB@BCDABC@CBI@EBCBCDEDEBGBGBE@EBAAC@CBC@C@A@@AC@A@A@E@A@ACA@M@CAA@ABAB@@E@E@AAOAC@AB@@@BABCACBCBA@C@EBCBC@C@C@ABIAE@GBI@EBEDC@C@@@CDEBGBCDEBIBC@C@EAC@GBKFCBE@E@GBGDA@CBABEBEDA@C@A@CBCBA@G@EBE@C@@DA@CBEAEAC@A@A@E@GBCBC@C@CAE@G@IBG@A@EACBA@IDIBA@CBA@C@CBEBIDCDA@A@IBC@EBAB@FCDEBWJKFCBEBC@A@GDEBIBA@@@@@GBG@IBI@EBK@E@GDGDIDGFGDGDC@GDA@CHCBEBC@I@GBADCFAFCF@D@D@B@DCBAF@FBFBDBDBDBDAF@DDF@DBJAFAH@BADC@EDEDCDBFBFDBLFDDBF@BBDDDDFDHBD@HDHBB@B@BDB@D@D@D@FBJ@LCLCLEF@BCFAHAF@DDFDFDFBH@DBHFDBHBH@@DHBFDHDFHHDF@H@DAFEFBDDD@B@FCFAHAHAFADABAFADABF@JBJ@JBJ@JBFABA@G@G@EHCDAJ@JAJ@FAJBJ@F@@G@E@ADCFCJAJAB@F@JBJBD@JCB@FGDEFEHCHEBAHDFBDHJADAHCBAFEDGDEFEFCJAJ@H@DGBCAEJAJAJAHAJCD@DFBDBH@FDFJBJAJ@J@JAJ@D@J@J@H@JBJBB@JDJBHDJBJBDBJBJ@JBB@JAJAJAJ@DAJADAFEDADGBGBE@CDE@@JCJAJ@JAJAF@FCHDDDD@D@B@@BBBBH@@BB@@B@@@@BAB@B@F@B@J@F@FBHAFBB@B@B@B@BAHAFAB@B@B@DCD@BBJ@BBD@L@FAD@FAD@@AB@B@B@BA@@BADCFABEFABCDABABBD@B@B@B@@DHBBBD@B@BBB@@@BBB@B@B@B@B@B@BA@@BAB@DABBB@@@BA@@@BB@@AB@@BD@B@@@B@@@B@@@D@@BB@FAD@D@BAB@@BBAD@B@B@@@@@B@BAD@B@@@B@@AD@B@B@F@@@BEFCBKFABABCBCBABAB@BAB@D@B@BAB@@AB@@BBJBVDJBN@J@D@JAH@H@HAJALABA@@BADG@@BC@@BA@ABA@@BA@ABA@ADEBABADEDGBA@@@E@A@ABCDEBABC@@B@BAD@BAD@B@B@DA@A@ABA@@FAB@D@FBF@B@FBF@BBB@HDB@JDFBDBFBDBDBDBB@@BB@D@H@FABABA@@@ABA@A@@@A@@DCBA@A@C@A@A@CBA@AA@AA@@@ADADEBABA@@@@AA@ADCBC@AFCBA@@B@B@@@B@@@B@D@BAD@BC@@D@BA@@B@DB@@FD@@BAB@B@@@B@@@D@B@B@DBF@F@B@B@FAB@B@D@D@DBJFBBB@@BBB@BDDBBBFDFBBJNFFBBDBNHDDBBBDBBDD@BB@BBB@B@@@BA@@B@BA@@@A@@BA@A@AB@@@@AB@DB@BB@@BBBDBB@@@@BAB@B@@@DB@ABAB@B@B@@BD@@@@F@B@D@B@@BDDBB@@B@@@BADAB@@BD@B@D@B@B@F@@BBADAFCB@FCFCB@@A@@@AAAAA@A@AAAA@AA@@@AFADAD@BC@@FADA@ADCFAF@HCD@BAB@D@@@B@B@B@B@D@D@B@@AB@B@BADABABAB@B@BBD@B@B@BADA@@@AB@B@DBB@B@BA@A@AB@@@BAD@B@D@B@B@D@B@D@@BBBBBB@FDB@DBBBDBDBB@B@D@BBB@D@B@DBHBD@BBBB@@BBBBB@FBBBB@BBBBBBBBBB@@@@BBB@@@BAB@B@B@BBB@@BBB@B@B@B@FBBFH@@F@B@BB@@DBFDBB@@BAD@FBDAB@B@B@JAB@B@@@BBBABABA@@B@D@D@F@@AB@DBDBBBBB@@BBB@@AF@BABCB@@@@AB@HBD@B@D@B@RBB@BB@@@DB@BBB@B@B@FAB@@A@@DAD@DCB@B@FDD@@@DDBDD@@BB@@BDBFDB@B@@@B@BABCDEDE@A@ABA@@B@BA@@AAA@AA@A@A@A@E@A@CBCDEFW@C@CBCBAFG@A@@BCBADA@@@@AAB@@@@@@A@@BA@@@A@@@AAAB@B@@AB@@@@@@A@@@@@@B@@@@AA@@AB@@@@A@@DCBA@CBA@C@EBBBBBB@B@B@B@@@BBDB@@@B@DA@@D@@@BBBF@DBBB@BBBBB@BBBA@@B@@@HBBBBB@BB@BBB@BB@@BB@@BBD@B@@BBBB@@@B@B@BAJAD@HABAD@J@B@B@FBB@D@@@BAB@B@@@@@B@B@B@DB@@F@FAJDB@DB@@BBB@DD@@BB@@DAD@@@DB@B@@@BB@@@DAD@D@BAB@BADCBABCBADGDADCBA@@D@DAB@B@DBB@@@F@@AB@D@@@DABABAB@@@B@@@BBB@F@@@DAB@B@B@D@@@B@DBBBF@B@@@B@BAB@BB@@B@@BBA@@BABABAB@D@B@L@DBHA@EB@BABA@AB@HAD@@ADBB@@ADAB@BAH@F@JAD@B@B@@BB@B@@@DABADA@A@AB@D@B@F@@@@@@@BADABA@ABABA@@@A@@AA@@@ABA@ABC@@@ACC@A@@@ABAB@@@B@B@D@BB@@DDBBDBBBFDDDB@@@D@BAB@F@B@B@@ADAB@BAB@@@JJBBF@B@DAD@D@DADA@@@CBABCB@DA@@DEDEBABA@EBCBEB@B@B@D@B@@@BADABABAD@B@FABAD@BAB@FAB@B@D@DDD@D@D@B@DBDBBD@ADADABADAB@BABBD@NDF@D@B@BABABCDC@AB@DGDCFAJCDAF@FB@@BA@@AC@CBE@I@A@ABAD@D@D@@@B@DCBAF@F@F@HBDAF@HAFADAB@F@F@B@D@HDF@BB@@BBB@D@BAD@FABCDABADAB@D@D@FAB@DBB@F@J@FAB@BF@BBBBBB@D@B@BBBDFBH@D@BBFBB@D@B@DAHAJE@@@A@@@CBEBCBEBAD@B@BBDBDDFDHBD@DAD@H@D@B@FABADCBA@@FDFFB@H@FBDBD@BBFBHBBBB@B@B@@A@A@@BAB@FBB@B@B@@ADABC@AB@BABCBAB@DA@@D@@@@@@A@@AABCA@AA@C@@@A@@DBF@H@D@D@JAB@B@REVC`BjLTD\\BPA^OTGNKNOLILGR@TFLBfB`@~EZ@ZCXB`JBABADAB@BBD@DBB@F@D@@@PFD@BAD@B@DAB@D@B@LDFBB@BAB@BBB@B@@ADEDCBAHAB@@ABABAFCB@D@FAD@D@@@@@BA@AB@B@BBBBB@@@B@D@D@FAB@HAD@BA@@@@@CB@@AB@B@B@DADADAHAB@B@HBB@DBB@BB@@B@B@@@@A@CBAD@B@FAB@D@B@@A@@@AAA@@@A@ABABA@@BAB@D@@@@@BA@CBCBC@@BADAD@BAFAF@B@DA@@DBD@B@D@B@@@BBBDBB@BBB@@F@D@B@B@BC@CDC@A@@@AAA@A@A@AA@AA@ABA\\GdIN@@A@@@@B@@@@ABBDA@@@@B@BAB@@@@@BA@A@@B@BAB@B@D@@@B@D@B@B@D@D@@@D@B@BB@@B@BAB@BBB@@@@@@@B@@B@@A@@@@BA@@BAB@B@@B@@BB@B@BBD@@BB@@@B@@BB@@@B@B@@@D@B@B@@@B@B@@@BB@@@@@@@BB@@@@@@@B@@@BA@@@@B@@@@@BA@@B@@@B@@@B@@@@@B@@@B@@@@@BB@@B@@@@@B@B@@@@@BBB@@@@@BBB@@@BB@@@@B@@@@@B@@@B@@@@@@@B@@@@@B@@A@@@@BA@@@@@@@A@@B@B@@@B@BA@@B@@BD@@@B@@@B@@@BB@@@@@BB@B@@@BAB@B@@@@@@@"],"encodeOffsets":[[86662,44483]]}},{"type":"Feature","id":"654027","properties":{"name":"特克斯县","cp":[81.840058,43.214861],"childNum":1},"geometry":{"type":"Polygon","coordinates":["@@B@BADADAB@B@B@BAB@DABA@AD@DAB@DBBBDB@@B@B@B@D@D@F@B@BB@@D@F@DBD@BB@@BABA@@DAB@BBB@BAD@BA@@BC@A@@B@D@@@B@@A@@B@B@BAB@B@B@BA@@BBB@BA@@BBBBDBB@B@D@J@B@DADCFAB@B@D@B@@@B@B@BAFEB@F@DBB@BADABAHC@@D@B@BAB@@@B@BBF@D@B@@@BA@AB@BAB@FAB@BAHEB@D@B@D@BAB@DBBBDDB@BBBAB@@ABAD@DAF@BAB@BA@@B@B@DC@@@@B@BB@@DA@AD@DBBBBBDBJ@B@B@FBB@D@BADABCBAB@D@B@B@DABBB@BB@@F@B@B@D@@@BA@AA@@A@A@@BA@@B@@@B@@ABAB@BCB@BABABABABABABA@ABABAB@BA@@DCBCBA@KBA@ABCBAB@DCHAB@BAD@B@BAB@B@@AB@DADABAB@FCB@JCBAD@B@BABBB@DA@@BBB@@@B@BA@@@@B@B@DBDBB@@@B@B@BCB@BA@@D@@AB@@AJCB@@AB@@@B@@@D@@@BAB@@@B@@ABA@@@@BAB@@AB@BCB@@AB@@@B@@ABA@@BB@@B@@@B@@B@@BB@@B@@A@@B@@AB@@BB@B@BAFA@AD@@BBDBDBDBBBDDDB@BBD@DBB@DBB@B@B@DBB@B@BADC@ADA@AD@D@DB@@B@@@B@F@@@BABAD@@@B@F@@@D@B@B@B@B@B@@@BB@@B@DAD@B@BADAB@B@DAB@D@B@B@BB@@FBB@@BDBB@D@B@B@DBDBD@B@BB@@BB@B@B@@BBBBB@BBDBB@BBBBB@@@DADB@@DA@@DBB@@@DC@@B@BABABAD@BBB@BB@@D@FA@@BABA@@D@D@B@@@B@@@B@DDBBD@BBBBD@B@BBB@B@DADCBAB@B@@BB@DBDAD@B@D@@@BABA@A@AB@D@DBB@B@B@BD@@F@DBB@FB@BBB@BBB@@DBBBB@D@B@@@B@B@B@BBB@B@B@DA@@BA@AB@BB@@BA@AB@@@D@@@@@DABBB@DBJAB@BBB@BBB@BA@@@A@AB@@@BADAB@D@@@B@BABB@@B@BADBDAB@DA@@B@BABAB@@@BBBD@@B@F@@@BAB@@@B@@BB@B@@@B@@AB@B@B@B@@A@@BC@C@A@CBA@@@AD@FAB@FB@@B@BADCB@@@B@B@B@B@DAD@B@B@DAB@@@B@B@BBB@BBD@B@B@B@B@B@@@B@BB@B@@B@@B@B@B@BB@@B@@BBBB@@BBB@@@D@@@F@B@HCB@@BB@BAB@H@D@DBHBB@BAB@FDBB@@B@D@D@B@@@DA@@DBD@@@D@DBB@D@@@B@@@B@BAD@@@B@BAD@D@B@@@B@@@BA@@@AB@BAB@@@FBFB@@DBB@B@B@@@B@@BB@B@@AB@B@BAD@BAD@B@B@DABCBAB@BAB@D@JB@@DBD@FBB@D@B@BAD@B@BBB@@BB@@BB@D@@@BBBBB@B@@@BB@@B@BA@@D@@@D@@@BAB@@@@@B@BB@@BB@@@BBB@@B@BB@@D@@@FAFABAD@FAF@BAB@BBD@D@D@DBB@BA@@@BB@B@@@B@BADEB@BAFBBAD@B@@@B@B@B@@@B@BADAB@B@B@@@BBDBB@BD@@DBJBB@BDBBB@BBB@B@@B@@BB@@B@@@FEBADCBADC@@BCBC@@BE@@BA@I@ABC@ABABABA@ABADABADCFABAD@DEB@BCBC@ABADI@CBC@AAAAA@A@A@A@@@@BCBC@ABCGGCC@A@@CCAAC@A@A@@@AA@@@CAA@C@I@A@ABCBA@CACBAACAC@A@@@A@A@A@AAEACAE@A@@BCB@AC@C@C@A@@BAAA@@CGAC@A@C@EAC@@@AAC@A@A@@@CB@BABABAD@BAD@B@J@D@@@@@@A@A@A@C@@AACACA@@E@A@C@A@@ACAE@A@AA@E@CAA@C@A@A@A@A@A@E@@BA@@DA@A@AAC@ABA@C@@BA@AAAAAB@@A@@BA@A@A@A@@@@@@@AAC@A@@CAA@AAAA@AA@@A@A@AAABAAA@ABABA@ABADADAJEBABABA@A@ADC@ABA@ABADGBCBA@E@A@AAA@A@@AI@@@AAAAA@G@@@C@@ACBIBEB@BALAF@@@@A@A@A@AB@@C@@@ABAB@DE@ABABC@A@A@ABADADADABAB@@A@@DA@@@@B@B@BABA@@BAF@DCFAD@HABAB@BA@@D@BAHEFC@A@@BCBA@@B@@C@A@AB@@@DCBC@@@A@@@ABA@ABA@C@@BABA@A@CDCBCBAAA@A@ABC@ABIDGBADEBCBODE@GBKBCBG@CAA@ABAXIJAJAJ@L@TA`EJ@F@HBT@HBACCC@CAECA@EBCBIAGAG@MBIBKAGCECAC@IDMCIDE@GDKBODCDC@EACCCAGAGBMBG@IFCDCDIBMHIDMFK@K@GAKGGEAMDIFI@AAEBKEIMGI@KBcAKIIIGK@QFMBI@YHIDIH@JALDL@F@HCPKFCBEFCBCDCDCHAXKDADA@EAE@A@IDEFCHCJAFANCJGDGEEA@@CDAJAJIDCFCNIHCDABCAE@GDKDE@G@EJKDEAGAC@CJGD@FAF@HC@GDG@CAAAA@ABABADCHCBC@AGK@E@K@AAECEGGEEAGBCFIFIJGLEMCGEHGDGAECCAA@EIGEEAEBCAMAAICAAM@IECGGCICK@KFOFQ@QGWGOBSFWB[BUCOAcF[AEOYIIDQFOPEFEDEBWCQKQ@I@ICAGBANGBA@CCEAGEG@CBIFGACEEWDK@KECGCOO@OAMAUGKEI@MFKBOFGAO@G@SHUFQASGeSGKQOMBIFQJKFSFCDAFMFG@CAAGBIBE@E@EEQAGB@DK@GGOKCGEKAQBMFEBUBK@ICIKCOCEGCQAG@MBUFMDM@GBa@_@GCAC@EEEOOSMQCM@UFQFSAYBMBI@CBG@I@KDKBEE@KJG@COGBEFE@CIKICK@ABMD@AK@E@ABEBIBGDCFBLGJEBADMLGBOC@@AH@HBBBHBBDHFFBBFFFF@@@HBDGFIDEF@FKDEDEHBF@JEJOLOJMHIL@DFDDBDDFDBDELBFDDBFDH@JFFNFH@LCNDFFJBHDDFBDBBFHJFF@HBBBAJDDDHHFHDJBHBN@NJFFENADDF@HO@EDAFMDIDCHBFENCHGHGBCBBNBD@FEHKDE@EASCKBOBQGE@GFQDIEE@ECICIDG@CBE@MEUCC@IBOJIBIBIIECGCIAOHAFG@IHGAICGAMIIAMACB@HIHKAKFIFMBICICGEMGICEAEAEBGHKDO@IBK@MCQASCG@@@IEICKCWGOAEBEB@FFDCFOBK@MAIDYJQHGDG@GDED@DBHHHBD@BEFBP@JFH@FENBDBH@DABIFE@KJAFDHHHJNLJLNLLHJNLHFHD@DGF@FCHBHFPADED@LBHBJCH@FAJBFCJ@NCHAJED@FATDBAFBLBHAH@T@HDBADDLAFARBZBTARAJ@TDDFLFFFH@DAD@DEBBDHDNLHDVFJDDBFBDBF@HDJDJHHDDFBD@@BBB@@B@@@@BB@BF@BBBBBBDBD@BB@@BB@BB@FDD@DBB@B@@BBBD@BBBBDBB@B@BB@@@BDB@@B@B@@BB@BBFBB@@BDB@BDBDBB@BB@BB@B@BB@@DBDBBBB@BBBBBFBBB@FBB@BBBBB@DBB@BB@@DD@BDBB@FBHDD@BBB@BFB@BBBBDBFDB@D@BB@@@@DD@@BBBBJBBBDBB@BBB@BBFBBBB@B@BBB@B@BBBB@@BBB@@BBBB@D@@@BB@DB@@BBBB@@BHBB@@@BB@B@B@@@BBDBB@B@@@D@B@BAH@B@BAB@B@B@BBF@F@F@J@F@@ADABAB@BA@CCAACAECABA@ADADADA@@@ABABABA@A@AAAAG@G@C@@@ADCFEHAD@D@F@FBD@DBBBD@B@B@B@@ADA@A@A@ABE@A@GBG@E@A@A@@A@@C@OCQA@@@@A@GDIB@@@@AB@@AB@BAB@@ADAB@@ABAB@@AB@@A@@BA@@@A@@B@@A@@B@@ABCD@@A@@BA@ABA@@BEB@B@@@BA@@@A@@@@@AB@BA@@@@BA@A@@BA@@BA@@@ABA@ABA@ABAB@BA@@B@@AB@@ABCB@@@@@@CBABA@ABABA@@@@BABADAB@@@B@@@@ABC@AB@@@@@B@BA@@BABABA@AB@@ABAB@@ABA@ABA@@BA@@@@B@@@BA@C@A@AB@@AB@BABA@AD@BA@CB@BABAB@@EFADA@AB@@@B@@@B@BA@AB@@@B@BADADABAF@BCD@B@B@B@B@B@BBB@@@B@BBBBD@B@D@B@B@BABAB@BA@CBABA@A@CBA@A@A@EBCBC@@BA@A@ABCBEB@@A@@@AB@@A@ABAB@BA@@BA@ADCBCBA@A@E@G@CAA@A@ABG@E@A@A@E@EBC@ABCBA@C@ABEDA@ABCB@@ABEB@@A@@@A@ABI@C@C@I@CBC@KBABA@@@ABADA@CBCDCD@@@FABAFADABADAD@D@@AB@B@B@@BB@BBD@@@B@DA@@B@@AB@B@B@@@B@@@BAB@BADAB@@AB@BA@ABAB@BCB@B@@@D@@DD@@AB@@@@E@@B@@@B@BBB@BB@@FABABAB@BADABAB@B@BABBDAD@@BBDB@B@BB@AB@B@BB@BBBBBBJ@@BB@B@BAD@D@FADDBB@@D@DAJAJCB@HCJCB@JCHCHAJBD@JBB@DFBBFFDFB@FFHFJBJBD@J@D@JCFAFEHE@@J@H@FFFFBBDFBDJ@HBJ@JAD@JBJBJBB@HDHDJ@B@JBJBJ@B@HBJBHBJ@@@DBBBDBBBBBB@@@B@BCB@@ADABAB@FADAB@@A@CBA@AB@@AB@B@B@BAB@@@JBF@D@D@F@HAF@@@@C@AA@AA@A@@@A"],"encodeOffsets":[[83548,44447]]}},{"type":"Feature","id":"654028","properties":{"name":"尼勒克县","cp":[82.504119,43.789737],"childNum":1},"geometry":{"type":"Polygon","coordinates":["@@J@F@DAD@DAB@BCB@BADAB@BA@C@AD@B@DABAB@DAB@B@BA@A@G@A@A@A@AAABA@A@@@A@@AA@@ACA@@A@@@CBC@A@@D@F@@@BBB@B@B@@@B@D@DBB@@@B@B@B@@@@@BABAB@BBFAB@BBFDB@BBBBD@FBDB@@B@@@BBB@B@D@J@NDL@L@FAFAFCFCHGBCDGDCDEFGDCFEDEDCFEDCFAHEB@HCDAD@B@BBFDD@@BBADBB@D@HD@@@@DCHEB@BBB@@@F@FBHAB@@@B@DB@@DBB@@BB@BBDBBBD@F@BAB@@@B@BBDDDBDFB@@B@BBB@@B@@@@@BC@ABA@@DA@A@@HCFAHADAHAFCFCHCDCFEDEDAFEBAHCHCHCB@JAB@J@J@B@FDHBDDFBHDF@F@HEB@HEHCBAHCHCB@HAJ@DAJBF@J@@@BBFBDDBBDDFDDDB@B@@@B@FCB@@ABAB@@@B@B@@BB@@B@B@B@BB@BBDBB@B@F@FABAFAD@D@B@FBB@DBB@B@D@B@B@@B@@B@@@BABA@AFAB@@@B@BA@@B@B@D@B@DAB@@A@A@CBA@A@@D@BA@@BADC@@DAB@BA@@@@@ACAAAGAEA@A@ADE@AFG@@FEHEFCHCDAFEB@HCFAJCB@JAH@JBFBFFFF@@FDDBJ@F@J@B@FCFCHEFE@@FE@@BEFEDA`IRIFEN@NDXF@@D@BBBBF@DAD@DC@@B@DAB@B@BA@@BC@@BABAD@@@DAB@BABACCAAA@BA@@DA@@@ABABE@ABA@@BABC@ABA@CB@@@B@F@D@B@D@B@H@F@@@B@FAD@B@B@B@@@@A@@AC@C@A@@C@@@A@CAACCA@@CAAACC@@FCBA@@@AA@EACAEAGACA@@AA@AAAEAAA@A@@@ABADABABA@A@@@A@@HCB@B@B@BAB@D@DAB@@@B@@@B@B@B@B@FABAD@B@@CAA@CCA@@@A@@@@DCB@B@B@B@B@@@BABA@AB@B@B@D@B@BB@@BBBBBFB@D@B@B@DADABABABA@AB@B@FAD@FCD@@@BAB@F@BADADAL@H@@@@@@A@ABA@@BA@CDC@@FAHC@@@EJCB@B@B@B@JCB@@@F@DAB@DBD@@B@B@@B@B@D@FADAD@BADAB@BCB@D@D@DDDBDBFBB@BBBBBFBD@@BBF@F@DAD@BA@@BC@CBABA@@B@DADAB@BABA@ABC@A@@DAD@D@DBBAD@BAB@BABCB@@A@A@A@AAC@@@AA@@@BCBCBA@@@AAAAAAA@A@@BCDC@@AGAAB@@AD@F@@AFA@@B@@A@AAAACAA@A@@B@DAD@B@D@FDLBB@BAB@D@D@B@B@@EBEBCBAB@B@BABAB@@@BBBBB@DBL@@@BB@BB@B@B@D@D@@@B@@B@B@BBBBD@@@BB@DBHBFB@BBB@@@@BBD@BBB@BBFDDBB@@ABABA@@BAB@DAFADA@AJADA@@@A@A@ABABABAB@BAD@B@DABAB@B@D@B@F@BBDD@B@B@B@@@@B@BBD@H@D@F@BBL@B@FADBB@DBB@BDBBB@FBB@@BB@BAB@@AB@DCFAB@@@B@FBDBF@B@NAD@DBB@@@FAB@FBBBD@B@@@@@B@BAB@BB@@B@@@@C@@B@D@D@DDDBFDB@B@@@@@AB@@BBDFB@@BA@@BAB@@@@BBBB@@BBFBB@FBB@BADA@@D@DADABBB@B@B@B@BA@BB@B@B@@@B@BAB@B@@AB@D@F@FBBBB@B@BBB@D@D@BBB@@A@AB@@A@AB@D@FAF@B@D@BAB@@A@ABA@@DAB@BABA@@BA@@BABA@@D@FAB@D@HAD@@@DAB@@ADAB@F@F@FAB@@@DBB@F@B@HA@@B@BA@@DABAB@DBD@DBB@BADCB@@AB@D@AAA@@A@A@@@ABC@AA@A@AAAABAAA@@CAE@C@A@CAA@AAAA@@@A@AAA@AB@@A@AA@@AAA@AA@AA@@@CAAAA@ACAGC@@A@EEIU@UNQ^G`ARB^ERGnURGTGZ@\\BZDXFV@BBBB@B@@BBDBBBDB@@BB@@D@@@B@BABA@@@@BAB@B@BA@A@ABA@A@@BAB@@AB@AAB@@ABA@ABC@@FC@ABA@AB@D@F@BABAB@FAB@DC@@BA@@AA@A@@@AA@@@@A@ADC@ABCBCBA@A@ABC@ABA@@B@BABC@C@CB@BC@@@A@AA@AA@A@@BE@CAA@AB@@@B@B@DAF@LA@@@C@@@ABADCB@FAB@@@B@BAD@B@DABBB@BBF@B@@@D@@BFBBBBBTBLBBABBB@@@B@BA@@N@FBDAD@@@@ABC@AB@@AA@@A@AEAAA@@@CBC@@@A@AAAEAA@@@@A@@B@DC@A@@BAAAACAAA@AA@@@A@A@@BG@@B@@A@@@A@A@CBA@@@A@AAC@@DABAD@BA@@BE@C@@BA@A@C@A@@BABA@@BCB@DCBA@@@@@APKXQ@@A@@@@A@@AA@@@A@@@A@@@A@A@@BA@A@@B@BA@@@@B@@@BA@@B@@@@ADABCB@@A@@@@BA@@BAB@@@B@@@B@BBB@BBB@B@@@B@B@B@B@B@D@@AB@@@@@@@@A@A@@AA@@A@@A@@@A@@@A@@@@@A@@@A@@@A@@@@@@AA@@A@@@@AA@@A@@@@@A@A@@@@@AB@@A@@@@@A@A@@@A@@@A@@@A@@@AAA@@AA@@@@@A@AAA@@@@@@@AAAAA@AAA@@AA@A@AAA@A@@A@@AA@@A@@@@BA@AB@@@AA@AA@@A@@AA@@@@@AA@@@@AA@@@A@AAA@A@@@@@AA@@@@BA@A@@AA@A@A@@AA@@@AA@@A@AA@AAAA@@@@A@AAC@@@A@A@A@@@A@AA@@A@AAA@@AC@AAA@@@A@@@A@A@A@@@A@A@@AC@@@@@A@@@A@ABA@@@A@A@C@A@A@@@CBAB@@AB@@@BA@@@@BAB@B@@@@@B@@@@@B@@A@@@@@A@@@@@AB@@@@A@@@@@A@@@@@A@@@@A@@E@A@C@AAA@@@ABA@A@A@AB@@A@@@AB@BA@@@@BA@@B@@@B@@A@@@CBA@ABA@@@A@@AA@@@@@@@A@@@@AA@@@A@A@AA@@@@@@A@ABA@A@@@A@A@A@@AC@@@A@A@@BA@A@A@A@AB@@ABABA@ABABAB@@ABA@@@AB@@@@AB@@@@@B@@@@@@A@AA@@A@@@@@A@A@A@@@@@A@A@A@A@@@A@@BA@@@A@@@A@@B@@A@@B@@A@@B@@@@@@BB@@@@@@B@@@@@BB@@@@B@@@@@@B@@@@@B@@@@@@@@A@@@@@@@@@A@@@@@@@@@A@@@@@@@@AA@@@@@@@A@@@@@@@A@@@@@@@A@@@@@A@@@@@@@A@@@@@@B@@@@@@@B@@@@@B@@@B@@BB@@@BB@@@@B@@A@@@A@@BA@@BA@@B@@A@@B@@A@@@A@@@A@@@AB@@@@@@@@AB@@@@@B@@@@@@@BA@@@C@A@@@@@C@CBA@A@@A@@A@@@@@@A@@A@@AAA@@A@@A@@A@@@A@@@C@@@A@A@@@A@@@A@AAA@A@A@@A@@@A@@@A@AA@@@A@A@@@A@@BA@A@A@A@A@A@A@@@C@AB@@A@A@@@A@@@@@A@@A@@@@AA@A@@C@C@@@A@@@A@@@A@@@A@AB@@AB@B@@ABA@@@A@@@@A@@BC@A@@@A@ABA@A@@A@A@@@A@C@@@AB@@CAAB@@@@A@@BC@ABA@@@@@A@@@@@@@@@@AA@@@@A@@A@@@C@@@@@ABCA@@A@CBA@A@@@A@AB@@ABA@ABAB@@@BA@@BA@ABC@@B@@A@@@@@A@A@AB@@A@@@@@@@@@@BA@@@@B@@AB@B@D@B@@@B@@@B@@@@A@@@A@@@@@A@ABA@@@A@@@A@@B@@AB@B@@@BB@@BA@@@A@@@AB@B@@@BA@@BA@A@@BCBA@AB@@AB@@A@@BC@A@A@@@A@A@A@AB@@A@@@A@A@@@C@@BABAB@@ABA@@@A@@@@@@@A@@@@AA@A@@@AA@@@@@A@A@A@ABA@AB@@ABABA@@@ABA@@@A@@AC@AAAAACAE@A@A@@A@@@AAACAAACACA@@A@AA@@@A@A@A@A@@@@C@E@E@@@@CAA@@AA@CA@@A@@BA@@BABA@@@A@A@@@A@@@@@A@@@A@C@@@@@A@@AAA@@@CA@@@@A@@@@@@@@@A@A@AB@@A@A@@A@@@@AA@@A@@@A@@@C@@AA@@@ABA@@@A@A@@@@B@@@@@@AB@@@@@BA@@@@@A@@@@@@@A@@@A@@@@@A@@@@@AA@@A@AA@@@@A@AA@@@@A@A@@@@@A@@@AA@@@@A@@@A@@@@@A@@@A@@@A@@@AB@@@@A@@@@@AB@@A@@@@@@@A@@A@@@@@@AA@@A@A@@@A@A@C@@@A@A@@@A@@AA@@@A@@AC@AAA@A@@AA@@@@ABA@AB@@A@@B@@@@AA@@@@@@@A@AAA@ABA@@@AAA@C@@@C@C@A@A@C@A@@@C@A@A@ABA@@@@BAB@@@@A@ABA@@@@@CBAA@B@@A@@@@@@BM@cJ[HAB@BBBB@@B@B@BBB@B@@@BCD@DADA@A@C@E@@@AA@AAAACAA@@A@C@A@C@CA@@CBA@E@EBABC@CBAB@@ADAD@DAB@@@@C@A@AB@@ABAB@B@B@@BB@B@@@BA@C@A@EBA@C@AB@D@B@@A@A@@@AAA@CAA@GAA@A@GBCBCBCBA@A@A@@BA@@D@@@@ABC@GBA@EBC@C@A@@@A@AAAAA@A@@BAB@@@@C@C@EBC@A@EDABAB@BA@GBABCDCF@BA@A@AAA@ABA@EAKCA@C@A@CBA@C@ABC@OE@@C@E@A@CAC@AAA@CBABAB_IWAYDY@}F_@eAKASEQ@KHKJMPMLSH]POB[ASCiK_AUDQFA@A@IBC@C@G@E@CA@@@B@@@DBBB@ADBB@@@B@@@@C@@@CBA@ABADABA@@BADCB@BA@A@A@EAA@AB@@@B@BA@A@A@AAGAEAAAC@CAEAG@A@EEEC@@ABCDABEBA@C@G@C@CBC@GAECCCCAAAA@C@ABAFADAF@D@@@B@@IFGBCBA@C@A@EAAAC@G@EAACAAA@C@A@AAAA@AAEA@EBI@E@A@CAA@EBC@C@A@CBABCBADEBC@ABC@A@AA@@AAE@GCC@A@E@E@A@CBEBGBE@CBGAE@E@E@ABCDA@@@C@C@C@AB@B@B@JAF@DBD@@AB@@EAE@CBIDEBCDCHA@@BCDADABABA@C@E@MCC@AAABA@CBABCBCB@BACCACAA@C@C@C@CCC@A@A@EBA@ABC@ABEBA@C@ABABCBAB@@A@C@A@A@A@AFAD@FABABCFCF@@CBA@ADAB@D@@CBCBC@C@CBA@E@AAII@@A@ABA@CB@BA@A@E@A@ABC@@@A@CCECAACAAACC@@AAC@A@A@@@A@AB@B@@@BDD@B@@AD@BAB@B@@BB@@@B@@ABAB@BABCBAB@@@@@@E@A@C@A@@B@BCBABCB@@A@A@@AA@A@C@IBE@G@ABA@CB@BA@CA@BC@GBA@@BABABA@@FGBCAK@A@C@A@ABABAB@@AB@AA@@@AAA@ABA@@@A@E@AACAA@@@C@A@A@A@CB@@E@A@AA@@A@@@A@ABABCB@@C@A@@BE@@@A@CAA@A@CBC@@@ABCDCBCHABADABCDABA@ABC@C@CB@@A@@A@@@ACA@@C@CB@@AA@@CCA@AA@@CAA@ICEBE@@@CAA@A@A@@@@@A@A@AB@@C@A@EAA@A@I@C@ABGBC@IBABA@A@@@A@AA@AA@C@AA@@AA@@AAA@AAA@@AAAAAGA@@A@@@ABAAA@AAAAA@AA@CAEAA@@C@@@CBA@@@A@AC@A@@@A@A@AAAAAAA@F@DAB@DABCD@@@B@@A@@BB@@B@@A@@@@@@@@B@@@@A@@BA@A@BB@B@@@B@@AB@@@B@@@@A@BB@@@@CBABAD@@@BEHABAD@D@DEXCFAD@D@B@F@B@B@BBBB@BB@@ABA@@@AB@B@BCFCFADABA@@@A@A@ECCA@AA@@AC@ACCC@@C@ECA@A@CDC@CB@@@BA@EBA@A@A@AAA@@C@@AAA@QAA@C@A@C@GAA@@B@@A@ADABE@@BA@AA@@AAAACACAA@@BE@C@C@A@@@ABABABAA@@A@A@IBA@A@A@CBEAC@AB@@AAECCA@@AAA@E@@@EGAA@E@A@A@AAA@AA@AAA@A@A@AB@@A@AA@@@@AAAAAAAAAAA@AAEAA@AAAA@@AAAAC@GACAA@C@A@AAC@A@A@CACAAACAA@ECA@AAAA@AC@A@C@A@A@C@A@C@AB@@A@@B@BABA@A@CAA@A@@B@@CBABA@A@C@AAA@A@ABABCBABA@A@@BA@C@C@A@A@A@A@@@C@A@ABC@GDE@EBCD@BCBEB@@ADC@CBEB@B@@BBB@BB@B@BBBBB@B@@@BA@EDEDA@EDCBAB@AE@A@A@C@A@C@@AA@CBAB@@A@@@AACC@AA@C@A@E@@@@@AC@@@A@ABABAA@@C@@@ABA@A@@A@CAAA@AA@@ACAA@@B@@A@@B@BAB@@@B@@ABA@@@AB@@A@A@AAA@@ACCAAACAACCMGCAAAEEIMAACEAEAACC@AAA@AA@AAIECAC@C@A@A@EBA@A@E@E@CAA@A@C@@@A@@@A@A@AB@@EC@@CAA@@@ABC@@@ADC@ABC@A@@@A@@@A@A@@@ABED@BADCD@BBB@@@@ABABCFCB@B@@BBB@@BAB@D@B@B@D@BABCD@@@B@@@BAB@B@@ABABEBG@C@A@@AA@CACACAEACAEAICA@GCA@AAE@EAA@E@EAC@A@EB@@AB@B@BCBA@A@C@ABC@ABA@@@ADABCFAD@B@B@F@@ABCHCFABABCF@BAB@BAB@@AB@BAB@@AD@@CHAB@@ABKBIBGBG@G@IBC@I@M@IAUCIAAA@@BA@@BA@A@A@CBA@ABABADADABABALEDAFE@A@@@E@A@ABC@@@A@@@ABC@A@A@@@@@A@ABCAA@@BA@A@CBC@EAA@@@C@@@A@@@A@@@AAC@@BA@@AA@@B@@A@@AABA@CBA@AB@@A@A@A@A@A@AAA@A@@AA@A@AACAACG@@@A@A@AACBABADCBAFEBADEBC@AB@@A@A@ABA@@BC@EBC@E@KAC@AAI@ADC@C@A@ABABEBG@A@A@A@AAABEAG@E@E@I@A@E@ABA@A@@A@@@AA@@AGAA@AA@C@C@CCGCEDE@IBIBI@IBID@@CF@DAFAHCHCBEFCBIBCBI@IBIBIBA@IAI@IACAIAIAGCIAICA@IAIAG@I@I@C@I@IBI@I@IBIACE@EAGACCEC@IDGBIBIBIBBFADCHG@I@IBEDEFCFCHEFABGDCBIBCGEAGCABGFGDEFCFEHA@IDC@IAIAE@A@IBIBEDCD@B@F@HE@I@IAEBI@IBI@CBGD@F@H@HABEBIAI@IAI@IAE@ABADCDGBIBCBCCCAEAE@CDADADKBG@CBC@C@GCCAABI@EBE@EAE@EBEBEBE@CAABABCBGBKBIBGBE@GBE@A@ECC@GDE@GBGBA@C@CACAE@C@A@EBGBG@C@CAA@AAAAEEE@GAE@G@E@IAOAC@C@ABABABABA@CBEBC@C@CACAAA@ECCCAK@CBEBCBA@@@A@EAE@G@A@CAKCICCAE@C@A@CBC@G@CBABC@CBC@A@AAA@@@CBA@@B@B@@@BA@@B@@B@BB@@@B@@@BAB@BB@@@AB@@A@@B@BBD@@@B@@@BAB@@@@@B@@@B@@@@@@BD@@@@BB@@@BB@@BD@BB@@@BBB@BB@@@BB@D@@BB@@B@@BB@@B@DB@@B@B@BB@@@@@BB@B@B@@BB@@BD@D@@@B@D@D@B@@BB@BB@B@B@@B@D@B@@@BB@CDEFA@@BA@AB@@BB@@BD@BBDBB@@@B@BAD@DBB@@@BA@@B@BBB@B@BBBDDDD@@DD@B@FBD@BAB@D@B@D@DBHBDDF@B@@BB@DBD@@@B@B@@BFBDBF@DBBAD@F@@BB@BA@@BABAD@@BB@@@@@@C@@@BBB@B@@B@BAB@@A@@BCBEB@B@B@@@B@@CBC@@@AD@BBB@B@B@B@@@@BB@@@@@B@B@B@B@BA@AF@FAFCR@BA@A@C@A@@B@@@BB@ABB@@B@@AB@@@BA@ADABA@A@IDA@@@CDALABAF@B@BBDDHBFBFBF@DA@@BABADA@ABA@A@A@AAAAA@EBA@C@A@IDC@@BA@@DA@ABA@A@A@A@A@CDC@ABA@AB@BC@EDABC@A@A@A@CDAB@B@BAB@@A@A@A@AAAA@@G@A@AA@@A@ABA@E@I@EAC@@@AAEBA@CBABA@E@A@A@C@@AAA@ACA@@AAAAAAA@A@@@CBABE@A@CAECAAA@A@AB@@@BA@BBBF@B@@ABA@@@C@@@A@AA@AACCAAC@C@C@@@A@AAA@@A@@@CBCDA@A@@@AACAAAAAAAA@AAABA@ADABA@A@A@@@@A@@DA@A@@AA@@A@ABABAB@@@BBBFD@@@B@@A@@BA@CA@@GCC@AAE@C@A@CACAA@A@A@A@@B@@@BBB@BCDEB@BC@C@A@A@EAGC@@A@@@AB@B@@C@AB@BA@@BB@@@BB@B@B@D@@BD@BBB@@@B@@AB@BABAB@BAB@@AD@@CD@@CB@@CBABC@A@AB@B@BB@BB@B@H@@@@@@B@B@BB@@@@B@@BD@BBBBB@DDDDDBBB@@@@B@@@@B@BBBCBMDA@A@GB@@A@@F@B@@@@D@B@@B@@@@C@@BA@@@@BAB@JBJ@B@D@@@@A@A@@B@BBBBB@B@D@B@@A@EBA@CAC@A@E@A@@B@@@BBB@DBBBB@B@BBB@DBHBB@F@BBBBDBJ@BA@@BC@@BA@@@AB@BBBCHABA@@BADBBAB@@@@CBABCB@@G@C@C@A@CBOBADA@AHAB@BB@B@BBB@@BDB@@@@@BB@@@BBBB@@DB@BBBB@BBDBBBB@B@BB@B@@DDBBB@BBB@B@@BD@B@@@B@B@@@B@BB@@B@B@BBB@B@@BB@B@@@@@BBB@@B@@@@@BDBDDDDFBFBBDBB@BAFBBDDBBBDAFCH@D@NBB@BDDDDBBBB@D@H@FBF@NAFBBBBFF@B@BADA@@BFDBBDBDDB@BDD@DBBBBBBBBBFFFBBBBDB@DBB@BBDD@B@BA@AB@@CB@BAB@B@DBB@BBD@B@B@DAD@BCBABCB@B@B@@@D@BA@@B@@BD@@@D@D@@BBDD@@@BBBBDAB@B@BBBBB@B@BBB@B@@BBBB@B@BABABGDCBDF@B@D@BDBBFLF@BCDAJGF@D@D@D@@BBBB@@@@BBC@@BA@@B@@C@A@A@EBEBA@ABC@CBABA@A@ABCBC@A@@BABA@A@EBC@ABC@AD@@CDCB@BA@A@@@A@C@ABA@ABCB@@AD@@@BDHDDBDDF@D@BCBD@F@AB@@ABAB@@ABB@@B@BBDBB@B@B@BBB@DBH@DBH@DBH@FABBB@F@D@J@D@D@DAFADCBB@@@FCB@@@B@BBF@B@B@B@@@BBBAD@DBD@HBHDLBLBJ@H@LAJAHALCPELCPAVCNAJALADCFCFEJEHCHCBBD@D@@@D@B@HAB@H@B@B@B@DADCF@H@D@F@B@@@D@B@B@D@@@B@@ABAD@D@D@BAD@B@DAB@B@D@D@D@B@DAB@DBF@B@BB@@B@F@D@D@B@DBB@D@D@BAB@H@B@B@BAF@DAH@B@@ABA@@DAB@BCB@BAB@@@D@D@B@FBB@DBDBBB@@D@J@B@HDDBBBB@BCB@B@@@D@D@D@B@BBFBD@DBB@DAD@H@D@DBBBB@@B@@@B@BD@@BJB@@D@BBB@D@D@B@BCBABCBADA@AACBABABCBAFADAB@F@D@DAD@FCBCBA@ABC@A@C@C@CBAFIFIDCFCB@ACHAF@BAF@HAD@DAFA@@@CB@@ABADCDC@MDCB@FCFCDCBCBABADEFAJCHALGD@X@LAFAFEDAHAHCFEDAD@B@B@BBB@B@B@FABADA@A@BB@@@@@FAB@@@BDB@B@BADADAFC@@BBB@F@B@FCDANGFEBAF@BAJG@@B@BAH@FCFCPAB@F@B@HCJAB@DABB@AF@B@LATAB@@@DAB@JEF@F@B@D@@@F@BBBAD@@AF@B@@AB@B@D@@AB@HC@@B@@@B@B@FCDAHCFAF@DGBC@AB@@AB@D@BADCFEHCDCBE@CACAABG@E@@@G@@DC@ABA@@BABA@@B@DBB@@ADABAB@B@JBFBF@D@B@BBFB@BB@BAB@BCFAH@B@@@B@@DD@@BD@B@F@FAD@B@D@BBDDBBB@@@BBB@@BB@BBF@B@FAD@FBB@BB@D@BB@DBF@@BB@@ABABAB@@@BA@A@@BAD@BAB@BA@A@ADAB@B@B@DABADAJ@D@D@DBFBFBF@D@B@BAB@B@BABABA@@FAHBB@BBB@@@@@DCB@BAD@D@BAB@@ADA@@D@DAB@B@@@DBFBDBD@@@@@@@@@BAHABAD@DBB@B@@A@@BAB@AC@CB@@ABEBABA@ABA@@BBD@DBBB@AB@BAF@BAB@BBB@BAB@@@B@BBBBBDBBB@BB@@AB@B@BBBDBB@B@@@BBBD@BFD@@D@B@D@@@@A@ABAB@F@B@B@DBDB@@@@@B@@BB@DDB@B@@ABBF@@B@BBDDBBF@B@DBB@B@FCB@@AJCBAB@BAB@@ABAD@DABAB@B@D@B@@@DDB@DDBBBBBB@@@B@B@B@B@@BB@B@D@@B@BBBB@@BBB@D@D@B@B@B@B@@@HDDALCTCNAJAL@TBPBbDdDVB`BX@N@RAPCPCPERABAB@BAD@F@DAB@DA@AB@FADAB@DBDBD@@@F@F@B@B@BBB@H@J@B@F@DBFBB@@@BABAB@F@DA@@DA@ABAFAJAFABA@@@A@AB@@A@@AE@@@AB@@AAA@A@ABCFG@AB@B@@@@AA@II@@AA@AAA@ACAAA@@DADAL@DB@@B@B@B@@@DAD@BAHBB@BABAHCB@HCBCJKJIVKRILGNAPARBVBR@V@RDTBVDND@@@ABC@@DA@@BAD@@AF@BCBA@@B@B@BBDBBBD@BBB@FALEB@@@BBBB@BADABAB@B@B@@@B@BB@B@DBBBDAF@D@B@BB@@BBDDB@BBB@B@@BB@BBFBD@BBB@BBBBB@@BBBBB@BBBFBBBBB@@"],"encodeOffsets":[[85473,45094]]}}],"UTF8Encoding":true}