{"type":"FeatureCollection","features":[{"type":"Feature","id":"533102","properties":{"name":"瑞丽市","cp":[97.855883,24.010734],"childNum":1},"geometry":{"type":"Polygon","coordinates":["@@DC@EBCFAHCJGDEBQ@CBAD@@@D@B@D@B@DBD@FBB@B@BAD@B@BB@@BDBBBBD@DBBBBDB@BBF@D@FDB@BDB@BBB@@@B@DCLSHELAJABBDAD@B@D@BAB@B@DBBBDBBBD@FBD@F@D@D@D@@@BAFCDAFCFAD@DBFBB@B@@A@K@EBCBCFE@@@ABABAA@@@@@@ABABABADA@AA@@@AAABE@C@A@C@A@CACAC@CAA@CAA@@@C@C@C@A@CAC@C@A@AAA@A@ABA@A@A@C@A@AAA@A@A@AAABA@A@A@A@C@A@A@@@A@@@AAC@AAA@@AA@@@@AA@A@AAA@AAA@C@A@@@@@A@A@@@A@A@CA@AA@@A@ABA@@@AAAA@A@A@A@A@A@A@AAAA@AA@@@@@A@@@AA@@A@@@C@@@@@@@@B@@@@@@@B@@@A@@AB@@A@@B@@@B@@A@@@@A@@@@AB@@@@@@@@@A@AA@@@A@@@A@@AAAAA@@@@@@@B@@@B@@@@@@A@AA@@A@@@ABA@@@@@@@@A@@@@@@A@@@@@@@@@A@@@@@@@AB@@@@@@@@A@@@@A@@AA@@@@@@@@@A@@@@AA@@A@AAA@A@CBA@@@A@@@AA@@AAA@@@@@AAA@A@A@A@@AA@A@@AAA@@A@@@@@AA@@A@@@AAA@@@AAA@@AA@AAAA@@A@AAAACAAAA@@AAA@@@AA@A@A@A@AA@A@@AAA@A@AAA@AA@@AA@@A@@@A@A@@BA@@@A@@AA@@@A@A@A@AA@@AA@@@AAA@AAAAA@A@AAAAAA@AAA@@AAA@AAAAA@@CAA@A@EAG@IAEAAAEAICGAC@ECEAGCCAC@ABC@CBE@CBE@EBEAIAMEKCGGGICEKGEE@CBCFCBEBEHADCB@@@B@@@@@@@BEAA@AACA@A@MCGAIBEBEBEDMFE@GECCCECEG@@DCDEBCCBEBEBEACECE@CBCDADAJCDE@GAAEAADCHCFA@EAACCCAECCAAE@ECCE@CB@DBBBDBDDFBD@DCDCBGA@E@ECCCAC@EDE@AA@G@CEECCEAICEAGAGACCCECE@CBE@CACCCFCBEACEEEBG@GBE@EC@CBC@EE@G@EBECACGAE@ACACACEAAC@E@CACC@C@ADEBG@CAEACC@EBCBCFBB@B@BBD@B@D@BA@ABABABE@@ACEEEAIBEBA@E@CDGFCDCBBFBDCFA@ICAEACAE@E@C@GACE@G@CCACCCIAAF@D@F@HCFCCACACACACECAC@EACBCBA@AACCAC@@BAJ@BABAD@F@D@BABEFAB@DBFBJ@BC@CBE@AB@JABA@C@G@E@ADELABABC@E@C@A@CBEBA@EDC@ABABADABABABABADCBABE@GBABCBCBABABCBAACAAAA@A@A@EDABADABMJA@A@EB@ACAA@A@@@CDCBEBABAB@@ED@@A@AAA@@@AB@@@BB@@B@B@BAH@BBD@@BD@@@B@B@B@@@BDFBBB@@@BDBBB@@@DBD@B@BB@@@BBB@BBB@@F@@@DBB@D@BB@@BBBBB@JBDBBB@BBB@B@@B@BBB@@@BB@DBB@B@D@BBB@B@DBDBDBBBBDBB@@BD@B@@@BBB@B@B@B@D@DBBB@@BBB@BBB@BBB@B@@@B@BBB@B@B@BBBBB@DAB@@@BBBBFBFDBBBBB@B@D@@@BBB@BB@@B@BAB@B@@@@B@D@@AB@BCBADABB@@F@B@@AD@B@DBB@@BBB@B@FCDAB@@@BBAB@B@B@F@F@B@BA@@B@DBDB@@DBBBD@BA@@DAB@D@@BBBBB@@@BABADCBABBB@@@BBBD@BB@DBBB@B@B@B@BDBBB@BA@AB@BA@BB@@B@D@B@BBBB@@@B@B@BB@B@B@D@B@@BB@BBDFBBB@B@@@BABB@@B@@BB@@BBABAB@@@BBBB@@@B@DBBBBBBDBBB@B@BBBB@BBDBBBDB@B@D@B@DBBB@@@@@DAB@D@D@BBD@BB@@BBB@B@B@BB@BAB@BBBBB@@B@@BBBBBBBBBB@DBD@B@DBD@BBBBBBB@B@B@@B@B@@@@AB@BAB@B@DBB@B@BBBBD@D@BBBBBBBDB@@@B@B@D@BB@@BBB@B@B@B@BABADA@AB@D@BB@@@B@D@D@B@BB@@A@@@DB@@DBB@@ADA@AB@D@D@FBD@B@DC@AB@BBDBB@B@DAD@HADAB@B@FBLHBB@B@BAB@@B@F@D@DADAFCBA@A@ABAB@F@D@FAB@BBBB@F@N@DAF@BBBDBF@B@B@B@B@BAB@BAD@BCB@JBBBHBHBBBD@DA@@BAD@JBHAB@B@B@D@BA@AJGFCHC@@B@BABABABABA@ABABCB@BADAB@DAB@D@D@B@BABAB@B@@@FEHGDAD@FBDDB@F@HCD@F@HDZNNFJDHBLBHDD@BABAD@DBFDD@BADCFIDAJEFAB@FDLHDBFDDBHF"],"encodeOffsets":[[100374,24734]]}},{"type":"Feature","id":"533122","properties":{"name":"梁河县","cp":[98.298196,24.80742],"childNum":1},"geometry":{"type":"Polygon","coordinates":["@@AAEAAAA@CAA@A@@@C@A@A@A@@AAA@AC@@AACCA@A@@@A@@@A@@@@@AA@@@A@@@A@ABA@A@A@AAA@A@@ACBAB@@A@@@CGCCAAC@@AICC@C@AA@@@CCK@C@ABA@@FEBABC@GGOBABC@AAK@ABADCBABC@AAA@AA@AA@A@@BA@A@@@AA@C@A@A@A@C@A@A@@A@@AC@CC@AAAAE@G@A@A@A@A@ABA@@@A@@@AAACAC@@A@A@@BA@AAA@@@A@@@CB@@A@CA@@C@A@A@AAA@C@A@A@E@C@C@A@CDCB@@C@A@A@ACA@A@@@A@EDCBA@@A@A@EAEAC@ABA@A@CA@ACACEEAACAAA@@A@@A@@@@BA@@@A@A@@@AB@@ABCBCDA@@@A@@A@A@CBA@A@C@G@ABC@A@ED@@A@A@AC@@A@@@A@ABABA@@@@@CA@AA@A@A@@@@@AABE@@@A@@@@D@B@@A@@AC@ABA@@@@BA@AACAACI@AA@A@CACAAA@@@A@IACBABC@A@AAA@C@C@CE@G@A@A@ADAJABABA@E@KEC@A@C@ABGDIDCBCAC@CBEBA@CBABC@A@AAA@C@A@EAA@A@AD@BA@A@A@A@@@CC@@A@A@ABABA@ABA@A@CAAA@AA@A@CB@@AB@B@@AB@@@BAB@B@@@B@BA@A@@B@@@BA@@B@@A@A@A@AA@@@@AB@@A@A@AA@@@A@AA@AA@@AA@ABA@@A@@AA@@BCBABA@ABABAB@@@@A@@BAB@@@@ABA@C@EBABABABA@CB@@AAAAA@A@AB@@CBA@ABC@A@AB@@AB@B@@CB@@A@AAA@A@@@ABAB@BA@A@A@AB@@AB@DA@@B@@@D@B@@A@ABA@@B@BBD@@@@@BB@BB@@BBBB@BDD@@@B@@CBC@EBADCBA@CBCBCDAB@DFN@JAB@DB@FLFFDB@@@B@@@@A@CB@B@@CBAB@BABAB@@@B@@BBBBFBDBBHBDBDFBFJDDBBDBBBBBBF@DAB@B@BB@D@JAJABBB@BAFAD@B@D@DBDDDBB@B@B@@BBBBBD@HADBBBDHDBH@BBBBB@AB@@CD@B@BBFHD@B@B@JBB@BBBB@D@B@F@@@DHDBD@DADBB@@@@@@BABAB@@ABBHABAD@@EHADABABCBABAFAH@BABA@A@C@A@@BA@@BABBD@BCN@B@DBDLHDB@BADABABEBABABCBAB@B@DDFBBB@B@B@B@@B@@BDAF@@AFADCF@HAD@DAFCDAB@@BDBB@DABELABIHEDGHCDABABGBABC@@B@@@JBJDF@BA@A@@BFNHPFH@BB@F@B@DBFFB@BB@B@D@H@BBDBFBBBBB@DBBBDBDBF@BBBDDDDBBBBBBB@DBBDDBBFDLRJN@BBBBBDD@DBDBDDHB@BPDHFADA@ADAB@B@B@BHBDBBBBB@FBHFFHDB@@@@BBFBF@F@H@H@D@DBDBXRNNFDDBD@FAFC@@@CCAAAAC@EAC@AB@FAB@@@@@B@@@BB@BB@BBDBB@BABA@@B@@AD@BABA@CBC@E@C@@@AA@A@ABC@CBCFAD@@ABCAA@A@AB@@ABA@@@A@AA@A@A@@@@B@BBB@@AB@FCBA@A@AB@HE@@@ACC@A@A@A@@@A@@@@DAB@@@@AA@AA@@@AAA@A@CBABCBA@ADCJEHABBBBAD@B@B@@B@DALGHCBA@A@ACEBADC@@B@DDBDD@H@BAFBDAJAB@B@FLFFBBB@JABAAAAE@E@AB@BAB@B@FBDBDBBDBBD@DADBDBBBFADAFAF@F@FBF@B@DABABA@@B@BADEBABCAG@@AAAAACAAAA@A@CBABADABAD@DBJDFDDDBBDDBBB@DHD@D@DA@@B@B@B@BDBB@@B@D@BBB@BBB@BADADAD@D@B@BBB@BDAB@D@BA@@BBBBBD@D@B@DBD@DBD@D@F@D@B@D@BAD@D@BABAD@B@BAD@BCBA@CBABC@A@CBA@C@C@A@C@C@A@C@ABC@C@A@C@A@CAA@A@CBABCBABC@ABCBC@CBCBCBABCBABCBCDABABCBA@@@@BAB@BA@@BA@AAACCA@AA@ABADC@A@A@EGG@GBC@EAA@AA@C@@@@@A@CBAB@@A@A@ABBDCB@BC@C@CAEAC@ABC@ABC@O@C@EDABEBI@E@CACAIK@@CACAAAAACAAACAACACACACACCCCACACACAC@C@C@C@C@A@A@A@AACAA@C@A@@BC@A@A@AAC@AAC@A@C@CAEECACAACAA@C@ABCBCDABABC@ABCBA@C@C@ABCBCBAFCD@J@D@BABC@MBEFG@GGMMW@EBCBABAF@DABAHS@SDA"],"encodeOffsets":[[100817,25266]]}},{"type":"Feature","id":"533124","properties":{"name":"陇川县","cp":[97.794441,24.184065],"childNum":1},"geometry":{"type":"Polygon","coordinates":["@@@CAAAC@CAEAAAECAAEA@A@A@AA@@AA@A@AA@A@A@@AA@@ABC@@@AAA@@A@@@C@@@A@@AA@AAAAA@@@AAAAA@@CAAAA@@AAAAA@@AAA@A@A@@BAA@@AAC@AACAA@ACAA@@A@@@AB@@AAA@CACAA@A@A@A@C@@ACAAAA@@AA@CAA@A@A@AAAAAAC@@A@A@E@A@A@A@A@AAAAAA@@A@AAA@@AA@ACAC@AA@AAA@A@AA@ACCAACCACCAA@CCA@CAA@@@A@C@@@A@ABAB@@ABA@AB@@A@AA@@AA@AAA@@CAAAAAEC@@EEAAACA@AAA@CAAAA@AA@@AA@ACC@AC@AACAAAA@@AACA@@A@AAC@AAA@@AAA@AA@@AAA@AAAAAACCAAAACAAAAC@AACAACAAAAACAAAA@AAAA@AA@@AA@A@@@AB@@A@ABCBA@A@@@A@@@AAAACCAA@A@@BC@ABCB@BC@A@A@A@A@AB@BABABAB@BA@C@A@@@C@ACE@@@AA@@A@@@A@A@A@A@AA@AA@@C@A@CAA@AAAAA@AA@@A@A@CAA@AAA@@A@C@AA@@AA@ABC@ABC@A@@@AAA@ACAAAAC@@@EACAA@@AAAAA@A@A@@AE@AAA@@AA@@A@A@C@CACAC@AAAAAAAA@@ACAA@AAAAA@@AA@C@A@A@@ACAC@EAE@C@C@ABCBE@ABABCBA@@BA@@B@B@@@B@DAB@B@DABBH@DBB@BAB@BA@@ACGI@@AA@A@C@A@ABABABCBA@AAA@ABA@ABA@@@A@A@CAA@CAC@CAAAA@@AA@A@@@A@AAA@A@@AA@CA@BA@A@A@A@ABA@CAA@ACAA@AAA@AAACAAUSQIAAA@AAC@AACAAACAAAAA@AAACAA@AAAAAAAA@@GECAECCAKGECA@EBIFCBEJCDABC@ECCAC@ABABC@GCKAGAICMEYMGCE@C@GDE@A@CCEAC@CBGHEF@@A@A@ABABA@C@C@A@CBA@CBABA@ADAB@BABABABABABA@@@GDEDIH@BABC@A@A@A@GBIAC@AB@@CBC@AAGAGAAAIAA@ADC@ABA@ABA@A@A@A@E@CAAA@ABE@C@M@EAAAAA@EBC@E@A@AB@B@BABEDCBCBC@E@A@@@BA@A@AAAKGEAA@A@CBGBC@CBA@A@CAAAA@@BCDA@C@EAC@C@A@@BCB@BA@CA@@CAA@ABA@A@A@BB@@DBD@D@@BB@@BCD@B@BB@F@DBJD@@BB@@AB@B@B@BB@@BA@@BA@@B@@@B@@@BA@@@A@AB@@AB@B@@AB@BAB@@ABABA@@BB@@B@@@BA@A@C@@@ABA@A@A@@BA@CBA@A@CAACAF@H@BAFAH@D@DDL@PBD@FBF@HBBBBBBBDBBJLDDBDDBBDB@DBDBDBDBFBDDBDDBFDDB@B@@ABAD@BABAB@BABABC@A@ABAB@B@B@B@B@@C@@@A@AB@B@@ABA@@BAB@B@D@B@@A@A@AAC@AB@@AB@BA@@BABA@@B@B@@@@A@A@CA@@A@ABA@@@C@A@A@ABAB@BB@@B@@A@CB@@CBABA@A@A@A@@@C@CAA@CAA@A@ABA@@@AAA@A@@@C@A@A@@A@@AAA@@ACBA@@@ABA@A@CA@@C@@@ABABE@CBEBC@E@C@A@CAA@ABA@AB@FAF@F@DABADAFADBDADAF@DAF@DBF@DBDDHBBFBFBCFN@DAFCFEDCDBDDDBDBF@HBD@D@DDDDDFBDFFDABDBF@D@D@D@DAJAF@@ABCBE@EBADCHE@C@@BAB@BBDBBBBDD@@BBD@BABADEBCD@B@BDBDBDBDFBJLBJ@DBDHJHD@@@@@@@@@@@@DBJBNBFATGFAJ@B@@DBH@BA@@B@@@@@B@@@@@BA@@@@@@B@@@B@B@@@@CB@@A@@B@@@@@BB@@B@@@@@B@B@@@@@B@@@BB@@@@@AB@B@BA@@DHFFLHHFJRLpbp\\BBD@BA@CBCDBDBBB@BBB@D@DDBBDDBBDBBBBDBB@D@B@D@B@BBBB@DBDADAD@B@B@@@BD@BADAB@DBBBDDB@DBD@JBB@DBDBB@DBBDBDBBBB@D@DBDBBBDBB@@DBB@B@DBDFDBJBNHDBJ@NAHCJBNNNL@@DD@DDBBBDBD@D@D@D@F@B@B@DBBBD@DBD@DDDBDBBDBDBBBDBDBBBDDBDBDBD@DBB@BBBBBD@BBFDDBBBBDDBBBDBBD@BBDDBDBDBFBBBDBBD@D@DBDBDBDDB@DBBBDBD@D@BBDBBDDDBBBDBDBBDDDBBB@BBD@B@@BDBBDBDBDBB@JHDB@@D@@@BCHGDGFCDAH@FAFCDC@@BCDIBADABADADAD@DABABA@A@CACCAGAAA@ADCBEBE@@@A@@BABA@ABADA@@@ADAB@@@@@@A@@CAEEEKA@@CBA@IEM@CBADCDADAB@DABCFAD@DA@@@A@@CC@AAAAA@@AAA@@A@@@@AC@A@AB@BAB@@@@A@C@@@AB@@CBA@@BAB@B@B@@ABABA@@B@B@BBB@@@DA@@@ABA@@BAB@D@BAB@DA@@BAB@B@BBBB@@DAB@BABABAFAD@B@BA@@@@BA@AB@@@@@BABABAB@BADA@AB@@BB@@@AB@BBB@@BBB@@B@B@@BBB@B@@@BA@@@@BBB@B@B@@@@AB@@A@@@AB@B@@A@A@@@ABA@A@@BA@@@ABA@@DAB@B@@BBBDBB@B@BAB@BABAB@B@@@DD@@B@B@B@B@@ABCB@B@FBB@D@B@BBB@D@BADAB@FADAD@DBDAJCHCBAD@B@D@LFF@B@BABABIBCB@B@H@F@"],"encodeOffsets":[[100645,25099]]}},{"type":"Feature","id":"533103","properties":{"name":"芒市","cp":[98.577608,24.436699],"childNum":1},"geometry":{"type":"Polygon","coordinates":["@@@@@AAA@A@A@AA@AAA@AAA@AA@@AA@@@A@@@@@A@@@A@@B@@AB@@@@A@A@@@AAA@A@@@C@@A@AA@AB@@AB@D@B@BBFFBBB@DADALGF@@@D@B@@@@A@A@A@A@A@@DA@@BC@AAAAA@@@AB@D@FA@@@@@A@C@ABAB@D@D@BAB@DCB@B@B@@A@@@@AAA@AA@A@A@@BCBCBADCDA@A@A@AC@AA@@@@BABADAFADAJEFEBA@@@AAE@AB@BAB@@@@A@@A@AA@@@A@@BAB@B@@AAA@@@ABAFCBA@A@A@@A@A@A@C@@@CA@@@A@A@A@ACIAG@A@@@@BBDDB@BB@AB@BABCBAB@@A@@AAA@@@AA@@@ABIBA@@@@B@D@BDBDBBD@DBFDDBF@@@BBBB@@B@B@DALEDA@@DABBD@B@BAB@BBJFDBBBD@J@DBB@BBB@BAB@@@@@BBBDHFDBDBF@DBB@BDDBBBB@BA@@B@BBDBDBBDHHB@DBD@F@B@DABAB@B@BBB@B@B@BAD@DBDBDB@@B@HD@@FDDBD@B@B@DAD@B@BBB@DADABAD@FADAB@BCBEDABABBD@DBF@D@D@BABABCB@@ABABA@@B@BBB@@BBAB@DCB@@@B@BBB@BAB@@@B@@BBB@@BBHBBBB@DAFCB@B@BABABABA@CBABC@C@CBABCBABC@@AAEAGAEAAAA@EEAA@C@EBABCBANCFABCAE@AB@H@@A@AAA@C@A@ABAB@@AHABAFEDC@IBGBCDA@BB@D@DABABABAB@B@B@B@BA@A@AAAACCA@AAACAA@CAA@AACAAAA@AACAACAAAEAAAC@AAC@CACAAAAC@AAAAAA@AAAAAAAC@A@ABC@@A@@AAAA@CBABABCDABC@ABC@@BABABA@AAA@@@C@ABA@A@ABAB@@A@AAA@@AAC@@@A@AAAAAA@C@ADCDAD@DCFADCBAB@@ABA@C@AAA@A@A@ADADAB@BABABAB@BABA@CBA@CEG@A@ABAB@BABA@AAC@ABCDCFCBAB@B@D@@A@AAE@C@AB@@AAAAAA@C@AAAC@CAA@C@AACAA@CAAAA@A@ABABCD@BAB@@AB@BABA@ACG@AB@@A@AAGCCCAEAA@CA@C@@@@AC@C@C@CAAAAAC@CACACACACAAACAC@C@EBE@CDC@A@C@CBC@C@A@AAAAAA@@A@A@A@EDA@CDCBCDABCDCDABABCB@DA@@BC@CBC@EBEBCBC@A@CBAAABC@ABCB@BA@ABA@C@AAAAAAAAACCCAAACAC@CAEAAACAAAAACAAAA@CAA@A@CAAAA@CAAAAA@C@C@CAC@C@AAC@A@C@A@ABAB@BAB@BA@CAA@A@C@CAAACAC@CACAA@C@AAA@AAA@ABC@A@A@AAAA@@@@@@@@@@AB@@@@@B@@@B@@@B@@@@@B@@@B@BA@@@@B@@A@@@@@@B@@@B@@@B@@A@@@@@@@A@@B@@A@@@@BA@@@@BA@@@@@AB@@@@@BA@@@@B@@@B@@@B@@@B@@B@@B@@@@AB@@@@@B@@@B@@@B@@A@@@@B@@A@@@@BACGCECECCCCECEAAACAC@EAA@ECC@A@C@CBOBA@AB@@GDABE@C@E@EBC@CACAICEAAACCEAAACACCGEIGICCAGAG@EAA@AAC@AA@@A@@@@@@BAB@B@B@@@B@@AB@B@@@B@BAB@BA@A@ABABA@A@A@A@ABA@A@@BC@@BABA@C@ABABABABADA@A@A@ABA@ABAB@@ABC@A@ABA@AB@BA@@B@B@BAB@BABAB@B@B@B@B@D@B@BAB@@ABAB@@CB@@A@A@C@A@AAA@AAC@A@A@@@C@A@A@AAA@A@A@A@@@CAA@C@A@A@C@A@A@A@C@A@A@C@CBC@A@@AA@@AA@A@AAABA@A@A@ABC@A@@@A@A@@AA@A@A@A@A@CAA@A@A@AB@@ABC@C@C@C@@BA@A@A@C@A@A@ABAAA@A@A@@@A@A@@AA@A@C@C@C@C@A@C@@AA@A@A@C@A@C@AAC@CAC@C@A@C@EAC@A@A@A@C@A@A@CAA@A@A@AAA@A@A@@@A@A@CAC@CAC@@AA@AAC@A@A@A@A@A@C@AAA@A@A@A@A@A@A@AAA@C@A@AAA@A@A@A@AAA@@AAA@@@@@AAA@CAA@AAA@A@A@A@A@AB@C@A@AB@@A@AB@@@@@B@B@B@@A@@BA@@AA@A@@@AACAAAC@A@A@ABA@@@A@A@A@A@ABA@@BA@A@C@@@ABA@A@A@A@A@CAC@A@A@A@ABC@A@A@C@C@A@AAAAA@AAA@A@A@A@CBA@A@A@A@A@A@C@ABA@ABCDEDA@A@A@A@CBA@A@@@CBA@@@A@A@AAA@C@AAABA@A@A@ABA@A@C@A@A@A@A@AAC@AA@@A@ABC@ABA@A@ABA@@@A@@@A@A@ABA@C@C@A@CBA@ED@@A@A@C@A@AAA@AACACAC@@@@EC@A@AAAACAACA@CAEAABBEEBEBC@CBA@C@C@C@CBC@A@C@A@GBABA@ABAB@B@@EFADAD@F@L@BA@A@EACAC@EBEDCBEDAB@@C@C@C@E@C@EAC@AACAAACAA@A@ABC@A@C@CBAAIBKBGFKTCDA@@@A@AAA@ACA@ECC@E@AAA@ACAACAC@AAAAAC@@AAA@C@ABA@A@EAC@CAA@C@A@C@@@C@AB@DARCFIHGDEBAD@FCD@@BBBBBBBBB@DBBB@BBBBBDBBBDBBBD@BBB@BBRJVTBBBDBBB@BBB@DB@BBB@DAB@B@B@B@BABB@@DBB@@@BBB@B@B@@@BBB@@BBBB@DBD@DBB@D@B@B@@AB@BAB@BBB@BABADABAB@B@B@D@BBB@@HJBD@@ABA@ABA@CAG@AACBA@A@CBA@@@A@A@@@AB@@ABADAB@BAFAD@B@D@DBF@FBDBD@@@B@B@DBB@@BBBB@BBBBD@@BBBBBBBBD@DBDBD@B@B@@@BB@@BB@BBF@@@B@BBBBB@BB@DBFB@@D@BBBBBDB@BB@@B@D@BAD@BAB@@BB@@B@D@BB@BBB@DBB@B@@@BBB@BBBBB@DBB@D@@@BBB@@B@B@B@B@B@@@BB@@B@@DF@B@D@@@B@DABA@ABABABA@@B@B@B@B@BADA@AD@BAD@@@BBBDDBBBB@@B@@@B@B@DABAB@@@BA@@B@B@@BB@@BBBBBB@BBDBBBBBDBBBBD@BBDBBDBBBBBDDBBBBBBB@BB@@BBB@BB@@BB@BBD@B@BB@BD@BB@BBDBBBD@@BDD@BBB@@BBB@BBDBB@BBB@BDBBFF@@FDBBBBDB@@BB@BBB@@BBB@@@BAB@BA@@BABAB@@@D@B@@@B@DBB@DDB@DBBDDDBBDD@BBBB@B@BBB@@BBDBDB@@BB@BBB@@@BBBBBBB@B@B@B@F@B@B@@@BDBBBB@B@B@BBB@DBB@@BBBBBD@@@D@B@B@BBBBD@DBB@BA@@B@@@BB@DB@BBBBD@BBD@BB@AB@@@B@BBB@BB@BBBB@@BBBB@DB@BBBB@@B@BBBBB@@BB@@@D@@@B@@@BB@B@@AD@BB@@BB@B@B@@B@BBB@@BBB@B@B@BFDBBFBBBF@DBDBB@D@D@D@DBB@B@BADABBD@J@B@@BBDBDBB@B@@BDJBBBD@BAB@@@@AB@BBD@@@BA@C@@@@@@B@@AFBB@@@@B@B@B@@BDB@@@@B@BABAB@@@B@@@BDB@B@@@FCB@D@BAH@D@B@B@DAB@B@@@@B@@CBADAD@BA@@B@@@B@B@@AB@@@@@BB@@@BBDBBBFFBDBDB@@D@BAB@BBDBF@F@B@BB@DAFCB@@@B@B@BDB@B@D@@@DADCB@D@D@F@B@B@D@B@BBB@B@D@@@DBB@@@DA@@B@@@B@BBB@@AB@B@@@BDBDBB@@B@@@B@BAB@B@B@B@H@F@BBBBD@@DBD@@@BB@B@D@B@B@B@D@B@@B@@@BAB@@@BBBB@@BBB@BADABCDAB@BBL@BADABHP@HADABEF@@AB@B@DDL@D@@BBD@D@JD@BD@BBDDDH@@B@@@BADA"],"encodeOffsets":[[100786,25250]]}},{"type":"Feature","id":"533123","properties":{"name":"盈江县","cp":[97.93393,24.709541],"childNum":1},"geometry":{"type":"Polygon","coordinates":["@@CGAOA@CGACAC@CCCAAAA@AIMKQECAACCAA@CAAAAAACACCACAAE@CACAAACAA@AAAAAEAC@A@G@C@AAAA@EECAA@E@A@@AEGGOEM@AB@B@@ACEAI@I@@@AD@BAHABABADCHGFCJGBAFKBA@CAAAC@@BADCBE@CBC@GDEBCBE@@BEAC@@@AA@A@A@A@AACE@C@ABADABABAFABABABC@ACAKGAC@C@ADM@AACBA@AB@@AB@D@B@B@BA@ABGBEBADABABABCFG@@BCBAAGBA@@BABA@A@@@@A@CACBC@CACG@@E@A@C@A@AA@AAA@I@A@AGCAE@A@ADC@@BAA@AAAAG@CACGAACAGBC@AAAA@AA@A@A@CACCCAC@A@C@EBABA@AAIBIBC@A@@A@ABA@CAEAAAACAAACCEIEAACACAGCAEAAAAAAFAFCD@BBBHBDBBD@D@BABABCBC@CBCBABCBABCJAD@@CDEDEBG@CBEDCHGHAD@@C@@@CAIGA@CACACAAAAC@@@AAC@AAACACCAAACACAACCACCAAAC@C@CAAACAA@CCCACACAC@C@AAACAAAEACACCCAAC@AAACAACCAAAACCAE@AACAAAAA@CAC@CACACAACAAACACAAACACCACACCC@CAC@AACAA@A@E@C@C@C@C@CAAACA@CCC@@MKMMIAGDMBI@CAMGIACACECAA@A@CA@@AAACAAAC@C@CAAAAACACCAA@CACAA@IAC@CAA@CCAACAA@CBABC@@A@@@A@ABCBCAC@CAAAAA@C@A@C@A@CAAAAAACCAACCA@C@CAA@AAACACAAD@DABC@AAo[oaQKEIGGEKGE@CB@@A@ABA@@@@A@@A@@@A@@@@@A@A@@@@@AA@@A@@@@@AB@@@DA@@@@@A@A@@@A@@@@B@@A@@@@@A@@@@@AB@@AAG@CA@I@EBSHEBMAIACA@@@@@@@@@@@@GCGIAC@CAIIKEAACACACACA@C@ADCFABABC@AA@@CCAAAAAC@ABA@AA@GDC@CDCFAFCFEFAF@DEFBDDBFBBDCBCDAF@FADCD@F@F@DBDBD@DCB@FBBCDCBCD@BABAD@@C@[EYEYE]GGAC@A@A@CBABA@CD@@A@A@@@IEAA@@AEA@@@A@A@QJABA@A@A@@ACA@@A@@@A@AB@@AAGA@AA@A@A@@@ABA@OCA@GBA@ICA@EAA@AAEAAAAA@FA@@@@B@BB@BBBBBB@@@BA@A@@@A@A@@BA@@B@BBDBBBDBDBBBB@B@B@B@B@@BBBB@@BBBDBB@DDDBBBBBDBB@@BB@B@B@DBBBD@BBBBB@@BB@B@DB@@B@DBB@DBB@D@D@BAB@B@BBB@B@@@B@B@BAB@DBB@@@B@@@B@@BB@D@BAD@BAB@BBD@@B@BBB@@B@B@BBB@B@D@BABBD@B@D@D@BBB@B@B@B@D@@@B@B@F@DBB@BBDBB@B@B@B@DAB@D@B@DAD@DBD@B@B@@BB@@BB@@@BBB@FBD@B@DAD@B@B@@@B@@BDBDBBBBBB@BBB@B@B@@AB@BA@@@AB@B@@@BAB@@@B@BBB@B@BBB@@BB@@B@@B@B@@AB@@AD@B@D@B@B@B@BAB@B@B@B@B@B@D@BBB@@@BBB@@@B@B@BAD@BAB@B@DBB@B@BBBBBB@B@@@BBBB@B@@@B@@@B@BABAB@@A@A@AB@@A@@B@D@B@B@B@B@B@@@B@B@D@B@@BB@@AB@B@B@BAB@BBBAB@B@B@B@B@B@B@B@BAB@BAB@BAB@BB@@D@B@@@BBDBB@DBB@B@BBB@B@BA@@BAB@B@BBB@B@D@@@@@BAB@@ABA@@@@BAB@B@@AB@@ABA@A@@@AAABA@A@A@ABC@AB@BCBAB@BA@@D@B@@@B@B@@A@@B@@@BB@@BB@@BDBBBDDBBBB@@B@BD@BB@B@BB@@B@BBBD@B@B@DBB@B@BBB@BB@B@BB@BBBB@@BD@BBBAB@B@BBB@B@B@B@B@B@BAB@D@BADBB@B@BBBBBBBBBB@BD@B@@@B@BBFAD@BBB@B@BBDBB@D@@@D@B@@@BB@BBD@@DB@BB@FDFBFDB@BBD@DBB@DBFB@@@@BBB@BBB@B@@@BABABBB@@BBBBB@BBBBBBDBBBDBBBDBDBBBDBBBBDDD@ABBB@BBBBBDBBBBDBBBBBDB@BBB@@@BAB@B@DBB@DDF@BBDDBBBBBBBBBB@B@B@D@@BB@@DA@ABCDCDA@ADAFAF@F@DADAD@D@D@@ABA@C@A@@@AB@BB@@B@BABBB@BBBBB@D@DBDADADAD@DAB@D@D@DBFBBABABAFBFBDBBBDBBBBBBBBD@BBBD@BBDBDBBBDBBBBBDBBBDB@BBB@@ABB@@B@B@B@BBB@B@@BBABABABA@ABA@A@A@A@@@AB@@AB@B@B@D@B@BB@@B@BA@ABABA@@D@@@BAB@B@@@BAB@@C@CBCBCBABABA@ABA@@@C@A@AAA@AA@AAA@@AAA@A@@@AB@@@@CBA@AB@BAB@BABA@ABAB@BA@A@ABA@A@@BA@ABAB@BAB@@AD@@@BABAB@BAB@@ABADABABC@ABA@CB@BAB@BBB@B@F@B@B@B@DAF@D@D@DBBBD@BBD@DAD@D@D@DBB@BABAD@DCN@D@BABEB@BGDAD@B@BBBAFCDAD@B@BBBBF@B@B@B@BBB@B@D@BCB@B@BBBB@BB@@@F@D@F@D@D@BAB@BA@@BDNBF@DDHBFBDBD@B@D@BBF@@B@@BAD@@@BBD@B@BADA@BH@D@BAB@B@F@B@BA@AB@B@B@B@B@@ABAB@B@D@@ABAB@D@@@BBDB@@@B@B@BBDBDD@@B@@AB@@C@CBABABAF@DAD@BBD@DBBD@DDJDD@BBBDBB@B@B@BBBB@BBF@BB@DDB@@FBBB@BBBBBDDFDDDFDDBB@B@B@B@B@DBFBFBDDFDDBB@B@F@BBDDDFFBBBB@BB@FB@BBB@B@B@BBDB@BBBB@B@@ABC@@B@B@@@HBDB@BBB@BB@@@B@BAB@B@B@D@DBD@BBBDBBDBB@B@DBB@@@D@@AD@@@BFHDJDJBD@FBDDDDD@B@@AB@D@D@BBDBBDFHHBDBDBFBBBDBBBB@DBD@D@H@FBBBDB@BBDAD@DADADABADADABADAD@BAD@BBD@B@DB@ABABAB@BAD@BABA@ABA@ABCBABCBABCBA@CBADABABABC@ABABABADABABABCBABABCBABCBCBC@ABAB@DADABAB@DABAB@D@B@D@DBDBDBB@DADBD@BBB@D@D@B@D@D@BBBDDBDBBBBBBFBBBDBDBBBBBBBDBB@DBBB@BABAD@BBD@@BBBBDBBBDDBBBBDDDDBDBDDBBDBBDBDDBBFBBBDBDBBDBBDBBBDBBD@D@BBBB@D@BADAD@DAD@D@DBDBBBDBDDBBBBBBBDBDBFBDBD@B@BGD@DAD@FAD@D@F@DBD@F@DBFBD@B@DBDBDBDBBBDBD@BBBB@DBB@D@D@B@D@B@DBD@DDBBDBDB@D@D@B@B@D@B@DBB@@B@ABCBA@A@ABC@ABCDABAD@D@D@B@D@@A@C@C@AACACBABCDABADCBA@C@E@C@E@CBCBCDCBCDADADADAD@B@D@DBDBFBF@D@FABADADAFADABCBCDEAE@ABCBCBABAB@B@BBFABCBCFCFCFADAFADCFADADCDAB@@AAC@A@@@A@C@@@AAAAAACAE@@@A@A@@@AA@@@AA@E@C@@@ABC@@@C@AB@BAB@@ABC@CB@@A@AAC@AAACCACACCA@A@@@ABA@@@A@A@@AA@@@A@A@@@@C@@@@@@A@@@A@A@@@AA@AAA@A@A@@@AC@@AAAC@@ACA@@A@A@A@AA@@AA@CA@@AA@@@AB@BABA@@@A@@AA@A@AB@BABA@A@@@@@AA@@AA@@A@@@@BABABC@ABA@AB@@AB@@@DABA@@@A@ABAAABA@@AC@A@AB@@@BA@@B@B@B@@AB@@ABAD@D@D@@@B@D@D@B@DCBABC@ABCBA@A@@BADCBA@ABAB@DAFEDADCHEDAFC@@BAB@DGBCDADBBBB@FDBBBBFBDBDB@@FAFADAHIBEDEDEBCFK@E@AAAAAIAEGGECGESAO@CAEAEACACACCAAAEG]o@AAEAE@A@A@ADC@GBCGc@IAGBCB@FAFCB@DCNMBA@A@A@AA@A@CBC@AA@A@GBEBGBEDEBCHE"],"encodeOffsets":[[100601,25521]]}}],"UTF8Encoding":true}