{"type":"FeatureCollection","features":[{"type":"Feature","id":"530622","properties":{"name":"巧家县","cp":[102.929284,26.9117],"childNum":2},"geometry":{"type":"MultiPolygon","coordinates":[["@@FCDCDADCBADC@AB@D@BAD@B@BCDCB@D@D@HBFBFBD@DADADADAB@B@B@BA@CBAFABADCBA@A@@BA@@AI@ABA@ABE@CBABABCBCBADC@CBABCBC@CAIBG@CAAGK@A@CBGBC@AAC@ABCFGDG@EBGBC@CACAC@CBC@C@E@A@CACAA@AA@@A@ADC@AAE@A@C@ACCCEEGAA@AAC@C@@CAECAAA@A@AA@AGCAACAAA@@@AACCACA@AAC@ABGDCDAJMDC@A@A@C@A@AFCDADAB@BCBCBAAC@A@ABABCBA@A@A@AAC@A@CBAFABABADCB@@CAA@A@@DEBABA@@AG@CBADC@@BAB@@@BAB@BAB@D@@AD@BA@ABC@ADEBA@ABEBAB@DABCB@@A@ABA@ADABAD@DAD@B@BBB@D@B@D@D@B@B@D@B@D@D@@@DAD@B@B@B@B@BADAB@B@B@@@BCBA@ABC@ABA@ABC@CA@BA@A@@BA@A@A@AAA@C@AAA@AAA@C@ABA@A@AACACACA@@AAA@@AAAA@AAA@A@A@A@ABAAAAEAA@AAACECEAA@A@ABE@A@A@AACACCAAACAA@@CAA@A@ABCBCBADAB@@ABA@A@A@A@@@CB@BADAHAFCDAD@BAD@@@B@@@BABAB@D@F@B@DAD@DABABADCDABC@AAC@A@ABABA@@@C@@@@B@BAFABABABABAB@BADBBBBB@B@B@D@B@BBBB@BBBDBBHHBBBBBBB@FBB@BBBBDFDFFH@DBB@FBFBBBDBDBFDDBDB@D@DAB@B@D@JAFABABABC@AACAE@A@A@C@ABABAD@F@F@D@B@B@D@BAHBBAB@DCB@FABAB@BADC@A@CBC@ADC@AAA@A@A@A@C@A@E@@@@AAAAA@AAAAAAAA@A@ABCFA@@HADAHEFEHKFG@IKK@CBA@@DGBC@IAC@ECGACACAGCICECA@@CCCAAA@CA@@AAG@AAEAA@C@C@C@@@AAAAACC@AG@MBEDGBCE@CDELCHADC@E@G@EAA@CBCEACG@@@@@@@C@EACCECGEEGGCCEC@CFIBCACCMAEAIAIEEIG@E@@@@AIGUKKAIDIJIDGJGLCFEDG@KKMAIBA@CFCJBB@F@DA@CCAEC@CBCFCJCFC@ABECEGCG@IFQDKBIDANFTADEBK@MEKGGMSMEAE@C@EBCBCBGFKFEBABA@CDCLGFABA@@AAMAAAAEA@@C@ABKBCBC@C@I@I@GACGAA@@@@AAIBUFCBCACACCAA@IAE@CAE@CACAADEDCFC@A@AECCCA@CEACGGAE@EAACCG@CC@CFGHGBG@ECCEECCAEG@CCAA@ABC@AFGBCAA@CCCCAIGICCAACE@EAICMC@@A@AAA@CAA@@@C@@@@@A@@B@BC@AD@B@@AB@B@@@@CB@BA@@@A@A@CBABA@A@CB@@ABA@@@A@@BA@A@@BA@A@CBA@@@CB@BA@@@A@@@ABA@@@@B@@AB@@@B@@E@C@GDEDIBE@EAECGA@CBGACCG@ACAICIGICEACDCDE@GAEACC@CDADA@CCAICKEAA@ADAD@DCAC@SDIBECEGGAE@E@IAK@IBGDGFAJ@RDDABA@AA@E@E@EAEAMC@BGB@BABA@AD@BABABE@BDBB@B@DAD@DABADABABC@C@C@CACAE@ABA@ADAB@@ADADAB@D@DAF@D@DABAB@DADABABABABADABCDAD@B@D@B@@BBD@DBHFBBBD@B@DAD@H@DAB@DAD@BBB@DBD@D@B@DABCD@D@FADAD@BBBDDBD@B@DAB@D@B@DBD@B@D@B@DCDEDCDCBABEB@@ADA@@BA@@@CBA@A@AB@@A@@B@@AB@B@@@BBD@B@@@DAB@B@@BB@B@BBB@B@@@B@BAB@B@B@@@BB@BBBBB@@D@B@B@DAD@B@BABAB@@@BCBABEDA@ABCH@BAD@B@BB@B@B@BBBBB@@B@@@BBB@@AB@B@B@BABABA@CBC@ADAB@D@B@B@BAB@@@B@BADABAB@DAD@DABADA@@BAB@@@BAB@B@@@B@@BBB@@@BBDBBBDD@D@BABEDCBCDADADCD@D@D@@@D@BB@@B@@@B@B@B@@@B@B@B@B@B@BAD@BCDABCDCBABAB@BADADADAB@@@DBBBB@BBB@D@B@BADADCBCDCBABA@A@@@C@AACBGBCB@@ABABADCDAD@BCFADADABABCDABABABABABAB@@@B@BABGF@@AB@BA@ADAD@DABADADADABABADAB@D@BA@@D@B@BA@@BA@ABCBABA@ABA@EBADABAD@B@D@B@BBD@B@@@BCD@DAB@B@BBF@D@B@BCD@BCDABAD@BAB@DBBAF@D@F@D@BDB@BBBBF@D@DBD@BBB@F@DBDAD@B@DAD@F@D@DBB@D@B@D@D@DCFADEFCDEDEDEDCFCDCBAD@B@B@BBDBBBB@DDBDFBBBDBD@FBDBD@D@BBD@DBD@BBDBB@BB@BB@BBBDBBBDBBDBBBDBB@D@BAF@DBD@D@D@FBDBBBFBDBBBDBDBD@DBDBDBD@D@DBJ@@BF@FBD@DBD@@@B@D@F@DADAF@BBBAB@BADAB@DAB@BAD@DADADAD@DBDBBBD@B@DBB@BADABADADAD@DAD@DAB@BBBBDBB@B@D@D@D@B@DAFBF@D@D@D@FAD@D@DADAD@DADC@CDABCBCDCBABCB@B@DAB@BAB@DADAD@B@FAF@B@F@DBB@DBD@FBB@DAD@DAB@DAD@D@B@D@BBDBBBBBBDBBBDBBB@BDDBBBDDDBFBDFRHPBHBHFNFHDFBFBDFFBHBHBFHJHHFJDLDNDHBBDFBDDBBBB@D@B@B@@@B@B@BA@CBADE@CBG@CBCDKBCDCFGBADGBAFCBAHGHCB@F@DBDBHBDDDBFBF@JFHBF@LFFBFDBDHDBBDFDBFDHJFDDFDDDDBBF@DBD@D@FAFADADCBEDCDEBAB@HBD@FBF@HAHAHBDBFBFBFFDBFDHFDFDBHDFBFDFBBBDD@CBABA@ADE@C@CBEDGDEHG@A"],["@@A@A@@BAB@BA@@@@BA@AB@@@B@@B@B@@@@@BABA@AB@B@B@B@@BB@B@DBB@D@F@B@D@@@@@@AA@AAC@CA@@CBAAA@A@A@@ACAA@"]],"encodeOffsets":[[[105632,28054]],[[105876,27375]]]}},{"type":"Feature","id":"530624","properties":{"name":"大关县","cp":[103.891608,27.747114],"childNum":1},"geometry":{"type":"Polygon","coordinates":["@@BCBABCBCDCFCBE@E@CBCB@DCDADABCBC@A@CBCDCBADCBCDCDAFAH@H@BABE@CAE@E@EAE@CAC@CBEBC@E@AAA@C@C@A@CCAEBCAE@ECECCCCC@EAEAEAE@CAEAE@CAC@EBADC@E@CAAAACC@EAC@CBCBCB@DCBABC@G@EDABAFCDAF@DAF@D@D@BA@C@EBCBABABC@CCAACCACAAAAA@CFAD@H@J@HBDAFADABABABC@C@CBABC@E@E@AEECCACBGDEB@DADCDABA@@BABABAD@NBD@@AA@AA@@AA@@A@@A@@@@A@@AA@@@@@@@A@@@@@A@@A@@@@A@@@A@@@A@@AA@@@A@E@E@ABA@C@C@A@A@A@A@@@AI@G@@ACACEACCAA@AA@CAA@AAAAAA@A@A@ABA@CB@@ABA@CBA@A@A@ABA@ABABC@ABA@@BABAB@BABA@@BA@ABA@ABA@@B@DAB@B@B@B@B@B@D@DBB@B@DBB@BBBBB@DBBBBB@@B@BB@@BB@@BAB@B@@A@A@A@A@@ACEGEGBO@CBCB@DAFAHADABADAB@JBB@B@BA@E@E@@BA@ABA@ABC@A@A@A@A@C@@@A@ABA@A@ABAB@@ADA@A@CBABA@ABCDCBAB@BAD@BAB@BABA@ABA@ABA@ABABAB@BAB@DCBAB@BA@A@A@AAAA@AAA@A@AAA@C@A@A@A@A@IACACC@C@CBEBC@MCAAA@@ICA@@BA@@@@@CDIHEBGAKC@@GAC@AAACACAAACCGAAAC@AA@@CAA@A@C@CBABCBA@A@C@@ACCCEACAA@A@C@CAA@A@AAAAAE@CAC@AECACAAAC@AAA@A@AAE@C@AAAAAC@AACAAAC@CCAABAA@A@A@C@@@@ABC@A@E@A@A@A@CBABA@A@E@E@CB@@ABA@A@AAC@A@@AABA@AD@BAB@BEBABA@ABAAA@E@CA@@AC@A@A@@AAAAAA@A@C@A@A@A@A@A@AAA@CA@@A@@AAECECEAAAA@@AA@AAE@A@A@A@A@ABADCDABA@C@AAC@A@A@@BABABABADADAB@BA@AB@@CBCBC@ABA@@ACAA@AACACACACA@AA@ABCBABA@A@CCIAA@@@A@C@A@A@ACEAAAG@@@A@A@A@AAA@AAAAAAC@@AAAA@@AAAAEAAA@CAACA@A@CCAACEAC@@@A@AAA@AAAAA@AAAACGCCGCKCGCGGECAAECAAA@AA@@ACCACAICCCCACAECA@C@A@A@CAA@@D@@@BB@@B@BBBDJ@FBDBB@D@D@D@JFJDLFF@F@BABADA@I@A@A@C@A@A@CBA@AB@BABABAB@@ABADA@ABAAC@CAC@A@C@AACAECAAA@ECAA@@A@A@BI@CAAAA@@AA@@A@AAA@A@A@@@A@C@A@@B@D@BAB@@A@A@C@A@AACCCCICCAGGAAAAA@ABA@ADCBGDA@AB@B@BDF@B@BAB@B@B@@DBDB@@@BA@ABC@A@ABABCFABCBA@@BADCBABCFAB@@ABA@A@AAA@ABABA@@@CAAA@AAA@@AA@A@@AAA@A@EAA@ABCBA@A@@@AAAACA@@@ABCAA@@@@C@E@C@A@C@C@A@C@C@C@AC@@ACAAACCA@@AAABCB@BABABA@@B@@@BB@BBFBBBB@BDABA@ABABABBDAB@@ABAB@BA@ABA@@@@B@D@BA@@B@B@@BB@@@@@B@B@B@BA@@BCD@@CBC@@BCBA@@BA@@B@BA@CBCBADCDAB@BAB@FA@AD@@AB@BBB@@@B@D@BBD@B@D@@@BAB@@AB@B@DBD@@AB@@ABA@@BA@@B@B@B@B@FAB@@@BDD@BABBD@B@@ABAD@DAB@B@BBB@BBBBBBBBF@D@B@B@FBBBB@B@D@B@BBD@D@@@B@@ABAB@@@B@B@@ABA@@BA@@B@@BDAB@BABEBABCBAB@BAD@D@@@BA@A@A@@B@B@D@@@BABA@CBA@ABA@@B@DABADABAB@BADADABAD@@@@@BB@BB@@@D@@BBB@BBBBBB@D@@BB@@BB@B@BBB@@FBB@BBDBDDB@B@BBBBD@B@@@B@BABAB@B@B@DADA@@B@B@D@DAB@BDB@BAD@DA@@BBBB@B@BB@DBDB@BBDBB@@BBB@B@BBFDB@BBDDB@DABBB@BDBB@@DABB@BB@@BA@@B@@@B@B@BCD@@ABABABCFAB@@AB@BAB@B@B@BBB@BBB@@BDBBBBBBBB@D@B@B@@ABA@@BABA@@@@B@D@B@BBB@B@B@D@BABAD@@ABCB@@AB@BABBB@BBB@BB@@B@DAB@D@B@B@B@B@B@DABABABCB@@GB@BAB@B@D@@@BBB@B@B@D@B@@@B@@ABA@ABA@@B@@AD@BAD@BABADA@ABCBA@A@A@A@A@@@CA@AAA@@AA@@@@A@ABA@ABCBA@ABABC@CBABA@EFAB@BA@A@C@A@@@A@C@A@@BB@@D@B@B@DA@CAC@A@E@A@A@C@@@ABC@CBAB@@ABABABA@AB@BAD@B@BABAB@BAB@B@B@BBDBB@@@DBB@BAD@BABA@AB@BABADABAB@DAB@BAB@D@B@@@@BBFFFDFHDHB@@DBB@BAB@BCBCBC@KIE@ABABADADADADADBDDDDDFBDDBDBDFBFDBBDBFBFBB@DADCBABADAH@FBB@HBFBB@BB@B@B@@@D@D@DBF@DBF@F@D@FADBDDBDBBBDDDDD@D@DADCDAFCHAF@DBDBDBBBDBFDD@DBDABCDABAD@HAJAF@DBB@DBDDDBDDBDBFABADAB@DBBBFDBBDBBD@B@DAD@D@FDFDDBFDFDB@FBDBBDDDBBDDDBDBJDHDBBBBDFD@D@D@DAF@HAD@F@BCDABCBCBCBCDADABADABAAEAABEBAD@BBBDDDBDDDDBD@F@FBBB@D@DBBBFBDDB@FABCBCFABADAF@BADAFCFAD@DF@NAFDBBAD@@CBCBKDI@C@CDCDAH@B@B@B@F@D@D@F@DADAFADAF@F@DBD@BADCD@B@DAD@DAFBD@H@B@DADAB@D@DDBBDBBDBD@BAJ@D@FADBDBDDD@FBF@BADCBADADAF@HAFAFAFABAFABCD@F@DBD@DBDF@D@DBBBDBFBDD@BBD@D@DBDFBBDBFBD@"],"encodeOffsets":[[106489,28921]]}},{"type":"Feature","id":"530602","properties":{"name":"昭阳区","cp":[103.717267,27.336636],"childNum":1},"geometry":{"type":"Polygon","coordinates":["@@@BABAB@@ADCBAB@BAB@B@B@@@B@B@B@B@BADBB@@@BBB@BBB@BBBB@BB@B@B@B@BBB@@DB@BB@BBB@BBD@BB@BBB@B@B@DBB@@@@JDLBVFJBFBDB@B@D@@@D@B@BABABABAB@BC@@BABABABA@AB@BCB@BCBAB@BADA@ABABAB@BABABABC@ABABA@@@I@WFKB@BABAB@B@DAFABAD@FDHJPDLANADADIHADAFGHE@A@AC@C@A@@C@A@@@C@@A@ACA@AA@AAAAA@AAA@A@C@CBA@C@A@C@A@@BA@@BA@ABA@@BA@A@A@A@ABA@ABA@CBCHGFMHC@GE@@@AAAA@@@CAICCEAAAAC@@B@BABAB@@C@AAICGCC@A@CBEDC@AA@G@@AAA@@@A@@@CB@@CBA@ABCDKBEBGAAAIIAAE@CAIACBEBADAD@FBDDFDFBFBFBHBDBF@D@FBDBFDFDFDDBFFFDFDJ@BDFDFDDDDBHAB@FDDBBDJ@FAFIPCJ@H@FJZDJDD@BAFABCDABAFCDADCDABCDABAFCDCHCDADCD@D@DBBBDBDBFBDADCDDFBBBF@L@JABAD@@EBCBCBCD@FBBDF@@BDBHDD@BB@BBAB@@A@A@ABA@ABAB@BA@@@A@@BC@CAEE@@CAAA@ADA@A@AA@A@CHCDA@CBA@@BADAB@@ABABA@@BA@B@@@B@BBD@B@@@@B@@EF@HBHFF@BCDCD@D@DDF@DCBABCDCDCBCDCBEDCCBCACACCCCCAE@C@A@@@E@C@CCEA@ACABA@AB@@ABC@AB@@AB@@@B@BA@@@ABA@@@@BA@@@A@ABABC@A@@@C@ABABAB@@A@A@AB@@@@@@A@A@A@@@CBA@AAA@ABA@@@CACA@@A@@@AAA@A@@@A@AAA@AAA@AA@@A@A@@@@@A@@@@@@@@@@@A@@@@@A@@@@AA@@AA@@AC@@@AAA@@@AA@@@AAI@C@GBCDCAC@C@CBCBEBEBCDCDCF@DADADABCBCAG@CACCCAEACCACAGAAAC@C@AA@A@AB@@A@ABA@@BC@A@@BA@@B@@@CAAAAA@@@A@A@A@A@A@@@AB@@AB@@ABAFAFABADEDADCD@BCFABA@A@A@@AAA@A@A@A@A@KBAA@AA@@CDA@@@AFCBAD@DAHEDEFELKDABA@AAAC@OCEAGAGI@A@AFENEN@HCBAACACCCCACE@GBCB@@@DGDC@A@ACCICAAA@ADIPCDCBC@EEAKACACC@GBCF@DEBE@C@AA@CBAAAAA@A@ABABC@CAEA@CAEAACBCDCDC@CCACBEBEAABABAFEBCBGBGDEBC@CBCDCBCDEBADAFADADABADCDABCDADADCDCF@H@DCDABG@EB@@E@C@CB@BABAB@B@B@DAB@BA@IDABA@@B@BBBJFBB@B@BA@A@CBA@A@CDCBCDABADBD@DEDCBCBC@C@CB@B@D@BGBCBEFEBADA@A@BCAC@@CAAEA@A@A@@BABA@ACAABGACA@CAA@A@@BBDBF@FEJADA@A@KGC@A@A@@B@BA@CAAA@ACAA@CKCAE@C@E@C@@@ACAAA@A@A@E@CBAAECA@E@C@CBE@C@I@@BGHCFCHAF@D@DCF@BABAB@DBBBD@F@D@F@F@HAH@F@D@DDDBDBDBFBFBDDBBBBBBDDHDJDBDFDDBB@DBFBBDB@BB@BBB@D@BBDBBB@D@F@FBDBFDFBFBDBDDDDFDBFBDBHBHBFDBDBB@FBDFFBFBB@HDJ@HBHBDFDHDNDFBF@FAFAJ@J@D@F@DAB@BABMDCBABCB@@@FCFCF@B@@@DCDADERODCFCDCFCFC@@DAFAFAHEFADCBAFAFADABEBCFEDCDAD@BD@DBBFBNGF@L@HBLJLDPDBB@F@JAHEHEL@J@FBDLF\\LTFH@J@HBF@D@B@D@LAD@D@DB@@F@HBDBBB@BAB@D@BBBDJ@DBDBD@@BBHADAH@DCFCFCFADADADAF@DCJADAF@BABADCBADCB@B@BBBBJN@BBD@B@B@@BF@@@B@D@@@D@B@B@@BBB@D@FBDADAB@DADA@CBA@ABAB@@@@A@ADCB@B@BBDBB@@@BC@@AAAC@AAACAAA@ABAB@DB@ABA@A@AA@CA@A@@BCDCB@AAA@AAAA@A@ABC@A@@@@@@@@@AA@A@A@@A@@BC@ABAB@DAB@D@B@BAAACA@AB@B@BBBBB@DCBA@A@AB@DBB@BABABBBBBBBABAAAAC@@BAB@FDB@D@B@D@BBDDB@DBFBF@B@BBDFBDFD@DB@@B@@@BABAB@@AB@B@B@@BB@BB@BBB@@BB@D@B@D@B@B@D@B@@BB@@B@@@B@BABA@ABEFMFCDABAHBB@@@@BDBB@B@@@BABABCBABAB@@BDBDB@BBD@DANGLCJED@B@BB@BCP@DDJ@DBBDBJBHBDAB@B@BAD@BABADABCBADABABAB@BA@@BAB@BBB@F@D@BB@BDDB@DBB@B@@B@BAB@D@D@F@@A@@BA@@BA@@B@@@B@@AB@@BB@BD@D@B@D@BAB@B@DBBAB@D@BAB@BAFABAF@B@B@B@F@B@B@D@F@BBB@B@B@DAB@B@D@@B@BAB@BAFAD@@B@@@@@BBD@BBBBBB@BBDBBB@BBB@D@BA@@@@B@@@B@DAB@@@F@B@H@F@H@D@B@DADEB@B@DBJDDB@B@BABABA@BDB@D@D@DBBD@D@D@D@BBBDDBDBB@@@BB@B@D@@@D@BB@@BA@@BAACBABABAB@BAACA@AAEAAAA@@A@@@AB@BABA@ADABABB@@DBBDBBBD@@BDD@D@D@B@D@D@B@D@F@D@@@@@BBAD@B@@DBBBBB@@B@B@DABAB@FBB@B@BB@@@BBB@@BB@BBBDB@@B@BABAB@BBB@B@BA@@BADEBADABC@AB@DABADEBABAB@D@BAB@@A@@CACA@@@A@ABA@A@ACE@A@ABAB@HCDABCB@BAB@BBBBHHDBJDDDDDBBB@D@B@B@@@BA@A@C@AB@D@B@@@B@B@B@BBB@@@BB@@BBBB@DAJB@B@@@BBFDB@BBFDDBBBD@B@D@DBD@BBBAB@BCBA@@BABABA@ABAB@DAB@B@D@B@B@J@B@BCBA@A@EEECKEI@I@C@C@CAAAC@ECIAA@A@AA@@A@@@CAAAA@@@A@AAA@@@AAAAA@AA@@A@@AA@A@AAA@A@@AAAA@AACA@@A@AAA@A@ABC@A@@BABA@@DAD@B@@AB@@@BABABABC@CAAEAECCCEKAACAAAAAA@AAAAA@CAAAAAAAAAACAA@A@AAA@A@@@AAA@AAA@@@AAA@@AAA@A@AACAA@A@AAA@AA@A@@AAAAA@AAAAA@@AA@AA@AAAAA@AC@M@IACE@K@A@A@CBA@C@A@C@A@A@AAA@AAABC@A@A@A@ABA@AA@@AAAAA@AAA@ABA@ABA@ABABABA@@B@@@LHFAD@BCB@@@B@B@BAB@BC@CB@@A@@BA@AB@@AB@BA@AB@D@BA@@BA@C@A@AAAAAAA@AAA@E@CEEEGAE@CDCFCB@B@BADADCBABA@@BAB@BADCB@FB@@@@@ABAB@BCBABAB@@A@AB@BA@@BC@@ACAA@C@C@C@G@@@E@A@AACBA@A@CAC@C@A@G@C@A@CA@BC@CBA@@@A@@@@@@@@A@@@@@@@@@@A@@A@@@A@@AA@@@@@@@A@@@@@@@@@@@A@@@@@@@@@@@A@@@@A@@@B@@A@A@A@@@A@@A@@@@@@A@@@AA@@AAAAA@@A@@AA@@@@A@@@@A@@@@@@@@@@@@@@@A@@@@@@@@@@@A@@@@@@@@@@@@@AA@@@@@@@B@@AA@@@@@@@@A@@A@@@A@ABA@@@@@@@A@@@@B@@AA@@@@@@@@@@A@@B@@A@A@@@@@@@A@@@A@@@@@@AA@@A@@AC@A@G@C@ADC@A@C@CECAA@ABA@A@A@C@@E@E@AA@A@G@OAC@CBE@EA@A@AB@BCB@BA@CBI@GBCBA@AAAAAAAA@AAA@AA@BA@A@ABA@A@A@A@A@AA@AAA@AAA@@AA@@AAA@AA@AAA@C@A@CA@@A@AAA@A@A@C@A@ABA@AB@@ABC@A@A@@@A@C@A@AB@@A@@@C@CA@@@@CC@CBQ@GAEA@A@GDEHA@A@@@@C@A@@BC@@@A@CBA@A@AAA@@AAAAAACAAA@AAA@AAA@A@CA@C@A@C@A@AA@AB@BADA@A@A@CC@E@C@AA@@AA@@AAAA@AA@AAAEAACAE@K@G@ACAKAEACCAGC@A@@AA@A@AAA@A@C@A@@@AAA@A@@A@AAA@AAA@A@AAAAAA@AAC@CAAAAAC@AACAA@AAC@AA@AAAAAAA@A@A@A@ABA@A@A@A@@@A@@A@@AA@A@@BEHY@CAEAACAG@CACAACAA@AAA@A@@AA@BA@ABABA@A@@BA@A@A@A@A@A@A@A@A@A@@@CBA@A@A@C@AA@@AA@@AAA@A@AAAAC@AAAA@@AAAAC@ABA@ABCBC@E@ECA@A@@AAAA@A@CB@AC@C@@@AAC@AA@AAAC@A@@AA@"],"encodeOffsets":[[106115,27768]]}},{"type":"Feature","id":"530621","properties":{"name":"鲁甸县","cp":[103.549333,27.191637],"childNum":1},"geometry":{"type":"Polygon","coordinates":["@@J@D@F@DAD@F@B@FDBBDAF@B@B@B@BBBD@@D@F@D@F@DBDLB@DB@BBBDBB@@A@AB@B@D@LHB@B@BCFI@EAEAC@AB@B@DBB@BDAHBBBDB@BA@AB@B@B@BFDB@@BDADB@B@BCFAFEDAHA@A@C@ADAD@D@DADAFC@CACBCBADCDADCB@B@DAB@B@@A@AAAIEAA@A@AB@BAJCB@@ABA@C@A@ABABA@ADAD@F@@@FAH@BADC@C@GDEDCBCBCDCBADCBCBABCBCBEBCFADCDADCDAD@FAHCHADAFABEBABAFBFADADB@DCDCDADBDFBDBB@BF@DADAB@B@BBBBBAB@DBBD@F@FA@CDEHAD@BDBDBLFFD@DADCJOBCB@BBJDDD@B@BCDCH@@A@AD@HDFDBDDBDBDABGDM@MFEF@B@BHJHBFBPDD@BB@BABCBKLEFCFGFCBC@ABED@B@@CB@DB@@BBBLAB@B@B@B@B@BB@@@B@BABEBADC@CDCBCFABEBEBAB@BA@@BA@@B@@@B@B@B@B@B@@BBBBDB@@A@@@AB@@@BAD@@AB@B@BA@@B@BBBD@D@BBHBDBDBBDBFDDBD@DBHADADCBCBCBE@CDCDADAFAFAD@D@DBDCDAD@H@DBJ@B@@BB@@B@BB@@D@@BB@@BB@@B@@B@@@@@B@@@@@@@@@@@B@@@@@B@B@@@BBB@BBB@BBB@@@B@B@BB@@B@@@DBDB@@B@BAB@BBB@DA@@B@B@B@@@@@@@BAB@B@@@BABABAD@@@B@D@BABAB@@@B@@A@@B@BA@@B@@A@A@@BA@@BAD@BA@@BAB@BABDB@DF@D@D@F@@@B@DBFDDDDBDBDADDDFCDADCDADCDCBADA@CCE@C@CDCDC@AEEAG@GFE@@@A@@A@C@AAA@@@A@B@@AB@BABA@@BABC@AB@DAB@DCDGB@B@@B@BCB@BBBDB@@FFDBD@@AB@@@B@@ABABAB@BAB@B@@@BAAAA@@ACCAGAC@@CEAA@EDCDADAFA@@BCBA@I@KAEAACEDCBCACAEACACAA@C@CDCBCDCDGDCBEBADCBADCBCDCBEBADCBABE@ACCCIIY@E@GDIJOBE@ECIAACC@EBAAGCCCCCECE@ACICEEEAECCCECEAEAC@E@CAEACAGAEAECECEAC@EBCBCFADAJBDBF@BBJJBBHBFALADCBAB@DA@@DA@@B@@@B@BB@@@HBBD@FCDAB@D@HDJDBBD@@@BABA@A@AD@BBBBDFJDDB@@B@BB@B@@HFD@NGHEDGDAB@BAB@BAB@B@B@B@@AB@BAB@@AB@@AB@D@B@D@B@DAD@B@B@BBB@BBBBB@@BDB@B@BD@@@B@D@@@@B@DBDB@F@HGBEBCJGBCBCBMCKIOCG@EBCBABE@C@ABABA@ALAXEJ@@@B@BABAD@BABABA@ABABABAB@BC@ABADA@ADA@ABAB@BABABA@AD@@ABABABABA@A@A@C@@@C@ACAEAIAUEKAIC@@@@AA@C@A@AAA@AAAC@AAA@AAA@@ACA@@AA@A@A@A@AAAA@AA@AAA@AAA@A@@AABC@A@A@A@A@A@@@A@ABA@ABADABC@@BABA@A@AA@@A@@ACAA@@AA@@@EAICE@A@A@AA@B@@@D@FAD@DCFC@ARAHBB@@@DBBBD@DAB@@ABA@C@CBGBCBABEBA@A@CBA@A@@AE@A@AA@CBA@C@CAA@C@A@C@CDEBCBA@GBCBCBA@A@ABEDEDABC@@BA@A@C@AAAAAC@AAC@AAC@AAC@ACCAAE@A@AA@A@AHIDG@E@ABADC@ABABA@ABAB@BA@ABAB@BABABBBABBB@B@BA@@@ABA@A@AAA@A@@@A@ABA@A@AB@@@@ABEDE@@AA@@C@A@C@GGCCE@AA@AAA@A@@DAAA@A@C@ABA@A@A@C@AAEA@CAAAA@E@CAE@A@A@AAC@EBC@G@C@C@CBC@CBEBE@ABAB@B@B@BAD@BABGDEBCBA@C@A@CBAACACACAA@C@E@C@C@CAC@A@CCCCACCAC@A@CAC@C@GDABC@CBEDCBABAB@@@BAB@B@BCBA@@@A@A@A@C@CAEBA@A@A@@@A@@@AAAA@AACCCAA@AAACAA@CACACAAACAAAA@A@AA@AA@A@AAA@C@C@A@C@CBADA@ABABA@@BCBABCD@@@BABA@ABA@C@ABCBC@ADAB@@@F@B@D@B@B@BBB@BCD@BAD@D@BCDABA@ABEBA@CDA@ABGAABC@A@A@C@E@E@C@ABAB@B@D@B@BBFBD@BADABABEBIBC@A@A@CBC@A@ACCCAEACACAAAE@EAA@CEGCECEAAAAA@EAA@AAAAAAGGAAACAAA@AA@A@A@C@A@AAAAACAABA@ABABABABEBABA@@@@@@D@@ABAB@B@BBD@BADCBCDABABCBC@CBA@E@C@A@ABAB@@A@@@C@ABC@CBEDGBCBABA@@D@@@B@B@BAB@BA@CBABADAD@B@BBB@DB@DBBBDBBDBD@B@B@BAF@B@BBBDFDFBB@BBBBFBBAB@B@B@B@BBB@BBBBB@@BB@BB@BDBDBD@B@BAB@B@DBB@BBB@B@DBB@B@B@BAB@@@BABB@@DAD@BAB@BAD@BABAD@@A@A@A@CBABA@A@A@A@C@CB@@C@C@A@C@A@A@C@C@A@C@A@AAA@C@CBC@ABCB@BAB@B@BA@ADCBA@ABAF@BABCF@BAD@BABC@@BC@A@ABA@AB@@A@AB@@CDAB@DBH@@ABABCF@@@BBB@DA@CDABABEBAB@D@BBD@B@B@BABADAB@B@BBDABADADA@CBCBED@B@B@D@B@BCDINCBCDAH@BBD@BDBDBBD@B@@BBDBBBHD@BBBB@B@BBFDDB@@@DBD@BBBFHDFDD@B@D@BBF@BCD@B@BB@@BBBBD@D@B@F@DAD@DBDBD@DADAH@FCHEHAD@BBD@BADAH@D@BHLBB@DAHBJ@DADADAB@DCDABADADABAB@DAF@BAB@BBJ@@AB@@@BABCDABEBAB@DABA@A@A@CBCBCBCBC@EAEAGAC@C@A@CDADA@C@ABC@A@@BCDABCDCBCDED"],"encodeOffsets":[[105632,28054]]}},{"type":"Feature","id":"530623","properties":{"name":"盐津县","cp":[104.23506,28.106923],"childNum":1},"geometry":{"type":"Polygon","coordinates":["@@DAB@B@B@@@B@@@@@BBB@B@D@B@@@B@BC@AAAAAACAAA@AA@CAC@A@CBEFGBCBEBEBEBEBE@C@A@@BA@A@CB@BABA@A@@F@D@@@BAA@AE@A@ABCDADAHCJADAB@@AACGGCE@@CCGE@ABAB@D@BCBCBAD@DAF@FAD@H@D@DDFDHBFDDDBFDFBFDFFDDDFDDDD@D@D@DADBDDDDBBBAB@FAH@D@D@DCFADADAD@DADA@E@CBCBEBCBC@E@E@E@CDCBADADCAEACAGBCDADADADCDEBCDE@A@CACFCFAD@H@FBDBDBFBFBD@F@DAFAF@D@FADAAEACCCACACDEBADADABADCDCDCDABADE@CACAACAC@EAC@@EACAABE@CBACGCECCCCAAEACAC@C@A@E@A@SAAAA@@A@A@A@@AAC@@@C@C@C@C@IA@AAC@CBEBCBEDCBCBC@CACAAAC@CDCB@FBD@BCDADAD@DAD@H@DAF@F@F@FBFBDBDBHDDADADE@C@ACAC@EAE@CAACDCBE@E@AAEACAC@G@C@CBCB@FCDEBE@CAE@EAGAEEAGBG@E@C@CABK@CA@CAAAAC@AEAECA@E@C@EBEACACACACACCACAC@C@CBC@CCC@A@CA@BABC@CAAAECC@ACAA@A@C@@@A@C@CACCKMEAC@C@EBC@G@EBGBE@CBEDCBE@CACCEAEAEBC@C@G@C@E@GAIAECCAEAAE@CFADCFCDCFCFAFCD@FAB@DADC@CBAB@@@@@B@@@@@B@@@@@B@@@@@B@@@B@B@@@BA@@B@@@B@BA@@@@B@B@@@@@B@@@B@DA@@BA@@@@B@@BDA@@@@B@@@@A@A@@B@@@@@BBB@B@@@@@B@DCDABCDADABCDABGBCDCBADCFCBABABA@ABAAA@AA@A@A@A@ABAA@@@A@ABABABA@@@@@@@@BADABABABABABABAB@@ABA@@@A@A@AAAAA@AA@@A@AB@@AB@B@@AD@B@BABA@ABA@ABCBA@ABCBAB@BABAB@B@D@B@DBB@DAB@D@BAB@DA@ABABCBABCBABABABA@AB@BAB@B@B@B@B@B@BAB@BABA@ABA@ABABAB@BAB@BAD@B@D@B@DAB@BABA@AB@AA@AAAAA@AAAAA@AAAAAAACCCAAA@AAA@AAA@C@A@ABC@A@C@A@A@CAC@A@C@@@C@@BAB@DADCB@HGBAB@DADADCBA@CAA@ACA@@AAA@A@AAC@A@A@CAA@CBA@CAABAAAAAA@A@C@AAA@AAAAAC@@@A@@B@B@B@@@B@BA@ABAB@@ABA@ABABA@ABA@A@CBABA@A@CBAD@BAB@B@D@BABA@ABAB@BA@C@A@AA@@AAAAA@AAAACCCAAAAAAAAA@AAAAC@CAC@C@A@A@@@A@AAAA@A@C@@@C@A@A@A@A@AAA@AACAAAAAAAAA@AAAAAAACAAACAA@AAC@@@A@EEGG@C@E@CCAE@EBEJABAB@BABC@AAAA@AC@AAA@AAAAA@@AAAAA@@AAA@AAA@@BC@@BAB@BCBAB@BABABA@A@ABA@C@A@A@C@@ACAAA@@AAA@AAA@A@ACAEGAC@EAECCEE@@BCB@BA@@BA@ABA@A@AB@@AB@@@B@B@B@@@FABABABC@ADABA@C@AA@BCBA@A@A@AA@@A@@@GD@B@DEBEBCDADCB@@@D@B@B@DB@@B@BBBBB@BBBBBBDBB@DAB@B@D@B@DBBBB@B@DBBBD@BBDB@BBFBBBBBBB@B@B@B@D@B@BAB@B@BA@ABAB@BA@ABABA@ABABA@@BABAB@BAB@B@B@B@BBB@BB@BBBBB@@B@B@B@@AB@BEBCFAB@@AFAB@@@D@@@B@B@DADABCBCBCECCCCCAGEAAGCEAAAEAEG@AACAAACAACCEACACC@@AEAACCACCAAAMECAECGCA@ECACAAIGAA@AACACMK@@AAA@@ACCAACE@ACEAECCAAEC@C@AAA@CCACCCAC@@AEBC@CBC@@@A@CACAA@C@C@A@@BADAD@B@D@BB@BDBDAD@BB@BF@@B@JD@@BBDB@NADAF@D@DDDDBJBB@B@B@B@D@B@BBB@B@BBB@BB@B@B@BABA@ABCDA@ABA@ABAB@BAB@BAB@BABABA@ABC@ABA@ABCDAD@BABAB@D@BCB@BA@AB@B@BAB@B@B@@@D@B@B@B@BAD@BAB@BAB@@@F@FABA@A@IAA@CBABCBGBEBCBA@AD@DAPFHFHBD@@@B@B@B@BA@A@AB@@AA@@AAA@@@AAAACAA@AAAAA@CAA@A@CAC@A@A@A@A@A@A@CBA@@@AB@BAB@BAB@@ABABA@ABAB@@AB@BADAB@BAB@B@B@BAB@DAB@BA@@DAB@B@B@BBBBBBBB@DBB@@BBBDDFBBDBD@@@HBJ@@B@B@B@B@D@D@B@BAF@F@B@@@B@@BB@@@B@@@B@@@@@@BB@@@@@B@@@@@@@B@@BB@@@@@@BB@@@BB@@BBB@@BC@MAC@ABABAB@@ABCBCDCBA@CFAHBDDDFF@B@F@FADAB@D@DADABABCBEBCBGAI@G@C@EB@DBBBBDBDBBDDB@DADABABAD@F@DABC@C@E@CBE@CBEDABCB@F@HADABCDA@ADAD@DBD@FDDBBBB@D@FCDAB@FBD@DBFBF@DBFBFBF@FDDDDFDFDF@DBFADB@D@B@D@DBB@B@FADAF@DBD@DBF@F@FBF@DAFABG@G@EBCBCDADCDABCDAD@D@BADADCBCBCDA@AD@D@FAFEDCDADADABAD@@AB@D@B@DBD@FBDFDBBFBDBDBD@BAF@DBBBDBDBFBFBD@FBBB@DEDABCFADADAD@DADABCBADAD@D@F@FBF@D@FBDDH@DADCBADABADADAFABCDAFCD@DBDDFBDBDB@BDFDDBDBFBF@FBDAHAB@FBHBDBDAFAFADDBBBDDBD@DADADCBAD@F@DBF@DBDB@DAD@F@DAF@D@F@FADBBBBD@D@D@FAB@BADAD@DBDBFBB@F@F@D@FBBDDBBBBDDDFFDBBBDBFDFDFBH@F@DAF@HBDBD@F@DBH@F@F@D@B@D@F@@C@ADAB@@@FCFGJCD@JBD@FBBABAD@BAD@D@D@FCFAFAHAFADA@@AA@AEAC@GAE@IAE@CCCACCBAD@FAH@FBF@DBFBD@B@D@F@DAB@DBDDDDDFFDBFBFDDF@D@FBB@DBBB"],"encodeOffsets":[[106764,29074]]}},{"type":"Feature","id":"530626","properties":{"name":"绥江县","cp":[103.961095,28.599953],"childNum":1},"geometry":{"type":"Polygon","coordinates":["@@DGACCAACBABA@G@CAACACACACCEAC@CBA@@@@A@ABCA@EACCACAA@CBCAEAEAAEAC@CAE@@CA@@AA@@AA@KAGAGCECMEKAE@IAGAGEAACCACCECACAAA@EAECCAACCCAAACAC@C@EACCC@G@AACEEECAC@EACAC@E@EBE@G@C@CDCDABEACA@CCCCAECCACACACACCCEAGEECGACAEAC@C@CBEDCBCBC@CBE@CAC@CAC@CAE@CACACACCCCCCCAEAC@C@C@CBA@CBAAAECEAAAACBA@CBA@C@CACACAACECCCCCCACAC@CDABCBCBCD@DABABCBCDABCFCBA@CBC@ABCBC@CBCEBC@C@C@AAAABC@E@E@CBE@C@EBC@CCACAE@CAE@C@ABCDCBCBC@CAACAACCEBEBCBCAGAEAA@GBCBEAE@EACACAECACABABAD@DAHBBBDBDABABCD@D@D@D@D@F@D@D@FBBDDBDDBBD@BADABADCDCDEFADCDABCDABADAB@FABABCDE@EBEBCAAAACCACAE@EAAAACCAC@ABADA@ICCAEAEACACCEACAEEICA@EBCDAB@B@DBDDBBDDDBD@B@D@BCDCBCBCBCBCBCDABAFADADCDCBADCFAB@F@DADAD@DBDABADCDCBCBC@ADBBDBDDADABAD@D@DADABCBC@CCCACAC@CBE@CBEBCBCFCD@D@D@DBDBJ@D@B@DC@E@C@CBCDABCDEDEDCDEAC@ACCACAC@@CBABADCBABC@EAAACAC@ECCACAECEBEBC@ACAAA@A@@BCA@@AEAAAEFCFELIVEHEFGDEFOLCDCHGHADABAD@B@@@@DDJBD@FDDBBBFBBBDD@DBFBP@FABGF@D@B@BBBBDDBFDRFFDFDDDBBNJJFDDBD@B@D@FCH@BEL@D@H@JBH@D@FBDHFDFDD@D@F@DCHAH@FBHFLHJ@@FFHBJ@DAB@B@BADEHIFKBC@EAICKAEBEBCDEFCJED@HCF@J@HBFDJNDDB@B@F@FCFAPELAFCBCDC@IBOBCBABAD@DAF@F@D@B@BBBBFDFDDBH@NBJDFB@@D@H@F@FD@@NFLDJBJBH@DBJBZDFBPBDBJ@JA@@DAFEDCBAHADADC@CDI@@BCFCFAHAF@DBB@HDLHBDBD@F@F@DDHFJDHHDHBD@LBH@H@B@D@BBH@FBLAH@FBHDDBB@DAFENCJCDAFAB@HBJBPFL@LCL@B@D@HBFDDDDFBH@FAHAF@BBDDDDBD@B@BAB@DCHIHMLSHGDCFAD@"],"encodeOffsets":[[106780,29320]]}},{"type":"Feature","id":"530625","properties":{"name":"永善县","cp":[103.63732,28.231526],"childNum":1},"geometry":{"type":"Polygon","coordinates":["@@A@ACACCEAC@CDCBEDCBABEBCBCBABCDABC@CCGAC@E@CAE@E@E@CBCBCDABABC@CBCBCBCDEBAFC@CAAEAC@EAEACACAAACAE@ABC@CACAEAAAECAC@EAC@C@A@CBA@@C@EACAAACECAC@C@AAC@ACAEACAA@C@CCECAC@CAE@C@ADEBABEBEBEBGBE@CBCBABCDABE@EAC@CCCACAEBC@I@ABC@CAAAACCA@C@CBABC@C@A@GACBE@CBC@C@ADCBC@AAC@C@EBEBCBEBC@C@E@C@C@E@A@A@ABGDCDCD@J@LCDADA@@BCAAECMBE@@CBCDEBEBC@ABEBCBADEDABA@ECAACAEAA@C@CAAEAE@C@CACCACCCACAAC@ABAFBBBFABCBABCBCBADADADADCBADE@C@GBE@CBC@C@C@CEAAAAGCICCACACCAACCACCAEAA@ECECCAECECC@C@CBA@C@AAACCAAEAA@CBABCBAAEACCCCACCCAA@CAE@IBGBC@ABCBADCBCAC@ECCAAACACACAE@GBEDCBCDCBC@C@CCCCAACACAACBC@E@C@EAE@CAE@C@C@C@@@A@AAAA@EAGAA@EAG@CBABABCDCBA@EAEACAAAECEAACACCCEACCCCACBCBCBCBCBCBABAF@LJD@DADA@ABA@AAA@CA@CGEGECEEAA@@@@@A@CBA@ABA@CBABABCBA@ABAB@BA@ABC@AAA@C@@AAAC@A@A@ABA@ABABA@A@ABC@ABAB@BABABA@@BADAD@BA@@D@B@B@F@B@D@DBB@@C@A@A@CA@@AB@D@B@@@B@D@B@B@@ABAFEB@BADAD@BABAB@DABAB@BAB@@@@@BB@@BB@BDB@@B@B@B@B@B@DABAB@BCBA@ABC@ABC@@@AB@BAB@BA@@@A@@@A@C@A@AAA@A@@@C@ABA@AHA@@DABABABA@C@A@A@A@A@A@CBA@C@AA@@AAA@AAABA@ABA@@DABA@@BCBA@A@C@A@AAA@A@A@C@A@@B@BA@AB@BA@@@A@A@CAAAAAAAAAC@@AA@AAA@A@A@ABA@ABA@@BADEBABABA@@DC@A@A@A@@@AB@@AA@@AAACB@@AAACA@AACBA@CCAAA@ECAAA@A@AA@@AAAC@ACACAA@@A@AAAAA@@CBC@ABA@ACA@CBC@A@A@@@CBCBA@A@A@ABABA@@@A@C@AAAAA@A@CCCAAAA@EA@@AA@A@AAA@@AA@@@CAAAAAAA@AA@@@C@@AAA@@A@@@@BCBABCBC@ABABABCBA@C@AB@BAB@DAB@BA@A@@@C@A@AB@B@B@@A@@@CBC@ABADABAFABA@ABAAC@@@AB@@AB@BA@@@A@A@@BABA@@@A@@@CAC@A@A@C@AAAAA@E@A@A@CAEAAAAAA@AAA@A@ABA@CBCBA@@@AACBA@ACC@A@@BA@E@A@A@A@AB@@AB@BA@@BA@@AC@C@ABA@@BA@A@@@C@AAC@A@C@A@@AA@ABA@@BCB@@EBA@ABADCBCDADAB@@A@AB@@AB@DA@AD@DA@@DC@AB@@A@A@A@A@@@@AA@@@A@AB@@A@C@A@@B@BAB@@ABA@@AAC@@@C@A@A@@A@@AAACCCAA@A@C@C@CACCAC@C@A@ACB@BABA@A@ACAICCAA@A@CFCBA@C@G@E@G@A@E@@@A@CBA@@@A@@@@@ABC@A@AAA@AAAC@AAAAAAAC@AA@@@@A@@@BCBE@ABA@A@AC@A@A@CBA@A@A@AAE@C@A@A@E@A@A@A@E@ABEBABA@ABC@A@ABCAA@A@ABC@A@C@C@@AAA@@BA@@@A@@@AB@@AB@@AB@@@@E@C@CBA@A@AA@A@CAA@CC@AAAC@E@A@AAA@AB@@ABA@ABABCBABADCBABABC@ABA@A@CBGAIACAAA@CCI@CDO@AAAA@C@IFKDMHCBC@AAA@ACAC@@BABADABABA@A@@@AAAAC@@@@AABGBADCNEFEBAB@BA@A@A@@@AA@@AA@C@A@A@C@A@C@A@@AA@AAA@@AAA@@@A@ABA@@BABA@A@@@AA@@CECACCEAAA@E@EACAA@CCAAC@A@C@A@ECA@AB@@BDBBABABAAAAAAABABA@CAA@@B@BABCDA@AAAAA@A@@BDBBBABA@C@A@CBA@AB@BAD@@@BB@B@B@@B@@@@@@@@@BAD@B@BBBBBB@BBA@CDAD@@@BDBB@@B@BAB@BCAA@AB@BBBDBBB@BBDBB@@AD@@A@CAAAA@A@CD@B@B@@A@AB@BAB@DCBCBA@CBCBEAC@A@AA@@@A@A@C@@@C@A@@AE@@@A@AAC@AIMAAAAA@A@CDABCDABABE@CBIBCDE@CBCBCBEBEDEDCDG@CBGBAA@@ACAC@CCIAA@A@CBA@AAACAGAE@@@CAC@C@KBC@A@C@E@GAI@G@SE[KKEAC@E@IFKFGBG@I@EAAOCKCKIGAK@E@MHEAAA@CACC@CBCDEFADAFCBEBEBABCDEBGFEBEBCB@@EDEDCDEDCDQPCFCBCD@@A@E@EDED@@A@ADABCDANABD@DED@FAB@BAD@DAD@F@D@D@F@DBBBDBBBBB@D@FAH@F@DADBD@DBBBD@FBBBBBF@DADADCBCHCDCBCBKJABADCJ@JBFB@DDDBD@FCD@D@DBBFDDDDDBDBFFDFDDFFDDDBFDDDHDFDBBDBHFBD@BDDF@FBFDFBDDDDBDBDBF@FDDBDFDBDDDBDBDBDBBDBFBDBFBD@H@DAHCD@FBBDBDBFBDDDBDBDFDBDDDDFFDFFDFBBDDDBDBB@FBF@D@F@DFBDBDD@DBD@DBDDBDDFDDBD@D@FBDBHDDBBDDJDHDBBB@JDFDDDFD@BDB@D@DDDDDDDDFBDBDBHBDBHBB@BBD@BBB@DBB@DBDBB@DBB@B@B@D@BCDABABAB@F@@AB@D@B@BBB@BADAFAD@D@JCHDFBJ@F@F@P@BBDAN@DBB@BB@@BBD@BB@BBBD@@BB@BBB@@BBBBB@BB@@DB@@BBBBBB@@B@BB@BBB@BBB@@@BBB@BBB@B@@@@BB@@@BB@@@BB@@BBB@BBBB@@BBBBB@@BBBBBBB@BB@BBB@@BB@B@@@B@B@@@BBB@B@D@@@B@B@B@@@B@B@B@B@BB@@BBB@BBBBBDBB@BBB@B@B@B@@@B@B@B@D@B@B@B@B@B@B@@AB@@A@A@@BA@A@A@A@CAA@@@CA@AA@AACAACA@AA@@AAAA@AAAAAAAC@A@C@AAC@CBA@A@A@C@A@A@C@C@C@A@C@ABABABABCBABABCBADAD@DCDABCD@D@DADAHAD@BAD@FAF@D@BDFBN@D@HCFCBCFADCBCBC@C@E@A@ECE@A@ECAAAGA@CAAAAACAC@EBEFC@EBEFCFEDGHEHAFAFBH@D@DAF@B@DDH@LBBBDDDJFJBJLDBBBBHBDDHBB@B@D@B@BCBGDCFABAB@D@F@DBFBBBBB@BBB@F@FAF@DAF@DBBBBBDDFFFHHFLFD@FDF@B@B@DDB@DD@DBFDBB@BDHFBBNHLHLHFFFFBFBHBDHFHDDDBBDLHLHLDFBD@L@FBDBDBBDDFDJBVDRDB@TFNFFDBBBB@B@FBBHHPLHBB@B@D@HALENMNGHCFCHEHCLCJC@@FCBCDE@E@GAGAGBEDGFEFGFAD@FAD@DBD@DBFDBBBFBDBFDFDRDNBDJHDBDBHBD@HAJAHAH@F@F@D@B@B@DDFDHLDJBDDHFBHDLFDBFDNBFBBBBBLLFHHLBDBBB@HAD@LBFBBBB@LJDBHFLDHDDBDDDFDHBD@D@DADAHENCFEFMPILAFCF@FBHDDBNDHBD@J@FCNAJGPCHGHGJCDCFCFCHEJEHAHBJBX@DADADCHAFBBFB@BB@AD@@@BBBDB@BADAFDFBFBDDD@FBDBDBB@FADABCDABAB@DD@DBDBBDD@FBDCFCFCDCBADCDAD@F@D@@C@A@CAIAC@C@C@CDCDEDAFADAF@DAD@DBDBDDD@DABABC@C@CBCBABCCCCAAABCD@DADADCBCBAAC@CBCBC@C@EBADEBCDADCBCBCBEBADCDADADADADADC@A@C@AACCCACCAAC@C@ABADCFAB@JDFFDBFBDDDBFBFBDBJDB@BCBAD@DBBDBBFBF@DBDBBDBBDBFAFAF@DCBABA@EBABCBADCBADCBCFEDCDCBCBABC@AACCAACCCAA@E@C@C@E@C@C@C@CDCBABAACACAABG@CBCBABA"],"encodeOffsets":[[106507,29027]]}},{"type":"Feature","id":"530627","properties":{"name":"镇雄县","cp":[104.873055,27.436267],"childNum":1},"geometry":{"type":"Polygon","coordinates":["@@DBB@B@DBB@BAB@@ABC@ABABABADAB@DAB@B@BAB@B@D@B@B@BB@@D@B@B@B@D@B@B@B@BBBBD@BBB@@BBBB@B@B@D@B@B@BABAB@DADAB@B@DAF@B@BAB@B@BAB@D@BAD@B@DAB@D@B@B@D@DBD@B@BBD@D@D@D@B@DBD@B@B@DAF@B@BAB@B@B@BAB@@@BAB@@A@@@AAAAAAAA@AA@@AA@AAA@A@A@ABA@ABA@AB@@AB@AA@@@AAAA@AAA@AAA@AAA@CAA@AAC@@@AAA@AA@AAAC@A@CAC@A@A@C@AAA@C@A@A@A@A@@AAAB@@C@ABA@@@A@A@AA@@AAAA@A@AAA@@@@A@A@ABABA@@@AB@B@BBD@D@D@BAD@D@B@B@BAB@@@DABA@@B@B@B@B@D@B@D@D@D@B@DA@@B@B@BAB@BABAB@BABA@ABABA@@BAB@BAB@D@B@D@D@DADAB@DABA@@BAB@F@D@F@DBHBB@DBDBDBBBFBB@B@DBB@B@D@D@D@B@DBD@DBBBDBD@BBD@FBDBB@DBD@B@B@D@DBB@B@FBDDBBBB@@@B@HBB@B@B@B@BBBDBBBDBDBBDBDBBDDBBBBDDDBFBBBFDDBFBDBB@BBBBDBB@DBDBBBDBDDBBBBDDBBBBBB@@B@@@@ABA@AB@@ABC@@B@DABABADG@ABCBADCJEBABA@@@C@A@@DAFAD@DBBBDB@@@B@@ABCD@BABBB@DBB@B@@B@DBB@B@@@BBDBBB@B@B@D@DAD@B@D@B@B@BDBBB@@B@BADA@C@CB@@AB@BADABABC@A@A@C@C@A@A@ABC@@BCBA@AB@B@B@D@@ABAB@B@DCBA@@BAD@BABCBC@A@A@@BCDC@@BABA@@BCBABADGB@BAB@B@B@B@F@BAB@B@D@BAB@D@B@@AHAB@BAB@B@BBB@B@D@D@D@BA@@BAB@BA@@BC@CB@BA@AB@BC@@BABADADABAD@D@B@B@BAB@DA@@DC@AB@D@DBD@B@BABA@@BA@@@AA@CA@AAECCAC@A@C@E@A@C@C@CDGDGHI@C@A@A@A@A@C@A@A@CBA@@@C@AAEAA@AA@AAAA@A@A@@@A@C@A@AAA@@AA@@A@AA@@IEAC@@@@@A@@B@DABAB@BA@ABABA@CBA@A@ABC@A@A@A@A@A@A@A@@AAAAAA@@A@AAAAC@CACAECA@@AAAACAAAAAAAAAAA@AAAAAAAAC@ACA@AACAA@CACAC@C@A@AAC@@AAAA@@AAAAAAC@AAA@AAA@@@@ABADABCD@BC@@AAAAA@C@ABA@ADABA@@BABAF@@A@AAA@AA@@AA@@@A@AA@ACACAAAA@AA@A@AB@@@BAB@@A@C@A@@CAICCAA@@A@@A@@A@@@ABA@A@AB@@AB@B@@@B@B@B@@@B@DBBBB@BBBB@@BBB@B@@AB@@AB@BA@A@@B@@@B@B@B@@@B@@@BA@@AAAA@AA@@@AA@@@A@AB@@ABA@@DGDKBE@C@A@CAC@@ACAA@AAAAA@@AA@@A@A@@@AAA@A@@A@@@A@A@A@C@AAA@A@AAAAAAAA@A@A@A@A@A@A@AA@@AAA@AA@AAC@A@C@A@A@A@@@A@A@C@A@ABCB@DA@ABA@@@ABAAC@AAA@AAA@AAAAA@@BE@AACAAA@AAAA@@AAAAAAAA@AA@@A@A@A@A@AB@BAB@BABADC@AAA@A@AAC@AA@@CA@@AA@@AAA@A@@AC@A@AA@@AAAAAAA@@A@AAAA@A@AAA@AACA@AA@AA@AA@A@C@AA@@AA@@AAAA@AA@A@@AA@@AA@A@@ACA@AAAA@@AA@@A@AA@AA@A@@AA@A@@AA@@A@@AA@C@@AE@A@A@AAA@A@@AACA@AC@@AAAA@@@A@A@@@A@@@AB@B@@AB@BBB@@BB@BB@@B@@@B@B@@@B@B@D@B@B@B@BBD@B@B@B@B@BB@ABABABA@@@E@@@A@AB@@ABA@A@A@@BAB@@AB@B@BAB@DA@@BAB@B@B@@CBA@A@A@A@AAAA@@@AA@ACA@@@A@A@A@A@A@A@@BA@@BAB@BA@@BA@A@ABA@A@A@AB@BCB@@ABA@@B@@A@ABC@A@A@A@A@A@A@A@A@@@@B@@ABA@A@A@A@@AA@@@A@AAC@A@A@A@A@A@AAA@AAA@AAC@AAAA@@A@A@A@A@@@A@AB@@A@CDABABAB@@@@CBCBA@AB@@@@A@A@A@C@C@CAC@C@A@CAA@AA@@AA@@AAAAAAAAAAA@ACA@C@@AA@C@@AC@A@A@A@A@A@@AAA@AA@@A@AB@@AB@@ABA@A@@@ACA@AA@@@A@A@@B@@AB@BA@@BA@ABA@A@E@A@AAA@AAAACCAACAAAAAA@ACAAAACCAA@CAAAAAACAAAAAA@CAA@A@@@A@@A@@A@CE@ABA@A@@A@C@ABA@AAECAAC@A@EAECA@AAAAAA@@@@A@CAA@A@@AAAC@E@E@EAEAACEEGCEACAA@A@@AA@@AAAAAAAAA@AAA@AAAAAAAAAA@AAC@AAC@C@AAA@A@AAAAA@C@AA@@AAA@AA@@AAA@@AAA@A@CAA@AAA@AAC@AAA@AAC@AACAAAAAAABA@C@@@A@ABA@A@@A@@AA@A@AAC@AA@A@AAA@A@A@C@C@A@CA@@AAAAAA@@AAAAA@@@CCAB@@ADA@C@ABABCDABABE@G@C@AB@B@B@@@BABBB@B@B@B@BBB@B@@@B@B@@A@@B@BA@@B@BAB@B@D@@BDBB@DBBBBFDBB@B@BCBED@@ABABA@AB@BABADA@ABA@C@A@A@A@A@A@A@AB@@ABABC@EDAB@DABABG@C@ECA@A@ADEDA@@@AA@@@A@AAA@A@A@@@A@@AAAA@@A@AACCAC@A@@AAAA@@ECAEACAAC@AA@A@C@C@C@CCAA@C@C@A@ACA@C@CBCAC@A@GPADDD@BCBIJ@@AB@BCFABA@AD@BA@A@A@A@CAA@AA@@AAC@ACA@@AAAAA@A@@A@AAA@AA@@A@ABA@A@AB@@ABABA@ABA@@BEBABA@A@ICAACB@@@@AAA@C@@AA@C@AAA@CBC@EACCCCA@A@@@A@@BG@A@@@AA@CAA@@AA@@BABA@AECCA@@BAAC@AA@A@C@KAIAAAA@A@C@CHCBE@C@C@C@C@AACAC@E@C@ECE@@@AAAAAAA@AA@@AAA@A@AAAAA@A@AA@@@AA@A@AAA@AAC@@@A@AB@@A@@BABABA@ABA@A@ABA@AAA@@AA@@@A@@AAB@@AB@D@BA@A@A@AB@@@@@BAD@BB@AB@BAB@@A@@BA@CA@@A@ABA@ABAB@BABABA@ABCBA@ABC@A@C@A@A@C@AACBA@@AA@A@C@A@CA@@A@EBC@AAA@@C@@@A@@AAA@@@A@@@A@@B@@AB@@@B@BBB@B@B@D@DABAB@BABAB@BA@CBCBAB@@ADA@ADA@ADABABABA@@D@DBH@FADCBAB@B@BAB@BA@@BAB@BAB@BA@CDAB@B@B@B@BA@AD@BA@@@@BAB@B@B@@BB@BB@BB@@BBB@@BB@BBBBBB@@B@@B@@@BC@A@A@A@@AA@AAA@CBAAAAAAA@A@A@CB@@@B@BEB@@C@GB@B@B@DFDHH@B@BABABC@E@C@AACC@@A@A@ABA@ABA@A@ABA@A@A@A@A@@@A@C@A@CAA@AB@@A@ABA@@BAD@BCBC@C@C@A@ABCDCDEBE@C@EAA@ABA@@@AB@BAB@B@BA@@B@BAB@DAB@B@DBD@B@DBB@@@@B@B@DAD@@BBBHP@D@@@D@BBF@B@BCBCB@@@BA@@B@B@@@B@B@B@@@B@B@B@B@BBB@@BD@@@D@@@B@B@D@BAD@@@BABAB@BA@ABABABA@ABA@ABCBA@AB@@A@@D@BAB@D@B@B@D@@AB@B@B@BAB@B@@@BCB@BAACBA@CBCD@B@B@BADCDCDCD@D@D@B@D@D@BAB@D@BBF@B@BCB@DBBBD@FBB@@BBDB@B@FAFCFCFAFCFEFAFAB@B@DAHAB@BABB@B@F@BB@@@BABCBC@CB@B@B@B@BBD@BBD@@BD@B@B@B@@ABA@CDC@CDA@A@CB@@ABA@AB@@AB@@ABA@CB@@C@AB@@@@CAC@ADEDAHABA@C@CAC@CB@@A@A@AB@@A@A@A@A@A@ABA@A@@@@@EACACE@ECCEAACCACACBA@CB@BAB@@@@@B@B@@@D@B@B@B@@AB@B@BC@CBAACAC@C@AB@@A@@@AB@B@@ABBB@DBB@BBBBB@DBB@BAB@D@BAB@B@BAB@B@BAB@D@BAD@BBD@D@BBDBBBBBBBBBBDDFBDBD@B@DCDA@AFAFE@@B@BAB@B@B@@BBB@@@@B@FBFBFDBB@@BBBBB@D@D@B@BBB@FBBBDBDBD@D@@@FBD@DBB@BBD@@@D@B@BBD@@@BBBB@B@@@@B@B@DCFEDAFAH@D@DBDBHDBB@B@BAB@BBB@BABAB@@@BHFDF@B@B@B@BAB@B@BBD@D@D@B@D@B@BF@NBD@DBB@BADBBBDB@BB@@B@BD@J@B@B@D@D@D@D@B@DBB@D@BABADA@@BB@A@C@AAA@C@AAABAB@NDTFLDB@@@BBB@BBB@@@B@@BB@D@BAB@@ABABA@ABA@AA@@A@AA@@AA@@AAA@A@@@@AA@A@@AA@A@A@@@A@A@A@ABA@ABAB@@ADAHEDA@CCE@ABAB@DAD@@@B@B@@BB@B@BBBA@@BAB@B@B@BBD@B@@BBABBD@B@DBBBB@@B@BB@@B@BBB@B@B@B@B@D@BB@BBBBBBB@BD@@@BBB@B@BBBBBB@BBB@B@BBBBB@BBDB@@BBBB@B@B@B@BB@D@B@D@FBHDJ@@B@@@BB@@BBBB@@BBBBBBBBBFD@B@B@BBB@BBBBBBBB@BAD@F@B@BB@@@@DBB@B@B@BAB@BABAF@HADGFCFCBCBADAB@DA@@BBBB@DAB@DCB@DBJBBJDFDBDB@@B@@BDB@@BBD@@BD@@@@BAB@DBBBD@BBF@BD@@BBD@B@BAB@DC@@BB@@B@JHDDDDB@DBDBBDBBBDBBDD@DDDBBBDBBBDBBDB@DBBBDBDBBBDBB@BBD@DBBBB@D@BDFBBB@D@@@B@BADABBDDDHFD@@@@DB@A@IBAHED@D@B@B@B@B@@@B@BA@AB@@AB@B@BAB@BAB@@ABA@A@ABA@A@AAA@@AA@AA@AAAA@@AA@@AAAA@@@A@@AA@@@ABA@@B@@A@@DBD@BABA@@B@D@B@BABA@A@CEE@A@@B@D@B@B@BAB@B@B@B@@A@@@ABABCD@DABABA@CAACE@C@@@A@A@A@AB@DAB@B@DBBBB@DBBBBDB@BBBBBB@@DBB@D@B@DBB@DBB@DBB@D@B@B@BABBBBBBBD@BBDBB@BDBBBB@B@BBB@B@B@B@D@DA@A@@BC@ABA@A@A@A@AB@@A@@BAB@B@@@BA@@BAAA@AAAAA@AAAAA@CACAA@AAAAA@CAAAA@AAA@A@C@A@A@C@@BABAB@BAB@B@BAB@B@B@B@B@B@@BBB@BBB@B@B@BBD@B@BBDB@@BBDBBBBBBDDBBBD@@BB@BBBBBBBBDBBDBB@BB@@DBB@BBB@BBBBB@BB@BBBDBBBBBDBB@BBD@F@D@B@B@DBB@D@B@"],"encodeOffsets":[[107397,28457]]}},{"type":"Feature","id":"530629","properties":{"name":"威信县","cp":[105.04869,27.843381],"childNum":1},"geometry":{"type":"Polygon","coordinates":["@@BEBCFEFCDEAC@CAAACAC@A@ABC@AEACAAECCCAACCAACCAAE@EDEBCBEBCBALOJK@@BAB@D@D@B@@AD@B@D@DAD@B@DAD@F@DAD@B@B@DAB@D@B@FBBB@BBB@@BB@B@@BBDDDDDBBBD@DAB@BBBBBDBBBBB@FBB@BA@AAEBABADAF@DAF@F@FAFADABAB@AAAC@C@A@AAC@A@A@A@C@A@ABA@A@ABABABABADABABABABABA@ABCBC@A@ABC@AAA@C@A@A@AAC@ABA@ABC@ABE@A@A@A@A@A@A@CAAAA@@AAACAACCA@A@AAAAA@AA@A@@ACAE@CAAA@AAAA@@AAA@A@A@A@ABCBABA@A@A@A@A@A@CAAA@@AAAACCA@@AAACAAAACAAAAAAAAACAA@E@A@CBAD@BABABC@A@A@A@A@A@AB@@ABCBA@AAC@A@A@AA@@CB@@AB@BAB@@ADA@A@ABA@C@A@A@AAA@@@AAABA@ABABCBABABAAC@A@@AAAA@AAA@@AA@AACAAAAAA@@AABA@AB@BA@AB@@A@AAABA@@B@B@@@DB@BB@@@BBB@D@BBD@BBB@B@B@@@BABA@A@AB@BABABAB@BABA@@DAB@FAB@D@DBB@D@D@D@BABAB@B@B@DBB@DBDBB@DBB@B@DBB@BAB@B@B@D@B@B@BABA@@@A@A@A@AAA@@AAAAA@CAC@@@@@@BA@@B@@@@A@@@@@@@A@@AA@A@@@A@AA@@C@A@C@AAA@C@A@A@@AA@@@AAA@@@@@@A@@@@@A@@@@@A@@@@BA@A@@@A@@@A@@@A@@AA@AA@@A@@A@@@A@AAA@A@@@@@A@@@ABAB@@@@AAA@AAA@A@BE@A@A@A@C@ABA@ABA@CBABABABABAB@BAB@BAB@D@BABABABABA@@@CA@@@AAAAA@@AAA@ABC@CBA@ABCB@BA@A@@BAAA@AA@AAAAAC@AAA@@@AAABA@E@ABCBABC@A@C@A@C@AAC@A@C@A@A@A@A@A@@@GA@C@C@ABCBCBABAB@@ADA@@BABA@@DAD@@ABA@AB@@ABC@C@C@A@A@AAA@A@ABA@GB@BA@C@A@ABC@A@A@ABE@A@A@A@A@ABA@CHABABAD@@ABAB@@CDAD@@@B@BADADABC@AB@@ABCDA@A@AB@BC@A@A@A@@BABAD@@AD@B@B@B@D@D@B@BADABCBABA@@BA@@D@DCBABA@@@AACA@A@A@A@C@ABC@C@C@A@AAACAAA@@A@A@CAA@@@@AAA@CAABA@ADCBA@@@A@@CAAACAC@EBCB@@@B@D@@ABABIFCDABAD@BCHABABCBA@@@AD@BA@@BAB@B@@A@@@AAAAAACCAAAACCCAAACACAA@CAAAAAA@CAEACAECAAEACACCAAAACCAAACACCACAAACAAA@A@A@A@AAA@G@A@@AAAACCEAA@A@CAC@A@A@C@CAA@CAEAC@AAC@CAAACAC@CAA@C@C@C@A@A@CAA@A@EAAACACACAA@GACAE@C@E@A@AB@@ABCBA@CBCBC@C@A@C@A@ABA@AB@@ABAB@BABABA@ABABA@ABA@A@@@CBA@C@C@C@A@C@A@A@A@A@@@ABCB@@A@ABA@A@C@C@ABC@C@C@AAA@A@@B@@ABAB@B@B@B@@B@BBB@B@BB@BB@@B@B@B@@AB@B@DA@BB@BB@B@B@B@D@B@BBD@B@B@D@DBB@D@BB@BBBB@BB@@D@BBB@DBB@BBB@BBB@BBB@BB@B@@BBA@@BA@@BAB@BAB@B@B@BBB@BBB@@BBB@BBBBBB@B@@@BA@AB@@A@ABA@A@A@ABA@E@CBA@A@C@CAA@C@C@C@C@AAA@C@CAC@A@A@C@A@CBA@C@ABC@A@ABA@A@ABA@E@CBA@A@CBCBA@ABABA@A@C@A@A@A@AA@AA@AAC@AAAAA@A@A@C@A@A@A@C@@@AAA@A@C@A@A@ABA@A@CBA@CBABABAB@BAD@BA@ABA@CAA@A@CAA@C@A@CAA@A@C@E@C@AAA@CAAAAACAAA@AAAA@AAAAA@AAA@CA@@AAA@CAAAACAAAAAA@AAA@@ACAACCAAAAAAAC@AA@AC@A@AAC@A@A@AAA@AAA@AA@A@A@A@A@A@ABA@A@ABA@ABAB@@@D@B@B@D@BBB@BBBBB@DBBBB@BBBBD@DBBBB@BBBBB@BBBAB@@AB@@A@A@AB@@@BA@@B@B@B@BAB@BAD@@@BCBC@A@A@A@A@AAA@A@AACA@AAAAC@AACAAAAAAABA@A@C@A@CAA@CAA@CAA@C@A@CA@@AAAAAAA@ACAACAA@AACAA@A@CBA@@B@B@B@B@@@DDFBB@DABABCBC@ADAB@B@@@BA@A@A@A@ABA@A@C@A@@@@BFF@D@BABABA@C@A@@@ABABC@CA@@@BA@@@AB@B@@BB@@@B@@BBBB@@BB@@BBBBB@@BBB@@BB@B@BAB@B@BAB@BA@ABA@ABA@A@@BA@@BABA@@@A@A@A@A@C@C@GFAB@J@BCA@@@@ECCGCCAACBABA@@@AB@@@B@@ABA@@BAB@@AB@BABBBBBBB@BBBBBBBBB@@BBBBBDBBBB@B@@BDBB@BBBBD@@BBB@BBB@B@DBB@DBBBD@BBDBDBD@@BBBBBBB@B@@@B@B@BAB@B@B@DABAB@D@B@B@D@B@B@BBDBB@BBBBBB@BBB@B@B@B@B@BBD@@ABABABAB@DAD@B@B@B@DAB@B@BBDA@BB@B@B@BB@B@@@B@B@@BBB@BBB@B@B@@@B@BBB@JBLDDFBBBBBBBBD@BCB@B@FBD@DBH@D@@@@AB@@AB@B@B@D@BAB@B@B@B@D@DBB@BBBD@@BBBBB@B@B@BABCB@BAD@J@B@HBB@B@B@B@B@DBB@BBB@BBB@B@D@BBB@D@B@B@DB@@BBB@B@BB@@BBB@BBB@B@BBB@BBB@@BBB@B@B@B@D@B@B@D@BA@@B@D@B@@@BBB@BB@DDDBDBB@BBD@B@BBD@B@BBD@BBB@DAB@D@B@DBB@B@B@@BBBB@@BA@@BAB@BA@@BAB@@AB@@AB@BA@A@A@C@KA@@AB@@@B@B@B@D@B@B@BAD@BBB@DBBB@BBDB@@BBB@B@B@B@D@B@B@BBBB@@@BB@@B@@@BBB@B@BBBB@BD@@B@FJBDBBFAJENAD@B@@BEH@D@BBD@BBD@B@@BB@@BBDBB@BB@@DDDBDB@BBD@@@D@BBB@B@B@BBBB@BBB@B@D@BBD@BBD@@BBBBB@B@BAB@B@BAD@BAD@D@B@D@B@DBD@B@DBB@DBB@B@BBB@D@B@D@B@D@D@B@BBB@@B@@BB@@@DBB@B@D@F@FBD@D@D@D@B@F@B@@BD@HBDBBDDBFBDBBBFDDBBBDBDDDBDDFDBBDBDFBD@D@B@BBBBBBBD@DBFAF@B@F@FAAEDEDADAH@D@FCBA@CDAD@DBHBDBFABADAB@FAFAB@DBHAFCFCDEDADCD@F@DAF@F@FADAFADAD@F@B@D@B@@@DBDBHBHDH@D@BEBCBAF@FB"],"encodeOffsets":[[107702,28741]]}},{"type":"Feature","id":"530628","properties":{"name":"彝良县","cp":[104.048492,27.627425],"childNum":1},"geometry":{"type":"Polygon","coordinates":["@@C@AAA@A@A@A@A@AAA@AAAA@AAAAC@A@A@A@C@A@A@CBABA@C@A@ABA@A@A@A@@@AAAAAAA@AC@CACAAAC@AACAA@CAA@A@AAA@AA@@ACAA@AAAAC@@@AAAAAACAAAA@@AAAAAAAA@AAAAAAABA@ABA@@BA@AB@BA@@@A@@BAC@A@AACE@A@CAAAA@CAC@AAAACAAACACAA@CCAAAACAAACAACC@CCCAAACAAACCACAA@CCCCIGA@@@AA@@CDA@ABA@C@AA@@ACE@AAC@AACAA@AB@@@@AC@@AC@AA@AC@@@AA@ACECICAAAI@CDA@CBA@CAAAA@@CBA@CBABADEDEDCHGBE@ABABA@ABA@A@A@CA@@@@AAA@E@C@ABA@AAAAAA@AAA@A@A@AECAAAAAAAA@AA@AA@AA@@A@@@AI@GCEAC@A@C@A@@A@A@A@AAAAA@@CAAAA@AAAAA@A@AAA@AAAA@A@AAA@A@@ACA@AAAAAAA@@A@C@A@A@A@AAA@A@AA@@A@AA@AACAA@C@AAAB@AA@C@AAA@A@A@AB@@ABAAA@A@@AA@A@@@C@CBA@AB@BDF@DCBGFCB@BA@AB@BAB@B@B@B@B@@@B@BBB@@@BBB@@@@@BBB@BB@@BB@@B@BB@@BAB@BABAB@BA@ABC@A@@AA@@@A@AAA@AA@@A@KCSEMCA@ABBB@B@DBB@B@D@BAA@@CBABABC@A@CAA@C@C@C@C@A@A@I@C@@A@AA@@ACAAACAABA@CAC@MAE@@A@A@C@A@C@CAC@A@ABA@A@A@A@ACEGE@A@@BABA@AAA@ABA@A@AAAGCCACAC@G@EBCBEFCDA@A@@@@@@AAAAA@@C@AAA@C@@@C@AAA@CAC@EA@@C@C@CACAAAEAA@AAA@C@C@A@AAAA@@AAECEAEAA@@@@@AA@AA@A@A@ABA@@@EFEB@BCBCDA@C@CAEACCAAAAAAAAAAAC@A@CAC@ABC@A@CBA@A@ABA@A@ABA@A@CBA@AAA@CAAAA@AAA@CAABA@@@ABA@@B@@@BAD@D@DBBBDAD@@A@ABA@@@A@A@A@C@@@A@A@@@@BA@ADAB@DADBDBBDFBDD@FDFDBFB@@@@B@B@BAB@B@B@B@B@@@BAB@B@@@DAD@DBD@B@BABGFCBCD@DB@@@@BAD@@@DAB@BA@@BA@@BAB@BA@@DAB@B@DCD@DCB@BA@@@A@A@AAC@@AC@AAC@A@A@A@ADAD@DABA@A@@AAE@A@A@BA@ABABG@C@ABABEFEDEBEDEDEBE@E@ACAAA@@AA@EACAA@CDA@A@AAE@A@CBA@A@C@C@A@C@CDCDCDCBC@A@A@ADCDAB@DABB@ADA@A@@@ABA@A@A@ABA@@@C@A@A@CBA@A@CB@@@BAB@DABAB@BAB@BABABAB@@ABABA@A@@BC@A@C@A@A@@@C@@AC@@AA@A@A@A@A@A@@@A@A@A@@@A@AB@@A@@DADA@A@AAE@A@C@@@CGOAA@AC@CBA@A@@@@@AA@C@AAC@C@ABA@CBA@A@AB@CBABCBG@A@C@C@C@ABAJADGDAH@DDFBD@DA@@@EACACAABA@CDEDI@A@CBABA@EBA@ABA@CBA@A@A@A@AA@@A@AAA@A@@@A@AB@BA@ABABCBA@ABAAA@C@A@A@C@A@AAC@AAA@AAAAAA@@B@BA@@B@@A@A@@AA@@@AAA@AA@@A@AAAA@@AAAAAA@CA@AC@@@CAAA@@AA@A@AB@@ADCBAFADABA@AAC@A@CBEAAA@@@A@@@@D@BABEDA@@@AA@@@AB@BA@@@A@AAAEEAEEG@@@A@AB@@A@@@AAAA@CA@@CA@CC@@@C@I@I@AAA@@CAACCAEAE@CBA@CAAAA@A@@@@@@A@@AA@@@@C@@A@@A@@@A@AA@@@@@@A@@@A@@@A@@AA@@@@@A@@@AA@@A@A@@AAA@@@@@A@@@AA@@A@AA@@AA@@AACACAA@C@@B@H@B@@A@CA@ABC@ABC@E@CAAAAC@C@CBC@@@AAAA@CCGCCC@CAA@AAAA@C@AAAA@A@@G@AGCEA@A@ABEBC@ACC@A@AB@B@D@@A@@@A@AA@@AAABA@@BABAB@BA@@BABA@A@ADCBABA@@AAAACA@CAAC@CA@A@@@ABA@@BA@@BA@A@@@A@@AAA@CA@AA@@@@BAFA@@@@B@BABA@@BC@A@GCCAEA@@@EA@CAA@@BCDCDADCBODA@CCAAAAB@@ABA@@B@@AB@BABA@@@@BA@A@@@@@A@@BA@@@AB@@@@ABEAE@AC@A@@@CA@@C@GAC@IFABADABC@@B@@A@ABABA@@@A@A@@@AAAEBG@CAAAA@A@@AA@@AA@@AA@AA@AA@@AAA@@AA@@@A@A@AA@@AA@@AA@@ACA@ABABABABCBA@@BABEFCDCBADABABC@@BA@@BA@@@ABABA@@B@BA@@BA@CD@@@B@BABAB@BAB@B@B@BA@EB@BAB@B@@ABCB@BCBAB@B@B@D@@BD@B@D@B@BBBB@@B@D@DAB@BABCB@@CBA@A@EDG@AB@@A@ABAF@BAB@BAB@@A@A@CAA@C@C@CAEAA@AACCA@AAC@C@C@CAA@A@ABAB@BAFADABABC@@BGBA@ABA@ABABABC@CB@BA@@B@@ADABCD@B@BA@CBA@A@@@A@ABA@EFA@EBC@CBABA@ADA@ABABC@A@@@A@@BABA@A@@BABABAB@BA@ABA@ADABAF@BAB@BBB@BBB@BBB@B@BABAB@@@B@@BBBD@@AD@BBD@B@B@B@B@B@@@B@B@@@@@@@B@B@@@@AB@@A@ABA@@@@B@B@B@@@B@B@BAD@@@BDB@BAB@B@B@@@@@B@@AB@@@B@@@@@@@@A@@@A@@@@@@@AB@@@@A@@@@@AA@@A@@@@@A@@@@@AB@@@@A@@@A@@A@@@@A@@@AA@@@@AAC@AAA@@@@A@@@@@A@@A@CA@@@A@@AA@@AAAAA@A@@@AA@@@@A@@@@@@@AA@BA@A@A@A@AAA@A@@AA@@BA@@BABAD@@ABA@@BA@@@A@C@A@A@A@A@A@CBGBG@AB@DBF@BABC@C@A@@@A@A@A@C@A@@BA@@BA@AB@BA@ABA@@BAB@@@BA@AB@BA@@B@@A@@@A@A@@AAA@CAA@A@A@AAA@C@AAA@AAA@A@A@C@AAA@A@A@A@A@ABA@A@@AA@@@A@AA@AA@AA@AAA@@AAA@A@A@A@@CCEGAEAM@CC@C@C@@@AAAD@@ABA@@B@BA@ABABADA@AB@B@@@@EAA@CDABA@AB@@ABABCDCBABA@A@EDCD@DBFFHFF@D@FBB@BBBBBBB@B@B@DAB@@ABC@A@@BABA@@BA@@BAB@@@BA@@DADA@ABA@A@@@A@ADC@EBKG@@A@@@ABABAB@BAB@BAB@BBB@BBBBB@BB@@BAB@B@B@B@BADBB@BBB@B@B@B@D@B@DAB@D@B@B@LDFJBN@D@@BBBBB@BBBB@@BB@BBBBB@BBBB@@@BBBB@BBB@B@DBBBB@B@BB@@BB@B@@BB@BBB@B@@@BBB@B@BBBBDBBBBBBBBDBB@BBBBB@BBBBDBBBFLDDFDFBBB@DADABABAB@@A@@BA@C@CB@@ABAB@@@BAD@B@BBB@B@BB@BD@BBBBB@@@BBB@B@BBB@@@BB@@BBBBB@B@@BB@B@B@@BBBBB@DBB@B@D@B@FDDBDBDDJDDBDBBD@@BBB@BBFDBBFDHHHDLDHDDDDHBBBBB@BBBBB@BBB@@@D@FBBDDB@D@BDBBB@DBBFBBBBB@@BBBB@@BDBBBB@BBB@B@B@B@B@@BHBBDF@B@B@B@D@B@@BBDJ@D@BABABAD@BBBB@BDBDBDBD@BBBBD@@AB@BADAD@DA@@BABA@CBCBABABABAB@@@B@BBD@B@DABCBCDAB@B@B@B@B@BBF@BBB@@BBBBDFDFBF@BB@@@DBB@BBB@B@B@B@B@D@B@B@BBBB@BB@B@D@@BB@@D@FBBAB@BABABAFA@ABC@@BABBB@@@BBD@B@BAB@BA@@D@F@F@BABAB@D@B@B@B@F@BAD@B@@D@B@B@B@ABBBDDD@BBDBBBD@BBBB@B@DBF@B@BBB@BBDBBBDFD@BBD@DBFBBBBB@B@DBD@B@B@DBFBDDBD@@@D@BABADAB@D@D@BBB@DB@@BBDBBDHBDBBBDBDBBD@HB@@LDHBFAJGDC@@@@B@@A@@AEA@@ABCACACA@@A@C@ABCBC@AB@D@D@B@DBDBB@@@D@DAD@FA@BD@DBDDDB@DBB@B@DFDBBDDBFDF@BDFBBDD@BB@BB@@NLBDBD@BBBJHBBBDFDB@HDFDDBNFBBDBBDDDBBBF@@DDDBFBDDBBBDBBBD@BFHFBBBFBHDBBHFDBDDDDDFDADABABC@C@A@A@@@C@@BABE@@BADEFA@ABA@@@A@A@AA@AAAAA@@AAA@A@A@A@ABA@ABABA@AB@BABAB@BABAB@@ABABAB@@A@ABA@A@A@C@A@A@AAAAAAAEAAAA@AC@AACAA@C@AAAAA@C@A@C@ABA@CAAACAAAA@AAAAA@A@AA@@C@A@A@C@@DABCDCFAFA@C@AHC@@B@@@BBB@B@B@DA@ABBD@B@BABCD@BABABA@E@@@A@A@A@@BA@@BAB@B@BAB@@AB@@ADA@AF@DFFDFBD@HBBFBDB@B@BBB@BB@@BBDB@BD@B@B@D@B@BAB@B@BABA@ABADA@ABA@AD@@AB@BBB@BB@@BBBB@BB@BBBBB@BBD@@BBBBBD@BA@ABABAFIFAF@DB@D@F@DHHFFB@@@D@BBB@DBBBDBBBBBBB@BBBBBBBBBDBBBB@BBB@B@B@B@D@@@D@B@B@BB@B@B@@@B@B@DBD@DBDBB@BBBBBBBBBDBDDBBBBB@BBBB@@BBB@D@B@@ABABAB@BA@A@C@ABA@ABCDAB@B@BADAB@B@BAB@BABAB@BA@@BABAB@@A@A@@@A@A@AB@@@D@BBBB@BBB@B@D@BBBBBBBBADBB@DAB@DBB@B@D@BBB@B@BB@@DB@BBB@DABCDCBCBA@ABGHA@CDCBA@AB@@@D@@@D@BBD@D@B@B@D@BAD@B@B@DBB@BBB@BBBDBDDBBBBBB@BBBBB@BBBBB@BBB@@BA@ADA@ABADCBABAB@@ABABABA@@B@B@B@B@@@B@@A@AA@@AA@@A@@@ABABAB@DAB@DAB@BAD@D@D@F@BAB@B@@A@@BA@ABAB@D@B@B@@@BA@@@ABAAABA@ABA@A@ABABC@ABABA@AB@BABA@AB@B@BA@@B@B@BBB@B@B@DBB@@BB@@BB@@B@@BB@B@@@BBB@BB@@BB@BBB@B@B@D@B@DAB@DAB@B@BABABABABA@ABA@@B@@ABA@A@ABA@@@AB@@@B@@@B@@@@BB@@@@@BB@@BA@@@A@A@AB@BABABAB@BA@A@@@A@AA@@AA@@A@A@A@ABA@A@A@@BA@AA@@A@A@AB@BAB@B@B@D@B@BAB@@@B@@A@AAA@A@@@A@CB@BC@@B@BAB@@AB@B@B@B@B@BBB@B@BBFFDDD@DBBBB@FBB@DBDBHFFDDBD@D@DB@@B@B@B@DAF@HBB@BA@ABA@AB@@ABA@@BA@@@AB@@@B@@@B@@BB@BBBBB@@BB@BBB@@@BBB@BBB@DBHFFFFBNLHDFFB@B@BBBB@BB@BBDBBBLDB@D@FAHBPDHFJD^LNBHBNFL@D@B@@A@ECCAABC@AA@@A@A"],"encodeOffsets":[[107264,28560]]}},{"type":"Feature","id":"530630","properties":{"name":"水富县","cp":[104.415376,28.629688],"childNum":1},"geometry":{"type":"Polygon","coordinates":["@@HCB@HAJAF@@@J@HCDCFC@AFCHEJE@C@AE@ACAA@C@E@CCMCGBE@CAAA@AAG@GBA@IBMBE@E@@@ICIAEACECCCCACAC@C@@@A@CCEAE@AAAACCA@CAA@I@CAAAAAAAAC@G@GBE@ABKFC@C@C@ACACACACAKAGAACACA@@AA@@A@@@AA@BA@A@@@A@A@ABA@@@C@A@A@ABC@@@A@A@@@A@A@A@A@AAECGEACC@A@@@C@@@ABA@@@A@@@ABC@@@@@ABA@@@A@@@A@A@@@A@@@A@@@A@@BA@@@A@A@AB@@A@@@A@C@AAC@CCAAA@AAA@AAA@AACAAAAC@A@@AE@C@@@A@@@A@@@@@@@A@@@@@@@A@@@@@@@@@A@@@EBCBCDABAD@BA@@DABADAD@B@D@BAD@@CB@@AAA@@ACAA@@A@AACCAG@E@A@ABA@@@AHIFKDE@C@@@A@@AA@AECCCAACACCAC@E@C@ABA@ABGFIDEBE@ABABG@G@AAAA@@AAAA@AA@@A@A@AAA@@AAAAAA@@AACAA@C@EBGDG@@BA@ABAB@@@@AB@@@AACAA@EAC@E@CCAEAEECCECCCCCAA@CBE@C@A@C@EACAE@EAG@EBC@ABDDDBDDF@JBF@HBD@FB@BBB@@CBEBGBEBEBEDC@C@C@ABC@ABABEAC@IAC@IDEHED@@A@CB@B@DE@C@A@C@E@E@G@CAE@C@CAGAE@CBE@G@EAECECCAAACAEECCACAACAACEAC@E@E@A@EACACAC@CBABA@AD@DADAD@BAD@DABEDADCBADADABCBC@ADADADCB@DBDBDDDDDDDDFBBBDBD@D@DAB@DABBDBBFBFDBBAB@DAB@D@D@DBDBFDDDDDDBDBDBD@DBF@DBD@DBD@DAF@DADADCDAF@D@DBDBFBDDHFFBHDFDDDBDBDBDBFDDBDD@DDBFBBADCDCD@H@F@FAF@D@DBFBD@DBFFDFBBH@D@DDFBD@D@DBBBDBDDBBDDBF@FBBDBDBDFBDDDBBHFHBJBF@LBNFFDHDHBLBB@@BB@@BB@@DF@DBD@FBBBBFBFAD@DBBBDDDFBB@AD@B@B@@B@DAD@FBDDDBDBDBBB@D@HABABBDDBBDCHF@FBNDF@HAFCFC@C@CAI@CBCDABA@@FAF@HBFBFDHFLPDHDDFDNH\\HVFHBD@DAHCFA"],"encodeOffsets":[[106889,29333]]}}],"UTF8Encoding":true}