{"type":"FeatureCollection","features":[{"type":"Feature","id":"530821","properties":{"name":"宁洱县","cp":[101.04524,23.062507],"childNum":1},"geometry":{"type":"Polygon","coordinates":["@@AUDIJGlyF]A_Ry@MLsJÍ{D{[aBOLMXC@@@@B@@@@@NAXHV@ZSV[PA^LLEJMDcASAgBoEMMMScLYtmXMTFtlCXGp[^YhsLaAWqQkm@aJKZKBQPYb]LUDaFYFCX@\\czSXOIYc[AIPOZEHIAImWNOB@DBB@BA@C@@@CDCBAB@FAH@BADCBADCDABA@AA@@C@C@CDEBAFEHEFEBCB@DEB@DA@@BA@@AAGCA@OEAAE@G@A@C@GBCBCBA@ABA@A@ABC@C@MAE@GEEC@E@GHE@A@ABAHG@A@ABA@@@ABABC@A@ABCAAA@ABC@A@AEAAA@C@CBA@EBABA@ABCAAAABABCBABA@G@ABG@A@ABCBADA@ABEH@BCB@@IBA@IEGGGIKOIMKIEGGCMAKAKAG@G@GDGDGNELELEPEJQFOHQJMHKHCJ@JFJFLEJEJOHOJGFOJMNCLBLDH@N@J@JBL@R@NGNKXINMHIDOFSBW@WGOCGCOIMCEEKGIGIAKAO@MCKAKEEOAMDCLKNINGJGFAFCJI@@@AAE@AA@A@ABA@A@ABEBA@CFA@A@@@A@A@A@@AA@@BCBA@A@A@ADA@A@C@A@A@AAA@@BA@A@@@AAACCA@@EAEAA@C@C@C@ABCB@@A@A@AB@@@B@D@B@@@D@BBB@@B@B@@@@B@BC@@BAB@BAB@BBDBB@@@B@B@BBB@B@@AB@DAB@B@BB@@B@@@@@@G@ABAB@@A@@BAB@B@@C@A@@@A@@@AB@@E@C@@BA@@A@@A@@DAB@B@@A@@AA@@@A@@AA@C@A@AAA@AA@@AAA@C@A@@@@@AB@@A@AAA@A@@BB@@@@D@B@BCDCBA@ABE@A@@@A@@B@@@@A@ABA@C@CB@@A@@BA@A@A@A@@@A@@@A@@@@@A@AB@@A@@@AB@@@@A@C@CB@@@@A@C@A@ABA@A@A@A@AAA@AB@@A@@@@@A@@@@B@@@@ABA@A@@@CBABAA@@@@A@AAAAA@AB@@@BA@A@CBA@@@AB@@A@ADC@ABA@@@A@AAA@A@A@@@A@CBAA@@A@A@A@A@EBCBEDCD@D@DQ@UR[@QMiJWRC^CV[PUXY@cIQDKPKVIL@@@BAB@B@B@DABABC@ABA@AB@B@BA@A@A@A@A@@@AAAA@@AB@BAB@BA@A@A@@A@A@@@AA@EA@@C@AAA@A@A@@@CC@@A@E@AAA@CCAAA@@A@@AAAA@@A@AAAC@@AAA@AB@@CDABAB@D@BA@A@EBABC@AB@@AA@@A@A@A@A@A@@CAC@AB@@ABAB@@AA@@@CA@AAA@ABA@AAA@@A@A@@@A@E@ABA@AB@BA@@B@B@BA@@B@BBB@BBB@@@B@B@B@BA@CD@F@B@@B@B@B@BB@BAB@B@B@@A@ABABA@@@A@@D@@@BAB@@BB@@@@AB@@BBA@@B@@B@@B@@A@@B@@BBB@@@@@@BAB@@G@CBKB@@CDED@BGDA@A@ADAB@D@BBD@BB@B@@AB@B@BA@@B@@@EF@BB@DB@@AB@@CB@@@B@B@@BB@@ABAD@B@D@BAF@@@@@BG@@@A@@BABAB@B@@ABCBAAABEBABA@@@A@@@A@@BBB@@@BB@@B@B@@BB@@B@@@B@BBBB@D@@BB@@@B@@@@@B@@B@@@@@@@@@B@@B@@B@@@B@B@@B@@BB@@@@@@B@@B@B@@A@@BA@@AA@C@A@AAABCB@@A@@@A@CAA@@@AB@@A@A@AB@@@B@BA@@FA@@DAB@@A@@@@BB@@BA@@B@BA@@B@@@BBD@B@@A@@@@B@@@@AB@@@B@D@@@@@@ADAFBB@B@@AB@@@B@@@B@BAB@BCB@B@@@B@BA@@@@D@@CBCB@@C@@@A@@@@B@@@B@@@@AA@BA@@@@@@@AA@@@@@@A@@@AB@B@@A@@@AA@@@@@@@A@@@@A@AB@@@@AA@@@BA@@@@@AAAAA@@AA@C@@AA@@A@AA@BA@A@@@@@@A@@@A@ABAAABAAAAA@AA@@@CA@@@@@AA@@@A@@ABA@@AB@@AA@A@@A@@CBA@AB@@A@@@A@@@@AAA@@@A@@AA@@@BA@@B@B@@AAAAAB@@A@@@@@AA@B@@@BA@A@A@@@@A@@AA@AA@@@AB@BA@DDB@HBH@BBB@@BBF@B@D@@@BDLfVfPr@tHTZNHxN\\lLXA`FDVMp\\hXHCNGHDXFR@RLBB@@DBHJBBDBB@@@B@FGDABAB@BBBDDDBDAFAD@H@B@B@D@BBD@B@B@B@BBB@B@D@BBB@BBFAD@@B@LHNDRBPDJDNBRALDJHLHNHHHNBPDRFTFNHDHFJBP@LEREJKNGHMTGNGDEHGJENAJELCLCLCJARGPGRCHGNIPEHEJBPAH@PAREVGHELEN@FBLDNEJENGJETALIVGVFDH@RCNCLCL@LBJDLFHDNDLAJBRAJANCXBJDLJHFNABACNHDFH@B@@BE@A@@@ADA@@BA@AAE@@BABA@@@A@C@@@A@AEAA@A@A@AA@@BAFE@C@AAAEACAAAACAA@ACEAADAB@B@BB@@F@HAB@D@B@@B@@B@D@D@BBB@BAB@BBB@B@@BBB@D@DBBBBB@BBF@B@F@H@DBB@DAB@B@B@BBFDD@zB`Q"],"encodeOffsets":[[103665,24137]]}},{"type":"Feature","id":"530824","properties":{"name":"景谷县","cp":[100.701425,23.500278],"childNum":1},"geometry":{"type":"Polygon","coordinates":["@@HUJUBKFSHIFMFICMAK@EFMFKHGFUBQ@OBGAOFIFGJOHMDGHQHOBQDIDKDKFKBIFMHIFGHCHMNSHGLMFIFQ@KAOEICGMGSEQEOCMAGGMGKGIGKCQBMAICOCQAMCKGA@@@BCAE@AAA@A@C@AAA@A@A@A@AAC@A@C@A@A@GBCBEACCCACAAA@ABCBEHA@@@A@CAAAGICA@@AAQKQ@WEGCMHGDgWo[UNECB_KW[kwMMGSYsGq@eOeUCK@A@@@C@AAE@AA@AAG@GAA@CC@A@@@A@AAAC@G@AACAAAABA@@BA@A@ACAABI@A@A@AA@AAA@AAACA@AAA@AACC@A@AAAAC@@@ABA@A@AAAAAAAA@C@CBE@C@A@C@@@C@ICGAA@A@BEBCAG@A@GBG@I@CGGEEAAEAAAAA@ABA@AACAAA@C@C@A@CCEAEACAA@ACACCC@A@AAAA@ABA@@BCB@@A@AACAAEAC@CAA@@BABCDG@E@AA@CAC@CAA@AAAA@EAAAA@AAC@@AAA@AAAA@A@C@E@A@@CAAABABABA@@BABC@A@C@A@ABABABABA@C@@@CBA@CBA@@@CB@BAB@BAB@@CB@DCBAFADA@ABABABA@C@A@G@G@CAA@CACACAA@@A@A@C@@@AA@@@C@AA@ECAAA@C@@BA@A@A@AAA@ACAA@EACEEAA@A@CBA@C@C@AC@A@EBC@A@CAE@G@E@C@A@EDABA@A@AAAAA@A@GAG@MA@AA@AA@A@AB@@A@EAC@@@ABGBE@C@E@E@EBABE@C@C@A@AAAC@AAA@A@E@A@MCAAMAI@C@EAC@EBCBABCFABADCBC@I@GBA@CBAFAB@BABCBEBEBCDAD@BC@@B@B@B@BCBCBA@CECAAAA@@@ABABAAA@CBCBA@EBCAEBCBCBC@E@CBC@EDQLIFGDEBC@CAABEBGBEBCBMEGCA@E@C@CDABA@ICA@@@I@C@A@CAAAC@C@IBC@EAC@EACAIACAHJBFBFAD@BCLgtCFG\\AD@L@RBBTn@DOHA@IAC@@CKMQCA@A@KNALA@@PABARAB@L@D@HAPCN@DICeOI@iR_fADOdeD_ZGBABIDENUAD@`@HYrY\\w`uTS^@NB@n\\`^PlB@@R@JALG`@BOhFt@DB@xIb@BA@ANLdljJBRXXvBF@D@B@H@H@F@J@FBFBDDFBDFJBB@DFVBH@FBFBLDFBDBDHZ@HBDBDDFFDBF@F@DAFAF@PBFBBHBB@FDJDNDND@@@@@@F@HEDKJANCJ@PNJTDLDHJFJDPDP@PAFCLKHI@AFIFGDADADBD@FADCDAB@NAD@FBB@H@LBB@HAB@B@BB@@D@B@JGB@B@DD@F@@BFBBBBBBBB@@DBF@BAD@D@BBB@D@DDBBDFBBDFDF@BDBB@F@BBFFFDBBHBBBFHNDPDNHBFMLIDEDQFQFSLKFIJCJDNFP@NCLCHINKHKDMDKDGFCJBJDFJFJH@L@P@FALAJCRCNCNHJFJ@@DBBBBHBH@DBB@BPEJANBT@VBXAR@J@LAR@RBJBJBDAJCLIFMNCJALBNHNHNJJBJFJJNLJHFDHFNDNETINCNEPELIHGPMRE~AVINKFMLMFKLMRKXIAZ@`LLGPMtQZCB@BB@B@VF@FADBB@B@B@D@@@@@@BBB@@BBBB@@@@BA@@BA@@BA@@BAB@B@@@B@B@DAHEB@BA@@DBLBRGDIFCJCNAR@R@NCJIHGNOBIEQAQ@KHQVKHQAKAS@OFGNIJELGHKDELKBOBMDODIBGDCHCHENCHILGFCHC"],"encodeOffsets":[[103437,24146]]}},{"type":"Feature","id":"530823","properties":{"name":"景东县","cp":[100.840011,24.448523],"childNum":1},"geometry":{"type":"Polygon","coordinates":["@@AA@ABC@@@CBABAB@D@D@BBD@DAHCFAHAFABABCBABC@AAO@CBI@CBCDCDADADEDCDAF@DAD@BAB@BCDEDEDCDADAFAB@@D@BBBFHBBFBDBF@FADAHGB@B@B@JBB@DBDBJBBAB@DAHAB@H@FBD@BAB@@@BABCDAFAB@B@LFDBDBBDHJFBDBDD@@BDDHNHD@RQECCCAA@C@ABCBCBAB@DAB@@CB@DBBBJ@DAFAF@F@FDBBDDD@B@B@HGFIFI@EAACAEAAAAC@CAE@E@CBEDCBCCA@CAA@I@C@AAA@CBCDCNGTMNKJOHKHMDGBGFKBGFIFKLSPKHENYFQNILGDEBG@KEIBGJODO@M@ODIJKBABG@CDADADAF@D@DA@@@ABCBCB@FAD@D@BADCBE@IACBABEBCFC@C@@AC@A@A@A@ABABAHADCHGDCFCFAPKZUNOBE\\gHCLGLKFGHOBGDSJKN@TEZITKPMJERQFELMTOIQIMGIEIAOCOBCMGYMSOMQBQAQGIGGGGAI@KRGJAKUEKAMEEG@CEKAKAQCW@[FM@KEBK@OFMHKHMJGCKGEQCKAUAcEMEMIUMKMIOGMGOEMKGaMQDQA[CGAACGKCIGCOJQFQNAPEPCTURGDO@UDSNAHBVMZI^@JDNBD@@AD@D@DB@@D@B@@ABEFA@@B@B@B@@@BBBBBB@@BABCDAFCDCFADADA@A@@@C@GA@@A@ED@@E@A@CBAB@B@B@B@BB@@BB@B@B@D@BBBB@@@BBB@BBBBBDD@BBB@@@BAB@BCD@@ANMLQRIRIPONKLCLGRIF@@@B@B@@@D@FBJ@H@B@BA@ABCNCBABA@CAECAAA@A@@B@B@BBLMLIPAHEJ@LFPDJBJIFMLADKPSCYAYAOEAG@ENMNOJO@S@_CQAQES@@@EBKAAAACAC@A@ACAAEICCACCIAA@@CAECAACAABANABA@EAICKKE]@W@KGS@OLSFCDCG[GYASFMCKAKCG@GGMGKGOAEGQEYKCMBIDYCQCKEIICQEECCI@SBI@MEMMOOIEECQCGC@@CACAEBAAA@AABCAA@AA@AACBKBCBCAEAA@EDCBACGEEAEC@@EACFSHMDK@MCICKBIB_MISwiUcWU@BG@ABADADCH@DADAF@DBDBB@@@^[nJZAL@HMLMR@PCRLNJLPHPFN@PIdGXHXDTFXFTDRLRNHRBJNdFPFXFXHN@T@HDPDL@LCLAXENBFBVCTCPGHMPFNFPDXGX@RCJFVCTKZDPBTF\\ALCTFPA\\CVFRFNDNLNNJZNNL@FAD@B@BAB@BCD@@ABCBCBABCDAFAD@DAF@F@@@BAD@B@D@D@@AD@BA@@@A@CDA@A@A@A@A@@BE@ABCFA@ABCBA@ABA@@@G@EBA@A@@@ABA@@B@@@D@B@BABBB@B@BBD@DAFAFCFAD@B@B@BDFBD@BBFAD@DA@AB@B@@@B@F@@AB@@C@A@A@AAABABABA@@B@B@BBD@@BD@B@BADCDCDABCD@DAF@BABCBCBCBABA@AB@@A@@AA@AC@C@@A@A@ABADAD@LADBB@@BB@@@B@BA@CDCBADEBA@CBAD@D@B@@DBDD@@@BC@EBG@EDAD@@AB@F@BCDADCBCDA@CDGBEBA@AFAB@H@B@B@BDBDDBB@BAHAL@BGHEFC@AACACAA@CBABABAH@BBLBH@HBBBDBDBB@BAD@BD@@BDBF@BBB@FCB@@@BBDBBDBD@BDD@DDDDFFFHFDBBD@@FBBBFAHAJEDA@C@CBABBB@BBBDDBDBBF@BB@FBDBFBB@BB@@B@F@D@B@B@DADAFABAD@DAD@@BB@@BB@BBB@B@B@B@B@D@B@B@@@@@@C@CAG@@@A@A@A@ABA@ABA@AB@BAB@B@DAB@B@B@BADABABABCBABA@AB@B@B@D@B@B@DBD@DBD@BBB@B@B@B@BABAD@BADABAD@BADCD@@AB@B@@BBBBB@@BDDBBBDBDBBBBBBBLF`\\LFNDB@@BB@BBB@DDBBBDDDBDBB@D@BBBDDBB@BBHBD@L@B@D@HBD@D@@@B@FAF@B@DBB@DBD@DBDBDBFBDBB@BADCF@DAFABAB@BDF@@B@@@BCB@@@FDH@B@D@D@DAD@DAD@B@B@BABAB@B@BAD@B@DAD@B@D@BAB@BA@@BCBEBABCB@B@@BDBBBB@B@D@BA@ABCBA@AB@BEBCBEBABAB@B@DBDBB@DBDAB@FA@@BAB@FCBABABA@ADA@AD@JAJA@@B@B@B@BBB@"],"encodeOffsets":[[103157,25380]]}},{"type":"Feature","id":"530825","properties":{"name":"镇沅县","cp":[101.108512,24.005712],"childNum":1},"geometry":{"type":"Polygon","coordinates":["@@BABABABC@@HEHCBC@A@CBAHKDEDEBCBABABC@ABCBABADEBCBADADABC@@BABCBABA@A@CBCBC@A@ACA@AA@@@@ABA@A@ABABABA@ABABADCBABCBABCDABCDABADABABADABABABA@AB@@A@A@A@A@AAA@CBC@@BA@A@AAAAA@AAABA@A@AB@@ABA@ABA@C@A@CBA@A@C@A@A@C@ABA@ABA@@BCBA@ABA@A@A@A@A@A@A@CBA@ABABABABAB@DAB@DAB@D@DAB@D@BAB@@@BABADAB@BAB@B@BAB@@ABA@A@@@A@AAAAA@AAC@AAC@A@A@C@A@ABA@CBA@A@A@C@ABC@ABA@ABAB@BABABAB@BA@ABAB@BAB@DAB@@@BABCDIDEHEFGBA@A@ABA@@BA@A@A@A@A@CAA@AAAA@AAAA@A@AAA@ABCBA@ABA@A@AAA@A@A@ABA@A@ABABC@@BABABAD@@ADABAB@BAB@@@BAB@B@B@D@DBD@B@BAB@BAB@D@BAB@B@@AB@B@@A@@AA@A@A@C@ABA@A@A@A@A@@@ABA@ABABAB@@CBABABC@A@@BA@A@AB@@AB@@A@@@@@@BA@A@@@@@@@A@@AA@A@@@@AA@@@@@A@@@A@@@@AA@@@A@@@@@A@@@@@AA@AA@@@@@A@@@A@@B@@@BB@@@@B@@AB@@@B@B@@@B@@@@BB@B@B@@@B@@@@@B@B@@@B@@@B@@@@BB@@@B@@@B@@AB@B@@@B@BA@@B@BAB@@@BA@@BA@@BA@@@AB@@@BA@AB@@@@A@@BA@@BA@@@A@@@A@A@@BA@@@@@ABA@@B@@A@A@@@A@@@AB@@@@AB@@@BC@@@@BA@@@A@A@@@A@@@@@AB@@AB@B@@A@@@A@@BA@A@@@AA@@A@@@@@@@@B@@A@@B@@@@@@@@@B@@A@@B@@AB@@A@A@@B@@A@@@AB@@AB@BA@@B@@A@@@@B@@@@@BAB@BAB@@@B@@@B@@@@B@@@BBB@@BB@BB@@@@@B@@@B@@@@AB@BA@@@AB@B@@AB@@@BA@@BA@@A@@A@A@@@A@@@A@@@@@@@AB@@@@@BA@@@@BA@A@@@@@AB@@@BA@AB@B@@ABABAB@BA@@BA@@BA@@BA@AB@@@B@B@@@@@@@@@@A@@A@@@@@@@AA@@A@@AA@A@A@@@AA@@A@@@A@@@A@@@A@@BAA@@@@AB@A@@A@@AA@@AA@@A@@@A@@AA@@@@A@@@A@@AA@AACA@@A@@AA@@@@AA@@@@@AA@@@@@AA@@@@@AA@@A@@AA@@@AA@@@@@AA@@@@AA@AACC@AAA@AACAC@C@ABGAA@@AACAACA@AA@@GGEEA@AAAAA@@@A@@A@@AA@AAC@E@EA@@A@@CCCA@AA@ACAA@@CCCC@@AA@AAA@@AA@@@@@BA@@@@@@B@@A@@@@B@@@BA@@@@B@@@B@@@B@@@B@@@@@@@@A@@@@@@@@@@@@@A@@@@@@@@@@@A@@@@@@@AB@@@@@@A@@@@@@@@@@@@@@@@@A@@@@AA@@@@@@A@@A@@@@B@@@@@@@@A@@@@@@@@@A@@@@@@@@@@@@@@@@@A@@@@@@@@@@@@@A@@@@@@@@@@AA@@@@@@@@B@@@@@@@@@B@@@@A@@B@@@@@B@@B@@@@@AB@@@@@@@@@@A@@@@@@@@@@@@@@@@AA@@@@A@@@@@@A@@@@@@@AB@@@@@@@@@@@@A@@@@@@@@@@@@@@@A@@@@@@@BA@@@@@@@@@@@@@@A@@@@@@@@@@@@@@@A@@@@@@@@@@@@AA@@@@@@@@@@@@@@@A@@@@@@@@@@@@@A@@@@@@@@@@@@@@@A@@@@@@@A@@@@@@@@@@@@@@@AA@@@B@@@@A@@AB@@@B@@@@AB@@@@@B@BA@@B@@AB@@@@@@A@@@A@@@@@@@@A@@@@@@@A@@@@@@BA@@@AAA@@@A@@@A@@@@@A@@@A@@@AAA@@AA@@@@@A@@@A@AAC@@AA@AA@@@@A@@@AACACAA@AACEA@ACA@@@CAA@CAC@@A@@@A@@DCB@@AB@BAB@BABA@@B@B@AAA@@@A@A@@@C@@@A@A@@@@BAB@@A@AB@@A@A@A@@@@BA@@@@@A@A@A@@@AA@@@AA@GBMBULOFMRAHAJEPMNGDCN@LGNEHEAIIGEMEMAKCIL@JALDP@LGHK@ECSEMEKAOJOJMLGPENCLAL@LCPGJMNKHOFQDCCKQEMKKEIKIIGMEMAKCGGIUGWCOBSFOFKFCDI@IAKAOLKLGJKDM@OAM@ICOEKCMAQEMAMBE@@FD@@BA@CDABAD@BAB@BB@AD@@AB@B@BABA@@@ACA@@@A@@@ADCBAB@@A@CBA@A@EBE@C@A@AAC@@@ABCB@@@DAB@@@DC@AB@BABCDABCB@B@@@@@@CBA@ABA@A@@@E@@@A@E@A@C@CAA@CA@BCB@DA@ABAB@D@@@@CBC@A@AB@BAB@BABADA@@BA@A@A@A@C@A@E@@DABA@AAA@AB@@ABA@@@C@AAA@AB@@@B@B@B@B@@A@@DA@@@A@@@G@A@@BADADADA@AB@@A@@@@AA@A@@@A@@D@DAB@D@@@BA@@@@BA@A@A@C@@@AB@@BB@@@B@@@BA@@B@B@DBDD@@B@BB@@@@@B@BB@BBBDBB@ADA@A@@@@BADA@@BB@@@@B@@AAC@AAA@@CA@@BA@@D@FAD@F@@@B@BAB@@BB@BC@@@ACBAAABAA@@AA@AA@CE@@@@A@@@@A@A@@@AAA@@@@@AB@BBD@BB@@BA@@BA@A@AB@B@B@@CBAAAAAE@C@CAAACACEEE@I@MAK@GAIAIACAE_RyAC@ECAAA@A@A@CBA@CAG@E@A@E@AAA@AAAA@C@CAA@AA@A@AAA@ABA@AAC@C@A@@@@AA@C@A@GBE@@@AAA@A@CBBBDF@BBBBDBBDBFBBB@B@DEFAB@@BBB@B@B@FB@B@B@@@D@B@@ABAB@@BF@BAB@@CB@B@@@BAF@@@AEGGCDMABMBGEKIICWAMDIBQBIAKBMCGCKEICKAK@KDMDQDG@ECGDEDKHGJMDGFGDCDAHCJCPANAPKLCFGLKHIFMJEH@PBTBLGRULGR@LBRFRAJMPGHIJMDQ@Q@MBIDEDCJQHKACA@@ABA@GFCBA@A@@@A@A@AB@@AB@@AB@@AB@@@@AAAA@@AA@A@@@@C@A@A@A@CAEBE@@U@AAAA@YDsRONKH_KY@BWJQLKNELKNENMLUJ}BQFONGHKJOFMFMDSJMFMCGEECIGMKIIIEIAMIMGMGKAIBMDENKJIDCBIAIAQAQ@KBI@Q@WBUAS@MAIBOF@AAAA@C@ABA@@@A@CBIFAB@B@D@FBDFFDDFLB@BBB@BABABC@EB@BADBD@BADBDBBDBB@HAD@@BDBDDDDBD@BA@AB@BBDHDBF@FADCBAD@BBJZ@HDFBDDB@DADCD@DBJ@HFB@D@HCHAHAF@FC@A@AB@BAF@BC@E@XVVdxjJT`NJALAJDNDL@NCTGDEFB@@FDFBHFBDDAFCB@FBDBDALADABBB@@BBBADBBB@BBFADBDB@@HDRDFDJFPPNNNFJ@TAJ@DDFFDRJJLFRDZDJCNALDFZHRBFHPHLHN@HDHBLDLENBTHZH\\CDEDKT@PHT@L@XF^LLJDFBB@BABMBADBBBFDDB@@BBDJBDDDFJBBBDB@D@DBBBBBAL@F@@FTBRDR@`@TIPMPMN@FBHPFZBZBTDLOBCNKJEAICIEO@KFIBGJONKAK@A@A@AB@B@BBFDDBB@BADADMBAB@@A@A@GAI@E@C@@@A@A@@JEHQDKLKPMJOJQRQNKBM@@DC@ABA@A@@AA@ACCAAAA@AAA@A@@AAAAC@A@A@A@@AA@@A@A@A@ABADAB@F@@@FCB@@@HBD@@@B@B@BCBCDEDCBEDCBA@AA@AAAA@A@@@A@A@AB@FEBA@@@A@CA@@C@CBC@@ACCM@IJ]NYAUBGTMVCP@HCVQDSFOBORMREPIHDDJHLBDHB\\DRBRCbNLHFNHPHNJPLNVNNJNFdFVBLBRDHFDLIHGNGLEN@PALLFN@\\EX@RDLBLBDFH@FFBNFLLVIBQH@LBJHHHHHJBRARNRTPZNNHADDPBPFJHJJNJRFANCV@DA"],"encodeOffsets":[[103708,24876]]}},{"type":"Feature","id":"530802","properties":{"name":"思茅区","cp":[100.973227,22.776595],"childNum":1},"geometry":{"type":"Polygon","coordinates":["@@@BB@B@@BA@@BB@BA@@@B@@BB@@@@B@@D@@BBB@BBBBBABBBAB@@@B@@@@@@@@BABB@@B@BB@@BD@B@@BB@BBBB@@@@B@@A@@BB@@@@BAB@@@@@@B@@@@@@BB@@B@@@@ABA@@B@@@@@@@BB@@@@@@B@@ABB@@@@@A@@@A@@B@@@D@@@DADA@@@C@@B@@A@A@@@ADA@ABA@A@A@@@A@@BA@@@AAABEBC@@@@@@@C@A@@BA@@@@@A@@B@@@@AAC@A@@@AB@@A@AB@@AA@@A@@B@@@BA@CB@@EB@@A@A@@BAB@B@@@BA@@B@DBB@@@B@@@DABABBB@D@B@@BB@@AB@@@@A@AA@@@@@@@AA@@@AA@A@@@A@@@@AA@@@@@@@@@A@@@@A@@@@@A@@AA@@@CAAAAA@@@A@@@AA@@@A@AA@@A@@AA@AB@@@B@@@B@BAFABABBDABA@@@ABABA@AB@@@H@@A@@@@BE@A@C@ABCBA@@AA@@@A@A@@DA@@BA@@CAA@@AFE@@A@@@ABA@A@@BA@A@@AAC@A@CBABCB@B@HC@AFCDC@@LADAH@@@BA@A@@@@A@AA@@@AB@@@@AA@@@@AB@AA@@BA@@@@AA@@BA@A@@@CB@@@B@BABAB@@@@A@ABA@AAAA@A@A@@@@A@EDCB@@A@A@A@A@@AA@AAA@A@AB@@A@A@AB@@ABAB@BAF@B@@@B@B@@@BB@BAB@BBB@BDB@@B@@BA@AB@BA@@BBD@DB@B@B@B@B@@@BB@@BAD@BAFAB@B@@A@CBABADC@@BAB@BB@@BDBBB@@@BBBB@@@BB@BBDDB@BBF@B@@@DD@@B@B@B@BBD@@@FBB@@B@@@B@BB@B@B@@ABA@ABA@@BBBB@@B@B@B@B@B@@A@ABAB@BAD@BABA@C@A@ABA@A@@JKLULORCdJZ@VW\\ODUD]XQjIRN\\@VQR@@C@CDCFCDAFAB@B@B@B@@@BBDAB@@@B@B@B@BBB@@@B@BAD@BCB@@@BA@@B@DAB@B@@A@@BAB@BBBBB@@@@@BBBADA@@B@B@BA@@@@@A@@B@@@@@B@@@BAB@BBB@B@B@B@BAB@D@B@@@@@DAD@B@@@@@BA@@B@@@BAB@@@@@B@@@B@@@B@B@B@B@@AB@@@DAD@B@BAB@@@@@@AB@@@B@F@BAB@DADC@A@A@C@@A@@AB@B@BBB@@@BA@@@@B@D@B@BB@@BBB@BBB@D@B@@BB@@@B@@BB@@@@ABA@CB@@@@BB@@AD@F@@@BA@@B@@@B@D@@@@ABA@AB@@@BABAH@@@@@@@@AA@@A@ABA@CBA@@@AAA@A@A@A@@AAAC@ABA@ABA@AD@@A@A@@A@A@@@AA@A@C@@@A@C@A@@BAB@B@@@DABAD@D@D@B@FBFB@@DBBDBB@@B@B@@AB@BBB@B@D@B@B@BCB@B@B@DA@AB@@BB@B@B@@@B@B@DEB@FABAB@B@@A@A@@@A@A@@@AA@@@@@@AAAACA@@AAAB@@A@A@@AAAC@@@A@@AA@@@AA@@AAA@@@A@@AC@AF@BABC@CBCDAB@R@@@J@LAHCFCBADAFBBCDKJKJGFEB@HBB@B@B@BDBBFFFBB@@@@AD@@ABADABABABA@C@ABA@@B@@@B@B@H@FAB@@A@CBA@A@AB@@ABABA@AB@@@BAAA@A@@B@B@B@@@BABAB@@A@@@ADC@C@@B@@@BBABB@@B@@BA@@@C@ABABA@A@@AC@A@@B@B@@@BBB@B@@A@A@@@AAAA@@ABAB@@@BC@A@@@@AA@ABA@AB@@@B@BB@@BA@@@@@AB@@@BBB@@AB@@AAA@@@ABC@A@ABAB@B@BB@@BAB@@AAA@@AAE@@@@A@@@AB@@@B@@@B@@@@@@A@AB@BABAB@@BB@BBD@B@@BBDBD@@BB@@BAB@D@@C@A@AAA@A@ABC@@@ACC@@@AB@B@DBB@FCB@B@@AA@EC@@AC@@BAB@B@BADAB@@@B@@BB@B@B@FEFA@@@A@AAA@@@AFG@CB@BAB@D@B@B@@@BEBC@AAE@CBCBABAD@BABBF@B@B@B@BA@A@C@C@A@AAA@A@ABABABC@AB@@@BBD@B@BC@A@AA@AE@ABABA@@@BB@BBBB@BB@BABA@A@E@C@A@AB@B@B@@ADC@ABC@C@@BA@CBAB@DAB@@A@AAE@@AA@A@@AACCAA@AA@A@@BABCBA@A@@AC@@@A@A@ABA@CAA@A@AAAA@A@@ABA@@@@A@AAAAA@C@@CA@CA@@@@B@@@D@@AB@@A@@@A@ABA@A@@A@@AA@A@A@@A@A@A@ABAB@@@B@B@@ABA@A@CCAACAA@@BA@@AAAA@AAA@CAC@AA@@AA@A@@@@AAA@@BAB@AA@CCAACAA@A@A@A@C@@AAA@A@@@@CAA@EBA@@@AA@@@AA@@@A@A@CDA@C@A@@@A@AA@@C@@@@AA@@AAA@@GCSIOKQIQIO@SFODIDK@UDMBMCYEOCOCI@O@MDKHKLKHKDUCUAI@SA_EOBUDQDSHIJq\\iZAFABA@AAA@@B@@@BAA@@@@@A@@A@AB@@@@A@@@@BA@ACA@@A@@@@A@@A@@A@A@A@@@AA@@BA@A@@@ABA@@@@A@@AAEA@@@A@@@A@A@AAA@A@ACA@@A@@@@@@@A@@@@A@@@A@ABA@@@@AA@@@A@CDA@AB@@BD@@ABABA@A@A@@@@@@AA@@@A@ABA@@F@BA@@@AC@EAACEA@@C@ABC@CDCBEFCBA@A@AECEAGAE@ABWBC@EAC@C@E@AA[OGGIGSKEGICGAQ@G@GFKJEFKBABAFAHBFAFAPILCFEFCD@BEFCLGF@@C@A@@@A@A@A@CA@@AAA@C@A@@@@@@@A@@@ABA@ABA@C@A@@BA@@@@A@@AB@B@@AB@@@BA@C@A@@@@@A@@@@@A@@@@BAA@@A@@@@B@@AB@@@@A@@@A@A@@BA@@@BA@AA@@@A@@@@@@A@A@@@@A@@B@@A@BBAB@A@@@@CA@@ABB@@BA@@AA@@@@@@B@B@@A@AB@@AAAB@@@@@@A@@@A@@B@@@@@@A@@@@A@@@@BA@@B@@@@A@@@@@@A@@@@@@A@@@@BA@@@@A@A@@A@A@@B@@@@@@@@A@@@@@@B@@A@@@A@@@A@@@@BA@AAB@@A@@A@@DC@@C@A@AA@@A@A@@@@@AA@A@AA@@BCBA@CA@@EB@@@B@@C@A@A@@A@@C@@AA@A@A@@@BAA@@@CBA@@@A@@@@@BA@@AA@@AB@@AB@B@@@@@@@@ACAA@@AAA@@@@@AB@@@BC@@@@AA@@@@B@@A@@@@A@@C@@A@@A@@@@@@@A@@@@@@@@AA@CBA@A@@@@A@@B@B@@AB@@@@@A@E@A@AA@@A@ABA@@A@@@A@@AA@@@@@AA@@@@@A@@@@@@A@A@@@@A@A@@@AAAA@@A@ABC@@AAABC@C@AKGAEAEACCACAAA@I@GAACCCEEGECG@GBE@CEECICK@EBIDIDIBE@KCECK@E@AAAKAIDM@EGEA@IAA@AAA@A@C@C@A@EAAAA@CACBA@CAI@GACGCICGCG@IDGDEDCBGCGGIIGABC@CBCB@@CA@AA@@A@@C@@@A@A@@@A@ABA@A@A@@@ABA@@@A@@@@B@BCBA@@B@@@B@@@@A@ABA@@@@@@B@B@@B@@@AB@@@@@@@@BB@@A@@@@BABAB@@BB@B@FEHEH@DADEDGBCDAB@DFDF@LCD@FBFJAJAJCBEBADBNAHCJCHEDADADCFAHADABABENCDIBCBKBKBCBCDCBGDEBIDGDABINEBIFEDCDAFADABCDABA@C@EBKDKBCBEDEDCDGFAHABCDCHEHCFGNCBCFABCBEFCDCHAFABADADEHMNOLIFOHGDEBWFEDCHALBR@D@BFH@FBFDT@ZCJADAB@D@DCH@HDRBLAL@D@DAF@HAFEDEFENCHAH@DCDGFK@ADAHCNCHIJAFAJCHADE@G@CBCB@D@DDBJBDBFBD@FBD@JAD@D@BBDBB@D@J@@@B@JDB@BADCD@F@B@HDNFDAFAHAFABADBD@FAHCJERKFCD@DAF@D@DADAFADBFAB@DADAB@BBBABA@@B@BBDBDFB@DADA@A@A@A@AD@@ABCDCFAFADABA@ABABEDAB@HAJ@D@DABCBADEBADAFAD@FBD@J@NBBBNDB@F@B@B@BBD@BB@B@B@D@DAFAB@F@F@F@DAFAH@B@@BD@F@BA@@B@BBBB@@BNBH@HBB@B@BBBBB@B@BAFCB@D@F@H@F@DBB@D@FAB@D@@B@D@DAB@D@BBBFFBD@FBBBDB@BBB@B@B@@AD@B@BBFDB@@B@D@@BB@@D@B@B@@@BBBDBD@DBB@D@H@H@B@DABABAB@BCBEBABCDA@@DA@ABA@ABA@@D@@AB@DAB@D@@@DABABABAB@B@B@D@BADAB@@ABABABBBDB@@@B@F@D@BBBBBB@BB@@BD@BBBBB@FBBBBB@DBD@DBB@@B@FCHADAB@@BB@DBDBFDBBBB@@@DA@AB@BAB@BB@B@BDDBDBDB@DBFBFBDDB@D@D@B@BBBD@BAB@BBBBBFBBBFFHH@D@JAH@H@BBHADAFB@B@HBJDD@@@D@B@D@F@DAD@B@BBBBBB@B@BAB@B@@BDBB@B@BDDBBB@BBB@BDBBB@BBB@@B@B@BAJBBBDB@B@@AB@BABBDBBBH@D@BB@B@B@@@BB@@ABA@@B@@BBB@@@B@@B@B@B@@A@@@ABB@@@@B@@@BABBBB@@@A@AB@@A@@BB@@@B@@BB@B@@B@@@B@@@BAB@DA@@"],"encodeOffsets":[[103145,23628]]}},{"type":"Feature","id":"530822","properties":{"name":"墨江县","cp":[101.687606,23.428165],"childNum":1},"geometry":{"type":"Polygon","coordinates":["@@ADABEDCBCDADCDCHABADAD@BABA@A@C@A@GFCBCBA@ADCDAB@DADADA@AAGBUTaBmE]KCC@@A@]SSciaI[QKSA}HWPyT[dW@EDEZCbKVa^OZARYLIL@blnrRBXKbgt]Zo\\WHDskSEWNsnKZTdNNFNApBhBTCdINKF]KOBU\\YTU@WGMB@@@@A@@@@@WDKNAP\\bC||IÎKt@NQzB`E^kzIHCJBVBFBDBJBJ@HBL@N@JFFDFDBBBDBD@F@BBBBAB@DA@A@A@@B@BAB@@AB@@AAC@AAA@@B@@@@BB@B@@@B@B@@B@@@@@DFB@@BBB@@BBBABBDA@B@@ADA@@AA@ABA@@@E@C@EBC@@@AB@@DB@@BB@BBD@BA@@@@@AA@@CBAB@@@@@BCB@BAAACAAA@@A@A@@@@AAA@@@CCCAA@A@@@AB@@A@@@A@@AA@@B@@@D@B@BAB@@@@AB@@C@A@CBC@@@@B@@@BBB@@@@@BA@@BCBCBCBAB@@@B@H@@@B@@CB@@@BA@A@A@A@@@A@@BBB@B@D@@AB@BA@@BBB@BABCB@@@F@B@D@B@B@BAB@@CBABABA@ABA@@B@BAD@D@@C@A@AB@BCBA@ADB@@DBB@D@D@B@F@B@@@F@@@BAB@BAB@D@@@@A@A@ADCBADABA@@BCD@@A@CB@@A@AD@B@@BD@B@B@DAF@F@BAB@D@BA@ABCD@B@@@B@@DB@B@@ABABA@A@@BC@@BAAA@ABC@ABCB@DAB@@EC@@AFBNFNBRDNFLDP@JBN@PCNILKHKLBPBL@JCJEDELEPATDPHXJVHHLDNBNFJHLJFJLLFNLRDDRCPELGNMHIDO@KBKDKFMHONKPIPILBNFTFFDL@HG@KCOBK@IJKLDNBNFHFJJFBFGHM@KDMHCNMFOBIBGNQPEVKNAHAB@@B@@BB@@B@B@B@@@@@B@@A@@B@B@B@@@BAB@@@BA@A@@B@B@@@D@@@B@B@@@B@BB@@B@B@B@B@B@@ABA@@@@BADCBA@@BA@@BA@C@@@C@A@@AAAAA@@A@@AA@C@A@@@A@A@ABA@@BA@@BA@@@AB@@ABAB@BA@A@ABC@A@A@AACAC@AA@@@A@A@AAA@@A@@AC@C@@A@A@E@@@A@A@@@@@AACAA@@A@@AA@A@A@@@A@A@AB@@A@@@A@A@ABA@A@@@@@AB@@ABA@A@@BA@A@A@@@@@A@@@A@@@A@@BA@@@@BAB@B@BAB@B@BAB@@@B@@@@@BA@@BA@A@@@A@AB@@@@@@BB@@BBB@@@@@@@C@@AA@A@A@@@A@@@@@@@C@A@A@@@A@A@@@A@@@@@A@@@@@@@A@A@AB@@@@AB@@@@@@@@@@A@@@@@A@@B@@AB@@@@ABA@AB@@@BBB@B@B@@@B@B@@BB@@B@B@@@B@@@B@B@@BB@@@B@@@BB@B@B@BB@@B@@@BBB@@@BA@@B@@@@@B@@AB@B@@BB@B@@@@@B@@@@AB@BA@@B@@@B@@@B@B@@@@@@@@B@@@@@B@B@@BB@B@@@BB@@B@@@B@@@B@@@B@@@B@@@@@@@B@@@@@@@@@B@@B@@@@B@B@@@B@B@@@@B@BB@@B@@@@@@@@@@@@@BB@B@B@@@B@B@@@B@B@@B@@B@@BB@D@@@@@B@@B@@AB@@@@@B@@AB@@@@@BB@@BB@@BBB@@@BB@@@B@@@@BA@@B@@@B@@@@@B@@A@@B@@@B@@@@@@B@B@B@B@B@@@B@@BB@@@B@@BB@@@@BB@@@BBB@@@@@@@B@@AB@B@@@@@BB@B@B@BB@@@B@@@@B@@@@@@@@@B@BB@@B@@@B@@BB@B@BB@@B@@@@AB@@@@@BA@@@@@@B@@@@@@@@@@@BB@@BAB@B@@AB@BAB@@A@@B@@@BAB@@@B@D@B@@@B@@@@@B@B@@BB@@@@@B@@@@@BB@@BB@@@BDB@BB@@@@@BB@@BBB@B@@@BBBB@@B@@@B@B@@@B@B@@AB@@@@AB@B@B@@@B@@AB@@@BA@@@@BA@@BA@@@@B@@A@A@@BA@@@@@AB@BA@@BA@@@@@A@@BA@@@A@@@@BC@@BA@@@A@A@AB@@ABA@@@A@@BA@@@@BA@@B@@AB@@@B@@@BA@@@AB@@@@A@@@@@A@@@@B@@@@AB@@AB@@@@@@A@@@A@@BA@@@ABA@@@@@A@@@@@AB@@A@@BA@@BA@@@A@@@@@A@@@A@AB@@A@@@@A@@A@@@@@A@@A@@A@@@@@@BA@@@@@A@@@A@@A@@A@@@@@A@AA@@@@AA@@A@@@@@A@A@@@@A@@A@@A@@@@@A@@@A@@@@@@@AA@@A@@@@@A@@@@@@@A@@@@@A@@BA@@B@@A@@@@@A@@@@BA@@@@@AB@@@@AA@@A@@A@@A@@@A@@@@@A@@@@@@@AA@@@@@@A@@@@A@@@@A@@@A@@@@@AAA@@@@AA@@@@@@@A@@A@@@@@@@A@@@@@AA@@@@A@@@A@@B@@A@@@@@A@@@@@AB@@@B@@A@@@@@A@A@@@@@A@A@@@@AA@@@A@A@@@@@A@@@@@@@A@@AA@A@@@A@A@@AA@@@C@@AA@@@A@@@@@AA@@@@A@@AA@@@A@@A@@@BA@@@A@@@@BAA@@@@A@@@A@@B@@@BB@@@@B@@@BBB@BB@@@AB@B@@AB@@@B@@@B@@A@@B@@A@@BA@@@AB@@A@ABA@@@@B@@@BA@AB@@@@AB@B@@@BAB@@@@AB@@A@@@A@@@A@A@@@A@@@@B@@@@@@BB@@B@@@BB@@BAHBB@B@D@BBB@BBBDDBBB@@@BBB@B@@BDBB@B@@@@@@@@@B@@@BA@@@A@@@A@AA@@@@A@@BAB@@A@@@@BA@@@AB@B@@AB@B@BA@@B@@AB@BAB@@AB@@A@@B@@A@@BA@@BA@@@@DA@@B@@A@@@A@@AA@@@A@@@A@@BA@@@A@@@@@@BA@A@@@@B@@@B@@@@@B@@@B@B@@@@@BA@@B@@AB@@@@A@@BA@@@@@A@@A@@A@@@A@@B@@A@@BA@@@@B@@@B@@@B@@@B@@@@@B@D@@@B@@@B@@@@A@@BA@A@@@@@A@@@A@A@@BA@A@@@A@A@@B@@@@A@@@AA@@@@CB@@A@@@C@@B@@A@@@AB@@A@@@@BA@@@@B@B@B@BBB@@@@@B@@@B@@@@@BB@@B@@@D@@B@@@@ABAB@DA@@B@B@@@@@B@@@@@B@@@B@@@B@@@@B@B@@@B@BBDBB@@BB@@@@@@@@@@@@@D@BB@@@BB@BBD@@@@B@@D@HAD@B@@@BD@@BBBBB@D@DBD@BBB@BBB@DBB@@@B@@@BB@@B@@BB@@@BA@@BB@@B@@@B@BB@@@D@@@@@@@@@B@@@@@@BB@@@@@@B@@BB@@@B@@@B@@BB@@@BBBB@@B@@BB@@@B@@@B@B@@AB@@AB@@@BABA@@B@BA@@@A@@@A@A@AB@DAD@DAB@B@DA@ABA@AB@D@B@@@@ABAA@@A@ACAAAACA@A@CAA@C@AAA@@AB@@A@@@A@@@AAAAC@@AAA@CACA@@@A@ABA@CB@BC@@BA@@@@A@AA@@EAAA@@AA@A@@@A@AAA@@A@@@A@CB@BA@A@ABCBA@@AC@C@ABGB@AA@AA@AAAACAA@@BEFEBCAA@E@AB@DBF@JBBBD@F@B@FA@@B@@ABC@@ACAA@AC@AC@ABAB@DA@GBABA@@D@BA@@@EB@FA@@DABCDC@@DCBA@A@@BC@G@C@AB@@@B@B@@@B@BBB@@@BBB@B@B@B@B@BADABAD@@@DA@@@@@@B@@@@@@@@@B@B@@AB@@@@A@@AA@@AA@@@A@@@A@CA@@@@A@@A@@@AA@@A@@@A@@AA@AAA@@@A@@A@@A@@@A@@@@@@ABA@@BA@@@ABABA@A@@@A@@@@A@@@@@@A@AB@@A@@@AAA@@@AAAA@@AA@@@AA@@AA@@A@@A@@@A@A@A@@@@B@@AB@@@BA@@B@@BB@@AB@@@B@BAB@B@@@B@@AB@@@@@BA@A@@BA@@BA@AB@@A@A@A@@AA@AB@@A@A@A@@@@BA@@BA@A@AB@@@BAB@B@@BB@@@@BB@@B@BB@B@BBB@B@B@@@BBB@@@B@B@@@B@@@B@@@B@BA@@@AB@@A@@@@@@B@@@@A@@@@BA@A@@@AA@BA@@@AB@@@@A@@@@B@@@@@B@@@B@@@@A@@@@@@B@@@B@@@@A@@@@@AB@@@@@@@@A@@B@@@@@@@B@@A@@B@@@@AB@@ABA@@@A@@@@@A@@BA@CB@@ABA@A@@BA@A@@@A@@@A@@@@AA@@@@@AAA@@@@@A@@BA@ABAB@BA@@BA@ABA@@@ABA@@@A@@BAB@BABA@@BAB@@@B@B@@A@@@@BA@@@AA@@C@@AA@@@A@A@@BA@A@@BA@@BAB@BA@@@A@AB@@AB@AA@@AAA@@@AAA@@A@AA@@@@A@@@@@@@@@@@@@@@@B@@@@@@@@AB@B@@@@A@@@@BA@A@@BAB@@AB@@A@@@@@@@@A@@AA@A@AAA@CA@@@@A@A@A@@@A@A@@AA@A@@AA@AAAA@@@A@@@@@A@A@@@@@A@A@@AAA@@@@@@A@@@@@@@@BABA@@BA@@@A@@@A@@@@AA@@@@@A@@@AA@@@@A@@@@AA@@A@AA@@@@ABA@A@@@@@A@ABA@@B@@A@@@AB@@@@A@@@A@@@A@@@A@@@@@@@AB@@@@AB@@A@A@A@@@@@AA@@A@AAA@A@@@@@AA@@A@@ABA@A@@BA@@BA@@BA@@@A@A@@@A@@@AB@@AB@@A@@@@@C@A@A@@@A@A@@@@@A@@@@@A@@AAA@@@A@@A@@@AA@@A@AB@@@@AB@B@BAB@@@B@@A@@@@@@@A@@@@@AB@@A@A@@BA@AB@BABABABABAB@@A@@@@@@@@@@@@B@@@@@@@@@@@B@@B@@B@@@@@BB@@@@@@BAB@B@@@@@BBB@@@@@@@B@BBBA@@@B@@@@B@@B@@@@@@B@@@@B@@@@B@@BB@D@BBB@B@B@@@B@@@B@B@D@B@@@B@@AB@@@B@BA@@B@@A@@@A@AB@@A@AB@@@BBB@B@@@@@B@@@BA@@B@@@B@BABAB@BAD@B@B@@A@@@@@@@@@@B@@@@@@@@@@@BA@@@@@@B@@@BAB@B@@@D@B@BAB@B@B@@AB@BA@A@@@A@A@@@A@@@AA@@A@@AA@A@@@@@AAA@A@@@AAA@A@@AA@A@@AA@@@A@@@A@A@AB@B@@AB@D@B@B@@@B@B@B@D@B@B@B@@@B@B@D@BA@@F@B@B@DB@@@@@@@@@ABA@AB@@AB@@ABA@A@@AA@A@@@A@@@AB@BABA@@BA@@B@@@B@B@@@@@BA@@@A@AB@BA@@@@BA@AB@@@@@@@BA@@B@@@BB@@@@@@B@BBB@@@@@BA@@@@@@@@BA@@@@B@@@B@BA@@BA@@B@@AB@@@@@B@@@B@@@@@B@@@B@@@@B@@@@@@B@AA@A@@@A@A@@@@BA@@@@@A@@@@@@@AA@@@@@AA@@A@@A@@A@@@@@A@A@@@@@@@@@@AB@@A@@@A@@BA@@@A@@@A@AB@@AB@@@@A@@@A@A@@AA@@AA@A@@@A@@@A@@BA@@B@BA@@B@@@B@B@@@@@B@@AB@@A@ABA@@@A@@B@B@D@@@D@@@B@@@@@BABC@@@@@A@@@A@@@A@@AA@@@@@@A@@@A@@A@@@A@AA@@@AA@@AA@@A@@@@@AAA@@@AAAA@@@@@AAA@A@A@@@@@A@C@@@A@A@@@AA@@@@AA@@A@@AAAA@A@@@A@A@A@@@@AA@AAAA@@@AA@@A@@@@@@@@BAB@@@@@@@@@@AA@AA@@@A@@A@@AA@AA@@@A@A@AB@@A@@BA@@@@@@@@@A@@@@@@@@@@BA@@@@@A@@@A@@@A@@@@@A@@@@BA@@@@B@@AA@@@@@@@@@@AB@@@BA@@@AA@@@@@A@@@@@@@@A@AAA@@AA@@A@@@A@@@A@@@@@AA@@A@@AB@@AAC@@@A@@@A@@@A@A@A@@@C@A@A@A@A@@@AA@@@A@A@@BA@@@@@AA@@@@@A@@@A@@A@@@A@@@@@@AA@A@@AAA@@@AA@@@@@@@ABA@ABA@@@AB@@A@@B@@A@AB@@A@AB@@A@@B@@A@@@@@@@A@@AA@@@@@@@@@A@ABA@@B@@A@@@@@@B@@AB@@@@@B@@A@A@@B@@@B@@@@@B@@A@@@@@AB@@A@A@A@@@@@AB@B@@@B@@@B@@@@@B@@A@A@@@A@AA@@@@A@@A@@@@A@@@@@@@A@AA@@A@@AAA@@@AA@ABC@A@A@C@AAAAC@@@A@@@@AA@@@@@A@@@A@A@@A@@@@@@C@AAA@@AAAACA@@@@@A@@@A@@@A@A@AAA@AAA@@@@@ABA@@@@BAA@@A@@@@@@B@@@B@@AB@@@@A@@@A@@@@@@@@BA@@B@@A@A@@@A@AB@@@B@@@@@B@@B@@B@@@B@@@B@B@@AB@@@@A@@@@B@@@@@@@B@@ABABAB@BA@AB@@@@@B@@@B@@@B@@@B@B@@@B@@@B@BA@@B@B@@@B@B@@A@@B@BA@@@@@@B@@@BB@@@@B@@@@@B@@@@@@@B@@@@@@@@@@@@@@@B@@@@@@@@@B@@@@@BA@@@@B@@@@@@@B@@@@@B@@@B@@@@A@@B@@@@@B@@@@AB@@@@AB@@@B@@@@@@AB@@@@@@A@@@@B@B@@AB@@@B@@A@@@@@@B@@@B@@@@@B@@@B@@@BABBB@@@B@BB@@B@@@B@B@@BB@@@@@B@@@BBB@@@@BB@@@@@B@B@@B@@BBBBB@@@@@B@@@B@BBB@@@@B@@BB@@@@B@@@B@@A@@B@@@@@B@@B@@B@@@B@@@B@BB@@@@B@@@@AB@@@BA@@B@B@@A@@@A@@@A@@@@BA@@A@@A@@@A@@@A@@B@@@@A@@@@@@@A@@B@@@@B@@B@B@@@B@@A@@FA@@@@@@@@@@@@B@@@B@@@@A@@@@@@B@@@BA@@B@@@B@@@BB@@@@@@BB@@@AB@@A@@@@B@@@@@@@@@B@@B@@@B@@BB@B@@@B@B@BB@@BBB@@B@@@B@BA@@@@B@@@B@@@B@BA@@@AB@@B@@@B@@@@@@@B@@@B@@@@@@@BB@@@AB@@@@@@A@@B@@@@@@@@@@@BB@@B@@@B@B@@@@AB@@A@A@@@A@@@@@@@@@ABA@@@@B@@@@@B@B@@@@B@@@@@@@@BB@@@@@@@@@BB@@@@B@@B@@@B@@@@@BB@@B@@@@@B@@@B@@@@@@@@@@B@@@@@BA@@B@@@@@B@@@@AB@@@B@@@@B@@B@@B@@@@@@B@@B@@B@@@BBB@@@@@@@B@@@B@@@@@B@@@@B@@B@@AB@@@B@@@@ABA@@@@BA@@B@@@BA@@@@@A@@@A@@@BB@@@@@@@@@BB@@@@@@@B@@@@B@@B@@B@@@@@BB@@@@@B@@B@@@@@@B@@@@BB@@@@@BB@@@@@@B@@@@B@@B@@@@@B@@@@@BB@@@@@@BB@@B@@@@@@B@@@@@@@@A@@@@@A@@@@B@@@@AB@@@@@B@@@B@@@BBB@@@@@@@B@@@@@B@B@@A@@B@@A@@@@@@@AA@@@@@@AA@@A@@A@@AAA@@@A@@AA@@@@AA@@@@@A@A@@@@@@@A@@@@@A@@@@@@A@@@@A@@AAA@C@AA@CDCDAB@BC@@@A@AB@@@B@@@@@BB@ABB@@@@@@B@@@B@@@B@B@@@@@B@@@@@B@@@@AB@@@B@@@@@B@B@@@@@B@@@@@BAB@@@@AAAAA@@@A@@@@A@@@@@@AA@AAA@@@@AAA@@AA@@@@@@@A@@@ABA@@BC@A@@B@BA@@B@@@B@@@@@@@@@HCD@FBD@FAD@JADAFCBABCFCDADADCAAAEAC@CBCBCBABAB@B@@ABA@ABABA@AD@B@B@BBBAB@@@BAH@L@F@BAB@BADABAB@CE@A@EACACCAAACAACAAACAAECCAE@ECCCACBA@CBEBADEBEBCBCDAFCDA@EAA@AAEBGCECEOKAA@EDCFE@EACCAGBG@A@A@AAACA@CC@CACAECAAAAECACCCA@ACA@CAAAACCA@ABAD@@AB@@C@C@GAAAA@CAC@C@CAEBEAC@Q@CBGDCB@@A@AB@@@F@B@@@B@@@@@@@B@@@@@@@B@@@@@@@BB@@@@@@@BB@@@B@@@@@@@BA@@@@@@@A@@@@@@@A@@@@@@@@BA@@@@@@B@@@@@@@BB@@@@B@@@@A@@@@@@B@@@@@@A@@@@B@@@@@@B@@B@@A@@@@@@B@@@@@@BB@@@@@@@@@@@@@B@@@@@@@@A@@@@@@@A@@@@@@B@@@@@@@@@@A@@@@@@@@@@B@@@@@@B@@@@B@@@@A@@@@@@@@@@@@@BB@@@@@@@@@BA@@@@@@@@@@B@@@@@@@@@B@@@@@@@@A@@B@@A@@@@@@@AB@@@@@@A@@@@@@A@@@@@A@@@@@A@@@A@@@@AA@@@@@@AA@@A@@@@@AA@@@@A@@@@@@@A@@@@@A@@@A@@@A@@A@@A@@@@AA@@@@@@@GACAA@A@@AA@A@C@A@IAA@@@C@G@C@A@A@A@A@A@A@CAA@@@@@@@A@@@@@@@@BA@@A@@@@@@@@A@@A@@@@@@@A@@@@@@@@@A@@A@@@@@@BA@@@@B@@@@B@@B@@@@@@@@@B@@A@@@@B@@@@A@@@@@A@@@@@@B@@@@@B@@@@@@@BA@@B@@@@@@@B@@@@@@A@@B@@@@@@@@@B@@@@@@@B@@@@@@@B@@A@@B@@A@@AA@@@@@A@@@@@@@A@@A@@@@A@@@@@A@@@@@@@A@@AA@A@@@A@@@A@@@@@A@@@@@A@@@A@@@A@@@@@A@@A@@A@@@@@A@@@@@A@@A@@A@@@@@A@@@A@@@A@@@@@A@@@@@AA@@@@A@AA@@@@@@A@@@@@@@@AA@@@@@@@AA@@@@@@@A@@B@@@@@B@@@@@@A@@@@@A@@@A@@A@@A@@@@A@@@@@@AA@@A@@AA@A@@@@@A@@@@AA@@@A@@A@@@@A@@@AA@@A@@@AAMFMGMICCAEAGDC@AAACA@@A@ADCB@DCBA@CBCBCBABA@C@AA@@@BEBC@C@CBABABA@CGIMKAEFI@A@@BE@GAGEEC@IFEBC@A@AAAACACAACCGCAECCEAAAE@@ACCCCCCCC@A@CAA@CAII@A"],"encodeOffsets":[[104244,23425]]}},{"type":"Feature","id":"530827","properties":{"name":"孟连县","cp":[99.585406,22.325924],"childNum":1},"geometry":{"type":"Polygon","coordinates":["@@HCF@DCHGJCJA@RBJ@J@JDR`FPHJNLFFFDPBNBRFLFPHNHJHJLDJ@L@JBHJHLBREJGPOHIDE@@ACAE@@FEHAJADBDDDF@T@J@DDBH@HCLABA@CDGBC@GCICGCEGCICAC@CBGBGAC@EBG@KDIAG@E@ABAD@F@JDD@FAFG@CAAEC@A@@@AJCB@FBF@F@FE@@DD@JB@F@BABAAEAE@QBCFC@@AIIECC@C@A@CAACCA@A@A@AAEAGAG@C@A@CACC@ECCECCAA@EEMGEAY@AAA@AA@@@CDAHAJCHCBA@ECC@AA@GGCA@E@EBKDOBQBKDQCOCKAMFMFGJIFKDK@KEOIIM@KFKBQPGAG@CBE@C@KOCAC@ABAB@B@BB@HB@D@DABEBA@C@CE@ICACEGMAAAA@ADANIDCHI@EEICEAE@A@ADELEBAEGBCBEFC@CAAUKA@@C@C@GAACAICCAAC@CN]DIJOHMEMAMAUAGGUKD@@@@@@A@@@AA@@@@@@A@@AA@@@A@C@@@A@AA@@A@@@@@A@A@A@@@CAAAA@@A@@@@@@@@@@@A@@@@@A@@@@C@@A@@@@@@@@@@@A@@@@A@AB@@A@@@@@@@@@@@A@@@C@A@A@A@@@@@A@@@@@@@@@A@A@@@@@A@@B@BA@@B@@@@@@@@AB@@@@@@@B@@@@@@@@AB@B@@@@@@@B@@@@A@@@@@@B@@@@@@A@@@@@@@A@@@@@A@@@@@@B@@@@@B@@@@A@@@@@A@@@@@@@@BA@@@@B@BA@@@@B@@@@@@AB@@@@A@@@@@AB@@@@A@@@AB@B@@A@A@@@A@@@@@A@@@ACBC@AAAA@AACAE@@@ECACAAAA@@@A@A@AAAACABQ\\GJO@OEMEKIQGSBQPUTKPGH]FOIKMSKYGQAK@KCKESGQAOBO@UHGIKGQDQBS@gHI@AA@@@@A@@A@@@@A@@B@@@B@@@@@@@@ABA@@@@@@@@@BB@@@@@@@@@B@@A@@@A@@@@@@@@B@@AB@@@@@BA@@B@@@@@@@B@@@@AA@@@A@@A@@@@@@@@@@B@B@@@BA@@@@@@@@@@AA@@@@@A@@@@@A@@A@@A@@@A@@@@@AA@@A@@@@@AA@@@@@@A@@@@@A@@@AA@@@@A@@@@@A@@@@@@@A@@AA@@@@A@@@@@@A@AAGEE@IBGHGNSHI@IC@@@B@@A@@@@@A@@@@@A@@@@@A@A@ABA@A@A@@@@@@@A@@@@@AAAA@@A@@@A@@@@@AA@@AAAA@@@@A@@@A@@B@@@@A@@B@@@@@@A@AB@@A@@BA@@B@@@@AB@BA@@@@B@@@@@@AB@@@@A@@@@BA@@@A@@B@@A@@BA@AB@@A@@A@@A@@@@A@@@@AB@@@@@@@B@@BB@@@@@B@@B@@@@@@@@@@@A@@@AB@@@@@BA@@B@@@B@@AB@@@@@B@@AA@@@@AB@@@@A@@@@@@@A@@@@@@@@@@@AB@@@@@@@@AB@@@@@@A@@@@B@@@@@@@B@@A@@@@@A@@B@@@@A@@@AB@@@B@B@@@@A@@BA@A@EB@@A@@@A@@@@@A@A@@B@@@@@@@@BB@@@@@B@@@@@@A@@@A@@@A@@@@B@@@@@@@@A@AB@@@@@B@@A@@@@@A@@@A@@@@AA@@@@@A@@@A@@@AB@@AB@@@@@@A@@@@@@B@@@@A@@B@@A@@@@B@B@@@@@B@@A@@@@@@B@@@@@@@@A@@B@@@@@@@@@@A@@B@@@@A@@@@@@@AB@@@@@BA@@@@B@@A@@@@@A@@BA@@B@@B@BBBB@@@D@BDBD@FCJBFB@@FABAB@@CB@F@D@HBD@JDDBDBBBBBBBABABGAEEC@A@@BADAB@DA@EAAAA@CDGDCB@B@@BBB@FABBAD@BCDCD@B@BF@BBBBDFDFFBBBBBBBBB@F@D@B@DB@@@BADC@AB@B@@B@BAD@B@DAB@BDBBBBBBB@BBBB@FA@BBFAD@DDHDDDBF@B@D@F@HB@BFFBDDBB@BDDDBBBFBDAD@BAD@BADAFAD@B@B@BBD@B@F@BBB@DBB@BBBBB@B@D@D@D@BADADAB@FBBDBB@@B@B@B@BBBDFBBBDFDDBBDBBBD@@DB@BBB@BBH@BBF@DFFFFDDBBFDBDFBD@D@BBD@BB@B@B@D@D@D@DBFADAD@@ABEDCDABCFCDCBCDCBCBEBCD@@ADADA@@BAB@D@B@BBB@BBBDBB@FBDBDBD@D@BBF@B@F@@@BBD@DBFBBBB@BBBBBBBBB@DBBBDBBDDBD@BBBBBBDDBDBDBBBDDDBB@DBBAB@B@B@@BDDDBDB@FBFBBBD@B@B@DB@BFBBBB@DBBBBB@BBB@@@B@@DDBB@BDBDB@@@@DDBDDDBFBDB@HFFDHDB@@FBBBD@BBDBBFDBBB@B@HDFB@BB@@@BD@@@@BAHGBAJEDAFELM@@DAB@FBFBD@HBNHD@BAFEFCDCBAF@B@FDNDBBB@@@DBBBD@BADEBAFEDAFAFAD@D@BC@EBC@@@EBABCD@DEBADAD@N@HB"],"encodeOffsets":[[101887,22989]]}},{"type":"Feature","id":"530826","properties":{"name":"江城县","cp":[101.859144,22.58336],"childNum":1},"geometry":{"type":"Polygon","coordinates":["@@~GTBRLJ\\jbTd^TB@@@DD^LnFbAVSHABBB@BCBC@CBADCBCB@DADAHEB@D@B@B@BA@ABCBCBADGDCBCDCDAFCBABCBCDABABCBABADABCFC@A@CBADABCB@@ABA@A@ADG@CBCBC@ABA@@BCDABADAB@@@BABABABCDA@CD@BCB@B@B@B@BAD@DADABADCBABCDEBCBABADABAH@B@BAFCDCBCBAD@@BB@B@BADAD@@ADCB@BBB@B@B@B@BABAD@BBD@FFBBBBFF@B@BBBBFDF@BBBBBBBB@BBBBB@BBD@DBD@BAD@D@BAD@D@BADADAFADCBADABAB@BABC@ADABAB@@ABCBAD@BABABADAD@B@FCB@BBB@DBD@B@DBB@FAB@B@D@BADAD@BA@CBCBADCBABCB@BABAB@DABAD@BAB@BAB@BABABABABC@A@ABA@CBABA@ABABA@AB@@ABABCDABCBCBA@AB@@ABA@ABADABABAB@BABCB@BAB@BABADCFCBABADCBABADADABA@A@A@A@ABCAE@@@C@A@C@AACBA@E@A@C@A@C@@@ABA@A@ABEBC@A@C@ABC@A@ABCBABCBCBA@@B@BA@A@C@AB@BA@ABA@ABABABABA@ABA@A@ABCB@HGBAD@BAD@HAB@FAB@@@D@BADBBAB@B@BAD@DAB@BA@A@@B@DABA@@B@BABAD@@AB@DADABABAB@DADABAFAD@B@HABAD@DAFA@@DABAD@F@BBD@B@B@B@D@BBDBDAB@BABAFAB@DBB@@@BAB@BABAB@B@BAB@BABADA@ABABAB@DAB@B@BB@DB@B@DDFDBBDB@BB@D@BBB@B@D@DABAD@B@DABABABABABADCBCB@BADABABAB@B@D@@@BADABABBBDF@BABABADABAD@BBB@DBB@BBDDBBB@B@@@B@BB@BDBBABA@A@@BCBA@EBABCBCAA@CB@BAB@BA@ABA@CBA@A@E@C@ABABABABABC@C@A@ADCB@BABA@@D@BAB@@ABAB@B@BCBA@ABAB@BA@ADCBABABAB@BAD@DBD@B@@@@@@I@ABC@@@AA@CA@A@@AA@@AAAAAAIGSOKSKQKQKUDMHGOCWUMMCCBEHOJSF[BGAIMBQFSLMFYBWBMBm@G@GAOGIOKOGMIE@@CCA@ABCBA@ABA@AB@@ABA@AB@@@B@BAB@@CBAB@@@@BB@@@@ABABAB@B@B@BA@@B@B@BBBAB@B@B@BDF@@BB@B@@@D@B@@A@A@A@A@ABAB@@A@A@ABA@A@C@ABA@@@AB@@A@A@A@@@AB@@AB@@AAA@A@@@AD@@A@C@AB@@@B@@A@A@C@EBA@A@C@AAAAA@AAA@@@A@ABA@@@A@CBC@C@IJULQFMFKBSEKKUKWGMIGEMEKAK@KDIFKDMBIDQBM@UAUAEE@GHMF[@YIKIMKAOBQ@aJONMTQNSLMR@bBZGJGDKHEJAJMBMHCFGVILOJS@KGMMCEQAQAIGGCOMSEQ@QBSBKCCGBIFKEOACASCOIOKMOMCKDINQNMLOFICMMGK@OBAKBU@WAEG@I@EBA@ABGFGBSBEBE@EBCACAACC@G@AAAA@C@ACAAAE@@@IJABABC@EA]KOAEBADAHJ`BFJLBH@D@BBD@D@B@@AB@@ABA@CCGAC@@@ABDB@@BBABAB@@A@AAA@ABA@@B@BCBABA@AAA@A@EDA@C@C@@@CDAD@BWPOX@@@BDFBD@@@B@BAB@@@B@B@B@B@B@BABADAD@@@BAB@B@@AD@B@@@B@B@B@DAB@@ABA@@BA@@BABA@ABABADCD@@AB@D@B@@@@A@@@@@A@@BA@@B@@BBBB@B@BB@@BAB@B@B@B@@@@@B@@AD@@@BAB@B@B@BAD@@@B@BCF@DAD@@@BA@CFABADABAB@BAB@@@BAB@BA@@@@BAD@B@BA@BB@F@B@BA@@BA@@BBB@@BD@B@B@B@B@BABABCB@B@@@B@B@BAF@BA@ADABAB@BABB@@B@BBD@B@@@BA@@BA@AAAAAAA@@ACB@@A@AB@@@B@BAD@@@BAB@BA@@BAB@@@@AB@@@BABAB@B@B@B@B@@@BA@AB@@@BAD@BA@@BBD@@@BBDB@@B@B@D@@BB@@@@@BA@CFA@@@AB@B@@@D@B@@B@@BB@@B@@@@@BA@ABABABAD@BBB@@BF@B@BA@CBA@AB@DAB@@@DAD@BCD@BA@A@A@@B@B@D@F@BABABA@@AAAAAA@@A@@ABAB@BBFB@@B@BADA@C@AA@@A@@BADABAB@B@BBB@B@B@D@D@BABA@A@A@E@AAABC@ABABAD@DBF@BADAF@@A@A@C@A@ABA@@DEH@B@@BB@B@B@@EBEFA@A@A@@AA@@@A@CBABA@A@AB@@BD@@FDB@@BA@A@EDA@CAA@A@@B@@DD@B@@AD@B@BBB@B@B@DC@A@AB@@AA@@ACAC@AA@C@AAA@@AA@ABABA@@B@B@@@@A@@@A@@@A@@B@@@B@@F@BB@@BB@BA@AB@@AAA@A@AB@B@BAD@B@@BB@BA@@BA@AA@@A@@B@@@@AB@@AAA@@@A@@BAB@BBB@@@@@BAD@@A@AB@BB@BB@B@@@B@BA@A@AA@@A@A@@@@BBD@@@BABAB@B@D@@AB@@@AA@BAAA@@A@@@@DCD@B@@@BA@ABAB@@A@A@A@@@@BBBAB@@A@@BABAB@BA@@B@BAB@D@BA@EBG@A@A@@@A@@@AB@B@DABABABCBAB@BC@@B@@A@EAEEAAACA@A@A@GAA@EFIHILCLADEACBABEDGDKBI@@@Q@A@CBAD@DADABE@@BBD@@@B@@BB@BB@@B@@BB@@@B@@BDBB@@@B@BA@BB@BB@BDBB@B@@@@B@@B@@@B@B@@@B@BBAB@B@@BBF@B@@IJEDEBIHMHMJKLCDBNFPLFLBNDP@LBJBJHLHFFNDPJHDPDXHX@TAPEJCNGJMLWHM@M@QAK@I@I@MCGAKDKNMPIHEPIPGFIFIEKEI@IDILGNGRIPGREFIFOFKFKHMHCHCH@H@LBLBNBHDFHLJJNLPHJHHJFB@JA@@DA@AFGBAB@BCDABAB@H@BAH@B@BADABABABBDBBAB@BAFAB@DAD@B@BBBFB@D@BAB@BBAD@B@BADAB@B@@AB@B@BGHAB@B@BGF@H@FFDHFF@NBD@D@BAB@B@BAB@DADAHAD@B@H@F@BBPFB@HDBB@@AB@@CBA@CFA@ADEFGFEFABCF@D@D@DB@@BABCBCDABCDABG@EBA@ABCD@D@@@DABA@CAA@MPnXBJGJYFOPBJd\\JZ"],"encodeOffsets":[[104030,23402]]}},{"type":"Feature","id":"530829","properties":{"name":"西盟县","cp":[99.594372,22.644423],"childNum":1},"geometry":{"type":"Polygon","coordinates":["@@@@@@@B@@B@@B@@@BB@@@@@@B@@B@@@@@@@B@@@B@@@B@B@@@@@B@@@@BB@@@BB@@@@BB@@@@@BB@@@@@B@@@@@@B@@BB@@@@@B@@@@BB@@@@B@@@@BB@@@@@B@@@@BB@@@B@@@@@B@@@@@@@B@@@@@B@@@B@@@@@B@@@@@@@B@@BB@@@B@@@@@@@@@B@@@@@@@B@@@@@@@@@@@@@B@@@@@@@@@B@@@@B@@B@@@@@@@@@B@@@@@@@B@@@B@@@@@@@B@@@@A@@B@@@B@@@B@@@B@@@B@A@@@@B@@@@@B@@@B@B@@@@A@@B@@A@@@@BA@@@@@@B@@@@@@@B@@A@@B@@@@@B@@A@@@AB@@A@@@AB@@@@A@@@@@@B@@@@@@A@@@@@@B@@@@@B@@@@@@@@@BA@@@@B@@@@@@@B@@@@B@@@@@@@@B@@@@@@@@@B@@@@@@@B@@@B@@A@@@@@BB@@@@@@@@@@@@AB@@@@@@@B@@@@@@A@B@@B@@@@A@@@@B@@B@@B@@A@@B@@B@@B@@@B@@@@AB@@@@@@A@@B@@@@@B@@@@@@AB@@@@@B@@A@@B@@AB@@@@@B@@@@AB@@@@A@@@@B@B@@@@@B@@@B@@@@@B@@A@@B@@@B@@@B@@@@@B@B@@@B@@@B@@@B@@A@@B@@@@@B@@A@@B@@@@A@@B@@@@@@@B@@A@@@@@BB@@@B@@@@@@@B@@@B@@@@@B@@A@@B@@A@@@@B@@@@@B@@@@AB@@@@@@A@@@@B@@@B@@@@@@@B@@@@@@@B@@@@B@@@@B@@B@@@@@@B@@B@@@@B@@@B@@@@@@@@@B@@@@@B@@@@@@@B@@@@@@@@@BA@@@@@@B@@A@@@@@BB@@@@@B@@A@@@@BB@@@@B@@@@@B@@@@@@@@BB@@@@@@@B@@@@@@@@BB@@@@B@@B@@B@@@@@@@@B@@HDLAHAXMNKLELGhU^GVCLDD@^PPGFAFAH@@@\\CL@JAFCFAB@DBFFFFFDL@NDD@HFFDDADEB]GKSOEICK@aFOBEHCFAHCFEDQFEF@F@RLP\\BBNAFCBAAG@EDGDGDEBEDIDGBA@CACCEAAEIAECACC@AECICIAGAGCA@KHKDMDKAECC@I@A@AABE@E@EBI@G@A@A@E@CDGHIHABDDHDHJ@DIBCDC@@BCBC@EA@CACAAAC@AAO@C@A@ACCE@ABADCAKBIAIB@T@NATAXBFAHID@@KBKDMDKLSLILEVOPSCWGOIIGEMIECGGEGMKIEGCOACCACACCECCCECAICCAG@EEKECAEACC@E@WACCAC@AHGJIHIFGDC@GAG@G@BH@JC@GBCAAACGBI@GCCEAACAE@ICICCECGECGCAIACAEKWCCCMCQW@I@KIGGECAAEAAAABEBEBA@CAAIGCA@CDABABACCAAAG@CACAA@CDAGAM@C@CBABCFC@ADAB@F@@AD@FADC@C@EBEBCBEFABCFABC@AACA@@A@AAMCECA@E@ABCDEDEFABC@MGGAC@EAEAA@CB@@KNEFCBIFABGHAB@@B@@B@@@B@B@B@B@D@BAFADABA@EDEBGDA@ABAB@DA@ABCD@@AD@@AB@@@BAD@B@BBB@B@B@B@D@D@D@@BB@BBBBBBBBBBBBBBD@BBB@DBB@BBBBB@BB@BBDFBDD@@BBD@BDD@BBBDBBB@BB@@B@DADAF@B@BA@BB@B@B@B@B@BABABCDCFCDAB@DABCBAB@B@@@@@DBBBBBB@DABABEBAB@@@B@D@D@BAB@@AB@D@D@DBDA@@@A@A@@B@D@DAB@D@B@B@@@B@B@B@BCBAD@BBBAD@@AB@D@B@D@B@BB@B@AD@@BD@BA@ABA@@BABCB@B@BA@CAAB@B@D@B@@A@AAAB@@@@ABBD@D@BA@AD@D@B@D@DADADAF@D@@CDAB@D@@@FAB@F@@AD@BA@@@@@@BA@@@@@AB@@@@A@@@AB@@A@@@@@A@@@A@@@AB@@@@@@@@A@@B@@@B@@@@@B@@A@@@AB@@@@@BA@@B@@@B@BA@@B@@@@@B@@@@@@ABA@@@A@@@AB@@@@@@AB@@@@A@@B@@@B@@A@@B@@A@@B@@@@A@@B@@@@@B@@@@AB@B@@@@@B@@@BA@@@@B@@@@@@@B@@@@B@@@@@B@@BB@@@@@@@B@@@@@B@@@@@B@@@B@@@@B@@@@@@@@BB@@@@@@BB@@@@BB@@@@@@@B@B@@@@@@@BB@@@@B@@@@@@@BA@@@@@@@@BB@@@@@@@@@@BB@@B@@@@@@@B@@@@@@@@@@B@@@@@@@B@@A@@B@@@@@@@@@B@@@@@B@@@@A@@@@B@@B@@@@@@B@@@@@@@@B@@@@B@@@@@@@@@@AB@@@@B@@@@@@B@@@@@@@@@B@@B@@@@@@@@B@@@@@@@@A@@B@@@@@@@@@@B@@@@B@@@@@@@@@B@@@@A@@@B@@@@B@@@@@@@@B@@@@@@@@@@@@@@B@A@@@@B@@A@@B@@@@@@@@@@@@@@B@@@@@@@@@B@@@@B@@@@@@@@@@B@@@@@@@@@@B@@@@@@@B@@@@@@B@@@@AB@@@@@@@B@@A@@@@@@@@B@@BB@@@B@@@B@@BB@@@@@B@@@@@@A@@@@@@@@BA@@B@@@B@BB@@@@B@@@@@@@B@@@@@@@@@@B@@B@@@@@@@@@@A@@@@BB@@@@@@@@B@@B@@@@@@@B@@B@@B@@@@B@@@@@@@@@@@@@@@B@@@@@@B@@@@BB@@@@@@BB@@@@B@@@@@@@@@@@B@@@B@@A@@B@B@@@B@@@@@@@B@@@@@@@B@@@B@@@@@BA@@B@@@@@B@@@@@B@@@BB@AB@@@@@B@@@B@@@B@@@@@B@@@B@@@@B@B@@BB@@@B@@@B@B@@BB@@@B@@@B@B@@@B@B@@@@@B@@@@B@@B@@@B@@@@BB@@@B@@@@@@@B@@A@@B@@@@AB@@@@@@@B@@AB@@@@@B@@@@@B@@@@@B@@@@@B@@@@@B@@@@@B@@@@@@@B@@B@@@@@@B@@B@@BA@B@@B@@@@BB@@@@@B@@@@@BB@@@@B@@@@@@@B@@@@@B@B@@@@@@@BB@@@@@@@@@AB@@@@@@@@BB@@@@@@@B@@@B@@@@@B@@@@@@@@@B@@@@@B@@@@@@AB@BEDRH@B@B@@@@@@@B@@@@@B@@@BB@@@@@@B@@@@@@B@@@@@@@@B@@@@@@@@@@@B@@@@B@@@@B@@@@@@BB@@@@@@B@@B@@B@@@@@B@@@@@@@@@@@B@A@@BB@@@@@@@@@@@@A@@B@@@B@@@B@@@@@@@@AB@@@@@B@@@@@B@@@@@B@@@@@@@B@@@@@B@@@B@@@@@@@@@BB@@B@@@@@@@B@@@@A@@@@@@@A@@B@@@@@@@@B@@@@@@@@@@B@@A@@@@@@@AB@@@@@@@@B@@@@@@@@@@A@@B@@@@@B@@@@BB@@@@@@@B@@@@B@@B@@BB"],"encodeOffsets":[[101809,23379]]}},{"type":"Feature","id":"530828","properties":{"name":"澜沧县","cp":[99.931201,22.553083],"childNum":1},"geometry":{"type":"Polygon","coordinates":["@@@MT]vSx_Z[Zq@G@_BCVFMJCBAHA`YfCPcBC`ejQJ@fPJD@CDMBO@G@C@KBABQBA@OB@BKLMB@B@RDLN@DD@JBB@PG@CSmAA@Q@KBCH[DEhsDK@ABCAEAEGI@C@CDADAH@F@BCDGBIBEJIDGDMBGBCL@HEDC@CBGDGFMFEFCBE@GBE@C@CBKAKCQ@GDG@C@CBABCDI@YCSAE@EEG@A@CAQBKDGFCXEFAHCPGJEPKNMFGBCBCBABEDGDCFEDABADEDAHMDEFGDGDCBABGHEDCFCFCDALALCFAD@B@BADCBABCBEDCFCJEFAJMBAHCJCFAHCDADCDALALADAJADCFMBABABCBGDEBCBCFCDGDIBGAMBCFADABIBIEIEAC@KDE@EC@CBADCHAFCBC@CFGFG@EC@A@K@ABC@A@@@AAA@CAC@GBEDC@G@EACAEBMBA@ADA@CAECIA@@A@GAI@GAG@A@I@M@G@KCEGCACBEDKCGKGAECAEIA@A@CBCA@B@AGAEKAG@ELEJEBIDI@GCCIEGCGEICMCEEC@@A@A@CAECCCG@EAAAEIAEBEHI@ACCCACCA@CCC@CAJANALAFABE@ICMEWBAB@BC@CCC@E@CFIKCACBGBGAOCGEEAE@EDE@MGECGBEBGAKGMGCCAMEGKGGIEKDULGFMBMJOBUFcR@DBD@@C@CBCDGJEHEBKAE@G@KFCBI@CBGBKEIAKBIDI@MIAG@OBEPUAGCEGAI@G@K@EEAECIEGICMAW@CACEGAIDI@MFSBQRMBEEG@AC@A@I@GAEG@GEAEBICGE@I@CCHIBCDCDEAACACCSi}WQgUcDGKI{GOCECAECCA@CAA@C@EAEA@AB@@QFSCWDQFM@MBIDMDWFO@MBSAKGAIDMPYAIGGaISBQDGLKTSJQDQDSHODQJOJSDUAQCKCMGAQGQGMOBSFGJBLHbCJEFM@OAINQN[ZHVBHBVBNFNGNIPCJM^@DBDDBJDDBBB@H@D@DB@VLBB@DEDAFADFHABKFCF@B@BBFDFFJ@FGJCDMJCB@BBBBBHNDFDB@JDFD@B@FABA@C@CGAA@@A@ABABAD@DBLPD@F@DAH@HBROLALEN@JJFP@LCLELIJEHENBNDLDPCRALARCPAL@F@FDBHHB@@BDD@FABGDIDGBCB@D@@BBB@BBZ@FBNHFFB@DBFDDD@FDDDBB@D@H@HBFBBBB@B@B@DDBB@D@B@DDDJFBJ@@EDAD@RBFBFABABE@A@@ICC@@EFE@E@EAA@ID@B@@@BFDBB@DEHEBC@ICE@C@AB@B@FBHCJ@LAH@FBDAHAH@DBDJDHDDFDHDJ@HADCH@DABKBGDG@CA@C@I@SCECCCAIBGBEF@@BFBD@@CFGJOPIHQFKAIGAG@I@KCIIKIGMGOGKEQEMAOAECEEMKGIEOQ_ICI@I@QA@IBIDGHCDE@GDCB@DBBBD@DBHBBDDABABCB@DDBJHBB@DABAFAFBBBBBFDBHFJH@L@JRXNDDDXDFLDBJBDBDHHFFDDDDJ@JBFBDFBDD@HAJDHBBDBHAD@@IAGH@H@HBD@HCJEJGHIBGD@DBBD@X@FDDFBDBLFFFH@DBJDDBDFDDDFBDBDDDPBHDJFNLFHHHFDNJHFJJHPDXOTUPKFKJKTCLCNAL@LC@GJEBWASBMBS@A@BJAJBLCDAB@BDFBDB@D@P@BBD@BBDBDBB@@FADAD@@CDADCJI@CGCGACGBGJCH@D@F@B@B@HAJ@F@FAFBBB@J@D@FDLBNCLCLGB@HDHBJBJDFD@BDDDBBFFJBBDFBD@DABCHCJAFCFCHCH@FBHABEDMBAAO[QKE@E@EFCREFGDEBGDAFEP@bDLFJTPHLA^CFCBECGEC@MCK@ECEEEECAA@EBEDIBK@[D@@G@EBEBOHNTDRAJERS\\GLQDEBARKRGRIXANDLDLFRDRDJDL@J@HAHANQJIDG\\ALALIRDFHJNFNBVFHDFH@@AD@J@BA@BBHJFDFFDBD@DDB@JHBBFBBBDDDBBBPJFDFBFBHB@BFAB@FEDAFAH@FADADCBABC@ABC@A@@@A@E@AD@DAB@BJBBB@D@LCD@BCD@BAD@BB@@@@@BABA@@ABAA@GH@DADAB@BBB@BAB@BADCBA@AB@@@BCDABC@@DBB@DABABA@A@CB@@@B@D@FABABC@ABVRDDBDBB@@BDLJVRTPLLDNHVNAWxI]pcPDVRrJhBM|mAvQ^B"],"encodeOffsets":[[102445,23776]]}}],"UTF8Encoding":true}