{"type":"FeatureCollection","features":[{"type":"Feature","id":"540121","properties":{"name":"林周县","cp":[91.261842,29.895754],"childNum":1},"geometry":{"type":"Polygon","coordinates":["@@UIUQGMMAOHYBQDUFSJUCUMOMKKQMWIOCSBQ@QCYMSISMOKKMCOMEOBMCEEAABE@A@A@A@@A@AAA@@A@A@CACGIAA@@A@A@ABCBC@A@A@AAA@ABA@A@@@@AB@@A@A@G@ABCDEBE@@@ABABABC@@BABABGFEBCBABCBI@EACACAC@@@E@ABCB@HCHCDCBABADI@GBC@C@I@GACAAAC@@@ABAECCAA@@@A@ADCBA@A@A@C@C@C@EBCBEBE@G@E@EBSBC@A@CDCBCBCBCDABA@A@AAAA@@E@A@A@CA@@@@AA@EBA@C@AEU@W@[KKSGWIU@MCKIKQOJQF]@_@cF]AUFWHcBAQFOFOEWOMGK@SB[BYA[B_CUEOHWNYVWJKJKNQJKDKAYQOIKMKUKYE[E[@]A_Ca@WISAQCQEMCUDMPMTKLSDUEWEUGOIUOGLCJMV@JIFKFOFUHY@aMWG[GYKUKSFYFQBMBM@M@I@O@KBW@[GSBWFOCSFSDSAEIMEKCSBKJELO@U@OEQHSPCXB\\LTHRCZONI\\@`CXA\\L\\LZAXMVIXAR@\\@TPHXFVAV@XARHPJPTPDPDLNNPTJPBRATENDVL\\B`E\\F\\JVNB@@D@DABCDAB@BBDDDFHHDFDTDJBPFFBDPDHHHHDHFBFAHAHEDIJGBM@I@EBEDE@GAM@IAEEGCC@E@UL[BY@GISE_@ARBZBZCTEPETFLBLEPDTDNHNNDP@PKPGLCLGTPN@PCTELJHLHRDPPRLDLNNDNBVFJFDTBRAT@NEPFNHLANHHPFRERCRAN@JFRJXJZHdBZFN@XAT@XJETELDLJHNDPCVIT@VNPAZKTBHPLPFNNHXEFJMPDLJFHRNL`F\\DLEVDRLVJPJXFX@ZAXAXCPIJILMT@VDV@FD@@B@DB@@BCBCDEFE@CCEBCJCTG@A@CDEDAHADCJAF@JDLD@DAFBBFBBLJHDDBBLHBDBDBDDDDDBBF@FAF@FAJCLGLGHLNLNDFBJ@BAB@BGHEHCFABA@ADAD@D@F@H@D@H@P@D@HCLCBAH@D@JABAFADAFGBAB@@BB@@@DDBBDFFDB@FBD@D@D@DBF@@@D@DA@CBCBCB@HAD@B@FAB@BAD@B@DIAGCAIGGC@E@A@CBC@C@CBEBALODUKSCQ@SDQFM@SASDUDUHUNERBJF\\JNENCNENBPGCMDKEOCK"],"encodeOffsets":[[94130,30980]]}},{"type":"Feature","id":"540123","properties":{"name":"尼木县","cp":[90.165545,29.431346],"childNum":1},"geometry":{"type":"Polygon","coordinates":["@@RATCVIRGRQXCVRLAHGJIHGJCTBB@NCPINAT@RHFBLFNDXJHGNKBQLWJQVEZAPELUDWXKVDXLRALMPWDMJETIPCNGFSEMIOAM@MKIMFUESGKQBWNURG`C\\CZSVKNGAYHINKVEXI\\KFQEWKULKPGH[EWCMBQTKNKNQNQbEZE`QTKZORIRKNGBQBSJQNE^KDCLWBUH]FYAWKWM[UOOOMI@QLWRQROBSASIODODMGWSEKDKFYL@SKKA@A@A@CBA@@@CAG@@@A@ABGFCJAHABC@A@IGICECAAACCCAAACAC@CAG@ACBEDGFEFEDABABABC@GBM@[FC@IF@@A@aN_DMFUHEQNcRU@aCmPWGDgBQ@MKSE@[IC@SHQCQAyAKBYFUDIJ]JCLMPMJWNQJWBOLMTSH[HWDOJKLAHDTBL@PATCZSNONATJNXAZ@JDDF@N@HBBJ@HCDBDL@DADILYLEDIFMJKLKPGREHGDEHMFAHPPHBJ@DFNNDH@@BB@@DDTRJRBLBDBBDD@DFDB@@D@D@@BBF@H@B@B@@DBBDB@B@BAJABEDABAD@BBJ@HCHABG@E@CBCBA@@BBBB@D@FDHDFDLFLDB@B@B@@CDAB@F@F@@@RFRBHDZLAFELBLPLJPDNLLJDDFENGFG@KFKJEHCJELIHGFGJEFEFCH@HJJBF@FAJDFBDHFDF@BABGFCFBFJF@DGTEJEJCNAFGFGFA@@BHJBJBBABKJADALHPBFAPCXBVBJFNFLLJNHVBTDJ@JAHCFAF@FD"],"encodeOffsets":[[92057,30695]]}},{"type":"Feature","id":"540122","properties":{"name":"当雄县","cp":[91.103551,30.474819],"childNum":1},"geometry":{"type":"Polygon","coordinates":["@@@@@A@AAAA@A@CAC@EE]IUBQEMOMEOC_BKIBM@OACAAAAAACE@A@@EBIDC@IAMC@C@MBGBG@A@ADAHEDCDABC@ADABA@@@@BC@A@AABEHCBEBABIBC@G@ABKDGDC@O@G@C@G@E@C@C@CB@BABEBGDGFAHA@ABI@EAMCMKGKKHKHIDEBE@EBE@AACCCCACACACKGAACCIGAKEAAABE@CKCICE@IBCDGBCBCF@D@BSHIDADDF@DEFCFADAD@@CAA@@@ECU@UCS@KNIJOJWDWBYBW@WEOIUIQKUCKF[C_EMKGQIECKNOEIWFMGEMKOGOSAYLOBUMS@UJODMCIGCKFKFSWIS@WBM@YEcAYGWIQIIEM@QBQDQFOEGGBMGKEMFO@MBSAQCSIEUEMAMCKMKCOQCOGQGKKISFODM@SOKHKDOHOLO@MCGMCMCSFOAKEKFSFODSAYAYBQQDQ@[DUJQFUDQ@UCQ@QDSBOFSDW@]BQ@KKGMQGYEQGMFYFMCOEOCYDOC[@QLWHQGM@UIOIDOHQDOKAO@KAC@GAA@SEG@A@AABEAGAAACECAC@CAC@E@CBEBEAC@CACAC@E@EBGDEDCDECEAAAA@ECGECCECCEECCGWBIACCCAIBEBCGOEAA@CDC@C@@MCAEEE@CACGG@ACGAKAI@QAOCG@BAD@DEB@BABCDAB@D@FABAB@BABA@EBA@@@A@@EACA@@AADIBADGBAJ[IIKKGIKIMKCQDUBYJMKGMEKCDUCQIQAMKQBOHUGKICM@ENUEGMGMEIA@AAA@@AA@AC@CBC@C@@@A@@B@B@B@@@D@BA@ABA@CAA@CACCC@AAA@CBA@@BABA@C@AAC@C@AAA@EBA@E@C@A@CACAA@C@AACB@@ABCD@@ABABA@C@A@C@A@CBA@ABAB@D@B@B@B@@AB@@@AAAAAAAAAACAAAAAAAAAAAA@CAAAAA@AAC@C@CA@BA@A@A@A@ABC@AAC@AACAAAC@A@CBA@ABABAB@DAB@@@@A@AAAAA@AAA@AB@@C@A@A@CAA@A@CBABABAD@B@DAD@DAB@DAD@B@DAB@BABA@ABA@C@A@@@ABCAA@AAAAA@@@E@U@UKIOIGKAQAMFSGSSAOCCD]LMFIRATARMHQLQJYPSL_RYFaFMRMRMLSLARDNFXG\\OHKLLVFXER[LWJUFMLGJBZMHULYT[D_DQHMVAXLRTHVFNELJ@NBNJPFNETMHODSJIFCNOXKNQBWKUCWLCXKVOFYBUFIRKXARMLGHLJHNDRFVEVARDVPDLCVCVDBVBVFLLTPVLTLNLLJRAPDVHRNPHLLJRHPBHP@NEHELLPPHVLFTAPBRALBPDNBRFPNNLHBRHNLLRFT@TDXDRJRFXFT@V@RALGPQNKVB\\DJNFPDPANEPANAPFRRJXDVBRHLLANBRFPP@LEHKZCTHJFNLHLLLLLPFT@LIPEPDLHHNJJZNPHNLPJRNLJJPJFTHPBLFGLKJGHGLGPENKRGLEJCJ@BADCDCFAB@D@DAFADCDCFADEDEDABCDADBF@FBDDFºƘlªTlLbTHbPjFH@fDt@BBBHFDFDH@BBB@BB@FDBBD@DBDBFJDDFF@BAF@JBBDFFH@B@BF^XDAD@DAHAFAFAHAJAFAP@JCHGjOLI@ADEDCFAHEB@@@BB@DDHBBBDFFNJFDNHHFBHBJD@FA@BBAF@B@DAHEDCDAF@PCFCDAB@DCDCBEFEBC@ABCBAFCDABADADADAFEFEDCDCBCDCDK@A@C@AAE@@GG@C@AFYBIDAFCDARCBB@@BF@BBBB@DBJBTNB@B@BA@@AEKUMM@A@AVKJEDALGNGLGFCLGPGJEPEFAFCD@H@D@DBDBDDFFDBDBL@BBDDBDBDDHAHAFJFFHHHFD@D@DKLOBIBAB@BH@HFJFLDJ@bHHBDBDDDDBFBBFDDD@B@DGDC@SFEBEFCFAF@BC@UFAFAH@DBF@BCFABCDEHGJCJ@HCFBD@BBD@@BDBDBBBD@D@F@BB@@B@BjTBQJCFCJCHAJDD@HCHALAB@DGBEDEDCLCBADAB@@@@BBDFBHDTHfN\\JfDDABAHAFABCB@D@DDBBBBBFENJD@LÊ]EGCIDIDGAM@EBCFKBEBK@@BAD@DADADCFCDABADADA@@@A@A@AAAAC@AAQ@KHQ@^aIXwDUPOPWTGPKBSDUDSHUCSAQAOIOBS@KPGVDZAZERCNKHQB[HMPKVCRCVA\\AZFXD`LhL^NXNPLZPNJRFTAZBZFPJJLJJJLVBDKFOFUESCSDWFSRQ\\OXIRIZKXGTILMNQROBA@ABADADC\\a@@CIAC@CFCJCDANEBCFEHK@IDCDADADA@@BEBCFOBC@ADC@ABABABA@@"],"encodeOffsets":[[94111,31250]]}},{"type":"Feature","id":"540124","properties":{"name":"曲水县","cp":[90.738051,29.349895],"childNum":1},"geometry":{"type":"Polygon","coordinates":["@@TDNBLB\\HRBVBTFNRJBXERB\\@TBPAN@P@NHHHLHJDTBPCHMTKLERC\\DP@HFLCXCVITBTDVCNCNATF\\HT@TDdA^ERBLDLFLNHDTAdQXEV@XIXKRKJE@@@@LGLS@QIKIIEQAODWRUVURMT[TORKNKEGDMDMCMSAUCMIWOOKaSYIYE[C_AKOGMSI_EUIYAYAYEcKcCaC_E[EWAGHEBCDMFCDA@SDWDOAMAKIEAGAICECCGAAAAAAA@GBEBCAIEGAGCEAAE@A@G@AEG@AEG@@A@ICOAEAI[WEEIIGUAELKDACSK]OUA@@@@@@WAiSI@CFC@EBCAKEG@A@C@MJA@E@E@GAIEiOOE@@A@G@IBIFEBA@CDCJADGFADEHWREF]`GFEDYF@BBH@DBDBDBBDDBDBBFDJDJHB@D@BABGDIHEBAB@@@H@DB@@B@DAB@B@B@LL@TZKLELCTFHXCNCPJPBTATQPQRKX@RNJPPVPN\\LXBXEZG^AVKXPDTBHTETBNBRHLPJLJ"],"encodeOffsets":[[92667,30276]]}},{"type":"Feature","id":"540103","properties":{"name":"堆龙德庆区","cp":[90.872823,29.647347],"childNum":1},"geometry":{"type":"Polygon","coordinates":["@@TERQBKEMKQIOBUPKRGPI@UIKEK@C@C@A@C@EAAAA@CBABADCBADEBAJEHCBE@CCA@@@AAA@@C@A@CBC@CECACA@@CAAC@@A@A@A@@EAA@CAA@ABA@@BABA@A@A@AAAAAA@ACAE@@@ALFF@BAB@D@@@D@B@D@@BB@B@@BB@B@@@BAD@DA@@@@B@B@B@B@B@D@DBBB@DBBBBB@BBDAB@BB@B@DBBBDBBBBB@B@H@BAD@BBD@DBBBDA@@@@@@B@F@F@JDHDD@FAFE@GBIBG@G@GB@BABCBE@C@CBC@GBC@ABCBCFEFEBA@AFCDEDABADEDABABAB@D@B@BABABCDCBCDEBAHEDC@ABAHMBCBEDGBE@A@A@C@A@C@@DWHMFOICOMGQEOOOQIKGSAOCOBQKIKKOGMMGSNQ@MLQLSPS\\QNUVQVCXBPFRJJJL@RKTKH@@@@IFQLWLWJU@WFcRSBGCKMKEKCQA]FcBSCS@[GSEMBMDUDSCSAUJWDKDGEO@[CQDKFSLGNODSAICKGGGMGO@M@OBSA[@QAWFIAMQSEUAQA[GKAMASC@V@V@F@@BBBB@BBBAD@B@@@B@DAB@BABABA@CBA@C@CBA@CBC@CBA@C@ABABAB@D@BBB@D@B@B@DA@@BBB@BBBBB@B@B@@A@CBA@ABAB@BAB@D@BBDBBBD@BBD@BAD@B@B@B@BABB@@D@DBD@BBBBBDBB@BBBBBBBBBBDBBBBBBBBBBB@@A@@BA@A@A@C@A@AB@BAB@D@B@D@B@DABAB@BC@AD@BA@BD@B@DBBBD@D@B@D@FAB@FBB@B@DBD@B@DABAB@@AB@DBB@BDDBD@DBB@DAB@BABC@@@A@A@A@@@@B@@@DAD@DBDB@@BB@BBB@FJHNHNVFFMN@JDHLGVAPLRBNJRDRCVLDNFLHINAZCVDRNLLJHJLLJJI\\ABCHABCJBB@@DBFB@@@B@@AB@FABABA@ABEBC@A@CBADABA@CFC@ABH@PDRBJ@LBHBBDH@DHDBF@FFDB@ND@D@DCB@FBHPADAFBJDDBDAJHXDDFFDDDFFDDH@FBBBBDFCFCDCFAH@F@FBDBD@DBDAFAF@D@FBD@DBDFDBDBBBHAFBBB@H@TFB@HBD@LBP@LBCPGRCPPJVJN@RHXGRK\\@PDZCPDPFNDZENERHZFRHHNLLR@^AX@TCPETARCR@VDR@VCREVI\\CR@RC`@TFHJZ@\\AVKF@D@HDFFJBN@HBF@FCFAJ@N@HAJIFCBGBGAEGEGCGGCGCOEAOEIASCECGCEGCCAC@ABADCBA@C@CA@UM[I[E_F[AUKMCSFQBOASIMOKMOCOCOSOIQGWBU@UBWEOG@S@[BQJWNUBWKYK[B[DW@_J[PMDYGQKSA[DWTORGPFV@P@FKLITALDNFFJTBTCTEPDXETA\\H"],"encodeOffsets":[[93191,30491]]}},{"type":"Feature","id":"540102","properties":{"name":"城关区","cp":[91.132911,29.659472],"childNum":1},"geometry":{"type":"Polygon","coordinates":["@@BOHQNMLGLIPKHOFUJOPETGLIBSEQGO@UDUFYJYHUHOTQFMAKGMIKIM@OFUÃMKNQIOGMGMEWGEPGNCX@@@D@B@D@B@BAFCHAFADGNAB@BCDGFABCFADCDADABABA@C@A@ABABCBCFABCBCFED@BABEFEFADAD@BAD@HAD@D@DAFADABA@@H@HAHAJ@HEFEBC@GCICE@E@A@@@@@@@CBAACAC@AAC@ABG@A@A@AAAAACAA@C@AAAA@CBAAA@AAAA@CAACAC@A@A@A@A@A@@@@@CBC@AB@@A@A@@AA@A@@AC@A@C@@@C@A@ABE@KE@B@@BFBDB@BBBB@B@B@BABAB@@AB@BBB@DBB@FB@B@B@@@BDDB@@DBDBDFD@DAB@D@@@BB@B@@DB@DAFGDIFABCFABCDABAB@DBBBB@F@D@B@D@DFLJL@VOJQHOLAVJPLRFNALQRSFX@LAP@J@N@N@NARAZETEVLZL\\HXHbNZ@VGPELEJE@INUDIHK"],"encodeOffsets":[[93398,30469]]}},{"type":"Feature","id":"540127","properties":{"name":"墨竹工卡县","cp":[91.799158,29.999999],"childNum":1},"geometry":{"type":"Polygon","coordinates":["@@JIDMDKMQKCEKBKSIUMMGCKCOFIGUKDQCGKCMAO@UEKOES@OCQIUAMNOFODSGUKSKUKMGAI@KMGOCKMBOJIRAVIEQKMW@WCMGKOWAUIMMAMEKQ@ORYJUCWOMGQMKKMISMSGQOQEWAY@YJOFUNQBKGBQCWMICOLSAOMMBQVMXCZGVEV@ZGRCVSPMNKFMLKFKJQBSJSLGP@LHTLPPBNFNBNRFZ@REZ@ZCH@EIESCKCGEMEMEECAEAGACEAG@CCWBIHIFGRWLGDKDS@CIO@C@OFM@CGGOKEMBMHOLOJKBCAKCKOGSEMCUAQEAAGBEJCFGFC@CGEKAEGGIGICACGIECIEECAI@A@UGIOBQHKFIIGKIQKEQEQF_FQ@MDMFEDGCECMEKKIAEASIAAGMECMGEGCCCAGBIBM@E@ILIFKFIBI@EAEAICQGQDMLEPCLM@UDWCKDMFILKPIFQFKISBWHW@KDSCIMIIQBCPMJQDWF_@_BMGOGQFIGCMKWEKQJOBKEKIKIQEUDQBQBEKAKAMSCOAcCGZKHWHSBKQKOUBMFENGRJTFZBRUDQGQ@QB@JBNGRCXARMHOAKFL`LPD^MHELDPLLJNFPFZNPXHXJPNALGTGT@XHXJPLXJVNTNRDVB^@XJZRXLLFV@VIVITITSVURSGSEWAaFcJWPWHGVLRLJNDV@XJTHLL@\\@XFV@B@DAB@FBB@@@@DBB@B@F@@@BBBBB@B@BADCDADADADCB@D@TAFAF@H@F@FADAFAD@D@D@B@B@B@DABCB@@@B@DBFDAB@B@@BDBBBD@H@J@DAD@HCJABABCDGDGDA@AD@B@F@@BDBDBD@FAJADABADEFAHABAB@@ADABAB@B@@AFCFAD@B@H@B@BA@@B@@B@B@BAB@BBB@B@D@DABAB@B@@@BBHJBD@D@B@BB@BBB@@@@B@B@BAFBBFFNDPANFDPLNPLTNTJZNRDR@TAPDXJRNLLPNVNVDTIVERCZAPGNBHNVRVJZQLETMJWBUCQ@WHKZGTFFL\\TVDZEXELCNJLLTJPFPL\\CXITGRCRGRCDLTPP@JITHFLFT@LBRHPFLLTDLDVRLLHDL@NFLLH`@VK\\IXMLQNWRSZG^CXEPK\\CFLDLJHPCXGRFTD\\I`ELGZIXGNELFNGRFNARINCNFXCPHVD\\@PGTCTCLGLMZK"],"encodeOffsets":[[94840,30945]]}},{"type":"Feature","id":"540126","properties":{"name":"达孜县","cp":[91.350976,29.670314],"childNum":1},"geometry":{"type":"Polygon","coordinates":["@@QMOCO@OLOJQAMGOMQSMGWMWIYGYAIMGISEUESEOKKMKMIISGSBOFQJOJMFYCQFQJMPGJUFODMBEV@PJNJLHNBLENSRGPGVIZEZCV@VHPFRATKJSHOFIPEVGPOLKJKHMNGRAPVPPJVHXFVFTCLKNSNOVCNDRFRDTBXJb@`D^B\\@\\FZFVLNLJLRPBZCLILMRILILUXMZGXFPDVA`B\\AZA\\@THLPNFXEPEPBRdAXGVE^BdE`@^@REPIHUXGXOdIbEXBTFTHVQTUJSJSJU@UEUKKQWIY@WA]CUMQMSIUKWIOGW@WHSHSBKOMWIWGMOEYEOIMKKCOFKNGC]KOK_LEPBNGBQDWHQAM@I"],"encodeOffsets":[[93795,30285]]}}],"UTF8Encoding":true}