{"type":"FeatureCollection","features":[{"type":"Feature","id":"371403","properties":{"name":"陵城区","cp":[116.574929,37.332848],"childNum":1},"geometry":{"type":"Polygon","coordinates":["@@SAKCIEIIABADDBD@@DUC@A@A@AE@EA@A@CAB@@@BE@IGGCAQDAHCD@@KBEDCBK@QAUASCQASAWCSGSGUISGQAQACIGIGMGUKA@@@@@OE@@A@ICMKAA@@@@@IBACECGCE@GAIAK@@@@@@GOEK@@@@GMOYO[[WA@iEIEOMEGGISOIEQGUDMHOH[BUFMJITKN@@@@GJSAQEOESDOL@@@@CDKBYHSJSHMHOHMFKBQAeCUBeDY@aBwDQJWPADBHBB@L@BBH@@CE@@@BBD@BABEBAAAC@@CAA@@B@D@D@BA@A@BN@FDFBDBFFFFFDDFDDBFBHBH@JBD@B@B@BBFDDBBDBHBBBBNLNLJFDDDB@BABMFEBEAEBCB@DBBD@BBFCBFBD\\AD@BFFABBH@BD@JBBD@PADNDB@B@HABCA@FK@CBG@@B@DABG@CB@FH@@DFTB@B@@GBABBBD@BBF@BBDBH@D@FBLBDIBAB@@@DF@BHF@@D@@BHJA@@HABDB@BCFEDE@CAEACCI@CJAHD@B@BDBBABA@EXDFABDF@@@@CJCAEF@D@B@@BDBB@HAFDDX@@BNADGDADDHFAFJBBF@D@HDDBNADJBB@NDJ@@BDG@CBEBADBHEDJFFBF@DCJADBDDFBF@FADABBBFC@A@@@DHABEBBDDFBBFBNFPVHJ\\JRBPFLF@@@@DDHHXLRPB@@@@@@B@@@@TFR@ZCPELCPGNGFEHYJIVCLHNDLAZBXHNLJL@@@@BBHL@NELCJ@LHHVDVHXF\\FTDP@JG@QNSJMJKNSKACMHOJILGLCRCHMBO"],"encodeOffsets":[[119755,38429]]}},{"type":"Feature","id":"371402","properties":{"name":"德城区","cp":[116.307076,37.453923],"childNum":1},"geometry":{"type":"Polygon","coordinates":["@@ACFABACG@@B@D@AEAACBEBE@EACCCAIBCDE@EAIEFCAGBCFADAH@AC@@CI@MAACIMBCAGCC@E@AAEIEBCGBCHCBCAM@@CWECGBA@CA@AA@C@E@BFID@D@@E@ACEBWC@FABABCA@A@AGCIB@DDJBDBF@DCFEFADA@ACGB@@IBAG@@@CE@AGE@@C@@BAJAACAK@E@CAGAC@AAE@AACAAAB@HA@A@ES@CG@@EDAH@BA@C@AH@DAL@@EDBBA@G@ACACMOBC@AA@IACG@AAEBAEC@[BACAEEDAAC@AA@CDAFAFBFANEBA@ACACCIEMKMKAAAAAGACCAECAAA@A@C@IAG@GAEACAECCCEEEEAEACCE@EAMAE@CAAAACAEACAICCCBA@EAADEBCD@D@@@AAAABC@AAAAAABGC@D@@KACC@AAGC@@IAKA@SDA@@EA@QDCBC@CAAAA@I@ABED@BABQ@AAC@ADCHAJA@CB@BIB@@CBBDE@@FID@@@@BF@@@@E@@EC@@F@FC@@F@@@@F@@D@DE@@JH@BBABG@@N@@@BIA@B@DGBBDF@@DJ@@@B@@B@F@@@@A@@B@@@@@BBD@@DB@B@@B@@BABB@MPGFGD_JUFOBCBCBFFFFFDHHDF@B@@@BBB@B@@BBB@D@BB@@@BB@@B@BB@@@@AB@BAB@@@B@@B@B@B@@ADAB@@@@@BB@@@D@LAD@@@BB@@@B@@@B@J@B@@@B@@B@DBF@HBDBBB@@@B@BA@ABA@E@CBA@AB@@@BAF@BA@@@A@C@@@A@@@@@@B@@DBDDBD@@@B@@A@C@ABA@A@AACAA@@BC@@BAB@@@BB@HDB@DB@BB@@B@B@@CDA@A@A@AACCAAA@@@A@@B@B@@A@@@@@@@A@AA@A@@@BA@A@@CIBACC@@C@@C@@AC@@@C@@DQBA@AB@BB@E@CC@D@B@B@@@F@FD@@DBD@@@CB@@BB@D@@HFB@DB@@DFA@DF@@B@@A@@JBB@@A@@BB@@BIB@@A@ABA@@DK@@HCBBD@@@B@BBBC@BBCB@FEB@@@JB@N@@@F@@@BBB@@B@@CB@BB@@@DJB@BBB@ACB@@D@@@B@@BBDAAEB@@@@C@@@@FF@@@AB@@BDCDAFAHCCGTK@@BA@ADA@@@@B@@ANC@@@BB@@@B@@B@BAD@BA@@@@@ABABCDAB@BA@@@B@@BB@DBF@BBBBB@@@B@D@@@B@@@B@FBB@B@@B@@@@@B@BAB@@A@@@A@E@@BA@@@@@@@@BBBB@@@BBD@B@BBB@@@@BB@@DBDA@@B@@A@@@CAC@A@@@CD@@@B@BBBBBDBDDFBDBDBB@@@@@@BA@@BA@@@A@AAC@EA@@A@EBE@A@A@@@@B@@@@@BBD@BDD@@@B@BA@@@A@A@A@CBABAB@@BBBBBB@@B@F@F@DADAB@@@B@@@@BABADABCDAD@BB@@@BBB@B@@B@DBF@FBF@BA@@@ABCD@@@B@BB@@BB@B@HBB@@@@B@@A@@BCDABBB@BB@B@FAD@B@@BBBABABAD@B@B@DB@@BB@BAB@@ABCBABAB@BBFBDBB@DBFDBBB@BB@@B@@AB@B@DAB@B@B@B@@BB@FFBB@@@B@@ABA@E@GBC@C@CB@@AB@@B@@B@@D@B@D@BBB@B@BBBAB@D@@@B@B@B@B@BA@A@C@A@@@@BA@@B@@@DA@@@@@A@@@@BAB@ACF@AGAAD@PACEDAFJHABBBDDFLCCEXE@CA@@AB@@@@@@@E@@BA@@A@@@@AA@@@A@@B@@@C@@@@@@@@AB@@@D@@UD@@AB@@ACCC@AA@AA@AACC@@EGFCCCBAACDA@BBA@@@@@A@AF@D@CAHA@@B@BB@@B@@@@@A@@A@@@@@@BBBBB@BCFIDANELEHILSFIJKHEHGNIBBDBBBBBBDBD@FBHDHDLBFBDFJDFBBDDBBB@BBBBDBB@BBDBD@D@LBHBD@DBB@BBDBBDDFBBDDDDBBDBBBBBDBDBFDB@BDDDDHDHDCJKHA@@@@F@VCRCN@PBNDNDHS@@@CFA@AAAB@HCDA@@@A@AD@D@JADBBA"],"encodeOffsets":[[119399,38426]]}},{"type":"Feature","id":"371422","properties":{"name":"宁津县","cp":[116.79372,37.649619],"childNum":2},"geometry":{"type":"MultiPolygon","coordinates":[["@@@A@@@AB@@B@@@@F@GUJIB@@DH@@FF@DLBBB@@AAIBBAKAEC@AGA@AA@ABAASDYJSXaHWLORaL_LK@MGWBONSLKHKBOCMCKGIKGCSBO@A@@AG@@@CSIMCMCOCMKEIIGMEOEQISAMTILINMT@RIHO@SC[EWEUGUCGG@KDIFK@MGKAA@@@@IKMKWGYAKBMCKGUDIJGZEFMHOHKDOFYDQ@SE@@@@@A@@@@A@QOWKGGCC@@@@KEOEQA[IGIOUMEEAAACEABCAIBC@C@@B@B@@CBGDA@BB@BEB@D@@GTMCMCOAM@QDUDE@@@@@GBILCD@@FHBBDDDDHDJDJBFDDBBBBFBB@F@DBB@BBBFBBBDBDBDBBBBBBBDDBBBDDBEDACGBDDBADFPHBA@BDDDDBBBBDBD@@B@@B@DBBBB@DBBBB@B@@@DBB@BB@@@@@@FBBBB@@@BBDBFDBBDCHDGF@@FFFDDDFFDFHFDFDDBDDDFFBDBBBBBDDFDDEBHJG@@FCBBDBDD@BDD@@CH@AGLFDCFDFFFHBDFLJ\\FT@BBFBBABDB@@BDBCBB@FA@@@BBF@@A@@ND@CLBHDAB@@ADHDABC@@DD@@BB@@A@@@BB@@B@@@@B@@B@@@CF@@CAABAD@BABBPJLHCDADBDA@@BJ@@BK@AD@BBDDBG@BHD@BDE@@BFABFNCAEHACCDAHB@A@@B@BAD@B@DBBABBDBFJDNB@BJ@LBLEBBJG@CBCBBFC@@BB@BJB@@GB@FBB@@BB@@@DC@@DDD@@@FFJLHHRNNJABBBAB@DB@FLC@@DE@@@FB@@A@DFD@BD@A@@D@BBBBABF@H@@BB@BDD@@AFAH@BINB@EB@F@F@BAHCFCDAD@FAD@F@FBFBNBPFHBJBHBJBH@D@HBL@N@PBJ@HALALCF@JA"],["@@@@A@@B@AB@"]],"encodeOffsets":[[[119750,38750]],[[119751,38749]]]}},{"type":"Feature","id":"371424","properties":{"name":"临邑县","cp":[116.867028,37.192044],"childNum":1},"geometry":{"type":"Polygon","coordinates":["@@ECIKGOBQBIGMOMQ_HGHIDOEIKGQGII@MFOHKDMFU@ABA@C@@@@DM@C@@@ABINCRCLELGNKDE@CA@KBCABED@@A@MDBAAF@B@BC@GF@@ED@B@@ACA@GG@CACI@CD@B@CM@AC@C@CAGGE@AEFABAAABCN@@GD@DBB@@YBBF@BB@@@@F@LCLEBIB@@EJACK@S@EAAQ@CA@CDC@@DK@GAADKFADA@C@AIA@@@BGAGC@CA@AAA@@Q@A@@CA@GA@A@@FCD]CYDM@MCAA@@@@MEaISEUASGWEECCAMGAKBKFKFK@OFUPKPEJKKKcIUGGCEAAA@@@@ECEEGGCGCAACA@aFOHMBSAOAMGKE@A@@@@MOIGS@Q@OFQJYdENCJKDMBI@@@@@C@M@BL@@@@@BHLDJBJAJEDIDA@CGEAEBFHAHKJADCBAHAA@AGDQPEHI@@DHFL@BBF@@@@@DA@J@D@B@B@HABHJ@\\FbH^PfGVGR@@@@ABGJ@@@@ADAF@@@@@HRHJFTPHJFHPNJFjFB@\\XP\\PZHN@@@@FLHP@@@@@@BLBJ@HDFDHDFAB@J@@@@BBNLJDB@@@PF@@@@B@VLNHJHJHBDBRHRJTHVHTDTBXBTDRBTBV@RALCDAF@LC@GDCBBRHDJHF@@A@@BA@D@BFBF@@B@B@BVD@CC@CABCBAJJJFLDTBDGfB\\BRAVGXQDIDM@@@@@A@KBOFKPKGOGMAKPCLALIKMGG"],"encodeOffsets":[[119839,38334]]}},{"type":"Feature","id":"371426","properties":{"name":"平原县","cp":[116.433904,37.164465],"childNum":1},"geometry":{"type":"Polygon","coordinates":["@@SQKIMMQMMM]YSCO@O@OKGMEMGOCM@@A@@@@@@A@@@@@AEKKQQOIMOGMMGGEAADIIC@CBACDCGKCAGEBAAAQIGGCAAAAB@BCBA@@AAAA@ENGFCCDCCCBACCHC@CACMM@ADC@@IEG@K@GDA@CADCGCAB@@OEA@EFA@CA@ADE@ACIC@AKEIAAC@C@ACA@@@@@GAMBCCD@CQAK@AC@@@@G@EFAAG@KCBKUAA@CMD@BBDG@CBCHCD@HC@@@EBS@[@UA_CACI@BCGB@D@BKBDJK@@FG@CDA@E@AGA@@BBFE@BFCB@@AAE@A@CI@AB@@CCCI@@AGBKDMTQNQHKDULOLIBA@@DABMBI@AEA@AHCBCDBB@B@@CBADBFBDB@@BEBE@C@KB@BBBEBCBDDLPA@@BBBBAFJA@BB@@B@LNA@BBBB@AFHB@DADD@D@@BAFDB@@B@BHBB@FDABE@@BB@@DAB@BAJC@CDILIDOHWTOJONA@@JADCAA@@B@LKBCB@B@BC@@BGN@JEBE@BBCBCACA@AC@C@CFF@BBLNHJDBD@VXLDRDLD@@C@DF@@@B@DBA@DERN\\VPTPVT\\V@F@@@@@H@@@@BP@@@@@@@B@@@DQ@@P@BC@BV@@F@BBBJB@@DL@@@@@@HD@D@@FF@@@@@AE@@@@JC@EF@ACDA@@JA@ADAB@BIDGBCD@BBR@BA@AFCBAJ@B@BBDBD@DARCB@@FB@TCB@BL@JD@BH@BDDLB@@@CHDBABBBB@BADBBBB@@C@C@ADCFBB@FABDDJDDBFBDBBBBB@DBFB@B@@A@C@C@AB@DB@@BDBBFABA@AAC@A@@DF@@AG@A@KAAAGBCXORIxCbAZ@fCVAfDRBLANEPGNGTGTIZGLADC@@@@PKTCPFRFTBHI@@@@LMJSNIVE\\APGNGVC@G@@@@BE"],"encodeOffsets":[[119521,38095]]}},{"type":"Feature","id":"371425","properties":{"name":"齐河县","cp":[116.758394,36.795497],"childNum":1},"geometry":{"type":"Polygon","coordinates":["@@BW@MGKMAA@C@C@AD@@CBAB@BE@G@C@CC@CDA@IBA@C@EC@AKYE@@A@@DODEABDIBB@[FGFABCE@AAC@ACEB@ACBCBAH@BEAEB@ACEBAACAA@KBEBAC@@@@EOACD@CKAQAO@C@ABEDQDGDAHBHA@@F@@@B@@GDB@CBI@@A@@CBAKCIEEAMMECCAIAM@OAIAMEUKSKMKCCAEBA@E@AAAAACCC@E@EBE@E@AACCAQBK@ICKCIEEICIEAACCAE@O@CAICEACEASICA]KGCSGA@E@M@GBG@CC@ED[EIIGICC@GAQ@GAC@CCAA@AHW@CCICEKIGECAGAOBE@E@CCCIEIACMKMI@CBABA\\KHABE@GAEECGAK@K@MAKIEI@CBCBCJATCDCBCAKAG@@@EBADIHMFKDIAGCIMIME]GUCCAGAIA[AKAGAABB@BBABFLADC@ECGC@@@@@@AB@@@DE@HR@BABC@SIEA@B@@KH@@AACBCDA@CF@BFL@BABEACB@FC@DF@@ODKBCDAB@BA@AA@@A@CCAAA@AA@@AAOBY@ILANDHDJ@RENGNWVMNMHMHMBSFEDCR@NDPBPDRDRDPFX@RBL@NENCHANDHLNBLCRAL@ZELCNBPAPNCNANC^E\\EPENCRGTGZGJEVCRAVAPDPF@@@@D@BJELGHGHITFNLJJJHLFPBLBH@@@@@FDNFNNNNFLE@@@@B@LIJCPBNHJHJLLNLNRTDJCPMLMJEPHVPNTRLJZHLKHGPSJERMLETGNJBJ@@BF@DDDFH@D@B@B@DADAB@HF@BFF@BDA@@DMBA@EPAD@FBFDFHNDNBJDFB@BDPJBHA@KADNFADJDAB@BDBABBAHGTKPSTIREZARDXDRJVVJN@D@@@@@J@NALCDIFMZcRIPER@T@JHNP@@@@@BLFNHPBTBNAPGbEB@CAEA@CD[BCLIFAAG@A@SRBB@@CDAN@DBD@F@FAJ@D@@AA[A@C@CGA@GOB@JA@@@@@@@CLE@C@@JCHAJCFABALEFQF[@W@@@@@CCYBC"],"encodeOffsets":[[119770,37751]]}},{"type":"Feature","id":"371428","properties":{"name":"武城县","cp":[116.078627,37.209527],"childNum":1},"geometry":{"type":"Polygon","coordinates":["@@DADAPAVE`IHCHENOA@BA@AA@@@@ACA@@AC@A@@@@@AB@@@@@@E@AA@@@I@@CE@ACHA@C@AJB@A@@@MH@BAAAG@@IF@@C@CE@@@@@@ED@@E@EC@@G@@@@K@@CA@AIAAE@@@AUD@@A@OR@@C@@@A@@@@@@AO@@@@@G@@@@@E[UUSSOUOM[FQ@CAB@C@A@@CED@@@KCQCKCUWC@CAGIKMAAE@@B@@AB@EAAK@A@BFEB@FBHODADKFgFYA[C_GOEA@C@@AE@IBAA@CC@BBA@CCA@@BA@OBA@AACIEECIA@IA@CG]A@C@C@CECCC@AMGIA@@EMEUCMBMBMJKRCJEHKCKGKGOGIMAIAOEOCM@OCOGOOEO@MFIDIFMJKFSBK@YLDDBDBD@B@L@BA@CBAD@@@BB@BBD@BBDBBDBBFLBBBB@@B@ACJA@DA@@DB@@BA@@BA@A@@@A@@B@BBFBB@BB@B@D@@BFAAD@@A@CBAB@BBDBH@B@B@F@B@BCFCDADAD@F@B@DBDAF@DBBDDHHBBBBHCFBCFJDLEBDABAAGDDBDBDFBBDDDDB@BB@BBB@DA@G@A@A@@B@B@@JBGFABAB@B@B@DBFBB@BBD@B@B@BEBA@@@@@@@DF@@@B@@AB@B@@BBFB@@B@@@@@@C@AB@B@@BDDBBBBDBFD@@@B@B@@A@@DBB@F@B@@B@LG@@HFFDHDFB@BFADABA@AB@DAD@B@BB@@BD@BBB@BBBBB@@@BA@@B@@@B@@@B@@@@@@BB@@@@B@BA@@@@@@A@@@BA@@@@BA@BB@DBBDDBFDBBBD@B@DABABA@AB@BA@A@@@A@@B@@BD@BDBB@B@BBB@BBBB@@@D@DGF@@ADA@@@@B@BBBD@J@BF@D@D@@AFCFEFCD@@@B@BBBDDDB@B@B@@CB@@@@@BBB@DB@@@B@B@@@BB@B@BBBBBDBBD@@B@@B@H@@@BDDBB@B@@AD@B@@A@A@GACA@@@@A@ABABAB@D@BB@@@D@B@@@D@@@B@LD@B@@@BCDGFCBABAB@BBBBBB@H@D@BBBB@BB@BBF@FAF@TBFBBBBB@@IDCDGD@@B@D@FANADBBBD@BBD@@B@@@BA@@@@@B@@BB@@@BB@@@B@@@B@@B@@D@@B@B@BADADCDBBBB@BBF@BAB@@B@@AD@@@B@@@@@B@@@@@BB@@@@AB@BA@@B@@@@@@A@@@@BA@C@@B@D@B@BAD@BB@@BB@@@@ABBB@@BDB@@B@@@@A@AB@@A@@@B@@B@@C@@B@@@B@@@@B@@@BB@@F@FBHA@@B@@AB@@@D@B@F@B@B@@BBBB@DBBBBBB@BBB@D@B@D@B@DAD@DADAFAF@DAD@D@B@BBBBB@BBBBBBDBB@B@D@HAB@D@D@D@BBDBDBB@B@D@D@D@DBFBB@DBD@BBB@BBD@D@BBB@B@BBBBB@BBBAB@DCDCDCDA@@DCFC@@BABADCDADADADAF@D@D@DBD@DADADAD@D@FAFBF@D@DAD@FAF@BA@@BB@@B@"],"encodeOffsets":[[119027,38259]]}},{"type":"Feature","id":"371427","properties":{"name":"夏津县","cp":[116.003816,36.950501],"childNum":1},"geometry":{"type":"Polygon","coordinates":["@@ZKL@TALENIJEJCNEP@PFHPDP@PDNFPBPBJJNPHLHLHLDFGDILQNINANAVDNF@FB@HJBND@DDDFD@D@B@H^@DJBB@DJFFDJBBB@PAB@@AB@DDB@AAD@@DBBJAF@@BD@B@PF`H\\DZBhELEBCPCAG@EFAAEB@L@BB@FBA@@@ADED@D@@BDBDBDAAAF@FA@IHM@AD@@A@ADALA@K@AB@DBBC@IB@PMPIXSPGJCJKDCD@BI@ABA@CA@@AF@BAECA@GA@A@AA@ECAB@@@CCCCBA@EG@BAAAAB@KMA@@@AAB@EIABAA@AB@KOCCIC@AAAAEAC@CACB@@C@@@AEG@CD@D@@DB@D@@CN@AEAK@@@@AAA@@@@@A@CGCCA@AACBEAQGAAACBEDAHEF@EIA@IIB@AEB@BDBAAEACI@GBAAC@@BBBABIIA@CDEGCBACABBDC@@CEEA@IKCE@@@CA@@EBC@A@C@@@K@CAGACAECCGEEAQC@@CAICEGCECAKIA@KIAACAEDDB@BEDAAEBABA@A@CA@ACACAB@OCEAAG@ADB@IBA@@C@@DA@[B@BIFCB@@EDCA@CGBA@GAEDI@CBCFEBWGCA@CO@WCQC]DWBA@@@S@U@MBMBWDWDQFKHIFKFMBE@@FC@CD@LABA@@AA@C@AAEWCCCACA@DE@@BA@I@GBCBAFHBHAAHGHE@A@AAAABCC@IBCBCD@DK@@AAMGDGBCCCCAAA@G@AJW@C@@B@@K@C@@CI@AAACBC@EK@BPABE@E@A@@F@HEBA@A@C@@@CAA@@@BB@B@@@@@@AB@@@@AB@@@BA@@@@BB@@@@@@BB@BBB@@B@@B@@BA@@B@@A@@BABA@@@@BAB@@@B@B@@BB@B@@@@BBB@D@BBBA@@@@B@BA@A@@B@@AB@@@B@@@BDB@BF@BB@@@BBDBFBBBBBDDBDBBBFFHDJDF@B@@@BAD@BABAB@@CB@@@@AAACAA@@AA@@@@@@A@A@A@@B@@@@@@@B@B@@A@@B@B@B@@@B@D@@@@DBD@B@ADAB@@CBGBEB@BA@@BAF@BB@@BDDBBFDB@BBBB@BBBBBBBBBBB@@@BB@@@B@BAF@B@B@@@BBBBB@BBDBD@DBBBB@@B@B@BB@@@ABAB@B@B@BB@B@B@B@@@BB@B@@@B@BAHAB@B@@BB@@@@B@B@B@D@B@@ADB@@B@B@BBB@@BBBBDDF@B@D@BBBBB@BB@@BDBHDFDB@DDDDDBDDFBDBDDBBB@ADB@@B@BABCD@@@B@B@@BB@@B@D@BAB@B@F@"],"encodeOffsets":[[118646,37961]]}},{"type":"Feature","id":"371482","properties":{"name":"禹城市","cp":[116.642554,36.934485],"childNum":1},"geometry":{"type":"Polygon","coordinates":["@@@DBBLVDA@LBHEB@F@H@@D@@BBLDRC@DDNAHB@@@@B@BDD@D@BBFJBLD@DJ@BCF@BDBB@FEB@PF@@BAHDCDDBB@HCL@H@JF@@CD@BNNBD@DGDDDABDDCDDDHEFMB@BB@BB@DA@ABABBDBHHRJBBABHFDBHLCDBDDAD@JJBCFBHHNNPHJNRPLRFL@B@@@@@B@@@@B@@@DNHPFNHNPLP@P@TD^ZNNRNNNLJTRBC@@@@HIBA@@@@HQHUOeG]Ea@[GIBA@G@A@A@C@ICB@@@@E@AAK@GE@CJ@FGROHC@BBBBGDABCLIBGEGFAFBDHB@JCFCBIAICIGK@A@@@@AKUIIUCQCWBQFYJQTSLOHSBGAAABACA@CBCIEBCMLBB@AGOIACA@CEAICMGMCEAE@EBCFOB@NA@CB@ACE@AEE@@GBABC@C@A@A@CEGCC@CAE@@AIMISHKFQNIFOTGHKLYGKISQOMGUFONINKDOCIQSKMKMIKIGMGOAIDKJA@@@@@KFMEMMEMCM@E@@@@AGAKEOGKIIKIEMJSHGHGFKAIC@@@@@OEOCUBQBUDIFYHSHQHMDOF[F]FMDMBMDCLMJGTANHPJNDLDRCN@@@@CJEPBHADC@A@BFABBBABM@E@AB@FG@ACA@ABDDA@EA@BBBBBFBCDDBD@BABAND@DLH@BDAHDBAAE@@J@BFC@@HBB@BA@K@BDGDFDCB@BBFBAB@@BD@BBHT@BEF@F@B@DF@BHBBDADJ@BA@EDB@@D@@LFFBF@H@@@@BBABJBFD@BD@DABCB@CO@GBCDAJ@BH@@DC@BDB@@AD@@DABA@AFC@FNBDA@BDHB@DJBBAD@BBNC@CCEDADADBFABB@DB@H@@B@@B@BB@FCAA@CD@BB@CH@DA@ABA@@BAAK@AD@@FDFFBNABCBBBB@BHBBD@BEFA@@BDFBD@BDDDJAH@BNA@CBABCD@@E@@@@BC@ADADGAGCA@"],"encodeOffsets":[[119245,37840]]}},{"type":"Feature","id":"371481","properties":{"name":"乐陵市","cp":[117.216657,37.729115],"childNum":2},"geometry":{"type":"MultiPolygon","coordinates":[["@@E@CMB@BAIMB@BADE@GAA@AGEMEMGKIIMEKCMAMAODOBC@ABC@ADK@KEQEGGKOKKEKIIIEK@ICOAOCMEKWE_DOBOGCIEKGIGGOQKMGMc@KAKEMGUEcAGNMDMCOEQMCEL[ESIKWC_CAHHLNKJKBODBLHNHPOLELAP@L@B@@@@CNCJWRUHQB[AeACHAPGNQDKDKHIJGPDNLBTBRJPFNFJHFJNLPDNDNDTJ@D@@BH@@@BAPDTLHHJDLDNAPGLKLMTAPHX@NKLK`QbKPGXWbITCZBTAB@BBBB@BHD@BFBLAABJ@BA@AACKE@@EG@@CA@IJHVB@FAF@FBN@LBH@H@HARCVEJAHAF@J@LAH@J@HBBBA@@BBB@@BB@BFB@@DEDBCFNDBALFFBJDHBNBL@R@J@D@PAdGVCLALALAH@J@J@DBD@DBDDFFDBFDF@FBFAHALCHAFAHAjC\\AJ@ZCH@H@FDJDRJFBFBF@HBFBFBZPDBB@BATSRGLCFMGKYSIGKIEIM_@E@ABAFCB@@CG@@A@E@AD@@AB@AEAG@@LEGCCIBG@BD@BC@C@UBG@AAAAACBLMNSA@BAAA@GCACW@AF@@@@DBBH@BA@CAAE@BAD@DBDFLBHFFDF@B@@CF@"],["@@@@@AA@@B@@B@"]],"encodeOffsets":[[[120169,38613]],[[119751,38749]]]}},{"type":"Feature","id":"371423","properties":{"name":"庆云县","cp":[117.390507,37.777724],"childNum":1},"geometry":{"type":"Polygon","coordinates":["@@PALGROBODO@KBIBODMAMCGmOMCSIDKRYBIBK@MBKJMRALBNALCHG@@@EBC@HB@@I@AB@@ACK@CDCHEDAHAHAD@HEBGJAAE@CAAAACAGAECCAAAAA@EAE@ACCIEIEC@A@A@C@A@CAGE@A@@DGBA@CACEIAB@@@D@@ABE@@CAC@@@@IMEMAE@@BACCEEBAACCBAADAFA@AAECBK@ACECCAC@I@AC@AGA@GBAD@@BHAAAF@BIF@JAJ@AEBAD@BACGDACG@AEC@G@AH@BAAAD@B@BCCA@CDALCAABCECCFEFECGAC@@C@ADCGC@ABCJAGI@A@AAAA@BAA@KA@GAAK@U@A@CAAA@@G@@ECCACE@C@ABA@CCGIIOCYACCAAAC@E@QDED@@@@CBITILODMGOE[HGHILKKGQGIKEOIKESBCJAFEB@DDJE@BPFDFHD@@DC@DF@H@VCBGBKJAB@@@BA@E@@DA@E@ECGEKACECAC@ABF@BB@DABG@AA@C@@E@@BDXDB@HBBABB@MTKNDABBBB@BAH@V@DADC@@AAHDJHDKF@@BHBFA@@BC@@B@F@BH@@DA@EDAB@B@FN`FJLJJHZTHLENKDQHSTABBBJ@\\BF@F@HAJCHEDAFAFAF@J@JBJ@DADCHAHEJCDADAHAFBJBHBJBHDHBHDHDHJFHFJFFHLJLFHHJDHHNHLHNDDHJFHFDFDHFNJDBBB@@DB@DDDBFBHBDBFBDBHBFBDBL@FBH@FBH@HDFDHDDFHDDHHFF"],"encodeOffsets":[[120363,38924]]}}],"UTF8Encoding":true}