{"type":"FeatureCollection","features":[{"type":"Feature","id":"370702","properties":{"name":"潍城区","cp":[119.103784,36.710062],"childNum":1},"geometry":{"type":"Polygon","coordinates":["@@@AIA@EF@@G@C@@CA@AAA@@A@@@@@@A@@B@@@BB@AD@@CB@@BH@@ADAB@N@@CHCF@@DFA@OBGBCD@B@NKBE@GH@B@@C@AJ@H@B@H@@BB@D@BBFBL@FAD@B@B@BBF@@ARBFCBFJHF@FAJCBCBB@BHB@AJ@BCD@F@FBDD@B@@B@D@BAF@AMH@D@BA@AFB@ACECIAGAG@AAA@A@@@A@@@@ACACBG@CBEBIAC@A@A@A@A@ADEBA@A@AAGCGAA@A@A@ABCBA@ADC@A@@@A@@CCCCCCGEAAAAAA@AAA@ABA@CB@@ABCDCFEDCB@@ABAB@@ABA@@@@@@@A@A@AA@AAA@CAE@C@CAAAA@AA@A@A@@@A@A@@BADG@@BABCBEBA@AACCAEEAA@ABA@C@ABC@A@ABABC@ECMCAEAKWEEAACAEAKECCAEC@GCAAGACA@DAB@NG@@@@@Q@E@I@@AA@O@E@@ABIAAG@EBCBAJI@AFBH@BD@@PM@@AA@A@ADC@KBEACIACAAICIAGDADEBEBEACC@BA@@BA@AB@@@B@B@@@BB@BB@@@BB@@BCBADC@C@@@EBAAC@GBKJ@BBFHBB@DR@@CBE@ABABDN@BFBDLBDADGF@DVXJN@BGR@HBJAD@HBBABKF@HDLCD@@IB@D@F@B@B@FDJD@@@D@FBDB@CH@B@DDHPB@D@BBADEBA@AAC@BD@BEBCB@NAAG@CBK@@DIDC@@HBDB@B@@BH@@CJ@D@DFBN@D@FABEDE@E@AB@HBFF@@F@@A@BB@HE@@B@@D@DHBB@BAD@JB@FD@HF@HBLBN@"],"encodeOffsets":[[121831,37709]]}},{"type":"Feature","id":"370705","properties":{"name":"奎文区","cp":[119.137357,36.709494],"childNum":1},"geometry":{"type":"Polygon","coordinates":["@@@EF@BCA@KA@EEABA@A@AA@@A@@@AA@BA@A@@@AB@@A@@@AA@JAB@FIBE@AGA@@BAHCj@H@@CH@@GCA@CAA@AA@AMP@F@@I@GAEFC@@CEAAS@C@@AC@IDAE@CAA@@C@M@@K@QBAHAAEA@AB@BA@C@@@CC@@@@A@C@AACKFAAABA@@@@B@B@BCDACA@AAA[@C@ABIEAD_@M@@RA@@@@@E@C@@@@@@B@DD@@BBH@D@@EB@BD@@B@JCD@BA@@D@@@@@H@@@@@@@LE@KBKDGBE@QD@@@GC@E@AB@@@JMBCBMBIDC@@@@DKB@DG@CAAABG@CC@AA@@BA@C@E@AA@@AAA@@@AB@DAB@BA@@@AA@C@CE@AA@@A@EC@@C@@BADB@BD@BCFBBB@AAEH@B@DGBA@CKBKCCCC@BM@@@@@@@@@@@@C@C@E@E@@B@@@@E@ABC@ABCAABAAEA@ABI@@F@@@BO@EIAO@EFCFC@QFFBDBDN@FADAB@B@BAD@B@DAB@BBBFFDBBD@BABAFADAB@@CHAB@@@B@B@@@B@BBBB@BBDBD@F@DBB@BBB@@B@B@B@@@@@@AB@BA@AB@BA@CDEFCDAD@BA@@DAB@BBB@BBBBBBBHFDDDDDD@@@B@@@BCD@BABAD@B@B@BBBDHBH@B@BABCF@B@B@B@B@BBDAJAF@DAHBDBD@@L@BFDHDDJD@BB@BKDAH@T@@KE@@A@CA@@@@@@EB@D@AFJ@AFFA@D@D@H@F@FAF@DB@H@D@BcBCL@@HD@@A@@DA@CECAA@ADA@CD@@@@CH@N@@F@@J@@CBAD@@AH@B@LC@F@@DBFAHABE@C@@B@B@@EL@FC@BD@DBP@BDB@NBBEH@HCJDHBBCBAF@@EDCF@B@"],"encodeOffsets":[[122128,37607]]}},{"type":"Feature","id":"370724","properties":{"name":"临朐县","cp":[118.539876,36.516371],"childNum":1},"geometry":{"type":"Polygon","coordinates":["@@NEJCLGT[DMBI@[AOEMIKIQAKDQFSBMDSBG@@@@BEFGPCNCL@lEFU@MAAE@G@A@@AC@ADG@KO@CD@BC@A@CEB@BAA@C@A@AFCDI@CC@A@C@IEAAAIDCBABABCBA@@@A@C@@BGEEAA@@QJIB@BADGLCDMFOLGB@C@CAAA@IBEBACOFG@K@@A@CHE@EHO@C@CBCBEF@BC@AC@@A@AD@BA@CKAWAIAEE@C@AJABBBAAEAADA@@B@LGBM@OFBD@@OBEDICE@CC@E@@EEEA@G@@@AANCLCHAJ@@ACCAM@ANIDADFFFHBBBB@@DBBDAFBBDAHKBBBD@DBZTLABABCACACCIBC@EEECGCEAAA@A@@C@MAKAAABIEACEEBCAAA@C@KI@I@EAKAADCMKCGEMAEG@BA@EGCAA@EFA@AB@FIA@@EBCBA@@CCAGDAB@@BB@DEBCACAIA@BAA@B@@@@AA@A@AA@@AAAABGC@A@@@AA@A@@@@ADA@ABA@EAAABK@ECG@CHIQECEKB@B@FBHADIDABKAGCAACMGAGBAB@HEBCA@BEDA@A@AACB@DFD@FA@ABCLEFADEAM@CDEBA@MHGBI@AEACAAGAA@MFC@IHA@CAEIAAEBA@KMCCE@ICKKQEC@GF@@BB@BA@E@A@CGGECEAC@CDEDGCKAAADCAA@CBA@ICCACCCKA@@FCBCBICDCCEA@GAGCCEMCGAABGHEE@CA@C@EDC@AABADE@@B@B@BAD@B@RBVC@A@@AAAAA@DCHKCGE@CA@IWMGCBACCAACABCD@DCCBE@ABCBGCA@CBGAKHCBCBBB@LBD@D@PAFCF@FJBBDAHCDCBBD@DCFBBJHFBJHADCBA@CABDCBC@A@E@CAC@BDADE@ID@B@@CBGBEIA@@CAAA@CDBFABEDABC@C@MG@CDCAAE@I@EAABCEAC@AAA@AC@CBBB@BGBCAA@E@EDEFE@CA@HCFBDB@HD@@@B@B@FC@@D@LCP@BEBIFBJADA@K@CHCL@@CHGLBDCF@@EBA@BFB@NHBBANFHAF@B@BBF@@@B@@@B@@@@BB@@AB@@AB@@A@@D@@BBBDBB@@@BB@@B@@@@@@@B@BA@AB@@ABA@ABAB@@AB@@IDKBGDCF@D@@ABUNOAMIQCKGGCE@IBED@HBFNNBDAJBFCDHFBDALKJCD@BFDBFDFMFAF@FEH@FADEBGDE@E@@B@@BDJHJHCFGBCAE@W@ABDBB@IBA@CCBDABADA@AAAEEABDGBCF@BBLCDCBEBAJBDCDC@EDADAHABEDGBDFAFGDAJHDBBDJHHDBF@AHABAB@BDD@BGFI@@BBBFANFPBRDBDAF@DDD@FAFJFHFFFJAZMDJFJFDNBJDRFLDBDHHDDF@PFFDLFHFDDA@@BRFFBHLLDDDGN@DDLFHFFDBDBDFD@B@BAHEFCFABAFCF@HBFBPJHF^HRFRFNFP@PFd@F@FDDJ@@@@HNLJDBXBJDTHB@LCD@DBD@BAB@DFBBBFBBBBDDB@DAB@BDCFBDABIBCCCAEAEA@@CFCLAJHNHHFHFF@JENBFFDH@N@ZCTBHCVIXAFBHJJJF@JGHGRELGDEJMFMHKLKNGNCTAR@TDPFXB"],"encodeOffsets":[[121605,37456]]}},{"type":"Feature","id":"370704","properties":{"name":"坊子区","cp":[119.166326,36.654616],"childNum":1},"geometry":{"type":"Polygon","coordinates":["@@AA@AAA@ECCC@CAGBE@C@AAEAC@A@@@@AB@BAA@AAC@C@CA@AAA@@CGCCCECA@@@ACA@@A@A@CC@AA@AAA@AC@A@@@A@AAA@@AA@AAA@@AAAAAA@@@AAAAA@ACE@@A@@@@@@AA@AAAAA@A@@AAAAA@@@A@@A@@A@A@@BADCFADADADADCBABC@ABA@ADABAD@BABA@CBGBA@@LExArAXGDPRBBMLQIYKEMCCMDWTCNEJCCM@GFMIKEK@E`AH@NGHCFALFF@DCFGHCDEFCPCJAJGVGZ@@A]JQAUOCAA@CMGSAOHE@KCKKAGAMBCBARA@@B@F@DABC@CAAMEICAEBK@@@@@AFQHQ@ECCEAE@KJEBCAIOIWWcAEBEFCPAR@DCBGGIBCFALM@EAEGGAS@WDGJM@GCGKCIBKFO@ECG@GBI@EIIKGCOAOBI@G@MLGDBB@BBDBDBDBBFHDFB@@DBB@B@@@D@D@BAB@F@@@BAB@@@BBB@BBD@BBBBDADBD@D@@@BMDy@]BINErAJ@@@@AHUBI@EOGCMK@@@@A@KEODGHI@IAIJMBCHITDJNFDBBJTPRENELMX@HHIV@TRXEJAB@@@@KNCP@LGBK@WIMFAVBLNLPPBTNRPL@LKBILKTOFSEGKCAMLGDIAC@EJOFI@CB@B@HALGCEEGD@F@@E@ADBBF@@FE@@FADABYDEAIEA@AB@FBDDB@BBHAHMAEAA@ODUAIAECCASCCACACEECGCGGKOA@GBGFCBA@IAECIGE@BCC@ADC@CGAK@IB@@CA@UIGAA@AD@FA@@B_VEB@BALEHDVBDADBN@DADEDIBEAAD@B@BADAB@B@B@@A@@@A@CAMCI@@BEBGAKBCBBB@@F@@H@FA@CLCACD@DC@AD@BBBHDD@BFDDLFFBDBBBFFLXRED@DEFEP@JB@FAP@@E@@@AJ@BFBBBBADBBAD@BAF@@@@@@AF@F@D@D@@@@@@@@@@@@@AND@DDLDLA@DABCHA@G@BF@BAAEAADC@@ACAAB@@@DD@@F@BB@@BDFD@B@@B@@ABA@CBA@@B@@BB@BB@@B@F@DAB@@BBD@@DAHBBDBH@@CLA@C@@D@JCNADANA@I@@BAF@D@@H@@RCF@HALCLAF@@K@@@@@@@G@@@@@CB@@ADC@I@AC@@AFA@@@CAG@AC@@C@A@@@@D@F@@@@@B@@QN@`@BCJFBAD@\\@BB@BDBCBADA@A@@@@@ABBBEBDLBBD@B@@@@@DD@@D@B@@ABAB@BFGBAB@R@LN@D@@@BB@DBFJCD@@BD@T@BBDF@@EDBF@H@JE@O@BNB@@BBB@DDB@HG@@DG@i@GDAB@@HB@BAFEJA@IBB@@B@@@BA@@B@@@BABB@@B@@@BB@@B@BABFB@FLBB@ADE@@FNB@B@@@B@@BBDEDCB@F@DE@@@BBB@BD@B@AHJBH@@CF@BA@CB@@CB@B@@BFBJ@BAD@@FF@@B@@B@BCF@B@@DBB@@@@F@HBF@BFDBD@BEN@@BDFB@D@FHF@DD@FB@@@@EDCH@BAHA@AA@ACDABBH@@C@@@@D@@@@@BB@CFAH@B@BBRA@@DB@D@DLB@CFANAJ@@ELA@@AAHAP@B@B@"],"encodeOffsets":[[122302,37607]]}},{"type":"Feature","id":"370703","properties":{"name":"寒亭区","cp":[119.207866,36.772103],"childNum":1},"geometry":{"type":"Polygon","coordinates":["@@A@A@O@GBBB@@KB@FI@MBEB@DKA@C@CCA@@QBAAA@G@EB@DAA@@@@C@@@@@@DG@AACBBDB@@BGBABG@CD@F@@A@@ECCE@EGC@A@CE@AM@AFC@CAAEE@GAE@@@@@AA@CA@E@ADA@@@@AE@@EC@ABI@EA@AA@A@@DA@@DABE@@DG@IABGA@C@@AAA@A@@CFE@A@CDCFAA@@@A@@@AMAA@E@CD@FE@ABADGAICGDG@AFMAA@ACO@CAC@@AEDK@@FA@A@@@@DAFGBEBCA@@@EKDA@G@@BC@AB@DI@@@@EM@G@@D@@C@@DCB@BBBFD@DCB@@@BC@@GK@ADAdC@G@A@@CBE@E@E@G@C@CEBBEI@BEC@A@@F@@@@B@@D@BF@@LS@G@CBALA@@AICCCCGAEK@@@@B@@@BBB@BBHBHDJDF@BEA@BABC@G@BNE@ABC@A@@@@ACCEAE@C@ADI@@BGA@AAAADIDEBE@IGAEEDQA@BE@AAA@A@C@EBK@EAAAC@A@@AG@A@G@I@@B@DA@G@@HAFMLA@C@ADAH@PEB@CE@GD@DM@A@CB@BG@@AA@@DC@@BAA@@A@@@@B@@@@B@@@BB@BDB@@@D@HE@@FJB@B@BF@BCBAAA@@@ABBBABBDBBB@AAIH@@EF@@GH@@C@ABB@FD@D@BA@CAG@ADA@B@B@@@B@@BB@@@B@DBB@B@@BB@@BB@B@@@B@@BB@@@B@B@@@B@@BD@B@D@@@B@@@B@@BB@B@@@BBJ@B@B@@@B@B@@BB@@@B@B@B@@@B@@BB@B@@@B@@@B@@@B@B@@@BB@@B@@@B@B@B@@BBA@@B@FGDAB@BA@@DAB@BAPBDHDD@JB@BD@@B@B@@AB@@@B@B@@@BE@AB@J@BABC@AHG@BHC@CBABFL@B@DBFJDBFC@@LBFBBDBLDFBBD@D@BCBCDDFH@B@@BB@FFFJFHHB@D@FDBBDCBFHB@DBBBBBH@J@D@@JF@B@DGDBB@AJ@DH@BDPABBCDEB@BBBJCB@@@MFB@F@BDCBAB@DA@@B@FB@@DBFABEI@@A@@@BD@@MAA@@FN@BBB@D@FFG@@BC@ACC@@DC@ECAAA@@A@A@@AEI@@BCBBD@DBDAB@@BHHA@DB@BBDCD@@@B@@AH@@@D@@BBDBHD@AFF@@@B@@B@BB@BHB@@BBH@@@BAFBBB@BFF@CGLCHCB@FDDBFJABIBCGCB@BGB@BD@@BCB@DA@@F@DBF@@JADLC@JJDBFDFDBDLDDDBFAFQEG@CDI@GAUA_B[BSNGCICUIaASAIIGQI@AFCBGAOEUDETELOFYDUJERDxC@uAAPAh@f^¤DPONBv@fDTXVPHJlfXELBHBV\\JATA^DLRBL@ZBJFDf@DAFANOBCACAAC@QNCBKBGAGC@E@UAGIQK[CGBEJCF@DHDDH@jSHAV@HDDFFNH^BBDDDBB@DADCDG@A@CAEM[CGAGCqJGLAFBBJCX@PDJLDT@VEXUPERAZHRBPELIDMCMI[AKBMHGDCBGBWBEBACA]QI@AKAAGECCAE@ECCE@CA@C@C@EACIMGCCACACAACCIBI@EDCBEDCDEDA@ABC@A@AAI@E@K@A@@@A@AAG@K@CAI@ACMAG@CAE@E@A@E@A@@@@@A@A@@AA@A@A@A@A@@@A@A@EAE@A@E@A@KAABC@A@A@C@C@A@A@A@@@A@@AA@@@AAAACAA@@@@@A@@AAAA@A@@AA@AA@@A@AA@@A@@@A@A@A@AAC@@@C@A@A@@@CAA@EAA@A@AAA@A@A@@@AAA@@@A@@@A@@@A@@@A@@@A@@@A@@@A@@@CAC@A@C@@@AAA@ACE@@AAC@A@C@C@@@CGF@@ACUFEB@@B@@AB@@@@BBBA@@BA@AAA@@BG@ADBB@@AAACACBA@AFA@A@AEHAAGACC@AD@@@B@@A@AA@EFEJCF@B@BGHC@IBCGECEA@E@AACEAE@CBABA@@@@B@@A@C@A@@@A@A@@@A@@@AB@@A@AB@@AB@@ABA@@BA@@FAF@@OB@J@PAHBBEBAB@BB@@DIDAHBPAB@ACF@BDA@@B@@@@BB@@B@HBJHHABAD@D@BB@L@HD@@DBBF@@DTAR@@E@@DEAGBG@CACC@@EH@@AF@@ADD@ADOD@BGE@@CAAMEAAA@@CB@BGJCFDD@B@BAAEHA@EJ@BA@AD@BC@CD@DEJCR@NF@H@BDND@H@BFFHFDB@F@F@@HBFBDPJBBD@JCHABBB@@CBCJGB@DAB@DAFCDEDEBC@@@@@@B@@@@A@@@A@A@@BABA@C@AAC@A@@@@BA@@@@@A@A@A@A@@BA@AACAGAEAA@A@C@C@C@CBC@@@AB@@@@A@A@I@A@A@C@@AC@@"],"encodeOffsets":[[122302,37607]]}},{"type":"Feature","id":"370725","properties":{"name":"昌乐县","cp":[118.839995,36.703253],"childNum":1},"geometry":{"type":"Polygon","coordinates":["@@@@@BRLNJNHBAFBFFBB@DH@@FDBJA@ABAFAHBDBJDD@DEBC@CBAFAN@NAD@@DBBF@@EJ@@E@@D@BF@@JABNB@F@B@BR@H@B@B@@@B@B@BB@BBB@BBB@B@@@BB@@@B@B@B@@B@B@B@R@FCBB@FD@D@FB@BB@BC@CD@DC@GD@@BB@DHFTD@F@DADCHEBCAEKKHED@B@@CB@^AHA@DN@@BH@B@@EP@@AH@BABC@IBCF@@HBBB@D@B@BF@BC@@D@@@@C@BFE@@FBJF@@FD@@BD@JC@CL@DAH@BB@MDAFA@AACD@BBB@FABCAAC@A@GOCCA@G@@DCAEAC@@@C@CI@E@A@A@E@CJA@@DCCK@GLEBAAA@GBCAI@GHQ@AIMUW@CHEBCACCKEA@ACMBABAF@DA@@CQA@GAAE@ALIHAD@BBFA@@D@D@BCDA@AA@@A@@AAA@@A@@@A@A@@BAB@@AB@@ADDFBFAFABCHCJBJDBBBDDJFBLAD@BCB@B@@BN@@OC@@AAGBEJ@BIDAFAH@BBAJ@BF@P@B@@BJ@F@R@@@@@H@@MBA@CDBHB@ABCD@@CDCDBDKB@@E@GE@@@AADALAHBFA@AJ@NDDBB@@@B@@@@A@ABABC@A@ABCFBJAFCBC@CAMBCACCUFGBK@AFA`U@AB@@EBCB@HBVJB@@DF@HADDF@BABG@ABB@CJEBICCC@@A@CF@BADGAMFGB@AAG@GAAA@AAAG@A@@AC@@FF@B@CBGDCBCEABA@ACOEA@@BDDADG@CA@A@ABAC@@CBGDABGCEC@ABAHIFE@G@IC@EA@EJKACAAGABADE@@@@A@AI@@CH@@A@@A@@KCKA@C@E@ACAGDCDIAACECC@BE@ABEFCHA@A@AADC@@CCCAKBI@AHCDCDADABKBKIIAGBABGE@A@AG@CEAA@CIACCGCAD@@EACABAAA@BCAKCICBCJCDEDABBBC@AD@@@BAGG@CB@H@B@@ABED@@EIACCCBCBAC@AFCBEB@B@@FB@@GAABCB@D@@C@KC@FKBOCGKMQKMAkESBSDUCMEKE[EKAYAOAQ@IBABABA@CBEDEBEBEDABABA@C@CBE@ABABA@CBCBA@AB@BA@@BA@AB@@CBAB@B@BABABCBABC@ABA@C@@@E@A@ECG@C@GGC@C@A@ABA@@CHIAE@CA@ABAACGBCCCII@GFC@AEIAE@CDAAGABKBYSCAC@AALABGACEACBAA@CA@AAGAEECECBMJ@BBNDD@BI@GBKDMDBB@@H@B@FF@FF@D@@DDFCJAF@PC@EA@PANKHA@@@CBBBBFABAAIB@B@DFFJBXBLB@DABC@@B@BD@@BADE@AFAD@D@DGP@FGF@D@BL@H@PEBDFAJAB@BB@D@DHAPKNEDCHKBC@AJARI@@BBFFAH@@@D@B@@ABADABABCDBJBBJFD@B@D@@DCJED@B@B@DBB@AFA@D@BADC@@DLPH@BCD@@BB@H@F@BB@NEVkFK@MDODEHAF@@@@AHCTANETCRBLJRJLFNBP@\\AJCNS\\KHIDMFFTJVJTJPBPEL@PDPDTDP@PCLGLEBAFCF@DAD@D@@@B@@@B@B@@EBCFG@CKSBE@@BQB@FI@@DA@@L@BBN@F"],"encodeOffsets":[[121576,37602]]}},{"type":"Feature","id":"370781","properties":{"name":"青州市","cp":[118.484693,36.697855],"childNum":1},"geometry":{"type":"Polygon","coordinates":["@@HB@FF@B@JBDDADBDB@@B@D@BF@@@BPB@B@BC@A@AFAFBDFADGB@DCBCAAD@@AAACGBA@B@AB@BBB@@@B@B@D@@@B@@@@AB@@@@@BBB@@@B@@@B@@B@@BB@@@BB@@B@@@@@@@@@@@@B@BB@@@BBBBJNB@RCJCDBCHIFS@DHFDDDDDBD@FMDBFC@CBBDDDB@A@DBBD@BD@HAFFDBH@BBBBB@@@B@@@B@@@BBHC@@@ABABAB@DA@CB@RCHCJ@DDBBCF@JMB@DCFAFAH@BB@BB@@@@@B@@@@@@@B@@B@@B@@BB@@B@@B@@B@@@@BB@@B@@B@@@@@@B@@@@B@@@@@@@B@@@@@B@@@B@@@B@B@@@BB@@@@B@@A@@B@@@B@@BD@@CHAFFBH@L@DHDK@ADA@@BBHBB@DTCLFDBF@@IFCBCVCJ@FBJABAH@DDADB@FB@CD@JFDFBBFBDDLFFBJBBBHJPA@FF@BAD@HBDDP@HBB@HH@DBBFDF@FBJH@B@@@@BJC@@HBD@@BBBH@BCB@LGD@DJAJ@J@BFAD@HBFB@@JF@AHB@@BFA@GH@AO@AB@BBBBLBHB@FH@F@BB@@@BAB@J]D@DB@BB@@B@@FDFFABBFLFBBDD@@D@D@B@B@B@B@F@B@D@B@B@B@B@@@D@DE@AB@DCBCB@DFFF@@FBBF@J@DFBBBDBD@@BBBB@H@B@@A@@D@BEAABBBDBDBB@@BA@E@@@A@BFBFCDC@A@@AC@C@EBMBO@AB@BBBD@BBDDBF@DFDTAFCH@FABCL@@@@A@MF@DAH@FBL@@DH@@A@A@@BA@@@ABA@@@A@@DAD@HCF@NABBF@BDF@DAB@@HC@BD@@BBB@@B@@@BB@B@@@F@@DBFJAN@@@@CD@@EH@AMAEDA@GBGBC@@@@BE@CB@B@@@B@B@@@J@@@BCD@A@AG@ABA@CCA@G@AH@BDDDDBH@J@BAF@D@@@@@@@D@F@BA@AAEDELABAACDGBED@FAAI@EDA@CB@@GA@AA@A@@@AA@@A@AAEBA@ABCBADC@@@A@@@A@@@A@AA@@A@@@A@@@A@AAC@@@A@AAK@G@A@@AA@@@AA@@CAA@A@A@@@A@AICACB@D@BC@SBCDEDAB@HBD@BABCD@B@@@CCA@A@@ED@@C@MLA@B@@DBPAD@@ABCCA@@AUABCC@EXAB@B@DDBBD@ACDA@@AEHABA@AB@FAF@DB@BFA@CDCECECFCH@AEBCBAD@PBHCF@F@@A@CAAC@ACAG@E@AJABABE@G@A@EBAFCH@@EAM@A@KB@@CJ@@ERA@AF@TADLH@DEFA@@@A@A@@@A@@@CBC@CDEBEFAHKDK@OCOCSCO@OFKAOIOISIUESWAOESCQ@SBMDMHKLGLENINCFKHQFGHIHE@IIGIEAWBUJGDSAYDM@G@ECAEFM@IEEEGGGGMBIDKDE@@FBFBDBDDJABAACDEACA@CBA@CCAAAAAEAACEA@ABC@CAC@KDA@SGICWACAKIGM@@@@CIECE@c@OEO@MEQEQE]GGEOIEAGAE@EDABEBEDGFABA@C@CECACAEEEGCK@CHMCCKCGKEAQE@AB@CCGEKEECOEE@CCGGACKCQEICMAECEICIYNIBEEGEIEBE@ECC@CBEACQCOAMEEBAA@A@GEAEBEAA@CCA@C@ABAHADBDBHDF@PB@HDAJALCHCD@DDDF@DFCHCDFDEHC@E@GFIPCLCJBHBBFDBBABEDC@@B@BCBANB@FFADA@CJ@HBDJDHDDDBDAJABC@G@WJUDAJCHEHCDEA@BCRDPJFGFC@AA@@CB@@@@@@@BAB@BHNTLFFHJFHBBDBBBHBDBBBB@BBBBBB@DKPBBBFCBCFC@CAED@BDF"],"encodeOffsets":[[121039,37522]]}},{"type":"Feature","id":"370782","properties":{"name":"诸城市","cp":[119.403182,35.997093],"childNum":1},"geometry":{"type":"Polygon","coordinates":["@@@AC@@ACIAA@KB@@AEAAB@BA@CC@CB@BADIDCFC@A@C@ABEDCD@BEEABGICGCIA@AOACAAC@GDICA@AA@DMAA@ABGV@D@BABAP@H@ACBAHAFB@ACA@AF@@@@AC@@AD@@@J@@HBFDARMHCPCBDBAA@@A@@AA@@@ABAB@BDBDBB@@B@B@B@B@@@B@B@B@B@BAB@BA@@@AAA@AAAB@@ABB@AB@BAB@BABA@AB@@@@A@@@@@@@CA@@AA@C@AAA@AA@@AC@@AA@A@C@@BAGABEKA@@GAAI@@GCIAKI@ADMB@@@BBBED@BECAAC@CBICOBIH]PUHO@AAACAAAFGFA@A@AAC@@AQ@AD@@BBBB@B@BCB@@B@BABBBDBBBB@@AACB@@@BBBBB@@@B@BA@AAA@A@A@AB@B@DG@AA@AA@@@EDIBAFGD@B@@@B@@ABA@CBABAB@BABE@A@@A@@@@ABGBC@IBCBCBE@CAEAAAADE@AAAA@A@@BAB@BA@A@@ACC@@A@EDCBA@A@@@BA@A@@A@@@A@@AHABA@@@A@CAA@AA@C@ECA@EB@@CF@BGDC@ADABA@@B@BA@A@@@AAA@@@@@@BA@C@EA@@AAAAA@E@A@AABEAAECAAACECCAAA@ADA@A@AACEAE@E@E@EBEDEBE@E@AAECECCCE@A@ACAAA@E@CA@A@CBCB@B@BA@@@@EAA@@AEGACACA@@A@A@AA@A@C@@@CC@A@A@@A@CBC@@@@@AAAEAGAKBCHGFCBC@CCCCEAC@EAACAE@C@I@A@ECAG@E@ACE@IAC@EBADALADAFCHKLOHCNKBG@AEI@GAAC@CDEFE@MECECAC@ABAB@@@DKBEBA@A@AA@A@@EBA@@AAA@@EBA@AAA@A@EF@@IAA@CB@BBB@@@@CBABCD@BA@E@CBC@CBG@A@@D@@AB@@EAEAAA@ACAGBA@@@ACA@ABCBAL@DBCBBD@B@@BABKDKH@@ABCBADCBAD@DADED@BA@CBA@G@EAE@CBCBCBANCH@FDHBDFDDBHDBFADADADADCFEDCDCDEBCBIFCDEBKFE@C@G@GCEAICCAE@E@GAI@CAGACAECIEGAECECCACCEEECCEECCAGEEAEAC@I@AD@D@DBD@FBFBD@HBD@D@FBF@F@H@F@DBDBDAH@F@D@FGLQNADCFDDFDFDDDBDBDDHAD@DCD@FABCFAFCFAHABC@CDEFEBKHG@K@KEMEMAQBIDGFAH@D@DBH@DADEFEBE@EAGAECEAGEECCCECGECAGEEAGCEACCCCIAKAKAMCSAWAEBCBWNKLCDCBG@GAAA@MACACEBMJQHIBADDDRPNBXPLHH@J@H@B@@B@DCHABAB@@@BBF@F@B@DDH@DAD@DBF@F@F@D@B@F@D@F@FCBCDE@C@EAIAEAGAGCCNIAMCMAQIGAK@K@I@K@G@GBC@MGG@IDEBGDCB@FAFAHEFCBEBE@OAG@YCEACBC@ADCRCL@DRPAPCBE@E@CBAFBFHJBBB@FDBAD@NC@@FABDNAF@DBBJA@AB@@@@@@B@@@@@@DBBDBBD@BG@EBIHAD@D@@BBDB@@@HADBBFDDDDF@BAB@BBDB@BBB@@BB@BB@@BBB@@BB@BB@@FBBBD@@@@@@AB@DB@DAB@DBDEBAF@DDBDBBBBBBB@@@BBB@B@BAD@BAB@B@B@D@BDF@BD@@BD@DAJCFCDEFEBA@AFAHAD@DBDBDDHDBD@B@B@@@BAB@D@D@B@@@B@B@BHHHLFH@DCF@DBDFBFDVAFDFDHPFHNJRRDBNDHDFD@XFDHFPFNDLAPBJ@FBJDJDLDJBHAVCZEVEVDPFJDJFHHLJPF\\DbATJNNb\\bXTFXFNDJD@B@DHCNKH@J@PACG@@GUGGIKGMEQCOAGHMV@tCHCDEHCl@NAJIJUDERSFMDA@EBAF@H@@JJJLFBABABAHDFDAJB@BBBBBB@FAFCHAD@DDDBBCH@DB@D@DEBAPBD@NAB@P@D@BCBKB@@ABABARADCDEBGBOPWJEHADBH@BAD@B@BC"],"encodeOffsets":[[122527,37013]]}},{"type":"Feature","id":"370783","properties":{"name":"寿光市","cp":[118.736451,36.874411],"childNum":1},"geometry":{"type":"Polygon","coordinates":["@@@AC@@EE@AI@EF@AED@@@@@@CD@@AAEA@C@A@AA@GE@AD@JADABG@@BO@@FA@G@@AM@@CGB]BA@@DA@C@GFLLBFADGFCDCBE@C@ESCGA@@AC@@HCDC@@DADA@@AEAC@C@@EAAEDQ@A@A@A@@@@A@A@A@@AA@@A@A@AAA@AAA@@A@A@A@@@A@A@GAQA@E@A@AMIB@@AEC@@@@FI@@FE@AA@CC@MBM@EBAB@DADCFC@ICCAGAEBAB@BIBCA@EG@@CAAEEEAABMGMIQK@A@@G@EDAB@F@B@HAFABIB@B@FBHBDD@BB@D@BE@E@GDOAC@ABADBFG@EDFDFDCD@DEB@ACAE@EBA@@BABGBBF@@CBBDC@AACCA@A@WB@FDDBABV@@DBAD@BC@OBCA@@@AKB@N@DC@@FB@B@DD@@A@C@ADABC@GAA@CBCFAD@TADC@A@BDJD@B@B@@@B@BBB@DB@@B@@BB@@@B@HBL@B@B@@BD@B@B@@@B@@@BB@@B@B@@@B@@@B@@CDABAD@BABBF@B@BB@@B@@@BBBB@@HA@@DCB@FBJEBC@AFCHBDABKBCFBF@BABE@C@@@@@@@C@E@ABI@G@CACCACG@@B@HDB@DAB@BBHB@C@AD@@I@@@A@A@@@A@A@@DAF@@@@ADAH@HCBBFBNG@@FC@@D@@M@IB@BCFCB@D@FCDBDBJBB@HBB@BCFA@E@CA@@@@@@@BBL@BCBDN@DBHB@D@@@FC@CHCFA@@BBNA@ABABHD@B@BABDCB@BI@ACCBA@EBCB@B@B@@@@@BD@@B@FF@@C@@RA@AJ@FAF@@@@D@@@@ABA@EBBFE@@BB@BB@B@BB@@FC@BBF@@BEB@@C@C@I@@DI@@DC@GB@@C@A@@@AAA@@DG@A@U@BBC@BH@BBBBFCBBDA@@DD@D@B@D@@FLA@A@@BAB@@F@@BB@D@BA@BFA@AB@DC@@@BDABBD@B@@D@BLHBFB@A@AF@@BD@B@D@JA@HF@D@DBHBBAJ@DED@B@ACF@@BH@@AF@@AHBBBbF@HH@D@HAAFF@FBD@@BAB@B@@L@DLTA@BBF@BDB@BC@BDB@@BIB@@@L@@@BB@AFJA@@@BANAFBD@@FB@@@BB@@@@B@@@@@DFFIB@HBLDP@@BF@BKDACQFGFA@AGC@BBBJBF@FCBBF@DC@@@AB@@AA@AA@AEC@C@KD@@@BCBBDAD@@AHH@D@@HH@BFB@FN@@BHB@@@@@BB@@HE@D@BLC@D@FD@BDB@BDD@@@@B@@B@@@@B@@@@@@@B@@A@A@@B@@B@@BDB@@BB@@BA@@B@@@B@@BA@@BA@BB@B@B@B@@@B@B@B@B@@@B@B@@@BBBBB@BBBB@B@@BBB@B@B@B@@ABA@@BAB@B@@ABF@F@FBFDFDHBPFHBFBDDDBDDBBNHNFNHDBNHVLJFNHB@HFNFDBF@HA@BjJ^FfFJBXBƶVDAHGFKDQDOBMBO@MLONKkeGIUOSWeCu@MAOP£Ce]@BgBOvBD@CwFQVIZCPEFKFSVCPFHBDABEJ@HRJJTBbBVJJDHDTM\\A`AVBHBJ@DCH@RFBEAECCKCACECECCAIID@CKIB@@AE@C@EB@@CDA@AC@@AHA@ADADHJABAEICAECA@GDKDDHE@AEA@AABE@A@@AG@AA@AGA@@A@AA@@@E@BEC@AGAC@AC@@@G@@BA@@@C@CDAAA@@CGBAG@@BAAC@CACDA@AJ@BF@@@B@BB@BBFDD@@CD@BDD@@AH@EEC@A@AAM@@EB@NB@@AC@@B@@@FJBAAE@CA@@E@AB@@CBADAACE@A@NE@@A@IDAA@AFADCAAOBACG@@CBIA@CACHA@E@@IC@I@G@AAAACAA@EGDAACCA@E@CGAEGEIEEA@@AA@G@CEDCDA@A@CACEAKCCAAAAE@KD@AEICAE@C@AEKBADAD@AGH@BGD@BA@A@IBAF@@A@@@A@A@@BA@@@A@AC@@AIAC@GCACBO@ABA@CB@@ABAHC@E@AB@AA@@@A@A@A@@@AA@@A@@@A@A@@@A@@@A@@@AAA@@@A@@@A@A@A@@AA@@@A@A@@@A@AAI@A@@@AAA@@@A@@@A@@@C@AAC@@@A@@@A@A@@AA@@@A@@@AAA@@AA@@@AAA@C@A@@AA@@@A@@@A@ACB@BBH@DABC@C@@EAA@B@DG@@HE@@FG@BJ@BAACAAAABAA@B@@BBABADE@@AM@KAGAE@@GECA@@IBC@AAACGC@@@@AF@@GAAB@@@@EE@AE@GBAF@F@FCBA@E@CAMCEC@I@@DG@@AA@A@AC@G"],"encodeOffsets":[[121796,37648]]}},{"type":"Feature","id":"370784","properties":{"name":"安丘市","cp":[119.206886,36.427417],"childNum":1},"geometry":{"type":"Polygon","coordinates":["@@A@@JBLDHD@BCD@ADF@JHFDJBB@DAHEHAB@LPHHHDFDDFDBDBTDDBFDJBVBPCB@FBNBBGAG@ACAAC@EBAB@JFFBZCBABC@EF@@EE@AABCF@@@@EHCFFHDBK@G@ADAJ@PEFID@JBHCNKDBHLTFPELSJKLA@KOKMQASOOMKAKBUNEXJL@HA@KDOLM@@@@BAFIQW@SJUGGW@KNMFQFSOAICAMECIJSDGNAJIJBJ@HGPCLFB@@@@@NLHDFPJ@VABG@@@@BIFqJM^Az@NC@A@@@CACBCACAA@AAC@AAA@A@@BA@A@@@EBA@A@C@C@@@AAA@CA@CEEGAAACACAC@AAA@C@AICMCWESEaWa[MMSIaB[COEKIGGIEICOEUCUFYFUDGBIAKCICICEAI@OAKBMCOEGEEC@WECGCMCCAQQMIEGGOECECUBECEAAC@CDE@CEGGKGG@A@A@A@@@A@C@CBA@A@@@A@AACGCCCCACAC@GBEB@BABEFCFEDIDCBC@@AC@@ACE@A@C@A@ABA@ABC@A@AAA@A@@AAAAAACACAA@AAC@A@CBCBABED@BA@A@E@@@CAAAA@E@ABCHA@ABG@@@A@ABAFADB@CBIBGEC@@CCACAM@AB@BC@UEBE@AC@MFGFG@@@GB@D@HA@C@GAC@A@C@CDAHADEBGFAFEBA@AAECEECAIAEFC@A@GAEC@A@ADAFA@AAAG@ABA@G@AABGHBD@AACEEEBACEAAKAK@CACAAAGDCAEEAAA@GDCJIHIBGHAB@DBBD@@BCDBFBDDAD@@BCDC@ABAA@@CBBBABBDCL@FAFH@B@@BAJD@BDABABEBCDBHAJDD@RIPGAIFALANFFDBABAB@REDQDKEO@G@C@CAIAGDEDE@CAKEGAC@MDGHABEAEDCBEAGEGIOG@@ABAD@FB@EJA@@BEB@FBBHD@FABH@BFFNDHNLCDBBBL@F@JLJD@B@BBADFFBDJFBABBBL@N@DB@B@BBDFDHFF@FADDJBDBDADBHCB@DBFFJ@BED@HJJDDADDHBBBAB@@DBFGJ@DB@BAB@D@D@HHD@H@FDB@F@@@D@B@BAD@BADABABA@A@ABADA@@BAB@@AB@@ABAB@DADAB@BABAF@DAD@B@BABAFCFAFAFCDAB@BABAJAR@PBZBLB\\FLFNFVDTCTAlFNBRLLNDHAPELD@@L@DC@A@ADBB@HA@@EA@A@AFED@BBDDADADDJB@FC@AF@BA@G@A@@DHHAB@@C@@BADAACBCFIDADJDLDDB@ABBABDBFB@@BCHDDDJB@DBBDFH@@B@BHFBAHAJBLJLABABCDCDCBGJ@LADBDD@@CDBBB@B@DGFEBAF@@ADDDFBBCJCDBHBDF@D@B@DL@LB@@@@BG@@DJ@@B@B@@F@BCBABHDBLBFIB@@FJDH@F@JEBGBAD@DFAHCBAH@DD@AB@B@BDBH@BCCC@AB@PFBDB@BADFDAHCDAA@E@@ED@@BB@H@BB@BBBHBH@BBA@EHBNCHABE@@D@BD@DDAJIF@DAA@BAHABE@CCGBE@"],"encodeOffsets":[[122015,37389]]}},{"type":"Feature","id":"370785","properties":{"name":"高密市","cp":[119.757033,36.37754],"childNum":1},"geometry":{"type":"Polygon","coordinates":["@@AAAAA@CACA@@AA@A@@AAA@ACDM@@@AB@FCBBB@@@B@@A@@AABAB@@@B@@A@@@A@@A@A@AAA@@@@IBEAAA@C@A@A@A@BE@CAAE@IAEB@DABE@M@_A@AA@A@@@AAA@A@@@A@C@@@A@A@@@A@@@@@@@@AAA@@AAA@AA@@A@A@AB@@@BAB@@@AAA@A@@A@AA@A@@AAAC@@CCAAA@@A@A@ABCAA@AA@@AA@A@A@@@AA@@@A@A@@@A@@@AA@@AA@@CIA@@@@E@@@@@@@A@@G@CAABIBG@@BAD@@@B@B@@AB@@A@@FED@FCDA@CBGB@BABGSG@@ADEBCDE@A@IAABUAGAAAAAFIEA@@BKMEBABC@A@C@A@AA@@A@A@@@AAA@A@A@@AA@@@A@AA@@A@@@A@@@ABA@@BA@@BA@A@@AA@@@AA@@A@A@C@A@@@A@@@A@@@AAA@@AA@@AA@@AA@AAA@CAA@A@CBC@ACAIA@@@AA@A@A@@AA@A@@@AAA@A@@@A@AA@@A@A@AA@@A@AA@@A@A@AA@@A@AA@@AA@@@A@@@A@A@@@A@@ACA@A@@@A@A@AB@@A@A@@@A@AAA@@@@AAA@@@C@@@AA@@A@@AA@AA@ACCAECEEAA@@AA@@AA@AA@@AA@AA@@@AA@AA@A@@@A@A@A@C@@@A@@@A@@@@@@@@@A@A@@@AA@@AA@AA@@@A@A@@@A@@@A@@@@@@@A@@@A@@AA@@AAA@@AA@A@A@@@A@C@A@A@AA@@@ABC@CBE@@@A@@@A@@@A@A@@@AA@A@@ACCE@GGCGBEB@B@BABIDIFIDEH@FBDC@ACGACA@AEACDGFGAEJE@A@C@CCAC@ABGCCIBCGBADGBBC@@@CA@ACBCA@E@CBIBCAAAA@@D@@ABIB@CCAOEI@E@BDG@E@MECEKEE@E@IFIAABCBA@AB@BAD@F@F@@@BA@ABA@@@A@A@@@A@AA@@AB@@ABA@@@A@A@A@@@A@A@@BA@A@@BA@AAA@@AA@A@E@GBGFC@CCA@GAMFEJAC@A@AKCE@A@EE@G@@B@@EECAC@CIAA@BOC@@BA@@M@@ACCAADA@C@ABG@CAGBIFOXAPAHCFCDQBABAB@BA@ALADC@O@A@MBC@OAABCFC@A@@CDGAACC@CBCDGBE@EAAAAAAA@BIECGCABABABKEII@IG@E@AB@FCBENQTCFIVIJMBk@GDCFGDsDU@GNBHDPFRHNJLHHHV@@DHPBHDJLFJJ@HAH@FDP@LEJALDDH@HINCH@XBTHHBF@FKNEBADHJAHCDQ@OBEDAFBFXdJXJPDBFALIF@FBDD@FGRER@B@@@@ALBFJDNFBB@DADCBE@A@@@QBABADBNBHLLLDF@PGTBNH@DD@D@B@DA@ALEFA@CD@@A@@@AF@@BBDFBHA@ANA@BB@H@DA@@B@DBBHAB@X@DJ@BB@NADC@@BA@@BPHBFA@@D@B@BIJAF@LADBLJDAF@DCLK^I^KV@@BBFBAL@HIRABA@EAAFA@C@E@@BIVCLCBE@GA@B@DBFHB@BKHAHCDCB@DE@GDABBBEF@@EDKDEZ@H@HHDBDDFJJ@N@DCDBFFBbDHDBBB@@@FDJ@BBBBD@BBBB@@BA@@@C@A@A@@@@@@@@BA@@@@BA@@BA@@@A@@AAB@@AB@@@B@BAB@@A@@@A@A@A@@@A@@@AB@@@BA@@B@@ABA@@AA@@@A@@B@@AD@BB@@BA@@B@@A@@BA@@@AA@@A@@@AB@@ABA@@@@@A@A@@BA@@@ABA@A@@@A@@BA@AB@@A@AB@BCBA@A@@@AAA@@@@@AB@B@BCB@@AB@@AB@B@BA@@B@@@BAB@B@@AB@B@B@@AB@@A@@@A@@@@@A@@B@B@B@B@B@BABAB@BABABABA@@DABA@@@@@A@AB@@A@@B@@@@@@@@@@@BB@@@@@B@@@@@@@@B@@@@B@@B@D@@@@@@A@@@@@@@A@@B@@@@@@@@@BA@@B@B@@@@@@@B@@@BA@A@@@@@AB@@AB@DC@@B@@@B@@@@BB@@@@B@@@@B@@AB@@@BA@@@@@@@@BA@A@AB@@@@@@@B@@@@@@@@@BA@@@@@A@@B@@@D@@@@@BA@ABA@@@@@@@@B@@@@@B@@@@@B@@@@@B@@A@@B@@@B@@@@@@@B@@@B@B@@@B@@@B@@@@@B@@A@@@@B@@@@@@@@BB@@@@@@@@@B@@@@@@A@@@@BA@@@@@@B@BAB@@@@@BA@@@@@@@@@@@AB@@ABAB@@@@A@@@@@AA@@@@A@@@@B@@@B@@@@@B@B@@@@@@@B@@@@@BA@@B@@A@@B@@@BB@@@@B@@AB@B@@A@@@@@@BA@@@A@@@@@A@@@@BA@@@@@@B@B@B@@@DC@@@@@@B@BA@@@AB@@@@@@@@A@@@@B@@@@@@@BBB@@@@@@@BA@@@@@@B@@A@@DABAC@AAAKCIBMB@JBABBBLB@B@DHB@BH@DABA@@@AB@@@@AB@@@B@@@BA@@BA@@@@B@@@@@B@B@@@@@@A@@@@@AB@@@B@@BB@@@B@@@@@@@AA@@@@@@@@@AB@BBB@B@@@B@@@@@B@@@@@@A@@@@AA@@@@@@@@B@BAD@BA@@B@@@@@BA@A@@B@@@B@@@B@B@B@BAB@@@BAB@BAB@BA@@D@B@B@DAB@B@DAB@B@@@B@BAB@BAB@B@BADAB@BAD@DADAB@B@DABAD@DAB@DAB@@@B@DAB@D@DAB@D@BAD@B@B@DAB@B@B@B@DAD@B@B@B@BAD@B@B@D@DAB@D@D@BAD@B@D@DAB@B@B@B@B@FAD@JABAD@DAB@D@B@D@FAH@HAHAD@@@DCBC@A@CBE@M@ABE@KBGB@ZBAD@PAD@BBB@@@B@@BBB@@BB@B@@BB@BB@@BBB@@BB@B@BBJDB@B@@FJB@CB@V@D@@CD@BGDCDAFAFCDADAHCJCDABB@HF@@@D@@BB@@@H@@CB@@A@AA@AA@A@CAA@@@@@A@A@@@@@@@@A@@@A@@@@@BAA@@A@ACKBGBA@@@@H@B@@B@B@@B@@@FA"],"encodeOffsets":[[122896,37362]]}},{"type":"Feature","id":"370786","properties":{"name":"昌邑市","cp":[119.394502,36.854937],"childNum":1},"geometry":{"type":"Polygon","coordinates":["@@BBPDBVIRB^@Y@UHIHIBODEDCFGDEHCDE@KEEBGDMHG@_B@FFLJLEN@HDNIDMFSDCXDNNDLFJZKRANQACOWHqBwBKF@@ABAH@DABABC@ABCB@BAB@BADABCDCBCBCBEBCDAB@@@B@BB@@@@B@@BBBB@BB@B@BBBBB@@B@@@@B@@@DF@BBBBB@B@@BBBBBB@@BB@BBB@@BB@B@B@@@BBDB@BBB@@BDDB@B@@@DB@B@@DBDFDDDH@@BB@BDBD@D@BBB@ABA@@B@@B@D@FBBBD@F@HADBD@DD@FBB@BBB@@BD@@@D@B@B@J@B@B@@A@@B@@AD@D@D@D@D@BBBBFBHBD@BAB@@@B@B@B@B@@@@AB@@@@@BBD@B@DABAB@@@B@B@@@B@@A@@@@@@@ADCFCFEDCBA@CBA@IHAD@DA@AAGBIDC@AAOIACAE@GE@E@A@ECEGAEG@C@CM@A@GMEQ@IDCFC@@DADC@@BABI@@FGBBFABA@C@ECIDAHA@@DB@BBNFBB@DF@AHC@CP@BCC@BE@@BG@@FD@BD@DAHBHCF@@@FQ@SB@CE@AA@CC@@G@KAAC@C@ABGBIGGAA@@@AA@@@@@AB@ACE@BDA@OBGACBCJ@@AAA@ABAFGAOBI@A@@PE@EB@@AB@@AB@BA@@BA@@B@BA@@B@@@B@@@B@B@@@B@D@BA@@@@@ABAB@DBFDFBBF@B@DFHFAD@JGDAHA@E@IDEF@FBBB@@@@A@@BCD@BDBHGBBFB@B@BEB@DADBBB@BA@CA@BAH@@BB@BAB@@ABAA@@@@BA@@@AA@EFDV@BE@DH@@D@D@B@D@BB@@DF@BBB@B@@@D@BBD@D@@@B@@@B@@@B@@@B@@@B@@@B@@@B@@BB@B@@@B@BBB@B@BBB@FBB@D@@@B@B@D@@BD@B@B@B@B@@@BB@@B@BB@@BBB@@@BBBBB@@@B@@@@BBBDBB@B@@BB@@@B@@@B@B@B@D@D@B@BADBB@L@B@F@BBF@F@B@B@@@B@B@B@BBB@@@B@B@@@@@B@F@B@FBF@DBHDN@BBJ@D@LBH@B@B@@@B@L@FBJ@B@BAD@BCBCFCDAFCD@FAJDJBDDBDBDBHDJNBD@F@D@DDBF@DD@FBFDDHFBBBLJ@^RDBD@D@FCZaHEBADAD@D@HBH@FBDBHDFDJDLBHBL@hA|@J@F@FBHBJDLBRDXBVBP@F@D@@PADST@B@BDBBATSDC@UDAHCFCB@B@D@BBFFD@B@@@DAHAF@hALANALGHEBEBC@G@I@I@ABAD@JODI@CGGIEMMCIFKDEXGNGNGNCVGJGDE@CAQCK@A@CEYCG@CCAEECCCIEQGSCKCICE@CBCDEJOHKFKBEBE@GAM@S@M@MBOAWAK@GCEIOMWIQEIACCGAAEIACAAECAAA@C@CBA@A@A@@BA@AB@@ABA@@BA@AB@@E@@@AAA@A@@@A@A@@@AAA@A@@A@@@A@@@AB@B@@AB@BBB@@@B@BB@@B@B@@@BA@A@@@AA@@AA@AA@@A@AA@@A@ABA@@@A@A@@@AA@@BAB@@A@@@AAA@@A@A@@AB@@A@A@@AA@C@@BA@@BAECCECEAGAI@K@@DOBOBC@GHIBCFIFEBCBCBADAB@@@DAB@D@B@B@BAB@@@B@BCBABABA@ABABAB@@@B@B@BBB@B@B@@AB@B@B@BAB@@@B@@ABA@A@A@@@@BAB@@CBA@A@@@A@@BA@AD@BA@@@A@@@A@A@@@ABADABADAB@BAB@@AAAAAC@AAAAI@EC@@A@AAGCaCEAAEDC@C@MIICEACGC@G@GFYLCFC@@FEAABAHCF@@CDADCBGLG@AGAAE@C@AHBF@DADKJU@AF@D@B@BEFBB@BAJQ@GBKEAAA@@LUJ]L]DK@CBEICAKBC@KBEJI@A@A@CB@AEOG@AB@@AD@BC@MAAI@@C@WBAAGCAA@@@CBG@A@@AMB@BGBEAAC@AE@@B@@@BC@@DEBKF@BCBA@C@C@"],"encodeOffsets":[[122439,37328]]}}],"UTF8Encoding":true}