{"type":"FeatureCollection","features":[{"type":"Feature","id":"361022","properties":{"name":"黎川县","cp":[116.91457,27.292561],"childNum":1},"geometry":{"type":"Polygon","coordinates":["@@D@DB@@DBB@B@D@BABEBCBADBDBDDDDBFBBBDFDDBDBBDBDBD@BBBD@DBDADCDCDEBC@A@A@CAAB@BA@A@A@AB@@ABAFADAD@DEBABE@I@GAG@E@I@EBE@@BADABCBC@EBCBA@@B@B@BCBACAA@@@@ACCAACC@AAC@A@A@EDCDADCBA@CAAACAC@CDC@CAE@CDCDCJEB@D@DBB@BA@@@A@ABE@K@E@C@A@A@@@AB@BA@A@@BABCBABABAAEAEAGACAC@EACCCACCCEAECEAAAKCAC@A@E@E@C@ACAC@AACA@ABEDEBCBC@CAC@AACACBCBE@E@EACAE@EACBEDEDEDAFE@@@@B@B@BBDBDADAJCDAFAB@D@D@B@B@D@B@@@B@B@@@BA@ABC@EACAECAACAG@AB@LADAFB@@D@@@F@H@BABEDEDCHAH@DCAEAEAEACAA@CBA@@BAAA@@AAA@@C@A@EA@ACAAE@ABCACACC@E@G@CEECCAA@CBCBAACCACCEAACACACCACCCCEACAACACAAAAA@A@CA@@AEAEACAACAEACAEAC@CB@BADA@C@CCCCEKEGAEACAEAAACCAAACACACACAA@CACACCEGGGACACAE@CCACCEACAAAACAA@A@CAA@CAC@E@GDIBIFGBC@IBIBEBC@A@A@ACAEACAA@A@IEMIYEOAOGGA[OKGMEMGQQQUEICMIQGEQZQDQBKASA[KIKOIMISCWFOHQBIBQESEOAQCQEQKIUEKOFGFWHSAOBKAFLBfBPHbBJ@T@\\@LH@JAFDBRAVBJ@LHTIPIFILCR@VMJEF@JDLFLIN@NDTAVDNLHXFT@HEZGDBAJGJMp@RELQZIPHJDPADENKLBHP^FJFNCJAHIRCP@LFNHNJJNLPF@@FABAHEDCF@BDLD@FB@@B@B@BA@HDDDF@DBBBBF@D@F@D@F@HAD@@FABG@@LM@AB@B@D@@@B@DH@@B@BBBABBB@BB@@FAD@FAD@HAD@LGBCF@D@DCBC@AHEHCVKLGPILCFCDCAEAKHMFMJGVCNDLFLLNNLJDFBPANIRELCJE\\CTDPFNLNPNPFJHNFJFPLHJbNHRHNLBVDJHPN@F@@FAD@@B@DADCFEF@B@BHBJDBD"],"encodeOffsets":[[119851,28209]]}},{"type":"Feature","id":"361021","properties":{"name":"南城县","cp":[116.63945,27.55531],"childNum":1},"geometry":{"type":"Polygon","coordinates":["@@TQTCREDKEO@IDMPIB@BA@ABADEB@B@B@B@BBDBH@B@FBBBB@FCDC@CBAB@BABA@@@C@C@GFCJEF@DAFBB@FADADE@E@CACAA@ABUAECE@ABC@CAAA@AAC@A@A@A@CBABA@GBKBO@QCGICMBKHIFSKe@MAWHGHAJBNHJHPFDBHUJKJKNCNEPKAM@MEMGEQESAMIKM@MDOLOREL@ZARALDLDPFN@AQCKCIBKJOLGFANENIBCMEIGOEOMKMEMCODSF[DIFKJQBMAOCEKIMMKKKEMCUDIHENGNBLBFCDEDKDOJKHULGDGF@BADCDC@E@ADKHC@GBC@EBC@EB@@AAA@AAABAAA@@@CGA@@@C@A@A@@BKN@@AHEB@@BC@G@E@C@E@CAEAACAE@CCGCB@@A@A@AA@@EKCACE@CDGFABEB@@OEMKIIGMEM@KDOJQBGDIEMEIUJQHKB_TQBQI_WQOQEOIIIGIKKMAC@@@EAABABADA@CBA@AB@BABAFABAB@B@BA@A@ABAB@D@B@BE@CDEBE@AB@BCBA@A@@BABADABEFAD@B@DCD@BCBC@GBE@AACA@ACG@A@C@AAACACAEA@AAABCBC@@BADABADCJI@ABADI@@AA@AEACCCI@@@CMC_@MGODABA@C@AAABAAC@A@CA@@IOIEGCI@KLMPaNQHKHUNKBWAMCQGL\\JRJLHNFT@RDRBRATGT@PL^JNBNDVHLLJPHLDRHLLJNFPDRFNNBTHHNBLCRAP@RFRLRNLBREPCRHLLLJPBJAHAPOLg^ILD\\APJLVXTPLJPHNDL@ZJXBFAJEFCDCD@BAB@B@DAB@D@B@D@B@DA@@DAHAD@B@BBD@FDB@B@BA@C@C@A@A@C@GAC@GAE@A@ADAHA@@@@DBB@@ABABADAD@FBFBFDD@D@D@DAD@B@HBJBRAR@FCHKDAB@BBBNFRFDFADBBDBJ@HDFLCJ@HDF@HE@GEGCE@CHCHBDBDAB@B@DBB@BBB@F@HDBBB@FHHHFFBFBDD@B@@BB@@BAB@BBD@@DDHHDHAFGDCDDFHLHXHLPPFFHFBH"],"encodeOffsets":[[119596,28450]]}},{"type":"Feature","id":"361024","properties":{"name":"崇仁县","cp":[116.059109,27.760907],"childNum":1},"geometry":{"type":"Polygon","coordinates":["@@FCF@D@B@F@D@B@DA@@@@JENCJMDSDMDQDK@@@ACC@@ECEBEBGF@@C@AA@@@CBAFCDADGRKHCBC@ECC@CBALSD@FBD@FDFHFXDJ@FFHJHDF@FLPNLHFHH^PLHJFTHNBZ@HKBUBSNCPEPCLCHIJMCOGQEMGKDIHCFAJAFCNKCG@C@CBC@C@GAA@AC@CE@A@C@E@AAA@A@AB@B@BAF@D@HAFAFCBA@A@A@ACEACEECCCCCAA@GEE@MRCDOCCGCOBQEGGSAOAOBODSBA@EDIDC@@BABADADGDCBA@C@@DCBCB@DABAB@D@D@BADAB@@AACC@AAEEA@AB@DAB@@ICEAA@CCAA@CAA@A@E@ALMNMCKKIaaHIVOBMCMCGEIEGS@M@IBQ@K@MFOFMFIFGRDLFPSMCECIKgIOOKSIMGUGGEKAIGMMEK@GDGTCN@TBNERILIHILQ@CJGDGEGICQBSBICEUKMGEAEAGAGAYC]EMG@MDAC@CAAACAC@AECCCGEA@IMSXOJSBQAQ@SBOCKAOBKDMHKRMJO@MEQAOHKPEPEPKbGXFRNJNHNNHFHFRLDJEPCTCR@TAXDXLPDRARET@PGBUDQHIJERITMNOPM^Q@QIAEEKGYISMEMDORENCNEF@@@D@B@BADAB@BCBA@CBC@ABABABA@CF@BBB@BBBDBBBBBB@@BBB@DBD@FFDBBBBBBBB@D@B@B@BBDB@@BBBBB@@BBBB@B@B@B@B@BBB@BBB@BBB@D@@@BABBB@BABAB@BABA@@B@BBBBDDBBB@DBB@BBD@BBB@BBBBBBB@B@BBB@B@D@@@B@BBB@BBDAB@BABAB@BBBBBBBBBBBBD@B@B@B@@BD@B@B@DAB@BAB@B@B@B@BAD@@AFAB@BA@@D@B@B@B@B@B@D@BBB@B@BBBBB@DBB@D@D@B@B@B@BBB@@@B@@BBB@BBBAD@BBB@B@D@BAB@DAB@B@B@D@B@BBB@BBBBBB@@BBDBBBBB@@DBB@BBBBB@@BBB@BBDBBBB@D@BBD@DBB@BBBFBB@DB@@B@D@B@B@BAB@BBBBBB@@B@DBB@DBD@D@B@BBB@BBD@BBBBBBBBB@BBD@B@D@B@B@DAFAB@BAB@B@B@BBBBBBBBBBD@B@B@B@N@D@B@DBB@D@DBDBDBB@BBB@DAB@BAD@BAB@B@B@BBD@BBDBB@BBD@HDBBLDBBB@BBBBBB@BBB@DBBBB@BBBDBBBBBDBBBBBB@DBDBB@DBB@D@B@B@B@DB@@B@@HBD@BDB"],"encodeOffsets":[[118847,28607]]}},{"type":"Feature","id":"361023","properties":{"name":"南丰县","cp":[116.532994,27.210132],"childNum":1},"geometry":{"type":"Polygon","coordinates":["@@KCSGQKMEKGIIQMMOGIKKECMOMSIIEKIMWcIKME__KKOGGEQNMJOLIFSFKL@XERCJFT@N@T@\\DTANQJSEM@SBWEUEOCOKOBUAyASBe^MDMGEESGOEWGQCGAAI@EBC@CI@YCgUA]K@S@EJCHDNAF@HCDADE@E@ED@@DL@FBDDBDBHBLFDJGDSCEBCBEAIAE@GCKEG@IACAAC@@ICC@@FDDPDFJCDMFOAIQAQDCBEBC@AAAAA@@A@A@A@ABAB@BAB@B@D@@ABEBEBCBA@A@C@EB@@GBCHICCAEDBLBFDL@DFFHDJFJDBF@JBFDFLH@B@B@B@BB@BB@BBBBB@BBB@B@D@B@BBD@DBB@B@B@D@D@B@B@BAD@B@BABAB@B@B@B@B@BBB@B@BBB@B@B@BABADABA@@BABABA@BBBBBB@@B@B@B@D@BBB@B@BBD@BBBBB@BBBBBBD@BBBBB@B@BB@B@B@DBB@BB@BBD@BBBB@@BBBB@BB@BBB@B@BBB@B@D@B@@BB@B@B@@@@DB@@D@B@B@B@B@BBB@BBBBB@BBB@@BB@B@B@B@B@B@D@@AB@B@B@B@B@@FDJJJDLJDJ@JBPBPHNJPLTHH\\VNLHLHLJFLHRFTBjBHFBLAJDN@TFJFTHRJLDNBJHTFTFHXJRHNDXBLAVMLGRGbMNOLKJ@HDJFJP@@DBB@D@BBBABBD@B@BAPCNH`@ND@D@@DJDDFB@BBB@@CJAB@BIJCDABCBAB@@ADADBB@BFBDBDBBB@B@D@BDH@BDBBBF@HAD@DA@ADC@C@ABCFEBABCBA@AB@B@DA@ABAF@FADCF@@A@A@CBABAB@B@@A@ABABABEBA@ABAB@DAB@BCBABAFB@@D@NBLLHJJJPJRFRP`XRJRA`SLARGVIO]AGLKFMBCCOGIJORYFK@QNoHIBICAYHGFS@WEKGCMBUCS@MJMEKCK@IFENI@UDQJKJEJOGS@KAIBUAQECIBG@@K@[@SAIGaAOAeEK"],"encodeOffsets":[[119512,27641]]}},{"type":"Feature","id":"361002","properties":{"name":"临川区","cp":[116.361404,27.981919],"childNum":1},"geometry":{"type":"Polygon","coordinates":["@@HK@GGEOAICCGAE@CACCGCGACACBCBAFCFAFCBC@C@EAC@CCAG@A@@@CB@@C@A@A@A@AE@AA@A@@@AB@BABA@A@@A@C@@D@@A@@@AB@@C@@B@BA@@B@D@@@@ADAHAAE@ACGAEAE@A@CDC@CBA@AAMBA@C@CBCAAGECCACIIGEAAACCACACACAGGAAA@CCCC@A@ADEJGLGNEHCF@DBDBFDHBJ@H@VCZ@J@HAHCFCRSJEFG@E@MBIFERIPERGPKVMLKDE@E@IMS@IBEDMHUDEFCJEREREFEFKDK@GEQEGECSECAAA@@@AHCB@@@D@B@B@BABC@C@A@AEEAA@A@UACCCCMAEGEQCKA@H@D@B@B@D@DABA@A@ECC@AAA@C@GBCB@@CBA@C@A@C@A@CBA@A@ABC@CDEDIFEBWAYIK@MCOGKISOUWIKBOC[JKh]PKBOBGAIIOKKGKDQFOAQMKKQEQ@QBODQAKGMSGMAORI^GVSHQHIHETHJHHLFLFTHHL@JKJMBMHINIRKTMRGPMLONQHMFQNOJSBOAMACAAAC@CCA@A@CBA@EDCBE@CB@B@DAF@F@BA@C@A@@AAAABABAD@DBBHFDB@BBB@B@BADA@ABA@IAEAA@C@CAC@ABABABADG@C@CBA@A@CACAA@AAA@C@AD@BAB@B@B@BCBCDABDHADABCBG@CCCAEGAMACAAC@A@A@CBCABC@@@AAA@ACBABC@C@A@ABCBA@ADCD@@@DABCDCHCBABAB@@CDCJ@FABCTAPBPBPHTFHARDPDHPDDCNQF@HFB@DBDDDDFFBDDF@B@B@BABEDEBGBC@E@ABA@A@@B@BBB@B@F@D@BDFD@@BBB@H@DAD@D@DDHMLEDIBEBGDCJHLFNHRDPINGJKDODOFMDATAVGLY@MASGIEKG]OGGGEMKKO@ECEIGEG@ECIEWEGECC@EAC@KTAB@DDD@FADGDQLCHCBEDAB@D@@BBD@@@HEFAFAFD@@DD@B@@CLCRCNCTINMDIF@@@@CBA@C@E@A@C@E@EDFDDBD@BB@@@B@BBB@BBBBBBBB@D@B@B@B@BB@B@D@D@D@B@D@B@BD@B@DBB@@BBB@B@D@B@D@B@BBD@BBB@DBBBBBBB@BBD@D@DBB@@BB@BBBBBB@BBD@FADBDBB@BB@@@BBBBBBDDDDDBFBBD@D@B@D@DBF@D@D@DADCD@DABBDBFBFBDBDDBB@DAFAF@FD@BBBBDBBBB@D@F@@@@@@@@B@@@@@@@@B@@@@B@@@BB@@@@@@@@@@B@@@@@B@@B@@@@B@@@@@@B@@@@@@@@@@A@@@@B@@@@@@@B@@@B@B@@@@@@@@@B@@@@@@@@@@@B@@@@A@@@@@@@@@@@@@AB@@ADCBABAD@@@@@@@@@B@@@@B@F@B@D@DBBB@@BBBD@@@@@@@B@D@B@@AF@@@F@@A@CD@@@@@@AF@@A@IB@@@@@@A@@@@@AF@@AH@B@B@FBBBDBDB@BF@@@@@B@@@@@@@@@@@@A@@@@@@@AB@@@@@@@@@@@@@@@B@@@@@@@@BB@@@D@D@@@@@BB@BBBBB@@@@@B@@@@@@@@@@D@@B@@@@@@@@@@@@@@@@@@B@@@@@@B@@@@@@@@@B@@@@@B@@@@@@@@@@@FB@@BDABABCBC@CBC@ABEDC@EBEAC@CACAAAEBCBC@@BEB@@E@GB@@A@@@A@@@@@@B@@CBCDA@@@@@@@A@@@@@@@A@@@@@@BA@@@@@@@@@@@@@A@@@@@@BB@@@A@@@@@@B@@@@@@A@@@@B@@AB@@@@@@@@@@@@A@@B@@@@@@A@@@@@A@@B@@@@A@@@@@@@@@A@@@@@A@@@@@@@@@@@@@A@@A@@@@A@@@@@@@@@@@AB@@@@@@A@A@@@@@AB@@@@A@@@@@@@@@@B@B@B@@@@ABCFADAD@DDB@BBDBBBFBBDBBD@D@BCDABBDBDDDBBBD@DBDBDBBBDBDDDBBBDBBBDBD@B@D@B@D@DDBDBBBDDBB@DBBBDDBBDBD@BBDBD@BDAJCPGL@LAPELEJKHQ@KAGAEBEHGRKLEVAPBH@JCFEJQFADABABC@A@ABAFA@@BBBD@D@B@D@D@B@@DFBD@J@H@NBHDDHHJFJFJFHFLDLHHDLDPDPFDADADCFAFAF@FH@F@FALBLDDFDJDH@HAFCFEHEHCHCHAFEBEBGBGAIIEGGGGAEACDEFCLAHKFKFGFEHKBGHKDIFCDGFKBEBGAE@GAMAKAG@GAIBG@AB@F@@@@A@@CAA@@A@A@AD@BBDBDD@BB@@A@@@AAABA@@BAB@BB@BDD@B@@@D@BB@@@BCBADAF@B@@@BB@B@BABA@A@A@@B@B@@BB@@DABAB@BABAB@@@BD@@BBB@DCB@B@BA@@BAAA@@CA@@BCBAJGBC@ABA@@B@@@BA@@BAB@@AD@BA@@B@BAB@@@@B@B@B@@A@@@@B@@@B@@B@@@@@AB@BB@@BB@@@B@@@@A@@BA@@@@BA@@@BB@BBD@D@@AD@DC@@BBFBBB@@@BBD@@ABBB@DBB@B@BB@@B@BAB@BBB@BBDDBD@BBBBBBBAB@DBD@FABCBCAC@@@E@@@@BAFA@AB@@AA@@A@@ACBADEB@DEB@@AB@@A@@BAB@BAACBC@@@CDAD@B@FBB@DBD@@@@B@@BBB@D@DABA@@@A@AA@@@@@AA@C@@@@@ABA@@A@ACAA@ABABAD@BAHAD@L@B@"],"encodeOffsets":[[119317,28737]]}},{"type":"Feature","id":"361025","properties":{"name":"乐安县","cp":[115.838432,27.420101],"childNum":1},"geometry":{"type":"Polygon","coordinates":["@@@EAC@CAA@AA@AAAACAAA@AAA@ADEB@BABABAD@DAB@DA@ABABC@A@A@C@@FEDMFMPQNCNFJTHZFLBFRJR@N]PONMJSFQJIRGVCHA@OFSBQCQKOCWBW@SDQDSFOCIQKGEGEMMMGMIEQHWLaFOFOLOPGRBNFP@NILQNGLCPALBPDTAR@RBTAPITW@EDOAMAQEQM]IWCKESEMEGKGICKICI@MBMFS@ODe@SEKGQAIBIJOBOCGMMIG@KFO@CBABCBABA@@BA@ABA@ABA@A@A@A@C@A@CAA@CAA@A@C@A@A@C@ABC@A@CBA@@BABABA@A@A@AAC@@@CAA@A@A@C@AAEEAC@AAA@AAA@@A@@@C@@@ABAAA@A@A@AAAAAA@A@CAC@A@C@A@@@AAA@A@@CBA@AB@@ABA@@BC@@@A@AAA@AAAAAA@AA@A@A@A@A@A@CAA@A@A@A@A@CAA@A@A@C@A@A@ABA@@BABABAB@BADA@AB@BA@A@AAA@ACAA@AC@AAAAA@AAA@A@AAAAC@AAA@AAA@AACAA@AA@AAAAAAAAAAAAAAAAAA@AAAA@C@A@AA@CAAAC@AAA@CAA@@GEGGEIAI@@AC@AAA@A@AA@AA@@@BAAC@CAAA@@EMEAICCCCGAG@IGGIECDADAFCBCDEDEBGDAFEDC@G@GAEACCCACAGDEDCF@DA@A@@BAB@BDFBF@@BB@@@BCBA@A@AAA@C@EAC@A@ABA@A@ABA@CBA@@BABA@ABAB@BAB@@@B@BB@@BADAB@BBDBDBD@D@BA@@BA@ABAB@@ABABA@@B@BCNC^BH@DG@G@BB@B@@BB@@@BBB@B@B@B@D@B@B@@AB@@AB@@ABAB@BA@ABA@A@ABA@CB@@ABABGDA@ABA@ABA@@DA@@B@D@F@@@DABABAB@B@BAB@B@B@BAD@B@B@B@BAB@BABA@ABA@ABA@A@A@GBK@@@CBA@CBA@@BA@A@ABAAA@A@C@AAA@C@A@AAC@A@AAAAA@CAC@A@A@A@C@A@A@A@C@A@A@CBA@AAA@A@A@CAA@AAAAA@C@GEC@AAA@A@@@C@A@AAA@AAA@A@A@AAI@A@A@A@A@ALCHGJKFMD@B@@AB@D@BABADA@ABA@A@CBA@ABA@ABABA@ABABAB@DA@AB@BAB@BAB@BAB@B@@@D@B@B@B@BAB@B@DAB@BAD@BABADABABAB@BABABA@@B@DBHBDADABABCDAD@DADAB@DCBC@A@C@CAAC@@@@EAGAA@A@A@@@AD@B@D@B@B@BAB@@@BABAB@BAB@B@@@B@B@BABABAB@BAB@BAB@B@B@BABBD@B@DAD@@@B@BAB@BAB@B@B@B@DBB@B@BAB@D@BAB@B@BAB@B@BDBB@@BDBB@BBBBD@BBDB@@BBDBBBBFBDBBFAD@DBDDFBJ@RDFAFAB@D@DDDBFBF@HDB@@BB@@B@B@B@B@BAB@@@B@@A@@B@B@B@B@BBB@B@BA@ABA@ABABA@ABA@@BAB@B@BAB@@BD@D@FAH@@@@@@AFAFAF@@BF@F@D@B@BAB@DADAB@BA@@BABAB@B@DBD@BBBBB@D@BBB@D@@DBB@@F@D@D@BDDDHDFBB@@B@D@B@@@B@B@B@B@B@@@BBBB@BBB@B@B@D@BABBF@L@FCFCJAHADBDBB@BBB@@BBBBBBBBBBB@DB@BD@BBB@BBBBFHB@BB@BBB@@BDBB@@@B@B@B@B@B@BBB@B@BBB@@BBBDBB@B@BA@@BCBA@@BCBAB@BA@ADABAB@BABA@ABABA@A@A@C@ABA@A@AAA@AACAA@AAC@CA@@C@ICAACBE@CBADA@CAA@ACAACAC@C@EDA@A@C@A@CBA@A@ABABA@ABADABABCB@BCB@BABCFABA@CBABABA@CB@@CF@D@D@DADGDA@ABABA@@B@FAB@BABABAB@DABA@ABABABA@@B@BAD@FEHADCDCBCDA@@@EBA@AB@BAB@B@B@B@B@BBBBBB@DBBBB@@BD@DDDD@BAD@B@DBDBD@@@D@B@F@H@D@D@BBD@B@DBB@D@@BB@B@DADAD@DBDHJJJJLDHLNJP@JB@BBBBBBDDBBBDBBBBBDBB@BBBBBBDDBBDDBBBB@BBBBD@BBBBBBBB@B@B@B@B@BBBB@B@D@B@D@B@B@B@DDBBDDFBBDDFDHBD@@BDDBBDBBBD@BBBBB@B@@FFDDBBBBFD@@@@BBBBB@BBDBB@BBBBBB@DBBBBBDBB@BDD@BDBBDB@@BBDBBBB@DBB@DBB@B@B@BBDBB@BBBBBBB@BB@@@BBDBB@B@BBD@B@BBB@@@FDFDDDBBDHHB\\CVGRK@@D@BABAD@BAD@@AB@BAB@BA@@B@B@@@JFB@DBB@D@BA@A@AB@BBBBBD@BBBBBBABA@A@@@CBA@ABABA@@DA@@@@B@B@BA"],"encodeOffsets":[[118617,28391]]}},{"type":"Feature","id":"361026","properties":{"name":"宜黄县","cp":[116.223023,27.546512],"childNum":1},"geometry":{"type":"Polygon","coordinates":["@@EMCQEOIMKKQGKCOGKIGKCUAMIMK]@OHSBSAQCQ@QESGMIKIQK[WIEGESGSAICMIKGQESEI@SCMBIAKGEiASAQEKGIEGKGKMK[UGGKSIOGMAOAO@ICIKIICIIEC@@@A@A@A@ABA@@@C@A@A@A@A@AAA@@AA@AAAAA@AAA@A@A@A@A@A@CA@@C@@A@A@A@@AA@C@A@A@AAA@A@AAA@@AAAAA@@AAAAC@AAA@@AAA@C@A@AAAA@A@AAAAC@AAAAAAA@AAAAC@AAA@A@AAC@A@A@A@@B@@C@E@A@CAGEAAC@@AA@CCCEACECCBABADADABA@A@A@AB@BAB@B@BAB@DAB@B@BCBA@@D@F@BCBCBAB@DBF@@@B@B@B@B@B@BBD@BBB@BBF@BBB@B@@AB@BAB@@ABA@ABC@A@A@A@A@@@A@ABA@ABABABABABAB@BA@@BDFBF@FAFADADAD@DBD@B@B@D@B@B@B@B@BAB@B@BA@@BA@A@A@A@AAAA@AA@@AA@A@A@CBC@CBAB@B@B@@ADA@CBGBCBI@A@C@GAE@CDA@IDA@A@CAA@@@AAAAA@AA@AAAAAAAAAA@@AA@A@A@C@A@A@A@A@A@CAA@C@AAC@AAC@A@CAC@AAC@AABF@B@D@B@BBB@D@@BD@B@B@BABABAB@@AB@D@BAD@B@D@B@B@D@BBB@DBB@D@B@D@B@B@BAB@BAB@BAB@@ABABADAB@DEP@LJHNNDHAPIPAJBJHRFL@TCf@PETAN@NDJLJJDLHFHFNFTDLJXN^FRBRBNCP@FJNB@HFDDFD@BBDBDBB@DBDNCH@FND^BZBHBHBFHFLNFVJDTARAJDFHCHIH@DKRGJKJQJMFSAM@SDCH@HFLNNJHLBHFVHNHTJPLJPLhDJDFTNEOCKHQJENEPENEL@R@JAN@T@FHFJDHDNANUPGJbbLJDLMNKN@B@F@BBB@DBBDDB@FBJD@@BA@CBAB@FFBBD@BD@BA@@BBB@B@@ADDBDAB@B@D@BBBDBNFHDBDDH@DABABCCGBADCDA@A@A@ABA@ABCD@B@BBB@DBDBB@B@DAD@H@BCBABABAD@DBD@B@FBJBB@BAB@BC@A@AAA@ACAGEAA@CBCBABABB@BB@D@B@@A@EBE@C@ADAF@DAFCB@DAB@B@DDD@BBDBNBPBTAPIRMNERGPMNKHONQLSJQJMNGNALI@IGKSGKEKEGGGIFSJGRGTGHUJ]PQ"],"encodeOffsets":[[119279,28166]]}},{"type":"Feature","id":"361027","properties":{"name":"金溪县","cp":[116.778751,27.907387],"childNum":1},"geometry":{"type":"Polygon","coordinates":["@@LBRDHFBFDNDDBD@V@BBBFF@B@B@DADABA@A@C@@@A@GD@B@@BBDBTFFDFHFR@HCLELEFQFQFIFEDCFGVCNAF@JNT@J@FCFKLUNOLQHOFQJEFAJ@N@FEHIFQTEDGDGBI@Y@UDG@I@GAECCACAE@GDMFKHIHCF@B@BDDDDB@BBHHDBDBDBDBBDBBHFJJBDDDHFBBAD@D@DABBN@BAB@DCD@D@BBFBFDH@BBFGBCB@B@@C@A@@@ABA@@@@DA@@B@@@BC@@@@D@BB@B@BA@ABA@@B@B@@BBFB@B@B@D@@@DA@@B@H@DB@DBD@F@DADEDEBEDABADBDBDDHDHBD@DBFDHJDPBHF@HGLFBJDJDJFHDLDJ@JALEHEHIHEHCHEJCH@D@J@F@JAHEDAFCHAFBLNJHHDFBJCDGFIHGHIHCP@FDJHDFBD@DAFBL@L@F@FBFFBJEJ@L@LJLTHLJJHDJ@FGHIHMFKHKN[PO@A@A@A@CBCBABA@CAA@@A@AAAAA@AA@@@A@@@A@A@A@AA@@A@A@AB@B@B@D@D@FBH@@@DBBBBBBBBD@B@@DH@@DBBAB@BB@B@@NCB@FAPAN@L@JAHBHDHDHBDDFJJJHHDHDHDJHJDJDFHLLCHBFEHGDEFCHEFAFAJ@H@F@DDDDBFBHDHBDBHDFBDF@DABAB@DAFCDC@CAC@@BA@A@CA@@ABE@@@@@A@@BK@ADA@C@@B@@AD@@B@@BBB@@@DAD@@A@@AACAAC@@@E@@B@@@@C@A@ABA@AAA@C@ACEAA@@AAAAAA@@@ABAFBD@DBBBB@DAB@@@@@BB@@CB@@BB@B@@@@@B@BB@@@D@@ABA@ABA@@B@B@B@@BB@JDBAF@@@@A@@BC@@J@@C@A@@@@@AAA@C@@AA@AB@@AAA@AB@BA@A@AB@@ABA@EFKBGFCFAFGFCPUBAhQJITKLKJGBIBQ@QEQYQGKWaEKCOBSUGOIKCIG]UIIK@QPKFUAKGGEOBEBMDSEM@ADCHGNUB_@Q@OCcQKGMIQIKICECKGQAeBOHMFIAGGEEEOOGKGWGKCEDCHCBECGGGCC@@AC@ABA@AA@@AA@C@ACAEEEGGEGA@AAGCE@A@AAA@CAA@A@CBCAGAGD@DDFFH@HGFE@GCI@KDCE@GAIACCAEBECEQAMAAA@CBGLEDQ@QBIAGAA@C@CBC@C@C@ECEAEAC@CBABAB@BA@CA@@@@GBCB@B@BBF@HBD"],"encodeOffsets":[[119417,28366]]}},{"type":"Feature","id":"361028","properties":{"name":"资溪县","cp":[117.066095,27.70653],"childNum":1},"geometry":{"type":"Polygon","coordinates":["@@BCHCHAJ@F@@@FCDCFEBCBC@CAEAEAG@GAEAG@G@GAC@CDEBEDEBCDEBE@EAEACCAAA@ACCAAACAA@AC@C@C@CBC@AAGDABABC@CI@EBEBEBABC@CAA@ACACAC@ACCCCAAECC@IACAACACBA@ABC@A@A@CACAAACEACACAAC@AACBCBC@E@G@E@CAC@CACAEA@@EBC@A@CAAACEAI@@@A@@@EBABE@CAC@C@C@GBA@A@A@@@@CACDE@CAA@CAA@A@G@A@AA@ACACAA@A@CAA@CACBCDGBGDGBCB@@AB@@C@A@AAA@@@@@ABABC@CBCBA@C@C@A@@@CACAA@A@@@ABABADCBA@A@A@@BAB@@A@E@A@A@AAAAAACCAC@@C@CA@@A@@A@@BA@CA@@AAACAAAC@@AAAEM@C@@@@@@@AD@FCBCHMLUAA@@AAA@A@A@A@@A@A@G@CBAB@BA@AB@AAECC@CACAAAE@CBEFKJGHCDABAD@DBD@B@DABABCBCDCDEFCFADADEDCBC@EBEBCAEAC@C@C@AAC@AAACCCEAAACACAACACAAA@CE@CBG@CBCEIAEACACAAA@EDABA@A@@A@CCAA@@AAA@@AA@@@AB@BABABCBCBADCDABADABA@AACCCAA@CBAD@DABADA@A@C@@BCBCDC@CCC@C@EAIAEAC@CAECE@CBE@ABA@ABABABADABADADAD@DAD@B@B@B@DADA@AACICGA@A@AFEDEBC@C@AC@EB@@@EOMIGUCKAGMGQaMGIOKIEADMJMFEBKHIPALDJDLBRM@OEKCKCQBYBK@QFKPCP@NLNNJTBRFHFFN@NBNOLMFMDILILGVCAOEIGMGIAGBGHBX@NLfETGJALDNHJRDP@LAHAB@BADAB@B@B@D@BBB@BB@DAD@BDFBFAV@BBBBD@D@FCFCBEBA@EACBE@IFED@H@D@D@@ABABA@AB@DCDEDA@AAEAA@G@CAAAA@A@A@A@CFAB@BABA@OJCN@JFPCLQFSDSREJGNAPBfHRDLDFLJRJNJLHdRPDR@`@VAHMDGBCN@TFNCFAPAHFLHVBLEROL@JJ^VJHLDPJVHFOJKFMHIRKTALLNPLNHNLNJHJJNBHCJIJKFH@NDPNTPDLEFKXOP@NJPFPIHKPKNCRCBTNHLBPANENOHC@@BEFEBCBCDCDADADBBBHA@@B@@AB@@@@@B@@AA@@ABA@@@A@@@@BA@@BA@ABA@@@@B@B@@@@@B@BA@@DABGBEHE"],"encodeOffsets":[[120092,28517]]}},{"type":"Feature","id":"361029","properties":{"name":"东乡县","cp":[116.605341,28.2325],"childNum":1},"geometry":{"type":"Polygon","coordinates":["@@JMFIBGDGBIBGFIJEHIFIDG@GAKCGAGCEAIAECEAC@ECEEAI@G@EBEBEBGBG@E@E@G@EBEDCDIDEBGBI@G@GAGAICOGKGKECEKIGIEI@K@E@C@IJIJEFCHAH@J@FCLDF@DC@CCGCEAK@CFGFCH@FAF@H@HCFAFEFAFBJDTBLFL@J@HAHAHCFEBE@GAEAGGGCECECIAE@E@G@CAI@EDEFGDCDADABECCCABEFEHCFBJBFDFBHDH@H@H@HCFEHGFCJEFEJAGKCECIGICICGCGGGIIEICCGAGCGCGAIBK@M@OBEBA@MD@@@AAAA@ABCA@@CG@@@AACAAAAAACA@@G@EAC@C@A@A@A@@B@B@BB@@B@B@B@B@@@B@@BBB@BBBBB@@@BB@DABABAD@D@B@B@BOPM\\GLELGNGJEHI@GCIIGKKSKIK@I@IFEAAE@E@E@KAKBE@CACCEIGECO@GDGJGHEJCHIDEAGCIGKMEAGBEDCBGFIBE@I@C@G@IDGFGDGFGJGFKFIBI@KCGCIEICICEAA@K@C@GBABC@ABAB@BBBBDB@@@AB@B@@@@@DBB@@@@B@@B@B@@ABCBC@A@AA@@@A@@C@CAA@EAA@C@CB@D@@ADBDABA@AB@@@BA@@BA@CFA@CFABBD@@@BB@@BA@@BEBAB@@@@@F@@BDADADEBC@CAA@ABAAAAAAC@CAAC@AAA@ABA@A@AA@@A@AAA@CAABA@@AC@A@@AAEAAA@@CDC@@BC@C@AAA@@A@@AB@@@@AB@@@B@@A@@@A@@AA@@ABA@@@@A@@@@A@@@A@@B@@@@A@A@A@@A@ABA@@@ABC@@BA@AB@@AB@@A@@@AB@BADIHABAD@@DB@@BBAB@@ABA@A@CDA@AA@@AC@@A@ABABA@ABCB@@AA@@@A@AB@B@B@BA@A@AAA@@A@E@CBABAD@@A@@A@C@@@ACC@AAAA@AB@@ABBB@B@@@BA@@ACCCAAAC@@B@B@BB@DB@@@B@@E@A@@BAHBJ@HBHBLBN@HBFAHAFELCHEDCJGLAHGLEFEHELGLKBEDCFBDBFHHHHJFDMFAD@FBHHFJFJ@N@JHJJFLDJDL@FBHBHBHBL@J@L@L@LBLAJ@HAHDHFDF@FDHDLH^BHBHBFHFFFFBFBHDDFDHDFBFBFBF@JAJAJAH@F@JBDDFDFDFDHBFFHFH@DFFFDJLDBBBBDDDDBNJBBD@DDFDDBD@BABBBBBBBB@@ABEBBDB@BB@BAF@BD@BBABAD@BBBB@D@@BBH@B@B@B@BABA@ADB@DBBBBBAB@BBBABADBB@@A@A@A@A@ABA@A@ABDB@@ABBDBH@F@LALCHEHCFAD@FBHDHBJLILEJGLIHGHIDKFI@G@@@CBC@CAAACAAAAAA@A@CBABABABACAEA@AA@@CB@@AAA@A@A@@D@B@@@BAFABA@A@AJE@ADA@@BA@AA@@@CBC@@@A@A@CBABA@@AA@@AA@AA@@@AB@@@@A@A@AA@ECIACAAA@@@G@@@@C@A@A@@AAA@@@AEA@A@@BC@@@A@CBA@@@A@@@AAA@@@AB@@A@ADABAD@DABA@ADCBABA@@B@@BBB@BB@@@BBB@@@D@FBDDH@HBHBHDH@FAFBHCHCFCFCHCHEHCHCF@F@F@H@HBNFH@FBLBF@HBJAHAJDHDDBDDDDDDFFDHBFLJDFJAJAHCFEFIDEBG@E@EBGFEDCHCFAFADADADCBGDEBEBGDGDCDEHC"],"encodeOffsets":[[119592,29022]]}},{"type":"Feature","id":"361030","properties":{"name":"广昌县","cp":[116.327291,26.838426],"childNum":1},"geometry":{"type":"Polygon","coordinates":["@@QWE[AK@SAMHYLUJMBMEMKQWUAGMIQGMMEYDQDQHKTUNMHIJEJQV@JAFOGM@OEMEqCIAKESMKA@E@CCAGAEIAECEAICECCCGCEAI@EDAF@FAHAD@DAFADEBGFCDEBEBEFEBGFEHBD@DEDEDCDGDG@I@BC@G@@CACACAAA@E@CAG@C@@CICIACECCECCEAG@EBEECCIAAEEACDEBI@EAEAECGCIGGGCE@CDEBAFEDE@E@CCECCGGACCACAKAADGDG@CACAGBKDG@KCOCCAA@C@I@AAOIAAA@EDEFABEFCDEBEJGFCDGDGDAD@HCBIBADCDEBE@EDEDE@IFEDCDDFFHFFFDDDF@BDFDDAHFDHBFDFBHCLCJCHEHGHEFIDSLGHBDFFDDD@F@D@DDBDFDDBHDFDDDF@F@DDDFDHADEHAFEDE@EAGBEBEAGEEACAEBG@IAK@GFAF@JADABA@A@AAECEAC@A@A@AB@BCBA@AAAAC@CAAB@BADBBBDBF@DAHIDCB@F@DCHAJCBIFKDGBICGCEAE@EDABAFAF@FEFGFEAACCCG@CBCHCDGFIJAF@FBBDDBDDDFDDBDD@F@H@FDDD@HH@FBHBDBDBH@J@FBBBFCH@FDFFHDDFD@DAFBBAFAFGJEFIB@FBHCHDFFBFFDLDNDJHDBHBHF@FBFBBBDFAHEBAD@DDHHNBJCBG@I@CB@HADCHCJEJ@H@HBH@JAFCFADBHFLFCDBJDDGHA@@FAD@B@B@DAFAFABA@@@C@ABA@ABABAB@B@B@@@BBBB@BADAFCDBRJRPBNEDCEIOCCC@ED@JD@@BDDBJBH@LFHDF@JBFBDAFATDHCCIKEGACACAAC@ECK@@FCF@F@BCDC@GBECMDGFIT@L@B^hVZDJ@@DAD@FBJHBRDXHPFTHFFNHNCf]TAzBVBPAPLPDVFXFTAN@TFRIBMCS@[@S@MESDIFQ@WLKTEJEPKNIRM"],"encodeOffsets":[[119355,27497]]}}],"UTF8Encoding":true}